eps,omega_p,n_cycles,readout,jitter,kmode,project,rep,cos,cos_l1,cos_l2,relerr_l1,resid,steps,cycles,gitrev
0.003,0.05,2,0.0,0.0,zero,hard,1,0.456692642726511,0.456692642726511,0.9189348671311816,1.6751079677211171,0.00032680426,953,476.5,5ef5c11-d91a027d8
0.03,0.05,2,0.005,4.0,zero,hard,7,0.04996181095804636,0.04996181095804636,0.09971979839516652,52.614933230501954,5.042856e-5,953,476.5,5ef5c11-d91a027d8
0.3,0.05,2,0.01,0.25,zero,hard,4,0.5731520624499531,0.5731520624499531,0.7353009879744731,1.1345821313268245,1.708457e-5,953,476.5,5ef5c11-d91a027d8
0.3,0.02,2,0.02,0.0,zero,soft,2,0.2265786748364058,0.2265786748364058,0.30547962977043336,4.935471211712189,8.953138e-5,2084,1042.0,5ef5c11-d91a027d8
0.03,0.05,8,0.0,0.0,zero,hard,1,0.7261451414474986,0.7261451414474986,0.9596743486195575,0.8364899738200972,0.00032680426,2459,1229.5,5ef5c11-d91a027d8
0.003,0.02,2,0.01,1.0,zero,soft,5,-0.05138988728227252,-0.05138988728227252,0.10719173428107065,162.42677237566454,0.00077848433,2084,1042.0,5ef5c11-d91a027d8
0.003,0.05,8,0.005,4.0,zero,hard,7,-0.013429185108900751,-0.013429185108900751,0.12864690753246807,260.4498229706944,5.042856e-5,2459,1229.5,5ef5c11-d91a027d8
0.3,0.05,8,0.01,0.25,zero,hard,4,0.7481265587408029,0.7481265587408029,0.7797431704891419,0.7292744783577767,1.708457e-5,2459,1229.5,5ef5c11-d91a027d8
0.03,0.05,2,0.0,0.0,zero,hard,1,0.9639801696624875,0.9639801696624875,0.9822488306397021,0.2741590266805921,0.00032680426,953,476.5,5ef5c11-d91a027d8
0.003,0.05,2,0.02,0.25,zero,hard,4,-0.06852181487834143,0.01569922818818769,-0.06852181487834143,190.01043441370092,1.708457e-5,953,476.5,5ef5c11-d91a027d8
0.3,0.05,2,0.0,0.0,zero,hard,1,0.9779919966083102,0.9779919966083102,0.98178066076201,0.22785456069586246,0.00032680426,953,476.5,5ef5c11-d91a027d8
0.3,0.05,8,0.0,0.0,zero,hard,1,0.9725414304427851,0.9725414304427851,0.980905575785284,0.24626862147564577,0.00032680426,2459,1229.5,5ef5c11-d91a027d8
0.003,0.05,2,0.005,0.0,zero,hard,1,-0.01996356752939551,0.015058975412717347,-0.01996356752939551,20.83613324947345,0.00032680426,953,476.5,5ef5c11-d91a027d8
0.03,0.05,2,0.02,0.25,zero,hard,4,-0.021294340578178136,0.045497085941897865,-0.021294340578178136,19.030897162118027,1.708457e-5,953,476.5,5ef5c11-d91a027d8
0.03,0.02,2,0.01,1.0,zero,soft,5,-0.0026556502847899562,-0.0026556502847899562,0.21508115634122382,16.22806817862538,0.00077848433,2084,1042.0,5ef5c11-d91a027d8
0.3,0.05,2,0.005,4.0,zero,hard,7,0.1871995601067702,0.1871995601067702,0.4523366376186972,5.251688332302032,5.042856e-5,953,476.5,5ef5c11-d91a027d8
0.003,0.02,2,0.0,0.25,zero,soft,2,-0.004051621499820316,0.001510009455634569,-0.004051621499820316,2715.8288086389643,8.953138e-5,2084,1042.0,5ef5c11-d91a027d8
0.03,0.05,2,0.005,0.0,zero,hard,1,0.1544127016110397,0.1544127016110397,0.3519323037995967,6.6107143906019905,0.00032680426,953,476.5,5ef5c11-d91a027d8
0.3,0.05,2,0.02,0.25,zero,hard,4,0.36090986145402876,0.36090986145402876,0.4993838525596411,1.9820343479986187,1.708457e-5,953,476.5,5ef5c11-d91a027d8
0.03,0.02,8,0.02,0.0,zero,soft,2,0.09108125011711918,0.09108125011711918,0.18751036821826783,16.793128860909608,8.953138e-5,5852,2926.0,5ef5c11-d91a027d8
0.03,0.05,8,0.005,4.0,zero,hard,7,0.015028925800765766,0.015028925800765766,0.20150874170330446,26.037610431978102,5.042856e-5,2459,1229.5,5ef5c11-d91a027d8
0.3,0.05,2,0.005,0.0,zero,hard,1,0.38931262888498513,0.38931262888498513,0.694201129376481,1.9734245604102454,0.00032680426,953,476.5,5ef5c11-d91a027d8
0.003,0.05,8,0.02,0.25,zero,hard,4,0.012446747245623968,0.015387067327239864,0.012446747245623968,100.92768600423265,1.708457e-5,2459,1229.5,5ef5c11-d91a027d8
0.003,0.05,2,0.01,4.0,zero,hard,7,0.036145415013036204,0.036145415013036204,0.046649762328363625,1039.7771114018003,5.042856e-5,953,476.5,5ef5c11-d91a027d8
0.003,0.05,8,0.005,0.0,zero,hard,1,-0.017040640851153973,0.017255588202362705,-0.017040640851153973,22.001744003159036,0.00032680426,2459,1229.5,5ef5c11-d91a027d8
0.003,0.05,2,0.01,0.0,zero,hard,1,0.013979102001467845,0.013979102001467845,0.024083412312072016,31.867886673800943,0.00032680426,953,476.5,5ef5c11-d91a027d8
0.3,0.02,2,0.01,1.0,zero,soft,5,0.4340888843585768,0.4340888843585768,0.7879843708610955,1.6432884712307863,0.00077848433,2084,1042.0,5ef5c11-d91a027d8
0.3,0.02,8,0.005,1.0,zero,soft,5,0.8977454288127321,0.8977454288127321,0.9639015588056646,0.4488231853292497,0.00077848433,5852,2926.0,5ef5c11-d91a027d8
0.03,0.05,2,0.01,4.0,zero,hard,7,0.04389447649131495,0.04389447649131495,0.06437870399225257,103.91119085433537,5.042856e-5,953,476.5,5ef5c11-d91a027d8
0.003,0.05,2,0.0,1.0,zero,hard,4,-0.008282230698255991,-0.0015924506368899163,-0.008282230698255991,4288.543420973747,1.708457e-5,953,476.5,5ef5c11-d91a027d8
0.03,0.02,2,0.0,0.25,zero,soft,2,-0.003479178453447615,0.0017695006930605413,-0.003479178453447615,271.5806345721634,8.953138e-5,2084,1042.0,5ef5c11-d91a027d8
0.03,0.05,2,0.01,0.0,zero,hard,1,0.11948093385218544,0.11948093385218544,0.2528412880865484,10.42725421617381,0.00032680426,953,476.5,5ef5c11-d91a027d8
0.3,0.05,2,0.01,4.0,zero,hard,7,0.11092951641296189,0.11092951641296189,0.2536257290881792,10.390021744937242,5.042856e-5,953,476.5,5ef5c11-d91a027d8
0.3,0.05,2,0.01,0.0,zero,hard,1,0.2036029328647522,0.2036029328647522,0.6455135158520937,2.820313643644146,0.00032680426,953,476.5,5ef5c11-d91a027d8
0.03,0.05,2,0.0,1.0,zero,hard,4,-0.008278967162050484,-0.0015923920717060744,-0.008278967162050484,428.8588326455587,1.708457e-5,953,476.5,5ef5c11-d91a027d8
0.003,0.02,2,0.02,1.0,zero,soft,5,-0.057895716983966845,-0.057895716983966845,0.07098673873469453,320.16713136097167,0.00077848433,2084,1042.0,5ef5c11-d91a027d8
0.03,0.05,8,0.02,0.25,zero,hard,4,0.0817069237188087,0.0817069237188087,0.11546919402592122,10.065347259941682,1.708457e-5,2459,1229.5,5ef5c11-d91a027d8
0.003,0.05,2,0.02,4.0,zero,hard,7,0.030920502757366266,0.04020317803816594,0.030920502757366266,1972.3438818724906,5.042856e-5,953,476.5,5ef5c11-d91a027d8
0.3,0.05,8,0.005,4.0,zero,hard,7,0.2870543704644046,0.2870543704644046,0.6867503601398702,2.616029687120365,5.042856e-5,2459,1229.5,5ef5c11-d91a027d8
0.03,0.05,8,0.005,0.0,zero,hard,1,0.15392408688137682,0.15392408688137682,0.35247081760413623,6.671835660613943,0.00032680426,2459,1229.5,5ef5c11-d91a027d8
0.003,0.05,2,0.02,0.0,zero,hard,1,0.01530066901029056,0.01530066901029056,0.0946968187919852,10.466552955601136,0.00032680426,953,476.5,5ef5c11-d91a027d8
0.3,0.05,2,0.0,1.0,zero,hard,4,-0.00824896824099064,-0.0015919387402075292,-0.00824896824099064,42.898616280545426,1.708457e-5,953,476.5,5ef5c11-d91a027d8
0.3,0.02,2,0.0,0.25,zero,soft,2,0.00224608701394081,0.004362669496803587,0.00224608701394081,27.171982517226823,8.953138e-5,2084,1042.0,5ef5c11-d91a027d8
0.03,0.05,2,0.02,0.0,zero,hard,1,0.06550904881236366,0.06550904881236366,0.2473224342851373,14.554741731812934,0.00032680426,953,476.5,5ef5c11-d91a027d8
0.03,0.05,2,0.02,4.0,zero,hard,7,0.040384341631404606,0.0432551412105122,0.040384341631404606,197.25526853779684,5.042856e-5,953,476.5,5ef5c11-d91a027d8
0.003,0.05,2,0.005,1.0,zero,hard,4,-0.004413865220121992,0.022403764759439452,-0.004413865220121992,138.86058278700804,1.708457e-5,953,476.5,5ef5c11-d91a027d8
0.3,0.05,2,0.02,0.0,zero,hard,1,0.2422662639175073,0.2422662639175073,0.38515831190856564,4.065369306476878,0.00032680426,953,476.5,5ef5c11-d91a027d8
0.03,0.02,2,0.02,1.0,zero,soft,5,-0.03289738446826805,-0.03289738446826805,0.12151235226758916,32.009051084185074,0.00077848433,2084,1042.0,5ef5c11-d91a027d8
0.3,0.05,2,0.02,4.0,zero,hard,7,0.07231764360867787,0.07231764360867787,0.1300921698275762,19.691000820746698,5.042856e-5,953,476.5,5ef5c11-d91a027d8
0.03,0.05,2,0.005,1.0,zero,hard,4,0.0718726451011903,0.0718726451011903,0.09391021632059669,13.909743618279931,1.708457e-5,953,476.5,5ef5c11-d91a027d8
0.3,0.05,8,0.005,0.0,zero,hard,1,0.39015918269139,0.39015918269139,0.6941491763716786,1.970063652510512,0.00032680426,2459,1229.5,5ef5c11-d91a027d8
0.003,0.05,2,0.0,0.0,zero,soft,7,0.46788042232068855,0.46788042232068855,0.9125353945372466,1.4852980554293838,0.000232274,953,476.5,5ef5c11-d91a027d8
0.003,0.02,2,0.005,0.25,zero,soft,2,-0.02397960786682701,0.02718170337720524,-0.02397960786682701,33.24985075951581,8.953138e-5,2084,1042.0,5ef5c11-d91a027d8
0.003,0.05,2,0.0,0.25,zero,hard,1,-0.03311755459265598,0.0031230577170266592,-0.03311755459265598,4311.044013459266,0.00032680426,953,476.5,5ef5c11-d91a027d8
0.3,0.05,8,0.02,0.25,zero,hard,4,0.5649214551533401,0.5649214551533401,0.7113892917592003,1.1366566924638075,1.708457e-5,2459,1229.5,5ef5c11-d91a027d8
0.003,0.05,8,0.01,4.0,zero,hard,7,-0.021878810204499465,-0.021878810204499465,0.11503484274436519,517.0060791295247,5.042856e-5,2459,1229.5,5ef5c11-d91a027d8
0.03,0.05,2,0.0,0.0,zero,soft,7,0.9111919890562361,0.9111919890562361,0.9584580565474731,0.42193836874545154,0.000232274,953,476.5,5ef5c11-d91a027d8
0.3,0.05,2,0.005,1.0,zero,hard,4,0.49416912185794337,0.49416912185794337,0.6583486160368184,1.4309693168184776,1.708457e-5,953,476.5,5ef5c11-d91a027d8
0.3,0.05,2,0.0,0.0,zero,soft,7,0.9288904288918847,0.9288904288918847,0.9593243239075773,0.39262964984552207,0.000232274,953,476.5,5ef5c11-d91a027d8
0.03,0.05,2,0.0,0.25,zero,hard,1,-0.032640349723360856,0.0032737312215265,-0.032640349723360856,431.1062290036727,0.00032680426,953,476.5,5ef5c11-d91a027d8
0.3,0.02,2,0.02,1.0,zero,soft,5,0.2053127659439563,0.2053127659439563,0.5564822551851669,3.2253362314677974,0.00077848433,2084,1042.0,5ef5c11-d91a027d8
0.003,0.05,2,0.01,1.0,zero,hard,4,0.008705324009585956,0.022205611902197848,0.008705324009585956,268.3239294004044,1.708457e-5,953,476.5,5ef5c11-d91a027d8
0.003,0.05,2,0.005,0.0,zero,soft,7,0.027843266116051785,0.12418847605966316,0.027843266116051785,20.398966275170125,0.000232274,953,476.5,5ef5c11-d91a027d8
0.3,0.02,8,0.02,0.0,zero,soft,2,0.22657669158982335,0.22657669158982335,0.3055275016067587,4.935395401946956,8.953138e-5,5852,2926.0,5ef5c11-d91a027d8
0.03,0.02,2,0.005,0.25,zero,soft,2,0.2539004807607861,0.2539004807607861,0.31028073714625654,3.387518389907554,8.953138e-5,2084,1042.0,5ef5c11-d91a027d8
0.003,0.02,8,0.01,1.0,zero,soft,5,0.01160449590284535,0.01160449590284535,0.032152148077068426,82.44578219006524,0.00077848433,5852,2926.0,5ef5c11-d91a027d8
0.003,0.05,8,0.01,0.0,zero,hard,1,0.015907257174971795,0.015907257174971795,0.026212382799356972,32.425785859848574,0.00032680426,2459,1229.5,5ef5c11-d91a027d8
0.3,0.05,2,0.0,0.25,zero,hard,1,-0.02787226747017202,0.00478073978161203,-0.02787226747017202,43.12074160863953,0.00032680426,953,476.5,5ef5c11-d91a027d8
0.03,0.05,2,0.005,0.0,zero,soft,7,0.1295182580919735,0.13945567826838276,0.1295182580919735,5.388677300140046,0.000232274,953,476.5,5ef5c11-d91a027d8
0.03,0.05,2,0.01,1.0,zero,hard,4,0.04540284498598648,0.04540284498598648,0.05283333391633246,26.810879648445834,1.708457e-5,953,476.5,5ef5c11-d91a027d8
0.3,0.05,2,0.005,0.0,zero,soft,7,0.35003216253649405,0.35003216253649405,0.7829582139507972,1.6048929327949717,0.000232274,953,476.5,5ef5c11-d91a027d8
0.003,0.05,2,0.005,0.25,zero,hard,1,-0.06328872882709814,-0.029681024270498485,-0.06328872882709814,54.368551019711695,0.00032680426,953,476.5,5ef5c11-d91a027d8
0.3,0.05,2,0.01,1.0,zero,hard,4,0.2866316142262097,0.2866316142262097,0.4450794967167186,2.7249185657960124,1.708457e-5,953,476.5,5ef5c11-d91a027d8
0.3,0.02,2,0.005,0.25,zero,soft,2,0.8754659030529587,0.8754659030529587,0.9303012387318111,0.5154207950043225,8.953138e-5,2084,1042.0,5ef5c11-d91a027d8
0.003,0.05,8,0.0,1.0,zero,hard,4,-0.0011063533624167678,0.00026487651821766853,-0.0011063533624167678,2134.9229064036235,1.708457e-5,2459,1229.5,5ef5c11-d91a027d8
0.003,0.05,2,0.01,0.0,zero,soft,7,0.010551203068519647,0.010551203068519647,0.4699948183988188,16.45880854839453,0.000232274,953,476.5,5ef5c11-d91a027d8
0.003,0.02,2,0.0,4.0,zero,soft,5,-0.0021861920868210803,0.0028872257382548607,-0.0021861920868210803,2524.030271476687,0.00077848433,2084,1042.0,5ef5c11-d91a027d8
0.03,0.05,2,0.005,0.25,zero,hard,1,0.11308739975632157,0.11308739975632157,0.24315285121991478,5.430433840595048,0.00032680426,953,476.5,5ef5c11-d91a027d8
0.03,0.05,8,0.01,4.0,zero,hard,7,-0.007497593863559199,-0.007497593863559199,0.15148936361689697,51.70250698385218,5.042856e-5,2459,1229.5,5ef5c11-d91a027d8
0.003,0.05,2,0.02,1.0,zero,hard,4,-0.012332159914410425,0.026400860306991424,-0.012332159914410425,538.453051333884,1.708457e-5,953,476.5,5ef5c11-d91a027d8
0.03,0.05,2,0.01,0.0,zero,soft,7,0.03610226993522788,0.03610226993522788,0.28540130045425055,9.141022895709327,0.000232274,953,476.5,5ef5c11-d91a027d8
0.3,0.05,2,0.005,0.25,zero,hard,1,0.8023204479325083,0.8023204479325083,0.9338832317763952,0.6494625964916969,0.00032680426,953,476.5,5ef5c11-d91a027d8
0.03,0.05,2,0.02,1.0,zero,hard,4,0.013125917954514291,0.037741336632936176,0.013125917954514291,53.83207251452497,1.708457e-5,953,476.5,5ef5c11-d91a027d8
0.3,0.05,2,0.01,0.0,zero,soft,7,0.34402203018268446,0.34402203018268446,0.5763115133216777,2.4622437537944237,0.000232274,953,476.5,5ef5c11-d91a027d8
0.03,0.05,8,0.01,0.0,zero,hard,1,0.11931973286607271,0.11931973286607271,0.25257844971065907,10.486462925336744,0.00032680426,2459,1229.5,5ef5c11-d91a027d8
0.003,0.02,2,0.01,0.25,zero,soft,2,0.007025148954674295,0.028817857868922832,0.007025148954674295,64.8705257921615,8.953138e-5,2084,1042.0,5ef5c11-d91a027d8
0.003,0.05,2,0.01,0.25,zero,hard,1,-0.08419416170125874,-0.004841854822119639,-0.08419416170125874,104.6316028907465,0.00032680426,953,476.5,5ef5c11-d91a027d8
0.003,0.05,2,0.02,0.0,zero,soft,7,-0.016600600203952653,-0.016558110370081616,-0.016600600203952653,35.87823216055247,0.000232274,953,476.5,5ef5c11-d91a027d8
0.3,0.05,2,0.02,1.0,zero,hard,4,0.1572702075707653,0.1572702075707653,0.23717568512481396,5.388983542326663,1.708457e-5,953,476.5,5ef5c11-d91a027d8
0.03,0.05,2,0.01,0.25,zero,hard,1,0.06137492126928482,0.06600463756134861,0.06137492126928482,10.527108204926604,0.00032680426,953,476.5,5ef5c11-d91a027d8
0.03,0.05,2,0.02,0.0,zero,soft,7,0.01373160400167267,0.05654304920424803,0.01373160400167267,11.283922102862064,0.000232274,953,476.5,5ef5c11-d91a027d8
0.3,0.05,8,0.01,4.0,zero,hard,7,0.12853732689349756,0.12853732689349756,0.4677184984875489,5.181305313616919,5.042856e-5,2459,1229.5,5ef5c11-d91a027d8
0.03,0.02,2,0.0,4.0,zero,soft,5,-0.002187309023278504,0.0028868582182997146,-0.002187309023278504,252.40244773065376,0.00077848433,2084,1042.0,5ef5c11-d91a027d8
0.003,0.05,2,0.0,4.0,zero,hard,4,-0.00032048883536192694,-0.00032048883536192694,0.000163738450165395,4292.565008593504,1.708457e-5,953,476.5,5ef5c11-d91a027d8
0.03,0.05,8,0.0,1.0,zero,hard,4,-0.0011098012418799287,0.00026416866811869287,-0.0011098012418799287,213.49376789748746,1.708457e-5,2459,1229.5,5ef5c11-d91a027d8
0.3,0.05,2,0.01,0.25,zero,hard,1,0.5973275515049677,0.5973275515049677,0.8461302672919933,1.1223079301372914,0.00032680426,953,476.5,5ef5c11-d91a027d8
0.03,0.02,2,0.01,0.25,zero,soft,2,0.15593322484850453,0.15593322484850453,0.2193754796818564,6.525358769696308,8.953138e-5,2084,1042.0,5ef5c11-d91a027d8
0.3,0.05,2,0.02,0.0,zero,soft,7,0.17981357757326472,0.17981357757326472,0.3907961800233618,3.5979145616014288,0.000232274,953,476.5,5ef5c11-d91a027d8
0.3,0.05,8,0.01,0.0,zero,hard,1,0.20422654084806968,0.20422654084806968,0.6449199564337446,2.816263778438238,0.00032680426,2459,1229.5,5ef5c11-d91a027d8
0.03,0.05,2,0.0,4.0,zero,hard,4,-0.00031993427757271526,-0.00031993427757271526,0.0001474680440232001,429.2616888923309,1.708457e-5,953,476.5,5ef5c11-d91a027d8
0.003,0.05,2,0.02,0.25,zero,hard,1,-0.03706947670139946,-0.02346211381464796,-0.03706947670139946,204.59872406780747,0.00032680426,953,476.5,5ef5c11-d91a027d8
0.003,0.05,2,0.0,0.25,zero,soft,7,-0.002401057474261099,0.008028704868379772,-0.002401057474261099,3635.5170715649915,0.000232274,953,476.5,5ef5c11-d91a027d8
0.03,0.02,8,0.01,1.0,zero,soft,5,0.10804438523657503,0.10804438523657503,0.2548794617288353,8.25372848691407,0.00077848433,5852,2926.0,5ef5c11-d91a027d8
0.03,0.05,2,0.02,0.25,zero,hard,1,0.015945306972949,0.015945306972949,0.04759337043167938,20.442728382929168,0.00032680426,953,476.5,5ef5c11-d91a027d8
0.3,0.05,2,0.0,4.0,zero,hard,4,-0.0003145139397455291,-0.0003145139397455291,-1.9870232111359095e-5,42.93775183899925,1.708457e-5,953,476.5,5ef5c11-d91a027d8
0.03,0.05,2,0.0,0.25,zero,soft,7,-0.0018652036848151783,0.008190291239031339,-0.0018652036848151783,363.54682739900176,0.000232274,953,476.5,5ef5c11-d91a027d8
0.3,0.02,2,0.01,0.25,zero,soft,2,0.7799296127725093,0.7799296127725093,0.8564336595072791,0.7521319076990917,8.953138e-5,2084,1042.0,5ef5c11-d91a027d8
0.003,0.02,8,0.0,0.25,zero,soft,2,-0.010766799129428404,-0.010766799129428404,0.048743537949872594,1347.7436578239774,8.953138e-5,5852,2926.0,5ef5c11-d91a027d8
0.3,0.05,2,0.02,0.25,zero,hard,1,0.36186009734277075,0.36186009734277075,0.6781383188979297,2.1311637687796283,0.00032680426,953,476.5,5ef5c11-d91a027d8
0.003,0.05,8,0.02,0.0,zero,hard,1,0.017475679843212723,0.017475679843212723,0.09375617236469243,13.069075733484732,0.00032680426,2459,1229.5,5ef5c11-d91a027d8
0.003,0.05,2,0.005,4.0,zero,hard,4,0.0005104263851787256,0.022883799134333603,0.0005104263851787256,521.389556002628,1.708457e-5,953,476.5,5ef5c11-d91a027d8
0.003,0.05,8,0.02,4.0,zero,hard,7,-0.025865061090415198,-0.025865061090415198,0.1178778223788507,992.6462828671154,5.042856e-5,2459,1229.5,5ef5c11-d91a027d8
0.3,0.02,2,0.0,4.0,zero,soft,5,-0.002200388708259482,0.002883172477687817,-0.002200388708259482,25.257853329961318,0.00077848433,2084,1042.0,5ef5c11-d91a027d8
0.3,0.05,2,0.0,0.25,zero,soft,7,0.0035092551466229228,0.00979861101558092,0.0035092551466229228,36.35961530862593,0.000232274,953,476.5,5ef5c11-d91a027d8
0.3,0.05,8,0.0,1.0,zero,hard,4,-0.0011425966319577538,0.00025690946063726096,-0.0011425966319577538,21.37242317643672,1.708457e-5,2459,1229.5,5ef5c11-d91a027d8
0.03,0.05,2,0.005,4.0,zero,hard,4,0.02274642731316838,0.03555143366097672,0.02274642731316838,52.12539481088417,1.708457e-5,953,476.5,5ef5c11-d91a027d8
0.003,0.05,2,0.0,1.0,zero,hard,1,-0.005122356771370721,-0.002798040323056529,-0.005122356771370721,4468.475337309356,0.00032680426,953,476.5,5ef5c11-d91a027d8
0.003,0.05,2,0.005,0.25,zero,soft,7,0.066197145681359,0.066197145681359,0.12669476163866641,43.68732727176879,0.000232274,953,476.5,5ef5c11-d91a027d8
0.003,0.02,2,0.02,0.25,zero,soft,2,-0.02388591654404533,0.005930588952451269,-0.02388591654404533,136.12054075230003,8.953138e-5,2084,1042.0,5ef5c11-d91a027d8
0.3,0.05,2,0.005,4.0,zero,hard,4,0.16172257598619277,0.16172257598619277,0.25253328209724196,5.228064273039138,1.708457e-5,953,476.5,5ef5c11-d91a027d8
0.03,0.05,2,0.005,0.25,zero,soft,7,0.20765102204650498,0.20765102204650498,0.4926089065862068,4.40743642606697,0.000232274,953,476.5,5ef5c11-d91a027d8
0.003,0.02,2,0.005,4.0,zero,soft,5,-0.05117584751506948,-0.05117584751506948,0.0681653166935766,308.6938440899156,0.00077848433,2084,1042.0,5ef5c11-d91a027d8
0.03,0.05,2,0.0,1.0,zero,hard,1,-0.005136007873411275,-0.0027975173386299615,-0.005136007873411275,446.8515414647375,0.00032680426,953,476.5,5ef5c11-d91a027d8
0.03,0.05,8,0.02,0.0,zero,hard,1,0.06623404834697308,0.06623404834697308,0.24783747486935717,14.52710404299905,0.00032680426,2459,1229.5,5ef5c11-d91a027d8
0.003,0.05,2,0.01,4.0,zero,hard,4,-0.0035529760459813175,0.019829935164976432,-0.0035529760459813175,1044.0346630079864,1.708457e-5,953,476.5,5ef5c11-d91a027d8
0.3,0.05,2,0.005,0.25,zero,soft,7,0.7907618760638462,0.7907618760638462,0.9376324923155889,0.636336243038005,0.000232274,953,476.5,5ef5c11-d91a027d8
0.3,0.05,2,0.0,1.0,zero,hard,1,-0.0052731955101436015,-0.002792245843606094,-0.0052731955101436015,44.69855116460439,0.00032680426,953,476.5,5ef5c11-d91a027d8
0.03,0.02,2,0.02,0.25,zero,soft,2,0.06326533001328223,0.06326533001328223,0.07228715187990031,13.657300181954868,8.953138e-5,2084,1042.0,5ef5c11-d91a027d8
0.003,0.05,8,0.005,1.0,zero,hard,4,0.02560243872058569,0.02560243872058569,0.0721045530470555,73.74876557202964,1.708457e-5,2459,1229.5,5ef5c11-d91a027d8
0.03,0.05,2,0.01,4.0,zero,hard,4,0.00813168814411423,0.025520019245622663,0.00813168814411423,104.42882457529517,1.708457e-5,953,476.5,5ef5c11-d91a027d8
0.003,0.05,2,0.01,0.25,zero,soft,7,0.009392029520058288,0.03129534688141277,0.009392029520058288,87.6287645705051,0.000232274,953,476.5,5ef5c11-d91a027d8
0.03,0.02,2,0.005,4.0,zero,soft,5,-0.025828131458995346,-0.025828131458995346,0.12644542290530386,30.87964461108542,0.00077848433,2084,1042.0,5ef5c11-d91a027d8
0.03,0.05,8,0.02,4.0,zero,hard,7,-0.01997390951494189,-0.01997390951494189,0.13288468446008195,99.2804469626865,5.042856e-5,2459,1229.5,5ef5c11-d91a027d8
0.003,0.05,2,0.005,1.0,zero,hard,1,-0.08690814970044002,-0.05453651618365621,-0.08690814970044002,145.33904230893566,0.00032680426,953,476.5,5ef5c11-d91a027d8
0.03,0.05,2,0.01,0.25,zero,soft,7,0.10518902815656422,0.10518902815656422,0.20712731379963997,8.815136358158615,0.000232274,953,476.5,5ef5c11-d91a027d8
0.3,0.05,2,0.01,4.0,zero,hard,4,0.08682826671044978,0.08682826671044978,0.13005627017205063,10.452680306635035,1.708457e-5,953,476.5,5ef5c11-d91a027d8
0.3,0.05,8,0.02,0.0,zero,hard,1,0.2426044320280027,0.2426044320280027,0.38548119559893196,4.066778275391598,0.00032680426,2459,1229.5,5ef5c11-d91a027d8
0.03,0.05,2,0.005,1.0,zero,hard,1,-0.0013653007098022164,-0.0013653007098022164,0.03820468217684103,14.531463170638864,0.00032680426,953,476.5,5ef5c11-d91a027d8
0.3,0.05,2,0.01,0.25,zero,soft,7,0.6307418422796065,0.6307418422796065,0.8573185598541893,0.9870863481439177,0.000232274,953,476.5,5ef5c11-d91a027d8
0.3,0.02,2,0.02,0.25,zero,soft,2,0.5357756639668624,0.5357756639668624,0.6677133240849306,1.4206156430347465,8.953138e-5,2084,1042.0,5ef5c11-d91a027d8
0.003,0.05,2,0.02,4.0,zero,hard,4,-0.002223026875696529,0.015037323436194527,-0.002223026875696529,2025.3400512316452,1.708457e-5,953,476.5,5ef5c11-d91a027d8
0.3,0.02,8,0.01,1.0,zero,soft,5,0.7291937272601153,0.7291937272601153,0.9136373346958658,0.8391693225542126,0.00077848433,5852,2926.0,5ef5c11-d91a027d8
0.3,0.05,2,0.005,1.0,zero,hard,1,0.46751079299139453,0.46751079299139453,0.7688020582794762,1.484446876849617,0.00032680426,953,476.5,5ef5c11-d91a027d8
0.3,0.02,2,0.005,4.0,zero,soft,5,0.22165114894352056,0.22165114894352056,0.5710915423792614,3.102018668286276,0.00077848433,2084,1042.0,5ef5c11-d91a027d8
0.003,0.05,2,0.02,0.25,zero,soft,7,0.05730134814958816,0.05730134814958816,0.08982195385503576,176.0771946121333,0.000232274,953,476.5,5ef5c11-d91a027d8
0.03,0.05,2,0.02,4.0,zero,hard,4,0.0033296314178541337,0.01764827327560349,0.0033296314178541337,202.55830345587762,1.708457e-5,953,476.5,5ef5c11-d91a027d8
0.03,0.05,8,0.005,1.0,zero,hard,4,0.1197435561221744,0.1197435561221744,0.24226194698921716,7.351953234458189,1.708457e-5,2459,1229.5,5ef5c11-d91a027d8
0.003,0.05,2,0.01,1.0,zero,hard,1,-0.125296682219852,-0.07348412469554776,-0.125296682219852,290.9880897938544,0.00032680426,953,476.5,5ef5c11-d91a027d8
0.03,0.05,2,0.02,0.25,zero,soft,7,0.0954656083351888,0.0954656083351888,0.1653168592012127,17.54805223521538,0.000232274,953,476.5,5ef5c11-d91a027d8
0.3,0.05,2,0.02,4.0,zero,hard,4,0.04419973086373314,0.04419973086373314,0.05192966525910581,20.24504235215916,1.708457e-5,953,476.5,5ef5c11-d91a027d8
0.003,0.02,2,0.0,1.0,zero,soft,2,0.00033646274114081917,0.0026053177482189115,0.00033646274114081917,2840.6985143951197,8.953138e-5,2084,1042.0,5ef5c11-d91a027d8
0.03,0.05,2,0.01,1.0,zero,hard,1,-0.06544809560325213,-0.045301676926819585,-0.06544809560325213,29.068617282297506,0.00032680426,953,476.5,5ef5c11-d91a027d8
0.3,0.05,2,0.02,0.25,zero,soft,7,0.4155186510451867,0.4155186510451867,0.6957681901227679,1.797982198486028,0.000232274,953,476.5,5ef5c11-d91a027d8
0.003,0.05,2,0.0,0.0,zero,soft,4,0.3982315058167324,0.3982315058167324,0.7149483538418845,1.656303002276329,3.2716056e-5,953,476.5,5ef5c11-d91a027d8
0.3,0.05,8,0.02,4.0,zero,hard,7,0.04049580397879769,0.04049580397879769,0.2918611023420683,9.93486824471243,5.042856e-5,2459,1229.5,5ef5c11-d91a027d8
0.003,0.05,8,0.0,0.25,zero,hard,1,-0.015715689580622867,0.004155142106204461,-0.015715689580622867,2143.207691408602,0.00032680426,2459,1229.5,5ef5c11-d91a027d8
0.003,0.02,2,0.01,4.0,zero,soft,5,-0.049098869209804795,-0.049098869209804795,0.061185568096428514,607.8708190673063,0.00077848433,2084,1042.0,5ef5c11-d91a027d8
0.03,0.05,2,0.0,0.0,zero,soft,4,0.7952398845854247,0.8906018405822933,0.7952398845854247,0.4596565049911761,3.2716056e-5,953,476.5,5ef5c11-d91a027d8
0.03,0.02,8,0.0,0.25,zero,soft,2,-0.010240955493263204,-0.010240955493263204,0.049828172421280216,134.78616500781547,8.953138e-5,5852,2926.0,5ef5c11-d91a027d8
0.3,0.05,2,0.01,1.0,zero,hard,1,0.22406658272879776,0.22406658272879776,0.47977202955697174,2.917481915463154,0.00032680426,953,476.5,5ef5c11-d91a027d8
0.3,0.05,2,0.0,0.0,zero,soft,4,0.7940584212728319,0.9087130471429659,0.7940584212728319,0.42917113724134576,3.2716056e-5,953,476.5,5ef5c11-d91a027d8
0.003,0.05,2,0.0,1.0,zero,soft,7,-0.008997719583445998,0.0013300364316306418,-0.008997719583445998,3822.267433025787,0.000232274,953,476.5,5ef5c11-d91a027d8
0.3,0.05,8,0.005,1.0,zero,hard,4,0.7102594291441525,0.7102594291441525,0.7907360004599087,0.8094579844523738,1.708457e-5,2459,1229.5,5ef5c11-d91a027d8
0.003,0.05,8,0.0,0.0,zero,soft,7,0.08846409339820592,0.08846409339820592,0.5368687398400633,6.6141359979746115,0.000232274,2459,1229.5,5ef5c11-d91a027d8
0.003,0.05,2,0.005,0.0,zero,soft,4,0.025736971027310693,0.025736971027310693,0.051421709379653645,27.23622923445348,3.2716056e-5,953,476.5,5ef5c11-d91a027d8
0.003,0.05,2,0.02,1.0,zero,hard,1,-0.09163167895034825,-0.0488002090158191,-0.09163167895034825,586.8911446640111,0.00032680426,953,476.5,5ef5c11-d91a027d8
0.03,0.02,2,0.0,1.0,zero,soft,2,0.000338203761932864,0.0026060691720024036,0.000338203761932864,284.0695830406836,8.953138e-5,2084,1042.0,5ef5c11-d91a027d8
0.03,0.05,2,0.0,1.0,zero,soft,7,-0.009006911725815471,0.0013302751609603955,-0.009006911725815471,382.2249618038098,0.000232274,953,476.5,5ef5c11-d91a027d8
0.03,0.05,2,0.005,0.0,zero,soft,4,0.06775828498901039,0.06775828498901039,0.13638879333209103,5.984443698928671,3.2716056e-5,953,476.5,5ef5c11-d91a027d8
0.03,0.05,2,0.02,1.0,zero,hard,1,-0.06552900732828489,-0.034204218607924955,-0.06552900732828489,58.63873401518063,0.00032680426,953,476.5,5ef5c11-d91a027d8
0.03,0.02,2,0.01,4.0,zero,soft,5,-0.0359400601096846,-0.0359400601096846,0.08791834369825308,60.79411241254919,0.00077848433,2084,1042.0,5ef5c11-d91a027d8
0.03,0.05,8,0.0,0.0,zero,soft,7,0.7255075560124867,0.7255075560124867,0.9539222678310567,0.7427194426857947,0.000232274,2459,1229.5,5ef5c11-d91a027d8
0.3,0.05,2,0.005,0.0,zero,soft,4,0.37627428307112265,0.37627428307112265,0.5909529031910286,1.8203799405722296,3.2716056e-5,953,476.5,5ef5c11-d91a027d8
0.3,0.05,2,0.0,1.0,zero,soft,7,-0.009104901872906456,0.0013334405258527268,-0.009104901872906456,38.23436550394751,0.000232274,953,476.5,5ef5c11-d91a027d8
0.3,0.05,2,0.02,1.0,zero,hard,1,0.09592657980720093,0.09592657980720093,0.21325889035432802,5.857360065736152,0.00032680426,953,476.5,5ef5c11-d91a027d8
0.003,0.05,2,0.01,0.0,zero,soft,4,0.019114419810953194,0.019114419810953194,0.021734641875533624,28.463411826890287,3.2716056e-5,953,476.5,5ef5c11-d91a027d8
0.03,0.05,8,0.0,0.25,zero,hard,1,-0.014746221163630795,0.004473577526306082,-0.014746221163630795,214.31950699156474,0.00032680426,2459,1229.5,5ef5c11-d91a027d8
0.003,0.05,2,0.005,1.0,zero,soft,7,0.01896584131226495,0.01896584131226495,0.06516058549245815,128.34435561401193,0.000232274,953,476.5,5ef5c11-d91a027d8
0.003,0.05,8,0.01,1.0,zero,hard,4,0.014029171922825373,0.014029171922825373,0.08096206075218706,145.03834865294218,1.708457e-5,2459,1229.5,5ef5c11-d91a027d8
0.3,0.05,8,0.0,0.0,zero,soft,7,0.929575227159709,0.929575227159709,0.9596741999513744,0.3921046663524704,0.000232274,2459,1229.5,5ef5c11-d91a027d8
0.03,0.05,2,0.01,0.0,zero,soft,4,0.0737376673866447,0.0737376673866447,0.08742820950271832,10.180519359680606,3.2716056e-5,953,476.5,5ef5c11-d91a027d8
0.003,0.05,2,0.0,4.0,zero,hard,1,0.00040758103708815434,0.00040758103708815434,0.00481565785189212,4430.437435853564,0.00032680426,953,476.5,5ef5c11-d91a027d8
0.3,0.02,2,0.01,4.0,zero,soft,5,0.08802133774250144,0.08802133774250144,0.3436735520601972,6.08291449986293,0.00077848433,2084,1042.0,5ef5c11-d91a027d8
0.003,0.02,8,0.02,1.0,zero,soft,5,-0.01160384807972657,-0.01160384807972657,-0.0006721583827761532,164.26036888923966,0.00077848433,5852,2926.0,5ef5c11-d91a027d8
0.03,0.05,2,0.005,1.0,zero,soft,7,0.06882048775751452,0.06882048775751452,0.2033563784971391,12.867433777234279,0.000232274,953,476.5,5ef5c11-d91a027d8
0.3,0.05,2,0.01,0.0,zero,soft,4,0.24397713880493824,0.24397713880493824,0.28086398498031456,2.861310823641666,3.2716056e-5,953,476.5,5ef5c11-d91a027d8
0.03,0.05,2,0.0,4.0,zero,hard,1,0.0004077313060169296,0.0004077313060169296,0.004815059681604327,443.0442763107084,0.00032680426,953,476.5,5ef5c11-d91a027d8
0.3,0.05,2,0.005,1.0,zero,soft,7,0.491163684330512,0.491163684330512,0.8337821074047895,1.357006654074109,0.000232274,953,476.5,5ef5c11-d91a027d8
0.003,0.05,2,0.02,0.0,zero,soft,4,0.007975041916654966,0.023671693069135812,0.007975041916654966,87.3495281966247,3.2716056e-5,953,476.5,5ef5c11-d91a027d8
0.3,0.02,2,0.0,1.0,zero,soft,2,0.0003528642585247263,0.0026134985151677398,0.0003528642585247263,28.421815211523466,8.953138e-5,2084,1042.0,5ef5c11-d91a027d8
0.03,0.05,2,0.02,0.0,zero,soft,4,0.07731537887860024,0.07731537887860024,0.2515886620875618,15.466713092671993,3.2716056e-5,953,476.5,5ef5c11-d91a027d8
0.003,0.05,2,0.01,1.0,zero,soft,7,0.025678099667102543,0.025678099667102543,0.026674349019766952,251.5647370070666,0.000232274,953,476.5,5ef5c11-d91a027d8
0.003,0.05,8,0.005,0.0,zero,soft,7,0.017525309137506336,0.10522548589234482,0.017525309137506336,22.26260410786453,0.000232274,2459,1229.5,5ef5c11-d91a027d8
0.003,0.02,2,0.02,4.0,zero,soft,5,-0.05066826749014249,-0.05066826749014249,0.04316969397431454,1157.0810166728122,0.00077848433,2084,1042.0,5ef5c11-d91a027d8
0.3,0.05,2,0.0,4.0,zero,hard,1,0.00040913112638774567,0.00040913112638774567,0.0048090295671005725,44.31490695342752,0.00032680426,953,476.5,5ef5c11-d91a027d8
0.03,0.05,8,0.01,1.0,zero,hard,4,0.059739709095920086,0.059739709095920086,0.1682573018523916,14.477531263791253,1.708457e-5,2459,1229.5,5ef5c11-d91a027d8
0.3,0.05,8,0.0,0.25,zero,hard,1,-0.005050355504655156,0.007658212572228063,-0.005050355504655156,21.451282482602608,0.00032680426,2459,1229.5,5ef5c11-d91a027d8
0.3,0.05,2,0.02,0.0,zero,soft,4,0.11722887872392872,0.11722887872392872,0.3366304903932482,3.8257132142331307,3.2716056e-5,953,476.5,5ef5c11-d91a027d8
0.03,0.05,2,0.01,1.0,zero,soft,7,0.05172739030590289,0.05172739030590289,0.10508502553362337,25.20299247117864,0.000232274,953,476.5,5ef5c11-d91a027d8
0.003,0.05,2,0.005,4.0,zero,hard,1,-0.10198342987509171,-0.06465196111331935,-0.10198342987509171,564.1245940215083,0.00032680426,953,476.5,5ef5c11-d91a027d8
0.3,0.05,2,0.01,1.0,zero,soft,7,0.2986875739553537,0.2986875739553537,0.6441312950352277,2.564848268796633,0.000232274,953,476.5,5ef5c11-d91a027d8
0.003,0.05,2,0.0,0.25,zero,soft,4,-0.02051879138021607,0.001304052253944352,-0.02051879138021607,4066.992797771269,3.2716056e-5,953,476.5,5ef5c11-d91a027d8
0.3,0.02,8,0.0,0.25,zero,soft,2,-0.004981525296055962,-0.004981525296055962,0.0606780276311798,13.520769052933307,8.953138e-5,5852,2926.0,5ef5c11-d91a027d8
0.03,0.02,2,0.02,4.0,zero,soft,5,-0.04528590870226726,-0.04528590870226726,0.054482886564598064,115.70979009584394,0.00077848433,2084,1042.0,5ef5c11-d91a027d8
0.03,0.05,8,0.005,0.0,zero,soft,7,0.12780310882060025,0.13291279400902303,0.12780310882060025,5.525566754548855,0.000232274,2459,1229.5,5ef5c11-d91a027d8
0.03,0.05,2,0.005,4.0,zero,hard,1,-0.07227842195219938,-0.05088254225261424,-0.07227842195219938,56.44026356763721,0.00032680426,953,476.5,5ef5c11-d91a027d8
0.003,0.05,2,0.02,1.0,zero,soft,7,0.022133804689331203,0.022133804689331203,0.060257127769785826,508.0008873374872,0.000232274,953,476.5,5ef5c11-d91a027d8
0.003,0.02,2,0.005,1.0,zero,soft,2,-0.03144681629994451,0.02175973736178367,-0.03144681629994451,93.85422878942377,8.953138e-5,2084,1042.0,5ef5c11-d91a027d8
0.03,0.05,2,0.0,0.25,zero,soft,4,-0.02018672208115059,0.0014390644332375447,-0.02018672208115059,406.69788307244636,3.2716056e-5,953,476.5,5ef5c11-d91a027d8
0.003,0.05,8,0.005,0.25,zero,hard,1,0.05769394646056278,0.05769394646056278,0.1450000671542681,28.78013113711926,0.00032680426,2459,1229.5,5ef5c11-d91a027d8
0.3,0.05,8,0.01,1.0,zero,hard,4,0.4638804544181454,0.4638804544181454,0.6700433867830498,1.492212761635239,1.708457e-5,2459,1229.5,5ef5c11-d91a027d8
0.03,0.05,2,0.02,1.0,zero,soft,7,0.0353172904153756,0.0353172904153756,0.0927325419511812,50.81508712259363,0.000232274,953,476.5,5ef5c11-d91a027d8
0.3,0.05,2,0.005,4.0,zero,hard,1,0.08628774001235566,0.08628774001235566,0.22781121346488495,5.65443460638714,0.00032680426,953,476.5,5ef5c11-d91a027d8
0.3,0.05,2,0.0,0.25,zero,soft,4,-0.01684516715754188,0.0027877134615181824,-0.01684516715754188,40.67768253310232,3.2716056e-5,953,476.5,5ef5c11-d91a027d8
0.3,0.05,2,0.02,1.0,zero,soft,7,0.16423456678005954,0.16423456678005954,0.4108151383306431,5.0939449863666635,0.000232274,953,476.5,5ef5c11-d91a027d8
0.3,0.05,8,0.005,0.0,zero,soft,7,0.34797155365168614,0.34797155365168614,0.7832029242483045,1.6109990935410592,0.000232274,2459,1229.5,5ef5c11-d91a027d8
0.003,0.05,2,0.005,0.25,zero,soft,4,-0.0016117727039990926,-0.0016117727039990926,0.030128256448768764,47.881066771083894,3.2716056e-5,953,476.5,5ef5c11-d91a027d8
0.03,0.02,2,0.005,1.0,zero,soft,2,0.11126034888956808,0.11126034888956808,0.11573798330323533,9.392635710341922,8.953138e-5,2084,1042.0,5ef5c11-d91a027d8
0.003,0.05,2,0.01,4.0,zero,hard,1,-0.10623520040176669,-0.05632621241784807,-0.10623520040176669,1112.6700858917716,0.00032680426,953,476.5,5ef5c11-d91a027d8
0.3,0.02,2,0.02,4.0,zero,soft,5,0.007929076788302358,0.007929076788302358,0.17883613378354127,11.594024906167368,0.00077848433,2084,1042.0,5ef5c11-d91a027d8
0.03,0.05,2,0.005,0.25,zero,soft,4,0.13054158520745915,0.13054158520745915,0.24270751042408562,4.839900488457187,3.2716056e-5,953,476.5,5ef5c11-d91a027d8
0.003,0.05,2,0.0,4.0,zero,soft,7,-0.007753654247287702,0.0005283685065210407,-0.007753654247287702,3831.548407877031,0.000232274,953,476.5,5ef5c11-d91a027d8
0.03,0.05,2,0.01,4.0,zero,hard,1,-0.0933986986000272,-0.049669434659140026,-0.0933986986000272,111.3143453345885,0.00032680426,953,476.5,5ef5c11-d91a027d8
0.03,0.02,8,0.02,1.0,zero,soft,5,0.03546229191780125,0.03546229191780125,0.10230869093971368,16.439848326830898,0.00077848433,5852,2926.0,5ef5c11-d91a027d8
0.03,0.05,8,0.005,0.25,zero,hard,1,0.3103103618311894,0.3103103618311894,0.5892093281448045,2.8986268315657653,0.00032680426,2459,1229.5,5ef5c11-d91a027d8
0.3,0.05,2,0.005,0.25,zero,soft,4,0.7336710372396628,0.7336710372396628,0.7656724481423386,0.7270997581157792,3.2716056e-5,953,476.5,5ef5c11-d91a027d8
0.003,0.05,8,0.02,1.0,zero,hard,4,0.022154559319004292,0.022154559319004292,0.05371126140165398,291.6379073060809,1.708457e-5,2459,1229.5,5ef5c11-d91a027d8
0.3,0.05,2,0.01,4.0,zero,hard,1,0.015809248704217835,0.015809248704217835,0.05606635437325434,11.137782417040095,0.00032680426,953,476.5,5ef5c11-d91a027d8
0.3,0.02,2,0.005,1.0,zero,soft,2,0.7010895655705657,0.7010895655705657,0.8377950195608262,0.9559783984080533,8.953138e-5,2084,1042.0,5ef5c11-d91a027d8
0.03,0.05,2,0.0,4.0,zero,soft,7,-0.007758464061165017,0.0005286318613292656,-0.007758464061165017,383.1571151912697,0.000232274,953,476.5,5ef5c11-d91a027d8
0.003,0.05,8,0.01,0.0,zero,soft,7,-0.0011260306714984789,-0.0011260306714984789,0.46887238661399205,17.849280880189966,0.000232274,2459,1229.5,5ef5c11-d91a027d8
0.003,0.05,2,0.01,0.25,zero,soft,4,-0.0007430818404367978,0.03887808339890977,-0.0007430818404367978,98.69388924818837,3.2716056e-5,953,476.5,5ef5c11-d91a027d8
0.003,0.05,2,0.02,4.0,zero,hard,1,-0.08936745645092294,-0.03828118978780297,-0.08936745645092294,2113.3701542325603,0.00032680426,953,476.5,5ef5c11-d91a027d8
0.3,0.05,2,0.0,4.0,zero,soft,7,-0.007805663145369036,0.0005313209947380544,-0.007805663145369036,38.32859833902594,0.000232274,953,476.5,5ef5c11-d91a027d8
0.03,0.05,2,0.01,0.25,zero,soft,4,0.07536807888609641,0.10326889660551655,0.07536807888609641,9.839346165144041,3.2716056e-5,953,476.5,5ef5c11-d91a027d8
0.003,0.02,2,0.0,0.0,zero,hard,6,0.8632205292824948,0.8632205292824948,0.8729378227621194,0.5052065029110537,0.000112622154,2084,1042.0,5ef5c11-d91a027d8
0.03,0.05,2,0.02,4.0,zero,hard,1,-0.08202482443424715,-0.03556912966179981,-0.08202482443424715,211.45627214012924,0.00032680426,953,476.5,5ef5c11-d91a027d8
0.003,0.05,2,0.005,4.0,zero,soft,7,0.028232989673492213,0.028232989673492213,0.06303297854220062,487.27561368529064,0.000232274,953,476.5,5ef5c11-d91a027d8
0.003,0.02,2,0.01,1.0,zero,soft,2,-0.05469802677354021,0.00586978033505378,-0.05469802677354021,190.04168988625338,8.953138e-5,2084,1042.0,5ef5c11-d91a027d8
0.003,0.02,8,0.005,0.25,zero,soft,2,0.0375999503978955,0.06431052591421538,0.0375999503978955,16.5344685226923,8.953138e-5,5852,2926.0,5ef5c11-d91a027d8
0.3,0.05,8,0.005,0.25,zero,hard,1,0.8895746922639469,0.8895746922639469,0.9596257257623974,0.46790669910808524,0.00032680426,2459,1229.5,5ef5c11-d91a027d8
0.3,0.05,2,0.01,0.25,zero,soft,4,0.57445493152989,0.57445493152989,0.6117242877448185,1.1226372486531822,3.2716056e-5,953,476.5,5ef5c11-d91a027d8
0.03,0.05,8,0.01,0.0,zero,soft,7,0.033974827782247474,0.033974827782247474,0.2843947199934404,9.155048127648922,0.000232274,2459,1229.5,5ef5c11-d91a027d8
0.03,0.05,8,0.02,1.0,zero,hard,4,0.044686692327255126,0.044686692327255126,0.09607404244176068,29.162826301138807,1.708457e-5,2459,1229.5,5ef5c11-d91a027d8
0.3,0.05,2,0.02,4.0,zero,hard,1,-0.02030118055969437,-0.008246326909633415,-0.02030118055969437,21.180923085879577,0.00032680426,953,476.5,5ef5c11-d91a027d8
0.003,0.05,2,0.02,0.25,zero,soft,4,0.013223465999833062,0.03421336565484351,0.013223465999833062,195.11454354560118,3.2716056e-5,953,476.5,5ef5c11-d91a027d8
0.03,0.02,2,0.0,0.0,zero,hard,6,0.8760579488173191,0.8911435917527623,0.8760579488173191,0.4592177031342701,0.000112622154,2084,1042.0,5ef5c11-d91a027d8
0.003,0.05,2,0.0,0.0,zero,soft,1,0.4326635818109161,0.4326635818109161,0.869395924064876,1.6511624757156584,0.00011610375,953,476.5,5ef5c11-d91a027d8
0.03,0.05,2,0.005,4.0,zero,soft,7,0.042054769321703635,0.042054769321703635,0.0993516748832409,48.704851660161246,0.000232274,953,476.5,5ef5c11-d91a027d8
0.03,0.05,2,0.0,0.0,zero,soft,1,0.9047810667698325,0.9047810667698325,0.9260653725219886,0.42912846896644496,0.00011610375,953,476.5,5ef5c11-d91a027d8
0.03,0.02,2,0.01,1.0,zero,soft,2,0.018892739518728923,0.04998267032748085,0.018892739518728923,18.96643159720075,8.953138e-5,2084,1042.0,5ef5c11-d91a027d8
0.03,0.05,2,0.02,0.25,zero,soft,4,0.06291271335672738,0.06695332246402334,0.06291271335672738,19.54802712547002,3.2716056e-5,953,476.5,5ef5c11-d91a027d8
0.3,0.05,2,0.0,0.0,zero,soft,1,0.9190717524727883,0.9190717524727883,0.9238810077389858,0.4024415313847737,0.00011610375,953,476.5,5ef5c11-d91a027d8
0.3,0.02,2,0.0,0.0,zero,hard,6,0.8668217961012967,0.8808166889642474,0.8668217961012967,0.4770058724707982,0.000112622154,2084,1042.0,5ef5c11-d91a027d8
0.3,0.05,8,0.01,0.0,zero,soft,7,0.3430968800948868,0.3430968800948868,0.5759458797199392,2.464477503717574,0.000232274,2459,1229.5,5ef5c11-d91a027d8
0.3,0.05,2,0.02,0.25,zero,soft,4,0.3664301702213607,0.3664301702213607,0.474665604866419,2.006501536452747,3.2716056e-5,953,476.5,5ef5c11-d91a027d8
0.003,0.05,8,0.01,0.25,zero,hard,1,-0.011076692011024313,0.01456310182348884,-0.011076692011024313,51.509444789754106,0.00032680426,2459,1229.5,5ef5c11-d91a027d8
0.003,0.05,2,0.005,0.0,zero,soft,1,0.03225059372120651,0.03225059372120651,0.35054396876477145,22.30660626952514,0.00011610375,953,476.5,5ef5c11-d91a027d8
0.3,0.05,2,0.005,4.0,zero,soft,7,0.17149973045140016,0.17149973045140016,0.4318318112548166,4.878283183972199,0.000232274,953,476.5,5ef5c11-d91a027d8
0.3,0.05,8,0.02,1.0,zero,hard,4,0.265095538735339,0.265095538735339,0.4619629601250938,2.9320057937939357,1.708457e-5,2459,1229.5,5ef5c11-d91a027d8
0.03,0.05,2,0.005,0.0,zero,soft,1,0.12348404202696886,0.12348404202696886,0.1952759790616695,6.307133086068053,0.00011610375,953,476.5,5ef5c11-d91a027d8
0.3,0.02,2,0.01,1.0,zero,soft,2,0.4434926870531744,0.4434926870531744,0.6017146082570829,1.897434710447532,8.953138e-5,2084,1042.0,5ef5c11-d91a027d8
0.003,0.05,2,0.0,1.0,zero,soft,4,-0.01250939157173001,-0.0015264207004029914,-0.01250939157173001,4260.415994721979,3.2716056e-5,953,476.5,5ef5c11-d91a027d8
0.003,0.02,2,0.005,0.0,zero,hard,6,0.04470894392577685,0.04983811166146096,0.04470894392577685,18.610548916760777,0.000112622154,2084,1042.0,5ef5c11-d91a027d8
0.3,0.02,8,0.02,1.0,zero,soft,5,0.4532398177203659,0.4532398177203659,0.7666121511595567,1.6538162096742623,0.00077848433,5852,2926.0,5ef5c11-d91a027d8
0.3,0.05,2,0.005,0.0,zero,soft,1,0.39816635592684235,0.39816635592684235,0.7082779357799851,1.883179219263613,0.00011610375,953,476.5,5ef5c11-d91a027d8
0.003,0.05,2,0.01,4.0,zero,soft,7,0.030148447649702093,0.030148447649702093,0.04881969704189553,962.2379726187337,0.000232274,953,476.5,5ef5c11-d91a027d8
0.03,0.05,2,0.0,1.0,zero,soft,4,-0.012508075872959842,-0.0015262361305859668,-0.012508075872959842,426.0451461604878,3.2716056e-5,953,476.5,5ef5c11-d91a027d8
0.003,0.05,8,0.02,0.0,zero,soft,7,-0.02201727959824076,-0.02201727959824076,-0.02077776453827568,36.181399417700234,0.000232274,2459,1229.5,5ef5c11-d91a027d8
0.003,0.05,2,0.01,0.0,zero,soft,1,0.0005097716107756748,0.018688417328278327,0.0005097716107756748,28.64333697769537,0.00011610375,953,476.5,5ef5c11-d91a027d8
0.03,0.05,8,0.01,0.25,zero,hard,1,0.161316634659747,0.161316634659747,0.30413797209211624,5.152867924837631,0.00032680426,2459,1229.5,5ef5c11-d91a027d8
0.03,0.05,2,0.01,4.0,zero,soft,7,0.036113417245010875,0.036113417245010875,0.06606504160891596,96.21056276805459,0.000232274,953,476.5,5ef5c11-d91a027d8
0.3,0.05,2,0.0,1.0,zero,soft,4,-0.012496266052581431,-0.0015245884013389127,-0.012496266052581431,42.617250718771274,3.2716056e-5,953,476.5,5ef5c11-d91a027d8
0.003,0.02,2,0.02,1.0,zero,soft,2,-0.05203041712698357,0.01876705390468946,-0.05203041712698357,375.67321539275304,8.953138e-5,2084,1042.0,5ef5c11-d91a027d8
0.03,0.02,2,0.005,0.0,zero,hard,6,0.11545177826980711,0.11545177826980711,0.2513875350458662,5.587477631199626,0.000112622154,2084,1042.0,5ef5c11-d91a027d8
0.03,0.05,2,0.01,0.0,zero,soft,1,0.0834118466925096,0.0834118466925096,0.20074931727978187,9.721145626595906,0.00011610375,953,476.5,5ef5c11-d91a027d8
0.03,0.02,8,0.005,0.25,zero,soft,2,0.4630038241604146,0.4630038241604146,0.5584295524726519,1.7371222193697267,8.953138e-5,5852,2926.0,5ef5c11-d91a027d8
0.3,0.05,2,0.01,4.0,zero,soft,7,0.10008841938362842,0.10008841938362842,0.24494222841694624,9.636815807478637,0.000232274,953,476.5,5ef5c11-d91a027d8
0.003,0.05,2,0.005,1.0,zero,soft,4,0.0013285466307724784,0.01233928073479933,0.0013285466307724784,135.38085842069947,3.2716056e-5,953,476.5,5ef5c11-d91a027d8
0.3,0.05,2,0.01,0.0,zero,soft,1,0.2610396695697202,0.2610396695697202,0.4366545017148633,2.6075870916812116,0.00011610375,953,476.5,5ef5c11-d91a027d8
0.003,0.05,8,0.0,4.0,zero,hard,4,-0.008143347094469417,0.001449545204477066,-0.008143347094469417,2139.1242726888986,1.708457e-5,2459,1229.5,5ef5c11-d91a027d8
0.03,0.05,8,0.02,0.0,zero,soft,7,0.01213701044584084,0.05469519348335885,0.01213701044584084,11.279507964361054,0.000232274,2459,1229.5,5ef5c11-d91a027d8
0.003,0.05,2,0.02,0.0,zero,soft,1,0.00687698847409219,0.00687698847409219,0.07751226318588768,26.047942481035307,0.00011610375,953,476.5,5ef5c11-d91a027d8
0.03,0.05,2,0.005,1.0,zero,soft,4,0.06108313020794252,0.06108313020794252,0.08692677329697485,13.549381593090635,3.2716056e-5,953,476.5,5ef5c11-d91a027d8
0.003,0.05,2,0.02,4.0,zero,soft,7,0.027982672600002673,0.028875002344357043,0.027982672600002673,1827.8459028828102,0.000232274,953,476.5,5ef5c11-d91a027d8
0.3,0.02,2,0.005,0.0,zero,hard,6,0.41007672221049674,0.41007672221049674,0.6048061611470633,1.7156234563544557,0.000112622154,2084,1042.0,5ef5c11-d91a027d8
0.03,0.05,2,0.02,0.0,zero,soft,1,0.07266366080764758,0.07266366080764758,0.11513540106397023,14.512250273917575,0.00011610375,953,476.5,5ef5c11-d91a027d8
0.3,0.05,2,0.005,1.0,zero,soft,4,0.4635722615580528,0.4635722615580528,0.5936027013314977,1.4351851695721904,3.2716056e-5,953,476.5,5ef5c11-d91a027d8
0.3,0.05,8,0.01,0.25,zero,hard,1,0.8058020022921603,0.8058020022921603,0.9285281688963329,0.6453973241898965,0.00032680426,2459,1229.5,5ef5c11-d91a027d8
0.03,0.05,2,0.02,4.0,zero,soft,7,0.03162590367196804,0.03162590367196804,0.03429739695330334,182.70595436930188,0.000232274,953,476.5,5ef5c11-d91a027d8
0.03,0.02,2,0.02,1.0,zero,soft,2,-0.017962701664080847,0.03994371760719796,-0.017962701664080847,37.511975120101326,8.953138e-5,2084,1042.0,5ef5c11-d91a027d8
0.3,0.05,2,0.02,0.0,zero,soft,1,0.14474370865937522,0.14474370865937522,0.3024029734715619,3.9906689339598853,0.00011610375,953,476.5,5ef5c11-d91a027d8
0.003,0.05,2,0.01,1.0,zero,soft,4,-0.015799152226854164,0.02364718943543336,-0.015799152226854164,263.82370404064045,3.2716056e-5,953,476.5,5ef5c11-d91a027d8
0.003,0.02,2,0.01,0.0,zero,hard,6,0.034557966236505804,0.034557966236505804,0.06966239606542866,26.312299430639975,0.000112622154,2084,1042.0,5ef5c11-d91a027d8
0.3,0.05,2,0.02,4.0,zero,soft,7,0.059331296275942344,0.059331296275942344,0.11327311289630541,18.264972361394054,0.000232274,953,476.5,5ef5c11-d91a027d8
0.003,0.05,2,0.0,0.25,zero,soft,1,-0.02777975194487317,-0.002468764322624856,-0.02777975194487317,4159.838343294464,0.00011610375,953,476.5,5ef5c11-d91a027d8
0.03,0.05,2,0.01,1.0,zero,soft,4,0.027305364640273597,0.04970434619831977,0.027305364640273597,26.374909215507245,3.2716056e-5,953,476.5,5ef5c11-d91a027d8
0.003,0.05,2,0.0,0.0,zero,hard,8,0.2664098707453184,0.2664098707453184,0.6432739846434173,1.578599180940683,0.00089239184,953,476.5,5ef5c11-d91a027d8
0.3,0.05,8,0.02,0.0,zero,soft,7,0.17925218471829427,0.17925218471829427,0.3913711329054757,3.599123718683336,0.000232274,2459,1229.5,5ef5c11-d91a027d8
0.03,0.05,2,0.0,0.0,zero,hard,8,0.7082003690279718,0.7082003690279718,0.7190129095115312,0.7060758013728113,0.00089239184,953,476.5,5ef5c11-d91a027d8
0.03,0.05,8,0.0,4.0,zero,hard,4,-0.008152219395874828,0.0014501681930501084,-0.008152219395874828,213.91237632898898,1.708457e-5,2459,1229.5,5ef5c11-d91a027d8
0.3,0.05,2,0.01,1.0,zero,soft,4,0.283696908006955,0.283696908006955,0.40676361729127847,2.66743866313147,3.2716056e-5,953,476.5,5ef5c11-d91a027d8
0.03,0.05,2,0.0,0.25,zero,soft,1,-0.02733841572055811,-0.002327948493798066,-0.02733841572055811,415.98949355918893,0.00011610375,953,476.5,5ef5c11-d91a027d8
0.03,0.02,2,0.01,0.0,zero,hard,6,0.1532294851832532,0.1532294851832532,0.23518551429106888,9.46059337879267,0.000112622154,2084,1042.0,5ef5c11-d91a027d8
0.3,0.05,2,0.0,0.0,zero,hard,8,0.7139456326059337,0.7330164781315303,0.7139456326059337,0.6809525559067383,0.00089239184,953,476.5,5ef5c11-d91a027d8
0.003,0.05,8,0.02,0.25,zero,hard,1,0.03561820429503644,0.03561820429503644,0.04589001383287017,107.43396362599921,0.00032680426,2459,1229.5,5ef5c11-d91a027d8
0.003,0.05,2,0.02,1.0,zero,soft,4,-0.029377851388302054,0.025439376108802893,-0.029377851388302054,531.0297874048445,3.2716056e-5,953,476.5,5ef5c11-d91a027d8
0.3,0.02,2,0.02,1.0,zero,soft,2,0.2528129230644681,0.2528129230644681,0.3170186725117825,3.753688588636217,8.953138e-5,2084,1042.0,5ef5c11-d91a027d8
0.003,0.05,2,0.005,0.0,zero,hard,8,0.03729388265874602,0.03729388265874602,0.12678374194446376,17.712109613304193,0.00089239184,953,476.5,5ef5c11-d91a027d8
0.3,0.05,2,0.0,0.25,zero,soft,1,-0.02294353388416178,-0.0009203341739085411,-0.02294353388416178,41.615021369119155,0.00011610375,953,476.5,5ef5c11-d91a027d8
0.03,0.05,2,0.02,1.0,zero,soft,4,-0.00949865250761863,0.036679385177236866,-0.00949865250761863,53.09590988470308,3.2716056e-5,953,476.5,5ef5c11-d91a027d8
0.03,0.05,2,0.005,0.0,zero,hard,8,0.06778351183251169,0.06778351183251169,0.18198360411314393,5.311645630400184,0.00089239184,953,476.5,5ef5c11-d91a027d8
0.003,0.05,2,0.005,0.25,zero,soft,1,-0.04299474397073626,-0.012978474639269209,-0.04299474397073626,51.450184782621534,0.00011610375,953,476.5,5ef5c11-d91a027d8
0.3,0.02,8,0.005,0.25,zero,soft,2,0.9157114554865184,0.9157114554865184,0.9458446350823673,0.4137588513938365,8.953138e-5,5852,2926.0,5ef5c11-d91a027d8
0.003,0.02,8,0.0,4.0,zero,soft,5,-0.008460401649394633,-0.0007612474102917943,-0.008460401649394633,1260.2532651463348,0.00077848433,5852,2926.0,5ef5c11-d91a027d8
0.3,0.02,2,0.01,0.0,zero,hard,6,0.256382632162031,0.256382632162031,0.5463210631951477,2.604024831047726,0.000112622154,2084,1042.0,5ef5c11-d91a027d8
0.3,0.05,2,0.02,1.0,zero,soft,4,0.15126769474796675,0.15126769474796675,0.20522713159361383,5.303285342541153,3.2716056e-5,953,476.5,5ef5c11-d91a027d8
0.003,0.05,8,0.0,0.25,zero,soft,7,-0.017234405297793097,-0.017234405297793097,0.025722633127443106,1831.3125727401473,0.000232274,2459,1229.5,5ef5c11-d91a027d8
0.03,0.05,2,0.005,0.25,zero,soft,1,0.1264512656484244,0.1264512656484244,0.24817169982461476,5.211915206815573,0.00011610375,953,476.5,5ef5c11-d91a027d8
0.003,0.02,2,0.0,4.0,zero,soft,2,-0.0034764302014292908,-0.0034764302014292908,0.007706012963302785,2835.405854667588,8.953138e-5,2084,1042.0,5ef5c11-d91a027d8
0.03,0.05,8,0.02,0.25,zero,hard,1,0.11275309084775877,0.11275309084775877,0.21903092377415043,10.799180390491657,0.00032680426,2459,1229.5,5ef5c11-d91a027d8
0.3,0.05,2,0.005,0.0,zero,hard,8,0.25864607741656453,0.25864607741656453,0.47799451757091127,1.7219855215243087,0.00089239184,953,476.5,5ef5c11-d91a027d8
0.3,0.05,8,0.0,4.0,zero,hard,4,-0.008246594638673348,0.0014564476753860679,-0.008246594638673348,21.413030604141525,1.708457e-5,2459,1229.5,5ef5c11-d91a027d8
0.3,0.05,2,0.005,0.25,zero,soft,1,0.7556011539866103,0.7556011539866103,0.8733116897753429,0.710503902160972,0.00011610375,953,476.5,5ef5c11-d91a027d8
0.003,0.05,2,0.0,4.0,zero,soft,4,-0.00011477665350721507,-0.00011477665350721507,0.0008581284412568502,4264.455139111617,3.2716056e-5,953,476.5,5ef5c11-d91a027d8
0.003,0.02,2,0.02,0.0,zero,hard,6,-0.011506229130692812,-0.011506229130692812,0.04075357251421158,1.0274526971077984,0.000112622154,2084,1042.0,5ef5c11-d91a027d8
0.003,0.05,2,0.01,0.0,zero,hard,8,-0.08296223704960803,-0.08296223704960803,0.036029654099804104,1.7594063485318119,0.00089239184,953,476.5,5ef5c11-d91a027d8
0.003,0.05,2,0.01,0.25,zero,soft,1,-0.03587373934417633,-0.03587373934417633,-0.020000832907323865,102.75918772465805,0.00011610375,953,476.5,5ef5c11-d91a027d8
0.03,0.05,2,0.0,4.0,zero,soft,4,-0.00011429577221677649,-0.00011429577221677649,0.0008393515201451177,426.448542720188,3.2716056e-5,953,476.5,5ef5c11-d91a027d8
0.03,0.05,2,0.01,0.0,zero,hard,8,0.11333837506193485,0.11333837506193485,0.1880645321532327,8.02850713227651,0.00089239184,953,476.5,5ef5c11-d91a027d8
0.03,0.05,2,0.01,0.25,zero,soft,1,0.03204936952762054,0.03204936952762054,0.12200659418646104,10.286379878571822,0.00011610375,953,476.5,5ef5c11-d91a027d8
0.03,0.02,2,0.02,0.0,zero,hard,6,0.05231957621261581,0.05231957621261581,0.05641814426491117,9.085100727137513,0.000112622154,2084,1042.0,5ef5c11-d91a027d8
0.3,0.05,2,0.01,0.0,zero,hard,8,0.1767502549803508,0.1767502549803508,0.3425577181533626,2.5338073762208078,0.00089239184,953,476.5,5ef5c11-d91a027d8
0.3,0.05,2,0.0,4.0,zero,soft,4,-0.00010977304044709171,-0.00010977304044709171,0.0006488709341432438,42.65622407585086,3.2716056e-5,953,476.5,5ef5c11-d91a027d8
0.03,0.02,2,0.0,4.0,zero,soft,2,-0.0034762214082036946,-0.0034762214082036946,0.007702626825668289,283.54492526935337,8.953138e-5,2084,1042.0,5ef5c11-d91a027d8
0.03,0.05,8,0.0,0.25,zero,soft,7,-0.016905517154532534,-0.016905517154532534,0.026888062693457792,183.14941025356504,0.000232274,2459,1229.5,5ef5c11-d91a027d8
0.3,0.05,2,0.01,0.25,zero,soft,1,0.5571982882043073,0.5571982882043073,0.7096895136014776,1.1196465814732797,0.00011610375,953,476.5,5ef5c11-d91a027d8
0.3,0.05,8,0.02,0.25,zero,hard,1,0.612240490009529,0.612240490009529,0.8697991848955098,1.1816288509804358,0.00032680426,2459,1229.5,5ef5c11-d91a027d8
0.003,0.05,2,0.02,0.0,zero,hard,8,-0.0794576739966308,-0.0794576739966308,0.0424505573377162,1.7852291768593826,0.00089239184,953,476.5,5ef5c11-d91a027d8
0.003,0.05,8,0.005,4.0,zero,hard,4,0.025387071289142225,0.025387071289142225,0.0687081074450716,279.8285296805749,1.708457e-5,2459,1229.5,5ef5c11-d91a027d8
0.003,0.05,2,0.005,4.0,zero,soft,4,-0.010612128776437805,0.02044851165268456,-0.010612128776437805,517.593998410641,3.2716056e-5,953,476.5,5ef5c11-d91a027d8
0.03,0.05,2,0.02,0.0,zero,hard,8,0.04794773491987042,0.04794773491987042,0.19791469494456862,7.45643717267945,0.00089239184,953,476.5,5ef5c11-d91a027d8
0.003,0.05,2,0.02,0.25,zero,soft,1,-0.06970100424973583,-0.03380331648939238,-0.06970100424973583,204.57734916282536,0.00011610375,953,476.5,5ef5c11-d91a027d8
0.3,0.02,2,0.02,0.0,zero,hard,6,0.14846834250326277,0.14846834250326277,0.17175449322282396,3.754488176736692,0.000112622154,2084,1042.0,5ef5c11-d91a027d8
0.03,0.05,2,0.005,4.0,zero,soft,4,0.012484012341682013,0.03352143466081657,0.012484012341682013,51.74472071027127,3.2716056e-5,953,476.5,5ef5c11-d91a027d8
0.3,0.05,2,0.02,0.0,zero,hard,8,0.10556627391101499,0.10556627391101499,0.179017930487588,3.603795842253616,0.00089239184,953,476.5,5ef5c11-d91a027d8
0.03,0.05,2,0.02,0.25,zero,soft,1,-0.003821053054177219,0.0012618211755271306,-0.003821053054177219,20.362515137748098,0.00011610375,953,476.5,5ef5c11-d91a027d8
0.3,0.02,2,0.0,4.0,zero,soft,2,-0.0034739768150074814,-0.0034739768150074814,0.007672439020578294,28.374917677776555,8.953138e-5,2084,1042.0,5ef5c11-d91a027d8
0.3,0.05,2,0.005,4.0,zero,soft,4,0.15582695316019893,0.15582695316019893,0.21671500606999738,5.2009551463888215,3.2716056e-5,953,476.5,5ef5c11-d91a027d8
0.3,0.05,2,0.02,0.25,zero,soft,1,0.3134937101383724,0.3134937101383724,0.5534670478871454,2.1005294786002997,0.00011610375,953,476.5,5ef5c11-d91a027d8
0.003,0.05,2,0.0,0.25,zero,hard,8,-0.013293611197962766,-0.013293611197962766,-0.012874567515262125,3469.2178953521397,0.00089239184,953,476.5,5ef5c11-d91a027d8
0.03,0.05,8,0.005,4.0,zero,hard,4,0.04886886236931259,0.04886886236931259,0.113993326993423,27.99053509695348,1.708457e-5,2459,1229.5,5ef5c11-d91a027d8
0.003,0.02,8,0.01,0.25,zero,soft,2,0.01584844998480177,0.01584844998480177,0.06789141952213297,33.98781075744275,8.953138e-5,5852,2926.0,5ef5c11-d91a027d8
0.003,0.02,2,0.0,0.25,zero,hard,6,-0.014285826951131123,-0.014285826951131123,-0.0016270031650873803,2170.034526305079,0.000112622154,2084,1042.0,5ef5c11-d91a027d8
0.3,0.05,8,0.0,0.25,zero,soft,7,-0.013627400883230252,-0.013627400883230252,0.038461118611517804,18.354886778322815,0.000232274,2459,1229.5,5ef5c11-d91a027d8
0.003,0.05,2,0.01,4.0,zero,soft,4,-0.008723830785784854,0.018809362399943543,-0.008723830785784854,1037.0616996901952,3.2716056e-5,953,476.5,5ef5c11-d91a027d8
0.003,0.05,2,0.0,1.0,zero,soft,1,-0.004426479819331333,-0.0026700478552088578,-0.004426479819331333,4312.242516166471,0.00011610375,953,476.5,5ef5c11-d91a027d8
0.003,0.05,8,0.0,1.0,zero,hard,1,-0.003059664246862961,-0.003059664246862961,0.005013155845634144,2239.739164343518,0.00032680426,2459,1229.5,5ef5c11-d91a027d8
0.03,0.05,2,0.0,0.25,zero,hard,8,-0.013176878934803356,-0.013176878934803356,-0.012556473130911149,346.9338354558776,0.00089239184,953,476.5,5ef5c11-d91a027d8
0.003,0.02,2,0.005,4.0,zero,soft,2,-0.0514218834469989,0.014045311079388102,-0.0514218834469989,363.78124785678483,8.953138e-5,2084,1042.0,5ef5c11-d91a027d8
0.03,0.02,8,0.0,4.0,zero,soft,5,-0.008458865350106558,-0.0007618960598734538,-0.008458865350106558,126.03048960000888,0.00077848433,5852,2926.0,5ef5c11-d91a027d8
0.03,0.05,2,0.01,4.0,zero,soft,4,0.0009986500970796891,0.024619075834279962,0.0009986500970796891,103.69704430866295,3.2716056e-5,953,476.5,5ef5c11-d91a027d8
0.03,0.05,2,0.0,1.0,zero,soft,1,-0.004438721648147712,-0.0026696203380797497,-0.004438721648147712,431.22760730076214,0.00011610375,953,476.5,5ef5c11-d91a027d8
0.3,0.05,2,0.0,0.25,zero,hard,8,-0.012013070200125223,-0.012013070200125223,-0.00938606710869505,34.71752073547299,0.00089239184,953,476.5,5ef5c11-d91a027d8
0.3,0.05,2,0.01,4.0,zero,soft,4,0.0827253622271729,0.0827253622271729,0.10153935338190388,10.381407227141494,3.2716056e-5,953,476.5,5ef5c11-d91a027d8
0.003,0.05,2,0.005,0.25,zero,hard,8,-0.0431172347508356,-0.0431172347508356,0.034908178772948814,42.727268575953346,0.00089239184,953,476.5,5ef5c11-d91a027d8
0.3,0.05,8,0.005,4.0,zero,hard,4,0.27888095211634584,0.27888095211634584,0.4770635317179497,2.8149027986107207,1.708457e-5,2459,1229.5,5ef5c11-d91a027d8
0.03,0.02,2,0.0,0.25,zero,hard,6,-0.014023198587995847,-0.014023198587995847,-0.0010352598412663473,217.01925132025633,0.000112622154,2084,1042.0,5ef5c11-d91a027d8
0.3,0.05,2,0.0,1.0,zero,soft,1,-0.004557776856769222,-0.0026653507117185594,-0.004557776856769222,43.13653218667866,0.00011610375,953,476.5,5ef5c11-d91a027d8
0.03,0.02,2,0.005,4.0,zero,soft,2,-0.01647705963834198,0.03570548812208747,-0.01647705963834198,36.39195455146337,8.953138e-5,2084,1042.0,5ef5c11-d91a027d8
0.003,0.05,8,0.005,0.25,zero,soft,7,0.03636016811635518,0.03636016811635518,0.1654439460161026,22.670311191485904,0.000232274,2459,1229.5,5ef5c11-d91a027d8
0.003,0.05,2,0.02,4.0,zero,soft,4,-0.013438084020841925,0.01175195774129023,-0.013438084020841925,2010.9920339536832,3.2716056e-5,953,476.5,5ef5c11-d91a027d8
0.03,0.05,2,0.005,0.25,zero,hard,8,0.0647117165261639,0.0647117165261639,0.2459012389978171,4.405439202611491,0.00089239184,953,476.5,5ef5c11-d91a027d8
0.003,0.05,2,0.005,1.0,zero,soft,1,-0.06895020447741719,-0.06736905641559528,-0.06895020447741719,142.56293176459215,0.00011610375,953,476.5,5ef5c11-d91a027d8
0.03,0.05,2,0.02,4.0,zero,soft,4,-0.008044107241629864,0.014234956508507604,-0.008044107241629864,201.03451164402716,3.2716056e-5,953,476.5,5ef5c11-d91a027d8
0.3,0.05,2,0.005,0.25,zero,hard,8,0.5715387196423156,0.5715387196423156,0.6883551981400261,0.8745202382354645,0.00089239184,953,476.5,5ef5c11-d91a027d8
0.03,0.05,8,0.0,1.0,zero,hard,1,-0.0030602442251628833,-0.0030602442251628833,0.004999196431752802,223.97908796815338,0.00032680426,2459,1229.5,5ef5c11-d91a027d8
0.03,0.05,2,0.005,1.0,zero,soft,1,-0.021364387753704913,-0.021364387753704913,0.026433185452721743,14.296566865726733,0.00011610375,953,476.5,5ef5c11-d91a027d8
0.3,0.05,2,0.02,4.0,zero,soft,4,0.0397852769247352,0.0397852769247352,0.04068798710018,20.108762614558128,3.2716056e-5,953,476.5,5ef5c11-d91a027d8
0.3,0.02,2,0.0,0.25,zero,hard,6,-0.011407645773465397,-0.011407645773465397,0.0047525615800430914,21.735838996457566,0.000112622154,2084,1042.0,5ef5c11-d91a027d8
0.003,0.05,2,0.01,0.25,zero,hard,8,-0.022384423959897957,-0.020735188125043897,-0.022384423959897957,86.05503603853003,0.00089239184,953,476.5,5ef5c11-d91a027d8
0.3,0.05,2,0.005,1.0,zero,soft,1,0.4179990354191424,0.4179990354191424,0.6885732333096308,1.491900274130612,0.00011610375,953,476.5,5ef5c11-d91a027d8
0.003,0.05,8,0.01,4.0,zero,hard,4,0.02120263128146932,0.02120263128146932,0.0671768876631992,552.3288060380212,1.708457e-5,2459,1229.5,5ef5c11-d91a027d8
0.003,0.05,2,0.0,0.0,zero,hard,5,0.4265614180650493,0.4265614180650493,0.8949173333136857,1.5996363145564216,0.00036867431,953,476.5,5ef5c11-d91a027d8
0.03,0.05,8,0.005,0.25,zero,soft,7,0.3132538137320804,0.3132538137320804,0.6576134374785493,2.2937973899922883,0.000232274,2459,1229.5,5ef5c11-d91a027d8
0.03,0.05,2,0.01,0.25,zero,hard,8,0.03625452418938693,0.03625452418938693,0.06935351721790922,8.67676739310802,0.00089239184,953,476.5,5ef5c11-d91a027d8
0.003,0.05,2,0.01,1.0,zero,soft,1,-0.0674677007179011,-0.0674677007179011,-0.05751132500151069,283.23111754301254,0.00011610375,953,476.5,5ef5c11-d91a027d8
0.03,0.05,2,0.0,0.0,zero,hard,5,0.9291385939219186,0.9291385939219186,0.9531408858124623,0.3806401607129579,0.00036867431,953,476.5,5ef5c11-d91a027d8
0.3,0.02,2,0.005,4.0,zero,soft,2,0.2528218986237726,0.2528218986237726,0.3360468468632341,3.6432015012170496,8.953138e-5,2084,1042.0,5ef5c11-d91a027d8
0.3,0.05,2,0.0,0.0,zero,hard,5,0.9517914670893676,0.9517914670893676,0.9549825016225525,0.332674968987267,0.00036867431,953,476.5,5ef5c11-d91a027d8
0.3,0.05,2,0.01,0.25,zero,hard,8,0.41841856313886594,0.41841856313886594,0.5894285314169909,1.1549989043364064,0.00089239184,953,476.5,5ef5c11-d91a027d8
0.03,0.02,8,0.01,0.25,zero,soft,2,0.2463838362610793,0.2463838362610793,0.42741020027339793,3.4213934189611512,8.953138e-5,5852,2926.0,5ef5c11-d91a027d8
0.03,0.05,2,0.01,1.0,zero,soft,1,-0.044450595938417506,-0.044450595938417506,-0.0032471218012553563,28.370224343736563,0.00011610375,953,476.5,5ef5c11-d91a027d8
0.003,0.02,2,0.005,0.25,zero,hard,6,0.032129535168909755,0.05732362605211384,0.032129535168909755,25.5741454359688,0.000112622154,2084,1042.0,5ef5c11-d91a027d8
0.003,0.05,2,0.005,0.0,zero,hard,5,-0.21885052200466346,0.02867461122991999,-0.21885052200466346,18.414419471355316,0.00036867431,953,476.5,5ef5c11-d91a027d8
0.003,0.05,2,0.02,0.25,zero,hard,8,-0.02351875694601165,0.008049769465564656,-0.02351875694601165,176.1163652392078,0.00089239184,953,476.5,5ef5c11-d91a027d8
0.3,0.05,2,0.01,1.0,zero,soft,1,0.19160988373771018,0.19160988373771018,0.46819124960199837,2.88903055643927,0.00011610375,953,476.5,5ef5c11-d91a027d8
0.3,0.05,8,0.0,1.0,zero,hard,1,-0.003065935519404881,-0.003065935519404881,0.004859585984595267,22.422817292672125,0.00032680426,2459,1229.5,5ef5c11-d91a027d8
0.003,0.02,2,0.01,4.0,zero,soft,2,-0.04801682817172394,0.008286812350203234,-0.04801682817172394,710.747680743477,8.953138e-5,2084,1042.0,5ef5c11-d91a027d8
0.03,0.05,2,0.005,0.0,zero,hard,5,0.204019079322035,0.204019079322035,0.29816251346204314,6.487862499358949,0.00036867431,953,476.5,5ef5c11-d91a027d8
0.3,0.05,8,0.005,0.25,zero,soft,7,0.8635204737875244,0.8635204737875244,0.946765831391064,0.5044407160255724,0.000232274,2459,1229.5,5ef5c11-d91a027d8
0.03,0.05,8,0.01,4.0,zero,hard,4,0.03316698533127444,0.03316698533127444,0.0887279192633019,55.2280658035568,1.708457e-5,2459,1229.5,5ef5c11-d91a027d8
0.03,0.05,2,0.02,0.25,zero,hard,8,0.025864568248218554,0.032682154627582796,0.025864568248218554,17.63527110062159,0.00089239184,953,476.5,5ef5c11-d91a027d8
0.003,0.05,2,0.02,1.0,zero,soft,1,-0.10139311434421294,-0.046504022628174824,-0.10139311434421294,565.3565730385021,0.00011610375,953,476.5,5ef5c11-d91a027d8
0.03,0.02,2,0.005,0.25,zero,hard,6,0.2975019734940533,0.2975019734940533,0.4321230928064549,2.6029928099397437,0.000112622154,2084,1042.0,5ef5c11-d91a027d8
0.3,0.05,2,0.005,0.0,zero,hard,5,0.4130155903145159,0.4130155903145159,0.652159742749063,1.7895970544455857,0.00036867431,953,476.5,5ef5c11-d91a027d8
0.03,0.05,2,0.02,1.0,zero,soft,1,-0.07700580673704016,-0.03343249333336307,-0.07700580673704016,56.549713714626314,0.00011610375,953,476.5,5ef5c11-d91a027d8
0.3,0.05,2,0.02,0.25,zero,hard,8,0.2629151122589451,0.2629151122589451,0.4238996084911657,1.92838995560508,0.00089239184,953,476.5,5ef5c11-d91a027d8
0.003,0.05,2,0.01,0.0,zero,hard,5,-6.834060544576005e-5,-6.834060544576005e-5,0.009789774894999477,16.017708031030764,0.00036867431,953,476.5,5ef5c11-d91a027d8
0.3,0.05,2,0.02,1.0,zero,soft,1,0.08687933332536128,0.08687933332536128,0.19995232600198182,5.685869470610848,0.00011610375,953,476.5,5ef5c11-d91a027d8
0.3,0.02,8,0.0,4.0,zero,soft,5,-0.008447108961135024,-0.0007683985850436397,-0.008447108961135024,12.642902332551069,0.00077848433,5852,2926.0,5ef5c11-d91a027d8
0.003,0.05,8,0.005,1.0,zero,hard,1,0.014435784151020863,0.014435784151020863,0.042165836942437585,75.1752050922555,0.00032680426,2459,1229.5,5ef5c11-d91a027d8
0.03,0.05,2,0.01,0.0,zero,hard,5,0.09801588297806153,0.09801588297806153,0.2790376423688222,7.351977245539675,0.00036867431,953,476.5,5ef5c11-d91a027d8
0.003,0.05,2,0.0,1.0,zero,hard,8,-0.006735763432548668,-0.00011508561222553067,-0.006735763432548668,3633.641420441104,0.00089239184,953,476.5,5ef5c11-d91a027d8
0.3,0.02,2,0.005,0.25,zero,hard,6,0.7979346153295965,0.7979346153295965,0.832886096730575,0.6140607620998705,0.000112622154,2084,1042.0,5ef5c11-d91a027d8
0.003,0.05,8,0.01,0.25,zero,soft,7,0.03997426749368681,0.03997426749368681,0.0877801187876794,44.67139849761003,0.000232274,2459,1229.5,5ef5c11-d91a027d8
0.3,0.05,8,0.01,4.0,zero,hard,4,0.1488076557609771,0.1488076557609771,0.2979567106189907,5.533857967358232,1.708457e-5,2459,1229.5,5ef5c11-d91a027d8
0.3,0.05,2,0.01,0.0,zero,hard,5,0.2621682748073605,0.2621682748073605,0.6854544289052178,2.4337644354115566,0.00036867431,953,476.5,5ef5c11-d91a027d8
0.003,0.05,2,0.0,4.0,zero,soft,1,-0.00010387552850320193,-0.00010387552850320193,0.005523983216275859,4275.585692437283,0.00011610375,953,476.5,5ef5c11-d91a027d8
0.03,0.05,2,0.0,1.0,zero,hard,8,-0.006728625059928533,-0.00011627775976213767,-0.006728625059928533,363.3672794924929,0.00089239184,953,476.5,5ef5c11-d91a027d8
0.003,0.05,2,0.02,0.0,zero,hard,5,0.006350684782487612,0.006350684782487612,0.02672070015103173,54.67141155543155,0.00036867431,953,476.5,5ef5c11-d91a027d8
0.03,0.02,2,0.01,4.0,zero,soft,2,-0.030958535684802422,0.019250431809102957,-0.030958535684802422,71.08862984153136,8.953138e-5,2084,1042.0,5ef5c11-d91a027d8
0.03,0.05,2,0.0,4.0,zero,soft,1,-0.00010359156124520559,-0.00010359156124520559,0.005521985222885447,427.5594300843088,0.00011610375,953,476.5,5ef5c11-d91a027d8
0.03,0.05,2,0.02,0.0,zero,hard,5,-0.023212796691366288,0.026961944798860264,-0.023212796691366288,11.699034617531536,0.00036867431,953,476.5,5ef5c11-d91a027d8
0.3,0.05,2,0.0,1.0,zero,hard,8,-0.006652705959660066,-0.00012673374878153314,-0.006652705959660066,36.35074065366878,0.00089239184,953,476.5,5ef5c11-d91a027d8
0.003,0.02,2,0.01,0.25,zero,hard,6,-0.014513579610719056,0.0501904831274863,-0.014513579610719056,56.39773365486633,0.000112622154,2084,1042.0,5ef5c11-d91a027d8
0.03,0.05,8,0.005,1.0,zero,hard,1,0.11807587856130146,0.11807587856130146,0.265268808055628,7.518779328987576,0.00032680426,2459,1229.5,5ef5c11-d91a027d8
0.3,0.05,2,0.0,4.0,zero,soft,1,-0.00010089266592131002,-0.00010089266592131002,0.005500657333708377,42.76706817732271,0.00011610375,953,476.5,5ef5c11-d91a027d8
0.3,0.02,8,0.01,0.25,zero,soft,2,0.8698054676231086,0.8698054676231086,0.915500637509445,0.5236285327941295,8.953138e-5,5852,2926.0,5ef5c11-d91a027d8
0.3,0.05,2,0.02,0.0,zero,hard,5,0.13863602273902362,0.13863602273902362,0.3338086158844168,3.8142672049741635,0.00036867431,953,476.5,5ef5c11-d91a027d8
0.03,0.05,8,0.01,0.25,zero,soft,7,0.1938401284414847,0.1938401284414847,0.43498906520576325,4.466856209455528,0.000232274,2459,1229.5,5ef5c11-d91a027d8
0.3,0.02,2,0.01,4.0,zero,soft,2,0.1278148960473905,0.1278148960473905,0.14178257656340482,7.106177060300665,8.953138e-5,2084,1042.0,5ef5c11-d91a027d8
0.003,0.05,2,0.005,4.0,zero,soft,1,-0.07135736667345122,-0.06200226528337515,-0.07135736667345122,544.6747186756079,0.00011610375,953,476.5,5ef5c11-d91a027d8
0.003,0.05,2,0.005,1.0,zero,hard,8,0.0018110863309622695,0.0018110863309622695,0.03633096217592876,119.05710480398199,0.00089239184,953,476.5,5ef5c11-d91a027d8
0.003,0.05,8,0.02,4.0,zero,hard,4,0.015050467060211244,0.015050467060211244,0.061891924196007246,1049.3734780950613,1.708457e-5,2459,1229.5,5ef5c11-d91a027d8
0.003,0.05,2,0.0,0.25,zero,hard,5,0.021259043313550528,0.021259043313550528,0.029389374442700143,3888.388771710762,0.00036867431,953,476.5,5ef5c11-d91a027d8
0.03,0.02,2,0.01,0.25,zero,hard,6,0.1555292246966118,0.1555292246966118,0.18740497827636038,5.6452113425817,0.000112622154,2084,1042.0,5ef5c11-d91a027d8
0.03,0.05,2,0.005,4.0,zero,soft,1,-0.05001348105869566,-0.05001348105869566,-0.04613647560567961,54.524974822730336,0.00011610375,953,476.5,5ef5c11-d91a027d8
0.03,0.05,2,0.005,1.0,zero,hard,8,0.04156634711177185,0.04156634711177185,0.11522221625743102,11.940480017609264,0.00089239184,953,476.5,5ef5c11-d91a027d8
0.03,0.05,2,0.0,0.25,zero,hard,5,0.021401204686962286,0.021401204686962286,0.029956931193692176,388.8227453812765,0.00036867431,953,476.5,5ef5c11-d91a027d8
0.3,0.05,2,0.005,4.0,zero,soft,1,0.07378321987178392,0.07378321987178392,0.22319113710335897,5.4945740546777335,0.00011610375,953,476.5,5ef5c11-d91a027d8
0.3,0.05,8,0.005,1.0,zero,hard,1,0.7452029805498689,0.7452029805498689,0.919951802976817,0.7866358129879182,0.00032680426,2459,1229.5,5ef5c11-d91a027d8
0.3,0.05,2,0.005,1.0,zero,hard,8,0.36826737643861723,0.36826737643861723,0.5825336708607539,1.3804695465245027,0.00089239184,953,476.5,5ef5c11-d91a027d8
0.003,0.02,2,0.02,4.0,zero,soft,2,-0.05154434495141436,0.007484714584039828,-0.05154434495141436,1342.9896951911073,8.953138e-5,2084,1042.0,5ef5c11-d91a027d8
0.3,0.05,8,0.01,0.25,zero,soft,7,0.8034731566183756,0.8034731566183756,0.906140584503713,0.62037700615479,0.000232274,2459,1229.5,5ef5c11-d91a027d8
0.3,0.05,2,0.0,0.25,zero,hard,5,0.022823299255402562,0.022823299255402562,0.035625320951953525,38.87798976377474,0.00036867431,953,476.5,5ef5c11-d91a027d8
0.003,0.05,2,0.01,4.0,zero,soft,1,-0.07208936713524286,-0.06189202119112742,-0.07208936713524286,1074.800673587511,0.00011610375,953,476.5,5ef5c11-d91a027d8
0.3,0.02,2,0.01,0.25,zero,hard,6,0.7067490974138557,0.7067490974138557,0.7816044125155791,0.7719621705032998,0.000112622154,2084,1042.0,5ef5c11-d91a027d8
0.003,0.05,2,0.01,1.0,zero,hard,8,0.005502190460895922,0.005502190460895922,0.008566501592366941,236.3989087998029,0.00089239184,953,476.5,5ef5c11-d91a027d8
0.003,0.02,8,0.005,4.0,zero,soft,5,-0.012338438250116067,-0.012338438250116067,-0.0026978528643175704,157.14678869484683,0.00077848433,5852,2926.0,5ef5c11-d91a027d8
0.03,0.05,8,0.02,4.0,zero,hard,4,0.020212302642600245,0.020212302642600245,0.07195889069729654,104.93893870179471,1.708457e-5,2459,1229.5,5ef5c11-d91a027d8
0.003,0.05,2,0.005,0.25,zero,hard,5,-0.003474172261092884,-0.003474172261092884,0.09841178218210023,49.1619128360321,0.00036867431,953,476.5,5ef5c11-d91a027d8
0.03,0.05,2,0.01,4.0,zero,soft,1,-0.06036356044893035,-0.05513439286611903,-0.06036356044893035,107.51879920681675,0.00011610375,953,476.5,5ef5c11-d91a027d8
0.03,0.05,2,0.01,1.0,zero,hard,8,0.028161444289852487,0.028161444289852487,0.04766115544475754,23.66433039358546,0.00089239184,953,476.5,5ef5c11-d91a027d8
0.03,0.05,2,0.005,0.25,zero,hard,5,0.14292477409164722,0.14292477409164722,0.39441981980247726,4.9254891324389485,0.00036867431,953,476.5,5ef5c11-d91a027d8
0.03,0.02,2,0.02,4.0,zero,soft,2,-0.0438568045655095,0.012489808387809262,-0.0438568045655095,134.2835778786052,8.953138e-5,2084,1042.0,5ef5c11-d91a027d8
0.3,0.05,2,0.01,4.0,zero,soft,1,0.006185313465266868,0.006185313465266868,0.06866752799410537,10.799900178830976,0.00011610375,953,476.5,5ef5c11-d91a027d8
0.3,0.05,2,0.01,1.0,zero,hard,8,0.20812223168532665,0.20812223168532665,0.39554759343916224,2.4460374466713506,0.00089239184,953,476.5,5ef5c11-d91a027d8
0.003,0.05,8,0.01,1.0,zero,hard,1,-0.0034394276676636506,-0.0034394276676636506,0.01441290599409745,145.27271800261332,0.00032680426,2459,1229.5,5ef5c11-d91a027d8
0.003,0.02,2,0.02,0.25,zero,hard,6,0.0450403710173759,0.050002433903417125,0.0450403710173759,104.3591884610311,0.000112622154,2084,1042.0,5ef5c11-d91a027d8
0.003,0.05,8,0.02,0.25,zero,soft,7,0.025690290510021033,0.025690290510021033,0.1087146065263344,89.54721165633171,0.000232274,2459,1229.5,5ef5c11-d91a027d8
0.3,0.05,2,0.005,0.25,zero,hard,5,0.7736244602765298,0.7736244602765298,0.9267983282634003,0.6729441656152042,0.00036867431,953,476.5,5ef5c11-d91a027d8
0.003,0.05,2,0.02,4.0,zero,soft,1,-0.06616481771647786,-0.04536589820260999,-0.06616481771647786,2042.5013010788582,0.00011610375,953,476.5,5ef5c11-d91a027d8
0.003,0.05,2,0.02,1.0,zero,hard,8,0.000703609974527842,0.000703609974527842,0.008629178914574858,465.06115205704754,0.00089239184,953,476.5,5ef5c11-d91a027d8
0.003,0.05,2,0.01,0.25,zero,hard,5,0.034576388952571896,0.034576388952571896,0.09888664041139089,98.70479052599198,0.00036867431,953,476.5,5ef5c11-d91a027d8
0.003,0.02,8,0.02,0.25,zero,soft,2,0.03163707281682441,0.039436931150915275,0.03163707281682441,68.71892626255875,8.953138e-5,5852,2926.0,5ef5c11-d91a027d8
0.3,0.05,8,0.02,4.0,zero,hard,4,0.0713113158129115,0.0713113158129115,0.1666426390111144,10.504045114847248,1.708457e-5,2459,1229.5,5ef5c11-d91a027d8
0.03,0.05,2,0.02,4.0,zero,soft,1,-0.060073131750682955,-0.042747837091122634,-0.060073131750682955,204.29424818763954,0.00011610375,953,476.5,5ef5c11-d91a027d8
0.3,0.02,2,0.02,4.0,zero,soft,2,0.03838122284226699,0.061547589370713515,0.03838122284226699,13.44753617452866,8.953138e-5,2084,1042.0,5ef5c11-d91a027d8
0.03,0.05,2,0.02,1.0,zero,hard,8,0.010873009421838794,0.010873009421838794,0.027163384741376702,46.54705739547841,0.00089239184,953,476.5,5ef5c11-d91a027d8
0.03,0.02,2,0.02,0.25,zero,hard,6,0.11293566680995364,0.11293566680995364,0.1530092539704656,10.417586090814426,0.000112622154,2084,1042.0,5ef5c11-d91a027d8
0.03,0.05,2,0.01,0.25,zero,hard,5,0.10134331774725691,0.10134331774725691,0.2883025241696038,9.85023951067912,0.00036867431,953,476.5,5ef5c11-d91a027d8
0.3,0.05,2,0.02,4.0,zero,soft,1,-0.017228240739517252,-0.017228240739517252,-0.0004710425868210881,20.44707852689667,0.00011610375,953,476.5,5ef5c11-d91a027d8
0.3,0.05,2,0.02,1.0,zero,hard,8,0.11024221778144028,0.11024221778144028,0.21162629994198123,4.70641873671213,0.00089239184,953,476.5,5ef5c11-d91a027d8
0.003,0.02,2,0.0,0.0,zero,hard,3,0.9579522019562615,0.9579522019562615,0.9913526829696182,0.2883014576985829,3.956093e-5,2084,1042.0,5ef5c11-d91a027d8
0.003,0.05,8,0.0,0.0,zero,soft,4,0.11672863470350718,0.11672863470350718,0.3692696883168121,7.469628615629999,3.2716056e-5,2459,1229.5,5ef5c11-d91a027d8
0.3,0.05,2,0.01,0.25,zero,hard,5,0.5964037852139586,0.5964037852139586,0.8900189199064199,1.0884835291399892,0.00036867431,953,476.5,5ef5c11-d91a027d8
0.003,0.05,2,0.0,0.0,zero,hard,2,0.42931684106661616,0.42931684106661616,0.8291090759604767,1.6441729699410466,9.048635e-6,953,476.5,5ef5c11-d91a027d8
0.03,0.05,8,0.02,0.25,zero,soft,7,0.10207379487969327,0.10207379487969327,0.25170146455665127,8.93770681817026,0.000232274,2459,1229.5,5ef5c11-d91a027d8
0.03,0.05,8,0.01,1.0,zero,hard,1,0.05127462932270189,0.05127462932270189,0.13279342770419164,14.539475820945066,0.00032680426,2459,1229.5,5ef5c11-d91a027d8
0.003,0.05,2,0.0,4.0,zero,hard,8,0.0007650018653016004,0.0007650018653016004,0.0028991151130069227,3666.532628778028,0.00089239184,953,476.5,5ef5c11-d91a027d8
0.03,0.05,2,0.0,0.0,zero,hard,2,0.9170763308217615,0.9170763308217615,0.9434533800199852,0.4056432656233571,9.048635e-6,953,476.5,5ef5c11-d91a027d8
0.003,0.05,2,0.02,0.25,zero,hard,5,-0.02916927740434532,-0.02916927740434532,0.005158651737439143,192.21876881367956,0.00036867431,953,476.5,5ef5c11-d91a027d8
0.03,0.02,2,0.0,0.0,zero,hard,3,0.9946789715933606,0.9946789715933606,0.9954545208176148,0.11072070861773343,3.956093e-5,2084,1042.0,5ef5c11-d91a027d8
0.3,0.02,2,0.02,0.25,zero,hard,6,0.5535302743319195,0.5535302743319195,0.657439008977299,1.1642871992188408,0.000112622154,2084,1042.0,5ef5c11-d91a027d8
0.3,0.05,2,0.0,0.0,zero,hard,2,0.9338095189891105,0.9338095189891105,0.9443665587035937,0.3734336543231834,9.048635e-6,953,476.5,5ef5c11-d91a027d8
0.03,0.05,8,0.0,0.0,zero,soft,4,0.6811032820498831,0.6811032820498831,0.7839937277298968,0.8448382110032833,3.2716056e-5,2459,1229.5,5ef5c11-d91a027d8
0.03,0.05,2,0.0,4.0,zero,hard,8,0.0007638432451415043,0.0007638432451415043,0.0028990263011652367,366.6536391028765,0.00089239184,953,476.5,5ef5c11-d91a027d8
0.03,0.05,2,0.02,0.25,zero,hard,5,0.007375075133341011,0.007375075133341011,0.11688743172641468,19.244212347936262,0.00036867431,953,476.5,5ef5c11-d91a027d8
0.003,0.05,2,0.005,0.0,zero,hard,2,0.031106069452950053,0.031106069452950053,0.04696508379001182,18.604591291622224,9.048635e-6,953,476.5,5ef5c11-d91a027d8
0.03,0.02,8,0.005,4.0,zero,soft,5,0.03685430812673984,0.03685430812673984,0.11160767242924861,15.70771387100381,0.00077848433,5852,2926.0,5ef5c11-d91a027d8
0.3,0.02,2,0.0,0.0,zero,hard,3,0.9951250962496633,0.9951250962496633,0.9952641679849918,0.10618452179492094,3.956093e-5,2084,1042.0,5ef5c11-d91a027d8
0.3,0.05,2,0.02,0.25,zero,hard,5,0.33847000733455285,0.33847000733455285,0.7073505777041219,2.0076290019342666,0.00036867431,953,476.5,5ef5c11-d91a027d8
0.3,0.05,2,0.0,4.0,zero,hard,8,0.0007522244835940764,0.0007522244835940764,0.00290113506818113,36.677544197049016,0.00089239184,953,476.5,5ef5c11-d91a027d8
0.03,0.05,2,0.005,0.0,zero,hard,2,0.11246363917165762,0.11246363917165762,0.19434974442390415,6.687425007257656,9.048635e-6,953,476.5,5ef5c11-d91a027d8
0.3,0.05,8,0.0,0.0,zero,soft,4,0.7943281374370134,0.9069412228862689,0.7943281374370134,0.43170444223271637,3.2716056e-5,2459,1229.5,5ef5c11-d91a027d8
0.3,0.05,8,0.02,0.25,zero,soft,7,0.6134087279245457,0.6134087279245457,0.8172766475720408,0.9924917974099874,0.000232274,2459,1229.5,5ef5c11-d91a027d8
0.3,0.05,2,0.005,0.0,zero,hard,2,0.3631935202489424,0.3631935202489424,0.5275302354067185,1.986381806376571,9.048635e-6,953,476.5,5ef5c11-d91a027d8
0.003,0.02,2,0.0,1.0,zero,hard,6,-0.0009174994713247522,-0.0009174994713247522,0.004886691806421461,2270.2644327180315,0.000112622154,2084,1042.0,5ef5c11-d91a027d8
0.003,0.05,2,0.005,4.0,zero,hard,8,-0.0155554657476729,-0.0155554657476729,0.004288740955370814,455.1347558109223,0.00089239184,953,476.5,5ef5c11-d91a027d8
0.003,0.05,2,0.0,1.0,zero,hard,5,0.0006892140040142293,0.0006892140040142293,0.006275147891439452,4105.603544383965,0.00036867431,953,476.5,5ef5c11-d91a027d8
0.003,0.02,2,0.005,0.0,zero,hard,3,0.05233270801645744,0.10747694329771505,0.05233270801645744,26.508510893638093,3.956093e-5,2084,1042.0,5ef5c11-d91a027d8
0.3,0.05,8,0.01,1.0,zero,hard,1,0.5077631535193433,0.5077631535193433,0.781069866609513,1.4716656303187492,0.00032680426,2459,1229.5,5ef5c11-d91a027d8
0.003,0.05,2,0.01,0.0,zero,hard,2,0.05007040442401023,0.05007040442401023,0.07383928719012538,18.406385124538367,9.048635e-6,953,476.5,5ef5c11-d91a027d8
0.03,0.05,2,0.005,4.0,zero,hard,8,-0.005370344527471545,-0.005370344527471545,0.02527243073822961,45.506366774732946,0.00089239184,953,476.5,5ef5c11-d91a027d8
0.03,0.05,2,0.0,1.0,zero,hard,5,0.0006893644820789812,0.0006893644820789812,0.006270171849158354,410.5618561073087,0.00036867431,953,476.5,5ef5c11-d91a027d8
0.003,0.05,8,0.005,0.0,zero,soft,4,0.03226606007395266,0.03226606007395266,0.055626543543134295,27.18081713408325,3.2716056e-5,2459,1229.5,5ef5c11-d91a027d8
0.03,0.05,2,0.01,0.0,zero,hard,2,0.04479065881751088,0.04479065881751088,0.11449032367409337,8.815037842756265,9.048635e-6,953,476.5,5ef5c11-d91a027d8
0.03,0.02,8,0.02,0.25,zero,soft,2,0.15364109737830103,0.15364109737830103,0.22467956260474642,6.885225467094528,8.953138e-5,5852,2926.0,5ef5c11-d91a027d8
0.3,0.05,2,0.005,4.0,zero,hard,8,0.09559817144969669,0.09559817144969669,0.21937991008051577,4.6045823563040855,0.00089239184,953,476.5,5ef5c11-d91a027d8
0.03,0.02,2,0.005,0.0,zero,hard,3,0.16172602616333345,0.16394143600065164,0.16172602616333345,7.302393046638454,3.956093e-5,2084,1042.0,5ef5c11-d91a027d8
0.3,0.05,2,0.0,1.0,zero,hard,5,0.000691045444430714,0.000691045444430714,0.006219801156814002,41.06738772628591,0.00036867431,953,476.5,5ef5c11-d91a027d8
0.3,0.05,2,0.01,0.0,zero,hard,2,0.22812642204837577,0.22812642204837577,0.3903566340157282,2.854244721097866,9.048635e-6,953,476.5,5ef5c11-d91a027d8
0.03,0.02,2,0.0,1.0,zero,hard,6,-0.0009188229522347856,-0.0009188229522347856,0.004875418942345333,227.03022314523827,0.000112622154,2084,1042.0,5ef5c11-d91a027d8
0.003,0.05,8,0.0,1.0,zero,soft,7,-0.012388913701833527,0.00199756770261167,-0.012388913701833527,1898.246931821413,0.000232274,2459,1229.5,5ef5c11-d91a027d8
0.003,0.05,2,0.02,0.0,zero,hard,2,-0.002173413715486232,0.0006688170750383727,-0.002173413715486232,1.9135826546293024,9.048635e-6,953,476.5,5ef5c11-d91a027d8
0.003,0.05,2,0.005,1.0,zero,hard,5,0.02728651105117077,0.02728651105117077,0.09496880085141247,135.18953727717417,0.00036867431,953,476.5,5ef5c11-d91a027d8
0.003,0.05,2,0.01,4.0,zero,hard,8,-0.012751384062428506,-0.012751384062428506,-0.0007299859444551547,893.3379724608563,0.00089239184,953,476.5,5ef5c11-d91a027d8
0.003,0.05,8,0.02,1.0,zero,hard,1,0.014350124893351808,0.015260366378513749,0.014350124893351808,299.3566108799033,0.00032680426,2459,1229.5,5ef5c11-d91a027d8
0.03,0.05,8,0.005,0.0,zero,soft,4,0.07058378103833383,0.07058378103833383,0.13736630721509524,5.986849189258045,3.2716056e-5,2459,1229.5,5ef5c11-d91a027d8
0.3,0.02,2,0.005,0.0,zero,hard,3,0.4365927306255106,0.4365927306255106,0.7093753651154955,2.022230612024484,3.956093e-5,2084,1042.0,5ef5c11-d91a027d8
0.03,0.05,2,0.02,0.0,zero,hard,2,0.09338478450744743,0.09338478450744743,0.1012492117447178,9.171244140164726,9.048635e-6,953,476.5,5ef5c11-d91a027d8
0.03,0.05,2,0.005,1.0,zero,hard,5,0.07821899194130971,0.07821899194130971,0.22209720108934963,13.519205322307755,0.00036867431,953,476.5,5ef5c11-d91a027d8
0.3,0.05,2,0.02,0.0,zero,hard,2,0.26526622815038403,0.26526622815038403,0.3183631180693048,3.6308197397010638,9.048635e-6,953,476.5,5ef5c11-d91a027d8
0.3,0.05,2,0.005,1.0,zero,hard,5,0.4966035220076852,0.4966035220076852,0.8311918706479267,1.3985827912489477,0.00036867431,953,476.5,5ef5c11-d91a027d8
0.3,0.02,2,0.0,1.0,zero,hard,6,-0.0009307811935337047,-0.0009307811935337047,0.004733887514438923,22.72531397045625,0.000112622154,2084,1042.0,5ef5c11-d91a027d8
0.03,0.05,2,0.01,4.0,zero,hard,8,-0.007446859394574279,-0.007446859394574279,0.007583725096729924,89.35368174897695,0.00089239184,953,476.5,5ef5c11-d91a027d8
0.003,0.02,2,0.01,0.0,zero,hard,3,0.0027229090862623123,0.0027229090862623123,0.11516514045240736,7.783424329535756,3.956093e-5,2084,1042.0,5ef5c11-d91a027d8
0.3,0.02,8,0.005,4.0,zero,soft,5,0.4722747796577469,0.4722747796577469,0.779359356140659,1.5809062833449652,0.00077848433,5852,2926.0,5ef5c11-d91a027d8
0.003,0.05,2,0.0,0.25,zero,hard,2,-0.001252025533293933,-0.001252025533293933,0.02509568086970382,4104.391121682607,9.048635e-6,953,476.5,5ef5c11-d91a027d8
0.003,0.05,2,0.01,1.0,zero,hard,5,0.009912500867333416,0.009912500867333416,0.07043268993637325,276.6402347628656,0.00036867431,953,476.5,5ef5c11-d91a027d8
0.3,0.05,8,0.005,0.0,zero,soft,4,0.3770967022055362,0.3770967022055362,0.5918768619388296,1.819553742918964,3.2716056e-5,2459,1229.5,5ef5c11-d91a027d8
0.3,0.05,2,0.01,4.0,zero,hard,8,0.04052453302621939,0.04052453302621939,0.10686027943218501,8.969833498865567,0.00089239184,953,476.5,5ef5c11-d91a027d8
0.03,0.05,8,0.0,1.0,zero,soft,7,-0.012390821104205618,0.001997490036247043,-0.012390821104205618,189.82543606008645,0.000232274,2459,1229.5,5ef5c11-d91a027d8
0.03,0.05,8,0.02,1.0,zero,hard,1,0.04182580582721278,0.04182580582721278,0.066744707684173,29.92249150260612,0.00032680426,2459,1229.5,5ef5c11-d91a027d8
0.03,0.05,2,0.0,0.25,zero,hard,2,-0.0011068652256361964,-0.0011068652256361964,0.025442897325368155,410.4427639798785,9.048635e-6,953,476.5,5ef5c11-d91a027d8
0.03,0.05,2,0.01,1.0,zero,hard,5,0.03556623645436281,0.03556623645436281,0.12897527577023085,27.65759585013192,0.00036867431,953,476.5,5ef5c11-d91a027d8
0.003,0.02,2,0.005,1.0,zero,hard,6,-0.02798322436354093,0.029169782145848897,-0.02798322436354093,74.78779815742773,0.000112622154,2084,1042.0,5ef5c11-d91a027d8
0.003,0.05,2,0.02,4.0,zero,hard,8,-0.014404421594461122,-0.014404421594461122,-0.005518740696363236,1702.6659608909936,0.00089239184,953,476.5,5ef5c11-d91a027d8
0.03,0.02,2,0.01,0.0,zero,hard,3,0.1214869376195916,0.1214869376195916,0.1946195687966503,10.392445083760052,3.956093e-5,2084,1042.0,5ef5c11-d91a027d8
0.3,0.05,2,0.01,1.0,zero,hard,5,0.2745869756347083,0.2745869756347083,0.6266301301059014,2.7946836123182783,0.00036867431,953,476.5,5ef5c11-d91a027d8
0.3,0.05,2,0.0,0.25,zero,hard,2,0.00034391199313841685,0.00034391199313841685,0.028918846799313867,41.058097381023536,9.048635e-6,953,476.5,5ef5c11-d91a027d8
0.03,0.05,2,0.02,4.0,zero,hard,8,-0.01210642001504121,-0.01210642001504121,-0.0011817189060114232,170.2448858868548,0.00089239184,953,476.5,5ef5c11-d91a027d8
0.003,0.05,8,0.01,0.0,zero,soft,4,0.023994896813036026,0.023994896813036026,0.026952910538653976,29.567002238826134,3.2716056e-5,2459,1229.5,5ef5c11-d91a027d8
0.3,0.02,8,0.02,0.25,zero,soft,2,0.7591277817056472,0.7591277817056472,0.8335312298274787,0.7987600748333676,8.953138e-5,5852,2926.0,5ef5c11-d91a027d8
0.003,0.05,2,0.02,1.0,zero,hard,5,0.013044622662608524,0.013044622662608524,0.09941392522802339,551.7943748529614,0.00036867431,953,476.5,5ef5c11-d91a027d8
0.003,0.05,2,0.005,0.25,zero,hard,2,0.0024246596323327318,0.008548323082992467,0.0024246596323327318,53.02708988699626,9.048635e-6,953,476.5,5ef5c11-d91a027d8
0.3,0.02,2,0.01,0.0,zero,hard,3,0.24636318962045461,0.24636318962045461,0.4367010150316149,3.0676509843827167,3.956093e-5,2084,1042.0,5ef5c11-d91a027d8
0.3,0.05,2,0.02,4.0,zero,hard,8,0.009613975176209206,0.009613975176209206,0.04210641020404753,17.042586442370734,0.00089239184,953,476.5,5ef5c11-d91a027d8
0.03,0.02,2,0.005,1.0,zero,hard,6,0.11539146261212606,0.11539146261212606,0.12596395736758803,7.4784776432434965,0.000112622154,2084,1042.0,5ef5c11-d91a027d8
0.03,0.05,2,0.005,0.25,zero,hard,2,0.13765242379016382,0.13765242379016382,0.23152347246527052,5.310015939382373,9.048635e-6,953,476.5,5ef5c11-d91a027d8
0.03,0.05,2,0.02,1.0,zero,hard,5,0.027691821713306183,0.027691821713306183,0.12150450510148945,55.21536231211968,0.00036867431,953,476.5,5ef5c11-d91a027d8
0.003,0.05,2,0.0,0.0,zero,soft,8,0.34417393715030026,0.34417393715030026,0.7883058198430191,1.6336590755421094,7.821367e-5,953,476.5,5ef5c11-d91a027d8
0.3,0.05,8,0.0,1.0,zero,soft,7,-0.012406427216082098,0.0019970914821026376,-0.012406427216082098,19.006998725472673,0.000232274,2459,1229.5,5ef5c11-d91a027d8
0.03,0.05,2,0.0,0.0,zero,soft,8,0.8540581242435837,0.8732319405199429,0.8540581242435837,0.49571023433270256,7.821367e-5,953,476.5,5ef5c11-d91a027d8
0.3,0.05,2,0.02,1.0,zero,hard,5,0.15258990488348198,0.15258990488348198,0.43172200173400127,5.545977031090467,0.00036867431,953,476.5,5ef5c11-d91a027d8
0.3,0.05,2,0.005,0.25,zero,hard,2,0.7669331885318431,0.7669331885318431,0.8391856848755771,0.6917667866224292,9.048635e-6,953,476.5,5ef5c11-d91a027d8
0.03,0.05,8,0.01,0.0,zero,soft,4,0.07482650052121714,0.07482650052121714,0.08916302491983179,10.252400241319599,3.2716056e-5,2459,1229.5,5ef5c11-d91a027d8
0.3,0.05,2,0.0,0.0,zero,soft,8,0.856746373484547,0.9014161082352701,0.856746373484547,0.4522972622184473,7.821367e-5,953,476.5,5ef5c11-d91a027d8
0.3,0.05,8,0.02,1.0,zero,hard,1,0.28846324777351634,0.28846324777351634,0.5351917551964472,2.98408250903235,0.00032680426,2459,1229.5,5ef5c11-d91a027d8
0.003,0.02,2,0.02,0.0,zero,hard,3,0.03672764170568123,0.03672764170568123,0.05123305745280406,76.92330974750885,3.956093e-5,2084,1042.0,5ef5c11-d91a027d8
0.3,0.02,2,0.005,1.0,zero,hard,6,0.6649032167178606,0.6649032167178606,0.7671400549904291,0.8673661262764017,0.000112622154,2084,1042.0,5ef5c11-d91a027d8
0.003,0.05,2,0.01,0.25,zero,hard,2,0.0028541168077411937,0.0028541168077411937,0.0734415391800349,105.00146423051913,9.048635e-6,953,476.5,5ef5c11-d91a027d8
0.003,0.05,2,0.005,0.0,zero,soft,8,0.1243799702550659,0.1243799702550659,0.2441707933058185,23.134024014588014,7.821367e-5,953,476.5,5ef5c11-d91a027d8
0.003,0.05,2,0.0,4.0,zero,hard,5,-0.012784243437538355,0.0005945531807602559,-0.012784243437538355,4051.100099514319,0.00036867431,953,476.5,5ef5c11-d91a027d8
0.03,0.05,2,0.005,0.0,zero,soft,8,0.13654377126666536,0.13654377126666536,0.19540000809982916,5.943290504167021,7.821367e-5,953,476.5,5ef5c11-d91a027d8
0.03,0.05,2,0.01,0.25,zero,hard,2,0.061379578772148016,0.061379578772148016,0.1836181590870905,10.504831961581505,9.048635e-6,953,476.5,5ef5c11-d91a027d8
0.03,0.05,2,0.0,4.0,zero,hard,5,-0.012790992228453608,0.0005953733029785743,-0.012790992228453608,405.11206173667836,0.00036867431,953,476.5,5ef5c11-d91a027d8
0.03,0.02,2,0.02,0.0,zero,hard,3,0.06028947785722497,0.11758031271699776,0.06028947785722497,15.09291422699057,3.956093e-5,2084,1042.0,5ef5c11-d91a027d8
0.003,0.02,8,0.01,4.0,zero,soft,5,-0.004007200493514204,-0.004007200493514204,-0.0030600681744962907,307.554791430683,0.00077848433,5852,2926.0,5ef5c11-d91a027d8
0.003,0.05,8,0.005,1.0,zero,soft,7,0.012222991965081278,0.012222991965081278,0.1111993237347065,63.05004482751045,0.000232274,2459,1229.5,5ef5c11-d91a027d8
0.3,0.05,8,0.01,0.0,zero,soft,4,0.243924730548544,0.243924730548544,0.2813338786959544,2.8670637094714344,3.2716056e-5,2459,1229.5,5ef5c11-d91a027d8
0.3,0.05,2,0.005,0.0,zero,soft,8,0.3570529420179934,0.3570529420179934,0.5823750365205737,1.7892917143366012,7.821367e-5,953,476.5,5ef5c11-d91a027d8
0.3,0.05,2,0.01,0.25,zero,hard,2,0.5459757802192015,0.5459757802192015,0.7610883293271795,1.17165036602386,9.048635e-6,953,476.5,5ef5c11-d91a027d8
0.003,0.02,2,0.01,1.0,zero,hard,6,-0.008204123885981473,0.03810489612182952,-0.008204123885981473,146.4891098186763,0.000112622154,2084,1042.0,5ef5c11-d91a027d8
0.3,0.05,2,0.0,4.0,zero,hard,5,-0.012857993785992174,0.0006036726631475334,-0.012857993785992174,40.52272609291593,0.00036867431,953,476.5,5ef5c11-d91a027d8
0.003,0.05,2,0.01,0.0,zero,soft,8,-0.07115326941948705,0.02872164911360254,-0.07115326941948705,31.761120590066113,7.821367e-5,953,476.5,5ef5c11-d91a027d8
0.003,0.05,2,0.02,0.25,zero,hard,2,0.01935971195528121,0.01935971195528121,0.029156944931592134,204.2617758117967,9.048635e-6,953,476.5,5ef5c11-d91a027d8
0.3,0.02,2,0.02,0.0,zero,hard,3,0.24168148400470163,0.24168148400470163,0.27141191897639766,4.1075667767658945,3.956093e-5,2084,1042.0,5ef5c11-d91a027d8
0.03,0.05,2,0.01,0.0,zero,soft,8,0.04233224020329094,0.04233224020329094,0.15277913187538703,7.5782129049007665,7.821367e-5,953,476.5,5ef5c11-d91a027d8
0.003,0.05,8,0.0,4.0,zero,hard,1,-0.0031478053708584985,-0.0031478053708584985,-0.00021904272780788063,2241.0077063432177,0.00032680426,2459,1229.5,5ef5c11-d91a027d8
0.003,0.05,2,0.005,4.0,zero,hard,5,0.01390227346773885,0.01390227346773885,0.0824853996538483,526.077997370827,0.00036867431,953,476.5,5ef5c11-d91a027d8
0.03,0.05,2,0.02,0.25,zero,hard,2,0.05377735264954119,0.05377735264954119,0.10836464396915213,20.50274583705646,9.048635e-6,953,476.5,5ef5c11-d91a027d8
0.3,0.05,2,0.01,0.0,zero,soft,8,0.23222176372980347,0.23222176372980347,0.47886384465047405,2.7132278621291923,7.821367e-5,953,476.5,5ef5c11-d91a027d8
0.003,0.05,8,0.02,0.0,zero,soft,4,0.011073023457286462,0.02545281407850556,0.011073023457286462,88.08386726072217,3.2716056e-5,2459,1229.5,5ef5c11-d91a027d8
0.03,0.02,2,0.01,1.0,zero,hard,6,0.06805368053908278,0.08287230029980665,0.06805368053908278,14.649816986687314,0.000112622154,2084,1042.0,5ef5c11-d91a027d8
0.03,0.05,2,0.005,4.0,zero,hard,5,0.026959576324926265,0.026959576324926265,0.1151773797099935,52.641245323400156,0.00036867431,953,476.5,5ef5c11-d91a027d8
0.03,0.05,8,0.005,1.0,zero,soft,7,0.11728827771363491,0.11728827771363491,0.36516758755788237,6.316150842606453,0.000232274,2459,1229.5,5ef5c11-d91a027d8
0.003,0.05,2,0.02,0.0,zero,soft,8,0.025306534311388747,0.025306534311388747,0.16693473258582772,45.852384703032314,7.821367e-5,953,476.5,5ef5c11-d91a027d8
0.3,0.05,2,0.02,0.25,zero,hard,2,0.3764464776624446,0.3764464776624446,0.5488557744819441,2.0835913260177317,9.048635e-6,953,476.5,5ef5c11-d91a027d8
0.3,0.05,2,0.005,4.0,zero,hard,5,0.15588398631724995,0.15588398631724995,0.41932671102636127,5.285174148439695,0.00036867431,953,476.5,5ef5c11-d91a027d8
0.03,0.05,2,0.02,0.0,zero,soft,8,0.03512157145726645,0.03512157145726645,0.21044826289365207,9.567266667923512,7.821367e-5,953,476.5,5ef5c11-d91a027d8
0.003,0.02,2,0.0,0.25,zero,hard,3,0.004533859579826884,0.004533859579826884,0.007247780561308176,2706.2376299627736,3.956093e-5,2084,1042.0,5ef5c11-d91a027d8
0.003,0.05,2,0.0,1.0,zero,hard,2,-0.004906866675987593,-0.0016653603414477282,-0.004906866675987593,4318.276229553731,9.048635e-6,953,476.5,5ef5c11-d91a027d8
0.003,0.05,2,0.01,4.0,zero,hard,5,0.011508906404624633,0.011508906404624633,0.07101516199733839,1031.8856946278918,0.00036867431,953,476.5,5ef5c11-d91a027d8
0.003,0.02,8,0.0,1.0,zero,soft,2,-0.002495289967062186,-0.0004220872751799979,-0.002495289967062186,1431.083558648449,8.953138e-5,5852,2926.0,5ef5c11-d91a027d8
0.3,0.05,2,0.02,0.0,zero,soft,8,0.1670537613516484,0.1670537613516484,0.34640326217212525,4.066123897000319,7.821367e-5,953,476.5,5ef5c11-d91a027d8
0.3,0.02,2,0.01,1.0,zero,hard,6,0.45158006107207815,0.45158006107207815,0.603522206517525,1.5222375427508799,0.000112622154,2084,1042.0,5ef5c11-d91a027d8
0.03,0.05,8,0.02,0.0,zero,soft,4,0.07840699911285928,0.07840699911285928,0.25226571648412366,15.466814853985621,3.2716056e-5,2459,1229.5,5ef5c11-d91a027d8
0.03,0.05,2,0.0,1.0,zero,hard,2,-0.004907791670314294,-0.001664198687522198,-0.004907791670314294,431.8281435159925,9.048635e-6,953,476.5,5ef5c11-d91a027d8
0.03,0.05,2,0.01,4.0,zero,hard,5,0.017549062228676766,0.017549062228676766,0.0842586524491721,103.17904836150532,0.00036867431,953,476.5,5ef5c11-d91a027d8
0.03,0.05,8,0.0,4.0,zero,hard,1,-0.0031474402964067304,-0.0031474402964067304,-0.00021710281229094455,224.1076182040385,0.00032680426,2459,1229.5,5ef5c11-d91a027d8
0.3,0.05,8,0.005,1.0,zero,soft,7,0.7330934266201572,0.7330934266201572,0.909906049604406,0.7357116402394133,0.000232274,2459,1229.5,5ef5c11-d91a027d8
0.003,0.05,2,0.0,0.25,zero,soft,8,-0.019513282285294135,-0.013181837853377024,-0.019513282285294135,3904.6680293146387,7.821367e-5,953,476.5,5ef5c11-d91a027d8
0.3,0.05,2,0.01,4.0,zero,hard,5,0.08214476333228773,0.08214476333228773,0.2532262075802083,10.343496164384202,0.00036867431,953,476.5,5ef5c11-d91a027d8
0.3,0.05,2,0.0,1.0,zero,hard,2,-0.004913802018113267,-0.0016526794373152665,-0.004913802018113267,43.19566174824925,9.048635e-6,953,476.5,5ef5c11-d91a027d8
0.03,0.02,2,0.0,0.25,zero,hard,3,0.004797320553665855,0.004797320553665855,0.007879780844444068,270.62259754603076,3.956093e-5,2084,1042.0,5ef5c11-d91a027d8
0.03,0.05,2,0.0,0.25,zero,soft,8,-0.019131049246608238,-0.013047186811452102,-0.019131049246608238,390.47899518861925,7.821367e-5,953,476.5,5ef5c11-d91a027d8
0.003,0.02,2,0.02,1.0,zero,hard,6,-0.05618942340761955,0.03712651426981898,-0.05618942340761955,293.4400072999058,0.000112622154,2084,1042.0,5ef5c11-d91a027d8
0.03,0.02,8,0.01,4.0,zero,soft,5,0.020879648807928173,0.020879648807928173,0.05339337378665901,30.7477072971677,0.00077848433,5852,2926.0,5ef5c11-d91a027d8
0.003,0.05,2,0.02,4.0,zero,hard,5,0.015807907915740518,0.015807907915740518,0.06248078238552509,1948.6333786319715,0.00036867431,953,476.5,5ef5c11-d91a027d8
0.003,0.05,2,0.005,1.0,zero,hard,2,0.04123812412416405,0.04123812412416405,0.04237470719243115,143.20151374160147,9.048635e-6,953,476.5,5ef5c11-d91a027d8
0.3,0.05,8,0.02,0.0,zero,soft,4,0.11766634536611176,0.11766634536611176,0.33633912707085095,3.821694561874769,3.2716056e-5,2459,1229.5,5ef5c11-d91a027d8
0.03,0.05,2,0.02,4.0,zero,hard,5,0.018650995751794446,0.018650995751794446,0.06888162507962002,194.90354095961965,0.00036867431,953,476.5,5ef5c11-d91a027d8
0.03,0.05,2,0.005,1.0,zero,hard,2,0.08864053649860255,0.08864053649860255,0.13133418071666286,14.297719943833945,9.048635e-6,953,476.5,5ef5c11-d91a027d8
0.3,0.05,2,0.0,0.25,zero,soft,8,-0.015311517019412949,-0.011696681151026476,-0.015311517019412949,39.06897386204223,7.821367e-5,953,476.5,5ef5c11-d91a027d8
0.003,0.05,8,0.01,1.0,zero,soft,7,0.00357744714376224,0.00357744714376224,0.09794366425315078,126.02050313393185,0.000232274,2459,1229.5,5ef5c11-d91a027d8
0.03,0.02,2,0.02,1.0,zero,hard,6,-0.01689917088589235,0.06008869613692371,-0.01689917088589235,29.351182735602855,0.000112622154,2084,1042.0,5ef5c11-d91a027d8
0.3,0.05,8,0.0,4.0,zero,hard,1,-0.003143593243104008,-0.003143593243104008,-0.00019768852450328454,22.435123760538932,0.00032680426,2459,1229.5,5ef5c11-d91a027d8
0.3,0.02,2,0.0,0.25,zero,hard,3,0.007438152685221243,0.007438152685221243,0.014153337997921808,27.075282638784106,3.956093e-5,2084,1042.0,5ef5c11-d91a027d8
0.3,0.05,2,0.005,1.0,zero,hard,2,0.4966162185510372,0.4966162185510372,0.7093104385384204,1.457086330150161,9.048635e-6,953,476.5,5ef5c11-d91a027d8
0.003,0.05,2,0.005,0.25,zero,soft,8,-0.008635970852359318,-0.008635970852359318,0.017365978368692112,49.48081072612231,7.821367e-5,953,476.5,5ef5c11-d91a027d8
0.3,0.05,2,0.02,4.0,zero,hard,5,0.04700522672053088,0.04700522672053088,0.14416467144693085,19.514995962431357,0.00036867431,953,476.5,5ef5c11-d91a027d8
0.003,0.05,2,0.0,0.0,zero,soft,5,0.379301512312492,0.379301512312492,0.8729743285063271,1.6072105644959365,0.00077848433,953,476.5,5ef5c11-d91a027d8
0.03,0.05,2,0.005,0.25,zero,soft,8,0.12151015256529582,0.12151015256529582,0.2797268856254351,5.015677116526276,7.821367e-5,953,476.5,5ef5c11-d91a027d8
0.003,0.05,2,0.01,1.0,zero,hard,2,0.01976048424775538,0.01976048424775538,0.037365125418722486,282.26877053682114,9.048635e-6,953,476.5,5ef5c11-d91a027d8
0.03,0.05,2,0.0,0.0,zero,soft,5,0.8784926526118632,0.8784926526118632,0.9215234024446911,0.4845781685684968,0.00077848433,953,476.5,5ef5c11-d91a027d8
0.3,0.05,2,0.0,0.0,zero,soft,5,0.9031367616252558,0.9031367616252558,0.9228056911816773,0.44592209975128677,0.00077848433,953,476.5,5ef5c11-d91a027d8
0.3,0.05,2,0.005,0.25,zero,soft,8,0.7165658805723446,0.7165658805723446,0.8279597605923913,0.7374730428307341,7.821367e-5,953,476.5,5ef5c11-d91a027d8
0.03,0.05,2,0.01,1.0,zero,hard,2,0.042532672343279135,0.042532672343279135,0.08110598308579138,28.20274197041974,9.048635e-6,953,476.5,5ef5c11-d91a027d8
0.3,0.02,2,0.02,1.0,zero,hard,6,0.26665079702541816,0.26665079702541816,0.34028122465748556,2.952800542817272,0.000112622154,2084,1042.0,5ef5c11-d91a027d8
0.003,0.02,2,0.005,0.25,zero,hard,3,0.03339703667797476,0.03339703667797476,0.04414264331337588,32.09382641220176,3.956093e-5,2084,1042.0,5ef5c11-d91a027d8
0.03,0.05,8,0.01,1.0,zero,soft,7,0.05659969879721893,0.05659969879721893,0.22408113756933074,12.590471891676025,0.000232274,2459,1229.5,5ef5c11-d91a027d8
0.003,0.05,8,0.0,0.25,zero,soft,4,0.0017492686844275834,0.00207350915154459,0.0017492686844275834,2045.1508793795392,3.2716056e-5,2459,1229.5,5ef5c11-d91a027d8
0.003,0.05,2,0.005,0.0,zero,soft,5,0.03481723585994471,0.03481723585994471,0.2242925094867751,17.901075991135414,0.00077848433,953,476.5,5ef5c11-d91a027d8
0.003,0.05,2,0.01,0.25,zero,soft,8,-0.007356190407922737,0.0022365909198475797,-0.007356190407922737,101.38666254418757,7.821367e-5,953,476.5,5ef5c11-d91a027d8
0.003,0.05,8,0.005,4.0,zero,hard,1,-0.0026685770202102385,-0.0026685770202102385,0.00610368004596541,285.0992003269373,0.00032680426,2459,1229.5,5ef5c11-d91a027d8
0.3,0.05,2,0.01,1.0,zero,hard,2,0.2750305520475931,0.2750305520475931,0.4532128489810342,2.8560054952099527,9.048635e-6,953,476.5,5ef5c11-d91a027d8
0.03,0.05,2,0.005,0.0,zero,soft,5,0.08244414779056466,0.08244414779056466,0.34492724046368023,5.403948820937745,0.00077848433,953,476.5,5ef5c11-d91a027d8
0.03,0.05,2,0.01,0.25,zero,soft,8,0.06827100765340918,0.06827100765340918,0.1109599838710025,10.158792962227212,7.821367e-5,953,476.5,5ef5c11-d91a027d8
0.003,0.05,2,0.02,1.0,zero,hard,2,0.01813978540163536,0.01813978540163536,0.029171562855698146,574.1058001856235,9.048635e-6,953,476.5,5ef5c11-d91a027d8
0.3,0.05,2,0.005,0.0,zero,soft,5,0.4041997282607489,0.4041997282607489,0.7362399220921234,1.7767239195084632,0.00077848433,953,476.5,5ef5c11-d91a027d8
0.03,0.02,2,0.005,0.25,zero,hard,3,0.2950964606020354,0.2950964606020354,0.45660562061183596,3.220299728044992,3.956093e-5,2084,1042.0,5ef5c11-d91a027d8
0.03,0.02,8,0.0,1.0,zero,soft,2,-0.0024966132646620466,-0.0004211016868987116,-0.0024966132646620466,143.11094694584216,8.953138e-5,5852,2926.0,5ef5c11-d91a027d8
0.3,0.05,2,0.01,0.25,zero,soft,8,0.5004063653107662,0.5004063653107662,0.7320184968882821,1.171953480798267,7.821367e-5,953,476.5,5ef5c11-d91a027d8
0.003,0.05,2,0.01,0.0,zero,soft,5,0.03127913938819419,0.03127913938819419,0.2743083433718848,13.024035094832684,0.00077848433,953,476.5,5ef5c11-d91a027d8
0.003,0.02,2,0.0,4.0,zero,hard,6,-0.019051057504086526,0.001454078410223076,-0.019051057504086526,2253.674988197148,0.000112622154,2084,1042.0,5ef5c11-d91a027d8
0.03,0.05,2,0.02,1.0,zero,hard,2,0.03067026761842432,0.03067026761842432,0.05623384500678716,57.33505929234105,9.048635e-6,953,476.5,5ef5c11-d91a027d8
0.3,0.05,8,0.01,1.0,zero,soft,7,0.4974742638431666,0.4974742638431666,0.8278098654298096,1.3110666616575772,0.000232274,2459,1229.5,5ef5c11-d91a027d8
0.3,0.02,8,0.01,4.0,zero,soft,5,0.2560909665185203,0.2560909665185203,0.5192389983799215,3.0846690268359156,0.00077848433,5852,2926.0,5ef5c11-d91a027d8
0.003,0.05,2,0.02,0.25,zero,soft,8,-0.038459648940588224,0.006917655039570769,-0.038459648940588224,201.37037677361394,7.821367e-5,953,476.5,5ef5c11-d91a027d8
0.03,0.05,2,0.01,0.0,zero,soft,5,0.10956661724646143,0.10956661724646143,0.2206728008379936,7.615102295729768,0.00077848433,953,476.5,5ef5c11-d91a027d8
0.03,0.05,8,0.0,0.25,zero,soft,4,0.0023454557108278672,0.0023454557108278672,0.0023924679837710834,204.51281633118418,3.2716056e-5,2459,1229.5,5ef5c11-d91a027d8
0.3,0.05,2,0.02,1.0,zero,hard,2,0.14820328137433683,0.14820328137433683,0.24741012808545718,5.7212631420534965,9.048635e-6,953,476.5,5ef5c11-d91a027d8
0.03,0.05,8,0.005,4.0,zero,hard,1,0.023799702820233644,0.023799702820233644,0.06405865789672201,28.49830405884084,0.00032680426,2459,1229.5,5ef5c11-d91a027d8
0.03,0.05,2,0.02,0.25,zero,soft,8,0.034237556688367,0.034237556688367,0.0346229836593647,20.148524628833922,7.821367e-5,953,476.5,5ef5c11-d91a027d8
0.3,0.02,2,0.005,0.25,zero,hard,3,0.8991078805045223,0.8991078805045223,0.9503233475164392,0.46990535428898655,3.956093e-5,2084,1042.0,5ef5c11-d91a027d8
0.003,0.05,2,0.0,4.0,zero,hard,2,-0.004483375643556691,0.0014043790806429347,-0.004483375643556691,4265.995853312023,9.048635e-6,953,476.5,5ef5c11-d91a027d8
0.3,0.05,2,0.01,0.0,zero,soft,5,0.31202497653188405,0.31202497653188405,0.5141402251684314,2.441507202161142,0.00077848433,953,476.5,5ef5c11-d91a027d8
0.3,0.05,2,0.02,0.25,zero,soft,8,0.305965333569883,0.305965333569883,0.5476617359362785,2.1090362971756376,7.821367e-5,953,476.5,5ef5c11-d91a027d8
0.03,0.02,2,0.0,4.0,zero,hard,6,-0.019057533713696225,0.001453445153858141,-0.019057533713696225,225.36799755301527,0.000112622154,2084,1042.0,5ef5c11-d91a027d8
0.003,0.05,2,0.02,0.0,zero,soft,5,-0.04022560100216517,-0.04022560100216517,0.3449062553914743,1.8639578094641422,0.00077848433,953,476.5,5ef5c11-d91a027d8
0.03,0.05,2,0.0,4.0,zero,hard,2,-0.004481046797705984,0.0014049494170766128,-0.004481046797705984,426.59990082248686,9.048635e-6,953,476.5,5ef5c11-d91a027d8
0.003,0.05,8,0.02,1.0,zero,soft,7,0.0017767719436535196,0.0017767719436535196,0.13546270963354592,251.82467387289287,0.000232274,2459,1229.5,5ef5c11-d91a027d8
0.003,0.05,2,0.0,1.0,zero,soft,8,-0.005623937668228228,0.0011651771427974014,-0.005623937668228228,4091.0678926611968,7.821367e-5,953,476.5,5ef5c11-d91a027d8
0.003,0.02,2,0.01,0.25,zero,hard,3,-0.012992257998306337,0.04063189651093954,-0.012992257998306337,66.57212313596578,3.956093e-5,2084,1042.0,5ef5c11-d91a027d8
0.03,0.05,2,0.02,0.0,zero,soft,5,-0.01761633047955826,-0.01761633047955826,0.2725729287620365,8.706105092114855,0.00077848433,953,476.5,5ef5c11-d91a027d8
0.3,0.05,8,0.005,4.0,zero,hard,1,0.2807600736869976,0.2807600736869976,0.5457219240363423,2.858901015443999,0.00032680426,2459,1229.5,5ef5c11-d91a027d8
0.3,0.05,2,0.0,4.0,zero,hard,2,-0.004460134298807235,0.001410506971397803,-0.004460134298807235,42.67057087120178,9.048635e-6,953,476.5,5ef5c11-d91a027d8
0.3,0.05,2,0.02,0.0,zero,soft,5,0.09290538670732557,0.09290538670732557,0.3649698817051234,3.545979944856562,0.00077848433,953,476.5,5ef5c11-d91a027d8
0.03,0.05,2,0.0,1.0,zero,soft,8,-0.005619288755545567,0.001164922787824586,-0.005619288755545567,409.108367625864,7.821367e-5,953,476.5,5ef5c11-d91a027d8
0.3,0.05,8,0.0,0.25,zero,soft,4,0.005060097257080412,0.005060097257080412,0.008821977684177895,20.471062316031798,3.2716056e-5,2459,1229.5,5ef5c11-d91a027d8
0.3,0.02,2,0.0,4.0,zero,hard,6,-0.01912070708812585,0.0014479785251232508,-0.01912070708812585,22.55787328795895,0.000112622154,2084,1042.0,5ef5c11-d91a027d8
0.003,0.05,2,0.005,4.0,zero,hard,2,0.02492981879210457,0.02492981879210457,0.03860231321831252,545.6982156396555,9.048635e-6,953,476.5,5ef5c11-d91a027d8
0.003,0.05,2,0.0,0.25,zero,soft,5,0.01876535912473873,0.01876535912473873,0.023766099140110984,3830.2027410201486,0.00077848433,953,476.5,5ef5c11-d91a027d8
0.3,0.05,2,0.0,1.0,zero,soft,8,-0.0055650118443881695,0.0011624229612096333,-0.0055650118443881695,40.922031107512126,7.821367e-5,953,476.5,5ef5c11-d91a027d8
0.03,0.02,2,0.01,0.25,zero,hard,3,0.17095782968310966,0.17095782968310966,0.19240333479043742,6.6666731626708255,3.956093e-5,2084,1042.0,5ef5c11-d91a027d8
0.03,0.05,2,0.005,4.0,zero,hard,2,0.03626448513453348,0.03626448513453348,0.061415911888072494,54.588219635401785,9.048635e-6,953,476.5,5ef5c11-d91a027d8
0.03,0.05,8,0.02,1.0,zero,soft,7,0.028095004088860225,0.028095004088860225,0.19480010379858806,25.143157349483968,0.000232274,2459,1229.5,5ef5c11-d91a027d8
0.003,0.05,2,0.005,1.0,zero,soft,8,-0.009617039367342874,-0.009617039367342874,-0.009416363714977047,134.47311446484915,7.821367e-5,953,476.5,5ef5c11-d91a027d8
0.03,0.05,2,0.0,0.25,zero,soft,5,0.018894182060068647,0.018894182060068647,0.024316914820660306,383.0045744842972,0.00077848433,953,476.5,5ef5c11-d91a027d8
0.003,0.05,8,0.01,4.0,zero,hard,1,-0.006447173490826957,0.0006027191804980729,-0.006447173490826957,562.2424753529393,0.00032680426,2459,1229.5,5ef5c11-d91a027d8
0.3,0.05,2,0.005,4.0,zero,hard,2,0.1599459207207436,0.1599459207207436,0.27577745218147404,5.471989904264754,9.048635e-6,953,476.5,5ef5c11-d91a027d8
0.03,0.05,2,0.005,1.0,zero,soft,8,0.03835913766413011,0.03835913766413011,0.09300406799940236,13.47440638381674,7.821367e-5,953,476.5,5ef5c11-d91a027d8
0.003,0.05,8,0.005,0.25,zero,soft,4,0.045103257210748676,0.045103257210748676,0.09403960401769333,26.137866656750276,3.2716056e-5,2459,1229.5,5ef5c11-d91a027d8
0.003,0.02,2,0.005,4.0,zero,hard,6,-0.02897438615776761,0.02747167399224314,-0.02897438615776761,278.29665967057497,0.000112622154,2084,1042.0,5ef5c11-d91a027d8
0.3,0.05,2,0.0,0.25,zero,soft,5,0.020183793617174525,0.020183793617174525,0.029818608041505816,38.298883427048295,0.00077848433,953,476.5,5ef5c11-d91a027d8
0.3,0.02,2,0.01,0.25,zero,hard,3,0.7702646033581123,0.7702646033581123,0.8718686407309786,0.7777457147598782,3.956093e-5,2084,1042.0,5ef5c11-d91a027d8
0.003,0.05,2,0.01,4.0,zero,hard,2,0.02236104586414645,0.02236104586414645,0.04038621060466115,1072.415529131416,9.048635e-6,953,476.5,5ef5c11-d91a027d8
0.3,0.05,2,0.005,1.0,zero,soft,8,0.43626921980699745,0.43626921980699745,0.6720921694623005,1.427225663115574,7.821367e-5,953,476.5,5ef5c11-d91a027d8
0.003,0.02,8,0.02,4.0,zero,soft,5,-0.012215827301490541,-0.004077646548889994,-0.012215827301490541,584.7051363202349,0.00077848433,5852,2926.0,5ef5c11-d91a027d8
0.3,0.02,8,0.0,1.0,zero,soft,2,-0.0025117266436510593,-0.0004112143725646934,-0.0025117266436510593,14.34616125959043,8.953138e-5,5852,2926.0,5ef5c11-d91a027d8
0.003,0.05,2,0.005,0.25,zero,soft,5,0.0385846902203287,0.0385846902203287,0.07387213385881208,48.398454147810014,0.00077848433,953,476.5,5ef5c11-d91a027d8
0.03,0.05,2,0.01,4.0,zero,hard,2,0.028317432034991662,0.028317432034991662,0.052914048066961816,107.29629853828018,9.048635e-6,953,476.5,5ef5c11-d91a027d8
0.003,0.05,2,0.01,1.0,zero,soft,8,-0.02757044246884699,0.0005967383243955656,-0.02757044246884699,266.8973731079754,7.821367e-5,953,476.5,5ef5c11-d91a027d8
0.03,0.05,2,0.005,0.25,zero,soft,5,0.17093372143748262,0.17093372143748262,0.4069856537191986,4.86902605047169,0.00077848433,953,476.5,5ef5c11-d91a027d8
0.3,0.05,8,0.02,1.0,zero,soft,7,0.2801755584902424,0.2801755584902424,0.639578800612279,2.5340898541732746,0.000232274,2459,1229.5,5ef5c11-d91a027d8
0.03,0.02,2,0.005,4.0,zero,hard,6,0.010433955669563823,0.05006586926518344,0.010433955669563823,27.804147719945146,0.000112622154,2084,1042.0,5ef5c11-d91a027d8
0.03,0.05,2,0.01,1.0,zero,soft,8,0.018324200898884962,0.025569856683288452,0.018324200898884962,26.650068155158447,7.821367e-5,953,476.5,5ef5c11-d91a027d8
0.003,0.02,2,0.02,0.25,zero,hard,3,0.034603523746091734,0.034603523746091734,0.05391970010942329,128.66591169012273,3.956093e-5,2084,1042.0,5ef5c11-d91a027d8
0.3,0.05,2,0.01,4.0,zero,hard,2,0.0886028601287102,0.0886028601287102,0.1611221748676857,10.736090770265482,9.048635e-6,953,476.5,5ef5c11-d91a027d8
0.03,0.05,8,0.005,0.25,zero,soft,4,0.2838681950983736,0.2838681950983736,0.4706746396178141,2.6455734671406153,3.2716056e-5,2459,1229.5,5ef5c11-d91a027d8
0.03,0.05,8,0.01,4.0,zero,hard,1,0.013371710402529118,0.013371710402529118,0.02151670515136207,56.20090084674312,0.00032680426,2459,1229.5,5ef5c11-d91a027d8
0.3,0.05,2,0.005,0.25,zero,soft,5,0.73939350179167,0.73939350179167,0.9044634379255337,0.7155973850387662,0.00077848433,953,476.5,5ef5c11-d91a027d8
0.3,0.05,2,0.01,1.0,zero,soft,8,0.2431975590687495,0.2431975590687495,0.431151199601834,2.6964283028261464,7.821367e-5,953,476.5,5ef5c11-d91a027d8
0.003,0.05,2,0.02,4.0,zero,hard,2,0.017405182752724006,0.017405182752724006,0.0336562055783422,2055.0007515972165,9.048635e-6,953,476.5,5ef5c11-d91a027d8
0.003,0.05,2,0.01,0.25,zero,soft,5,0.014952663967118373,0.052253690030057774,0.014952663967118373,97.77520041235596,0.00077848433,953,476.5,5ef5c11-d91a027d8
0.003,0.05,2,0.02,1.0,zero,soft,8,-0.011303781870651333,0.0016024495027909516,-0.011303781870651333,523.3301448618674,7.821367e-5,953,476.5,5ef5c11-d91a027d8
0.3,0.02,2,0.005,4.0,zero,hard,6,0.26949997361012956,0.26949997361012956,0.3698968356277568,2.809344738365329,0.000112622154,2084,1042.0,5ef5c11-d91a027d8
0.03,0.05,2,0.02,4.0,zero,hard,2,0.02004737313725001,0.02004737313725001,0.03888629643537843,205.47472149137303,9.048635e-6,953,476.5,5ef5c11-d91a027d8
0.03,0.05,2,0.01,0.25,zero,soft,5,0.11902228830403809,0.11902228830403809,0.17062093129712416,9.808375611900084,0.00077848433,953,476.5,5ef5c11-d91a027d8
0.03,0.02,2,0.02,0.25,zero,hard,3,0.09784355091919199,0.09784355091919199,0.1613895011216934,12.870229367314996,3.956093e-5,2084,1042.0,5ef5c11-d91a027d8
0.03,0.05,2,0.02,1.0,zero,soft,8,0.014091739023574624,0.014634068575661484,0.014091739023574624,52.318646265688216,7.821367e-5,953,476.5,5ef5c11-d91a027d8
0.3,0.05,8,0.005,0.25,zero,soft,4,0.7985519701115849,0.8236072777872688,0.7985519701115849,0.573142400091215,3.2716056e-5,2459,1229.5,5ef5c11-d91a027d8
0.3,0.05,2,0.01,0.25,zero,soft,5,0.5670351920852408,0.5670351920852408,0.8254058118541815,1.1189269569371034,0.00077848433,953,476.5,5ef5c11-d91a027d8
0.3,0.05,2,0.02,4.0,zero,hard,2,0.04633070712326293,0.04633070712326293,0.08961966456878773,20.547024299399887,9.048635e-6,953,476.5,5ef5c11-d91a027d8
0.003,0.05,8,0.0,4.0,zero,soft,7,0.0034204423054938204,0.0034204423054938204,0.012602994335628535,1910.0838292937494,0.000232274,2459,1229.5,5ef5c11-d91a027d8
0.3,0.05,8,0.01,4.0,zero,hard,1,0.141972261251353,0.141972261251353,0.30018124652919653,5.623915590549287,0.00032680426,2459,1229.5,5ef5c11-d91a027d8
0.003,0.05,2,0.0,0.0,zero,soft,2,0.4222606764423142,0.4222606764423142,0.8355682078041029,1.7025421594994614,8.953138e-5,953,476.5,5ef5c11-d91a027d8
0.3,0.05,2,0.02,1.0,zero,soft,8,0.13606463434680408,0.13606463434680408,0.24318708434428318,5.255338081326069,7.821367e-5,953,476.5,5ef5c11-d91a027d8
0.003,0.05,2,0.02,0.25,zero,soft,5,-0.050336842577920544,-0.050336842577920544,0.011068268894832837,192.75412323881687,0.00077848433,953,476.5,5ef5c11-d91a027d8
0.003,0.02,2,0.01,4.0,zero,hard,6,-0.03464098019329122,0.02324508974318499,-0.03464098019329122,552.2427243909877,0.000112622154,2084,1042.0,5ef5c11-d91a027d8
0.03,0.05,2,0.0,0.0,zero,soft,2,0.9244882143910059,0.9244882143910059,0.946203546027549,0.38841754212054813,8.953138e-5,953,476.5,5ef5c11-d91a027d8
0.3,0.02,2,0.02,0.25,zero,hard,3,0.5859498776648523,0.5859498776648523,0.7459517907406007,1.345603041029236,3.956093e-5,2084,1042.0,5ef5c11-d91a027d8
0.3,0.05,2,0.0,0.0,zero,soft,2,0.9448895496216495,0.9448895496216495,0.9473664782034322,0.3463581633962048,8.953138e-5,953,476.5,5ef5c11-d91a027d8
0.003,0.05,2,0.0,4.0,zero,soft,8,0.0006663709027934527,0.0006663709027934527,0.008423217283284271,4128.67219919565,7.821367e-5,953,476.5,5ef5c11-d91a027d8
0.03,0.05,2,0.02,0.25,zero,soft,5,-0.01851110401370464,-0.01851110401370464,0.09624277649009766,19.298642748176434,0.00077848433,953,476.5,5ef5c11-d91a027d8
0.003,0.05,2,0.005,0.0,zero,soft,2,0.015180166955616334,0.015180166955616334,0.12157188656944304,19.746358590781746,8.953138e-5,953,476.5,5ef5c11-d91a027d8
0.003,0.02,8,0.005,1.0,zero,soft,2,0.026586857449686793,0.026586857449686793,0.03275909297727492,47.86334628484519,8.953138e-5,5852,2926.0,5ef5c11-d91a027d8
0.3,0.05,2,0.02,0.25,zero,soft,5,0.286625432232712,0.286625432232712,0.6419605817710496,2.004616941008634,0.00077848433,953,476.5,5ef5c11-d91a027d8
0.003,0.05,8,0.01,0.25,zero,soft,4,0.041780911880315665,0.041780911880315665,0.06500722502938157,52.36135503757912,3.2716056e-5,2459,1229.5,5ef5c11-d91a027d8
0.03,0.05,2,0.0,4.0,zero,soft,8,0.0006665581461660118,0.0006665581461660118,0.008423895963816378,412.8643300724969,7.821367e-5,953,476.5,5ef5c11-d91a027d8
0.03,0.02,2,0.01,4.0,zero,hard,6,-0.01583166301180806,0.034213933170227986,-0.01583166301180806,55.223142906607414,0.000112622154,2084,1042.0,5ef5c11-d91a027d8
0.03,0.05,2,0.005,0.0,zero,soft,2,0.0810681563174634,0.0810681563174634,0.19060478276004383,6.139247699358633,8.953138e-5,953,476.5,5ef5c11-d91a027d8
0.03,0.02,8,0.02,4.0,zero,soft,5,0.006576785366338722,0.006576785366338722,0.013113188216483114,58.438952934840394,0.00077848433,5852,2926.0,5ef5c11-d91a027d8
0.003,0.05,8,0.02,4.0,zero,hard,1,0.002744720973239283,0.0037311514677945295,0.002744720973239283,1063.6172272273168,0.00032680426,2459,1229.5,5ef5c11-d91a027d8
0.003,0.05,2,0.0,1.0,zero,soft,5,0.001365418005908512,0.001365418005908512,0.007766506749212007,4045.4131302181254,0.00077848433,953,476.5,5ef5c11-d91a027d8
0.03,0.05,8,0.0,4.0,zero,soft,7,0.003421314878840211,0.003421314878840211,0.0125932377824782,191.0075625949616,0.000232274,2459,1229.5,5ef5c11-d91a027d8
0.003,0.02,2,0.0,1.0,zero,hard,3,-0.00854083027405358,0.0011185620409804313,-0.00854083027405358,2842.9347206417365,3.956093e-5,2084,1042.0,5ef5c11-d91a027d8
0.3,0.05,2,0.0,4.0,zero,soft,8,0.0006682173331836485,0.0006682173331836485,0.008431761992460284,41.29737287026012,7.821367e-5,953,476.5,5ef5c11-d91a027d8
0.3,0.05,2,0.005,0.0,zero,soft,2,0.3378710873913194,0.3378710873913194,0.4965868919840732,2.048134039401664,8.953138e-5,953,476.5,5ef5c11-d91a027d8
0.003,0.05,2,0.01,0.0,zero,soft,2,0.014652830084086728,0.014652830084086728,0.027893073225693846,30.393862699400263,8.953138e-5,953,476.5,5ef5c11-d91a027d8
0.03,0.05,2,0.0,1.0,zero,soft,5,0.0013657776788783462,0.0013657776788783462,0.007759974830525372,404.54013942556566,0.00077848433,953,476.5,5ef5c11-d91a027d8
0.003,0.05,2,0.005,4.0,zero,soft,8,-0.01501620098181146,-0.009029729853319447,-0.01501620098181146,511.5362138564596,7.821367e-5,953,476.5,5ef5c11-d91a027d8
0.3,0.02,2,0.01,4.0,zero,hard,6,0.14366891312732882,0.14366891312732882,0.17922122854323788,5.540921841435704,0.000112622154,2084,1042.0,5ef5c11-d91a027d8
0.03,0.05,2,0.01,0.0,zero,soft,2,0.14592599881508786,0.14592599881508786,0.29893897709468104,8.675286935905497,8.953138e-5,953,476.5,5ef5c11-d91a027d8
0.03,0.05,8,0.01,0.25,zero,soft,4,0.15930149938893687,0.15930149938893687,0.20782500828739575,5.234852085166277,3.2716056e-5,2459,1229.5,5ef5c11-d91a027d8
0.03,0.05,2,0.005,4.0,zero,soft,8,0.002880544646053922,0.002880544646053922,0.007357794765525992,51.115833204013754,7.821367e-5,953,476.5,5ef5c11-d91a027d8
0.3,0.05,2,0.0,1.0,zero,soft,5,0.0013692693228714303,0.0013692693228714303,0.007693855810216348,40.46497581127444,0.00077848433,953,476.5,5ef5c11-d91a027d8
0.3,0.05,2,0.01,0.0,zero,soft,2,0.23371881441966275,0.23371881441966275,0.4024568357773917,3.150591904895705,8.953138e-5,953,476.5,5ef5c11-d91a027d8
0.03,0.02,2,0.0,1.0,zero,hard,3,-0.008553331821008293,0.001118435065377158,-0.008553331821008293,284.29373786861584,3.956093e-5,2084,1042.0,5ef5c11-d91a027d8
0.3,0.05,2,0.005,4.0,zero,soft,8,0.12187546228022526,0.12187546228022526,0.23154993061250811,5.136445822279621,7.821367e-5,953,476.5,5ef5c11-d91a027d8
0.003,0.05,2,0.005,1.0,zero,soft,5,-0.002959711133782693,-0.002959711133782693,0.05331111511043289,131.97645224538667,0.00077848433,953,476.5,5ef5c11-d91a027d8
0.03,0.05,8,0.02,4.0,zero,hard,1,0.009483401694758179,0.009483401694758179,0.017270613985170703,106.41660162976095,0.00032680426,2459,1229.5,5ef5c11-d91a027d8
0.003,0.05,2,0.02,0.0,zero,soft,2,-0.015385138881357766,-0.015385138881357766,-0.002846277877842598,48.02013249275805,8.953138e-5,953,476.5,5ef5c11-d91a027d8
0.003,0.05,2,0.01,4.0,zero,soft,8,-0.029188932548461367,-0.013151616023451081,-0.029188932548461367,1009.3750863549808,7.821367e-5,953,476.5,5ef5c11-d91a027d8
0.03,0.05,2,0.005,1.0,zero,soft,5,0.04805427705333634,0.04805427705333634,0.19356038073715073,13.229437504000042,0.00077848433,953,476.5,5ef5c11-d91a027d8
0.3,0.05,8,0.0,4.0,zero,soft,7,0.0034302927092615433,0.0034302927092615433,0.012505048707677855,19.123570710133492,0.000232274,2459,1229.5,5ef5c11-d91a027d8
0.003,0.02,2,0.02,4.0,zero,hard,6,-0.035744111864134134,0.011436931711061788,-0.035744111864134134,1056.831219430895,0.000112622154,2084,1042.0,5ef5c11-d91a027d8
0.03,0.05,2,0.02,0.0,zero,soft,2,0.07679375818894528,0.07679375818894528,0.19479356955432073,15.328899698638898,8.953138e-5,953,476.5,5ef5c11-d91a027d8
0.03,0.05,2,0.01,4.0,zero,soft,8,-0.018233787683607477,-0.007169345534688929,-0.018233787683607477,100.94941114545402,7.821367e-5,953,476.5,5ef5c11-d91a027d8
0.3,0.05,2,0.005,1.0,zero,soft,5,0.4547533790901636,0.4547533790901636,0.8046426230494003,1.415103953610924,0.00077848433,953,476.5,5ef5c11-d91a027d8
0.3,0.05,8,0.01,0.25,zero,soft,4,0.6986672632491788,0.735596859024801,0.6986672632491788,0.7342535478128263,3.2716056e-5,2459,1229.5,5ef5c11-d91a027d8
0.3,0.05,2,0.02,0.0,zero,soft,2,0.20484127410547773,0.20484127410547773,0.2852201025654335,4.651107169349172,8.953138e-5,953,476.5,5ef5c11-d91a027d8
0.3,0.02,2,0.0,1.0,zero,hard,3,-0.008676774996368642,0.0011168909205909363,-0.008676774996368642,28.445660442895498,3.956093e-5,2084,1042.0,5ef5c11-d91a027d8
0.003,0.05,2,0.01,1.0,zero,soft,5,-0.012066518324710394,-0.012066518324710394,0.07363158970861454,271.39592200899455,0.00077848433,953,476.5,5ef5c11-d91a027d8
0.3,0.05,2,0.01,4.0,zero,soft,8,0.05199508422499957,0.05199508422499957,0.09975233065824353,10.125975994264346,7.821367e-5,953,476.5,5ef5c11-d91a027d8
0.03,0.02,8,0.005,1.0,zero,soft,2,0.1951620593647701,0.1951620593647701,0.3015685115289569,4.805476820022195,8.953138e-5,5852,2926.0,5ef5c11-d91a027d8
0.003,0.05,2,0.0,0.25,zero,soft,2,-0.0044520532521718365,-0.0044520532521718365,0.02056531547836622,4264.4447923334155,8.953138e-5,953,476.5,5ef5c11-d91a027d8
0.03,0.02,2,0.02,4.0,zero,hard,6,-0.026292806809577768,0.01665799129106625,-0.026292806809577768,105.66198155720186,0.000112622154,2084,1042.0,5ef5c11-d91a027d8
0.3,0.05,8,0.02,4.0,zero,hard,1,0.06407359179332978,0.06407359179332978,0.14348620752190852,10.65845253687177,0.00032680426,2459,1229.5,5ef5c11-d91a027d8
0.03,0.05,2,0.01,1.0,zero,soft,5,0.009281666406845114,0.009281666406845114,0.13907434187132758,27.162266966122125,0.00077848433,953,476.5,5ef5c11-d91a027d8
0.003,0.05,2,0.02,4.0,zero,soft,8,-0.029912172810213498,-0.009796700934719132,-0.029912172810213498,1917.7749511889785,7.821367e-5,953,476.5,5ef5c11-d91a027d8
0.003,0.05,8,0.005,4.0,zero,soft,7,0.002977857765445329,0.002977857765445329,0.11609117999496552,241.29804057909598,0.000232274,2459,1229.5,5ef5c11-d91a027d8
0.03,0.05,2,0.0,0.25,zero,soft,2,-0.004313257080606379,-0.004313257080606379,0.020911532107024285,426.45212653534463,8.953138e-5,953,476.5,5ef5c11-d91a027d8
0.3,0.05,2,0.01,1.0,zero,soft,5,0.23209766137507357,0.23209766137507357,0.6054333989236151,2.7953621554499075,0.00077848433,953,476.5,5ef5c11-d91a027d8
0.3,0.02,8,0.02,4.0,zero,soft,5,0.11170112618268835,0.11170112618268835,0.2546295218461391,5.859571383918438,0.00077848433,5852,2926.0,5ef5c11-d91a027d8
0.03,0.05,2,0.02,4.0,zero,soft,8,-0.0250060168345276,-0.007208685296606918,-0.0250060168345276,191.78740752308923,7.821367e-5,953,476.5,5ef5c11-d91a027d8
0.003,0.02,2,0.005,1.0,zero,hard,3,-0.004302439200046303,0.020849104014757626,-0.004302439200046303,87.82499780536048,3.956093e-5,2084,1042.0,5ef5c11-d91a027d8
0.003,0.05,8,0.02,0.25,zero,soft,4,0.029208380804873223,0.029208380804873223,0.051035632036337784,103.20874693635895,3.2716056e-5,2459,1229.5,5ef5c11-d91a027d8
0.003,0.05,8,0.0,0.0,zero,soft,1,0.08956572581721337,0.08956572581721337,0.4453678825382908,7.627885717539491,0.00011610375,2459,1229.5,5ef5c11-d91a027d8
0.3,0.05,2,0.0,0.25,zero,soft,2,-0.0029252516049638293,-0.0029252516049638293,0.024375295863182305,42.661872478504186,8.953138e-5,953,476.5,5ef5c11-d91a027d8
0.003,0.05,2,0.02,1.0,zero,soft,5,-0.013239244317918036,-0.013239244317918036,0.07360976432881304,542.5024307548442,0.00077848433,953,476.5,5ef5c11-d91a027d8
0.3,0.02,2,0.02,4.0,zero,hard,6,0.06329765981999502,0.06329765981999502,0.066917334421478,10.584925263038805,0.000112622154,2084,1042.0,5ef5c11-d91a027d8
0.3,0.05,2,0.02,4.0,zero,soft,8,0.018005362643863213,0.018005362643863213,0.025304312715357827,19.19837422269728,7.821367e-5,953,476.5,5ef5c11-d91a027d8
0.003,0.05,2,0.005,0.25,zero,soft,2,0.014693092827525976,0.014693092827525976,0.06122472356490841,54.063359220877715,8.953138e-5,953,476.5,5ef5c11-d91a027d8
0.03,0.05,2,0.02,1.0,zero,soft,5,-0.0005594268836242573,-0.0005594268836242573,0.10064925550440017,54.24102130308857,0.00077848433,953,476.5,5ef5c11-d91a027d8
0.03,0.05,8,0.0,0.0,zero,soft,1,0.6729459093243526,0.6729459093243526,0.9020618626649329,0.8699855327821694,0.00011610375,2459,1229.5,5ef5c11-d91a027d8
0.03,0.02,2,0.005,1.0,zero,hard,3,0.11571278322214457,0.11571278322214457,0.16867374825353829,8.791067245545163,3.956093e-5,2084,1042.0,5ef5c11-d91a027d8
0.03,0.05,8,0.005,4.0,zero,soft,7,0.030635277077869588,0.030635277077869588,0.1851227913484162,24.126587414010906,0.000232274,2459,1229.5,5ef5c11-d91a027d8
0.003,0.02,2,0.0,0.0,zero,soft,6,0.9338087001951257,0.9338087001951257,0.9672316970101168,0.3579683600612846,5.3822696e-5,2084,1042.0,5ef5c11-d91a027d8
0.03,0.05,2,0.005,0.25,zero,soft,2,0.141479114050005,0.141479114050005,0.2542328634939006,5.394505469498666,8.953138e-5,953,476.5,5ef5c11-d91a027d8
0.3,0.05,2,0.02,1.0,zero,soft,5,0.11666712497427245,0.11666712497427245,0.4023789642505501,5.470927767118562,0.00077848433,953,476.5,5ef5c11-d91a027d8
0.003,0.02,2,0.0,0.0,zero,hard,1,0.9613351203986712,0.9613351203986712,0.99572959131503,0.27790485185782565,0.00032680426,2084,1042.0,5ef5c11-d91a027d8
0.03,0.05,8,0.02,0.25,zero,soft,4,0.09221737398314889,0.09221737398314889,0.14917457074725876,10.333650520051904,3.2716056e-5,2459,1229.5,5ef5c11-d91a027d8
0.3,0.05,2,0.005,0.25,zero,soft,2,0.7626471922368612,0.7626471922368612,0.8443665444961184,0.7027042633618681,8.953138e-5,953,476.5,5ef5c11-d91a027d8
0.3,0.05,8,0.0,0.0,zero,soft,1,0.9142319518067099,0.9142319518067099,0.9227153534435485,0.4117824830077691,0.00011610375,2459,1229.5,5ef5c11-d91a027d8
0.03,0.02,2,0.0,0.0,zero,soft,6,0.9697557223774567,0.9697557223774567,0.9712173794509588,0.2580481186482239,5.3822696e-5,2084,1042.0,5ef5c11-d91a027d8
0.003,0.05,2,0.0,4.0,zero,soft,5,-0.012901146223104667,0.001717304354967254,-0.012901146223104667,3991.1531256266885,0.00077848433,953,476.5,5ef5c11-d91a027d8
0.003,0.02,8,0.0,0.0,zero,hard,6,0.5864673648192952,0.5864673648192952,0.8436369817490581,1.0460211946249862,0.000112622154,5852,2926.0,5ef5c11-d91a027d8
0.03,0.02,2,0.0,0.0,zero,hard,1,0.9965114105986415,0.9965114105986415,0.9972969445294463,0.09130831295637008,0.00032680426,2084,1042.0,5ef5c11-d91a027d8
0.003,0.05,2,0.01,0.25,zero,soft,2,-0.0011059606705738744,-0.0011059606705738744,0.07583860872203307,105.57830253519609,8.953138e-5,953,476.5,5ef5c11-d91a027d8
0.3,0.02,2,0.005,1.0,zero,hard,3,0.7378601521265297,0.7378601521265297,0.8735144488309352,0.8792329337430911,3.956093e-5,2084,1042.0,5ef5c11-d91a027d8
0.3,0.02,2,0.0,0.0,zero,soft,6,0.9703633108997808,0.9703633108997808,0.9717529047322112,0.2568745194798253,5.3822696e-5,2084,1042.0,5ef5c11-d91a027d8
0.03,0.05,2,0.0,4.0,zero,soft,5,-0.012908643551420306,0.0017184092211425688,-0.012908643551420306,399.1110019953218,0.00077848433,953,476.5,5ef5c11-d91a027d8
0.03,0.05,2,0.01,0.25,zero,soft,2,0.06899535704288032,0.06899535704288032,0.20243733693826826,10.63266862145452,8.953138e-5,953,476.5,5ef5c11-d91a027d8
0.3,0.05,8,0.005,4.0,zero,soft,7,0.2883336906018824,0.2883336906018824,0.6554767466482081,2.439569858040815,0.000232274,2459,1229.5,5ef5c11-d91a027d8
0.3,0.02,8,0.005,1.0,zero,soft,2,0.8785470174271719,0.8785470174271719,0.942207121208828,0.5100074132258755,8.953138e-5,5852,2926.0,5ef5c11-d91a027d8
0.3,0.02,2,0.0,0.0,zero,hard,1,0.9967409835961699,0.9967409835961699,0.9972104440506149,0.0884033750581795,0.00032680426,2084,1042.0,5ef5c11-d91a027d8
0.003,0.05,8,0.005,0.0,zero,soft,1,0.02616895083454033,0.02616895083454033,0.34784977162098557,23.725934612731795,0.00011610375,2459,1229.5,5ef5c11-d91a027d8
0.3,0.05,2,0.01,0.25,zero,soft,2,0.5526082801934243,0.5526082801934243,0.7623986639252986,1.1946297168763276,8.953138e-5,953,476.5,5ef5c11-d91a027d8
0.3,0.05,2,0.0,4.0,zero,soft,5,-0.012982979554330103,0.0017293695082739315,-0.012982979554330103,39.92168932227228,0.00077848433,953,476.5,5ef5c11-d91a027d8
0.3,0.05,8,0.02,0.25,zero,soft,4,0.5566854761655556,0.5566854761655556,0.6723292845005225,1.1477608756225017,3.2716056e-5,2459,1229.5,5ef5c11-d91a027d8
0.003,0.02,2,0.005,0.0,zero,soft,6,0.031447016548600625,0.031447016548600625,0.12207194753931416,25.36523278462171,5.3822696e-5,2084,1042.0,5ef5c11-d91a027d8
0.003,0.02,2,0.01,1.0,zero,hard,3,-0.0022202031805857903,0.019544249242496214,-0.0022202031805857903,168.6239254503474,3.956093e-5,2084,1042.0,5ef5c11-d91a027d8
0.003,0.05,2,0.02,0.25,zero,soft,2,-0.006133496764103515,-0.006133496764103515,0.013175703511102303,220.28670737000024,8.953138e-5,953,476.5,5ef5c11-d91a027d8
0.003,0.05,2,0.005,4.0,zero,soft,5,-0.005894618621004154,-0.005894618621004154,0.06503410818094346,516.2541387715196,0.00077848433,953,476.5,5ef5c11-d91a027d8
0.003,0.02,2,0.005,0.0,zero,hard,1,-0.034361124971595436,0.013631256766878413,-0.034361124971595436,22.452135115288428,0.00032680426,2084,1042.0,5ef5c11-d91a027d8
0.03,0.02,8,0.0,0.0,zero,hard,6,0.8762017360695021,0.8853204593080319,0.8762017360695021,0.4687938259698826,0.000112622154,5852,2926.0,5ef5c11-d91a027d8
0.03,0.05,2,0.005,4.0,zero,soft,5,0.006527460349679484,0.006527460349679484,0.10025761306239427,51.66603857553735,0.00077848433,953,476.5,5ef5c11-d91a027d8
0.03,0.05,2,0.02,0.25,zero,soft,2,0.02212561827932799,0.02212561827932799,0.0728572045755077,22.01302411760751,8.953138e-5,953,476.5,5ef5c11-d91a027d8
0.003,0.05,8,0.01,4.0,zero,soft,7,-0.003915125299551463,-0.003915125299551463,0.11587705484567774,480.8830257412011,0.000232274,2459,1229.5,5ef5c11-d91a027d8
0.03,0.05,8,0.005,0.0,zero,soft,1,0.1202262802409782,0.1202262802409782,0.19662102720389424,6.393050879341857,0.00011610375,2459,1229.5,5ef5c11-d91a027d8
0.03,0.02,2,0.005,0.0,zero,soft,6,0.07380832780885711,0.07380832780885711,0.13133070245324435,7.300641100980319,5.3822696e-5,2084,1042.0,5ef5c11-d91a027d8
0.3,0.05,2,0.005,4.0,zero,soft,5,0.1253429016693575,0.1253429016693575,0.39736265185586706,5.214277975848137,0.00077848433,953,476.5,5ef5c11-d91a027d8
0.3,0.05,2,0.02,0.25,zero,soft,2,0.32707820889226896,0.32707820889226896,0.4898629926263692,2.2608434981532373,8.953138e-5,953,476.5,5ef5c11-d91a027d8
0.03,0.02,2,0.01,1.0,zero,hard,3,0.07344057852348987,0.07344057852348987,0.08577234546315828,16.862853613509493,3.956093e-5,2084,1042.0,5ef5c11-d91a027d8
0.03,0.02,2,0.005,0.0,zero,hard,1,0.1617245717371971,0.1617245717371971,0.3635171054504116,7.04575059087322,0.00032680426,2084,1042.0,5ef5c11-d91a027d8
0.003,0.05,2,0.01,4.0,zero,soft,5,-0.00694684555160885,-0.00694684555160885,0.05543389385524385,1021.157682747541,0.00077848433,953,476.5,5ef5c11-d91a027d8
0.003,0.05,2,0.0,1.0,zero,soft,2,-0.0014338392249978833,-0.0014338392249978833,0.000220424841054966,4486.910918836085,8.953138e-5,953,476.5,5ef5c11-d91a027d8
0.003,0.05,8,0.0,1.0,zero,soft,4,-0.0054463139909290996,0.0002703164235531927,-0.0054463139909290996,2121.274266198158,3.2716056e-5,2459,1229.5,5ef5c11-d91a027d8
0.3,0.02,2,0.005,0.0,zero,soft,6,0.3924427216286406,0.3924427216286406,0.6468474322116655,1.9214007098533283,5.3822696e-5,2084,1042.0,5ef5c11-d91a027d8
0.03,0.05,2,0.01,4.0,zero,soft,5,-0.0010680253854362394,-0.0010680253854362394,0.07192982002449069,102.13236100659672,0.00077848433,953,476.5,5ef5c11-d91a027d8
0.3,0.05,8,0.005,0.0,zero,soft,1,0.3973300972549375,0.3973300972549375,0.7080533178399804,1.8863654938878782,0.00011610375,2459,1229.5,5ef5c11-d91a027d8
0.03,0.05,2,0.0,1.0,zero,soft,2,-0.00143257484283008,-0.00143257484283008,0.00022144190004106347,448.69565879290406,8.953138e-5,953,476.5,5ef5c11-d91a027d8
0.3,0.02,2,0.005,0.0,zero,hard,1,0.4099917335351512,0.4099917335351512,0.725917475986331,2.0830720196437755,0.00032680426,2084,1042.0,5ef5c11-d91a027d8
0.3,0.02,2,0.01,1.0,zero,hard,3,0.5047939310083945,0.5047939310083945,0.6954018565937143,1.683131872783464,3.956093e-5,2084,1042.0,5ef5c11-d91a027d8
0.03,0.05,8,0.01,4.0,zero,soft,7,0.00920427287639505,0.00920427287639505,0.15106106785688742,48.066856814483586,0.000232274,2459,1229.5,5ef5c11-d91a027d8
0.3,0.05,2,0.01,4.0,zero,soft,5,0.05857286536697084,0.05857286536697084,0.22537821429839244,10.269285470472173,0.00077848433,953,476.5,5ef5c11-d91a027d8
0.3,0.02,8,0.0,0.0,zero,hard,6,0.8668534450758704,0.8807414659423972,0.8668534450758704,0.477126095496045,0.000112622154,5852,2926.0,5ef5c11-d91a027d8
0.003,0.02,2,0.01,0.0,zero,soft,6,0.04068773279235338,0.04068773279235338,0.06027604404805117,24.8802312677235,5.3822696e-5,2084,1042.0,5ef5c11-d91a027d8
0.3,0.05,2,0.0,1.0,zero,soft,2,-0.0014197960819705639,-0.0014197960819705639,0.0002324642593836878,44.8812185176557,8.953138e-5,953,476.5,5ef5c11-d91a027d8
0.003,0.05,2,0.02,4.0,zero,soft,5,0.0026962622550788266,0.0026962622550788266,0.05601209385520032,1917.204691179948,0.00077848433,953,476.5,5ef5c11-d91a027d8
0.003,0.02,8,0.01,1.0,zero,soft,2,0.018745098163162846,0.025593746948502513,0.018745098163162846,96.60391284818728,8.953138e-5,5852,2926.0,5ef5c11-d91a027d8
0.003,0.02,2,0.01,0.0,zero,hard,1,0.014866048410758814,0.014866048410758814,0.02329227818214504,35.352361243399365,0.00032680426,2084,1042.0,5ef5c11-d91a027d8
0.003,0.05,2,0.005,1.0,zero,soft,2,0.013163473135264541,0.013163473135264541,0.05838403900449473,144.45466503416142,8.953138e-5,953,476.5,5ef5c11-d91a027d8
0.003,0.05,8,0.01,0.0,zero,soft,1,0.007403770550128058,0.014602685677327578,0.007403770550128058,29.7716209990397,0.00011610375,2459,1229.5,5ef5c11-d91a027d8
0.03,0.05,2,0.02,4.0,zero,soft,5,0.0053595983578175145,0.0053595983578175145,0.06201478058266313,191.73601004188032,0.00077848433,953,476.5,5ef5c11-d91a027d8
0.03,0.05,8,0.0,1.0,zero,soft,4,-0.005445907807588547,0.00026969963346198803,-0.005445907807588547,212.12927058386032,3.2716056e-5,2459,1229.5,5ef5c11-d91a027d8
0.03,0.02,2,0.01,0.0,zero,soft,6,0.10237677646170011,0.10237677646170011,0.2972238314282102,10.290632552262428,5.3822696e-5,2084,1042.0,5ef5c11-d91a027d8
0.03,0.05,2,0.005,1.0,zero,soft,2,0.060118623958613254,0.060118623958613254,0.14301008221341865,14.456011222386893,8.953138e-5,953,476.5,5ef5c11-d91a027d8
0.003,0.02,2,0.02,1.0,zero,hard,3,-0.009880949280634798,0.02070418178607072,-0.009880949280634798,344.1427363455909,3.956093e-5,2084,1042.0,5ef5c11-d91a027d8
0.3,0.05,8,0.01,4.0,zero,soft,7,0.13935959353345279,0.13935959353345279,0.44187386311984844,4.814445961380858,0.000232274,2459,1229.5,5ef5c11-d91a027d8
0.3,0.05,2,0.02,4.0,zero,soft,5,0.030264989623116443,0.030264989623116443,0.1382340180206589,19.2069624611784,0.00077848433,953,476.5,5ef5c11-d91a027d8
0.03,0.02,2,0.01,0.0,zero,hard,1,0.125866594329425,0.125866594329425,0.2705716026405444,11.228331640390158,0.00032680426,2084,1042.0,5ef5c11-d91a027d8
0.3,0.05,2,0.005,1.0,zero,soft,2,0.46810764766437096,0.46810764766437096,0.6887942814506726,1.5069174797760867,8.953138e-5,953,476.5,5ef5c11-d91a027d8
0.003,0.05,2,0.0,0.0,zero,hard,6,0.30858088722581134,0.30858088722581134,0.7221993458712791,1.5446333748825756,0.000112622154,953,476.5,5ef5c11-d91a027d8
0.03,0.05,2,0.0,0.0,zero,hard,6,0.6490061775934343,0.6490061775934343,0.8025441367262534,0.7649462982442525,0.000112622154,953,476.5,5ef5c11-d91a027d8
0.3,0.02,2,0.01,0.0,zero,soft,6,0.28926740038059034,0.2926086623031561,0.28926740038059034,2.7578671512709065,5.3822696e-5,2084,1042.0,5ef5c11-d91a027d8
0.03,0.05,8,0.01,0.0,zero,soft,1,0.0812098327401038,0.0812098327401038,0.20200400629821696,9.84581120942759,0.00011610375,2459,1229.5,5ef5c11-d91a027d8
0.003,0.05,2,0.01,1.0,zero,soft,2,0.0011757904263824184,0.0011757904263824184,0.05670555373408794,295.49699349681936,8.953138e-5,953,476.5,5ef5c11-d91a027d8
0.3,0.05,2,0.0,0.0,zero,hard,6,0.659547094604053,0.659547094604053,0.805038996541623,0.7536965376008862,0.000112622154,953,476.5,5ef5c11-d91a027d8
0.03,0.02,2,0.02,1.0,zero,hard,3,0.03571658104079263,0.047093178702143294,0.03571658104079263,34.37583166710474,3.956093e-5,2084,1042.0,5ef5c11-d91a027d8
0.3,0.02,2,0.01,0.0,zero,hard,1,0.2186276150024727,0.2186276150024727,0.6925023169685666,3.0129847802623098,0.00032680426,2084,1042.0,5ef5c11-d91a027d8
0.03,0.05,2,0.01,1.0,zero,soft,2,0.025373192955302628,0.025373192955302628,0.10221422739391293,29.616427427634843,8.953138e-5,953,476.5,5ef5c11-d91a027d8
0.003,0.05,2,0.005,0.0,zero,hard,6,0.0324588605756453,0.0324588605756453,0.04317053145698379,16.77409273267431,0.000112622154,953,476.5,5ef5c11-d91a027d8
0.003,0.02,2,0.02,0.0,zero,soft,6,0.09054122535034537,0.09054122535034537,0.11754357932553791,22.230592911191707,5.3822696e-5,2084,1042.0,5ef5c11-d91a027d8
0.3,0.05,8,0.0,1.0,zero,soft,4,-0.005439236167893996,0.0002633179796140808,-0.005439236167893996,21.235801040025716,3.2716056e-5,2459,1229.5,5ef5c11-d91a027d8
0.003,0.05,8,0.02,4.0,zero,soft,7,-0.008569157477341573,-0.008569157477341573,0.10396747341281357,922.0648233051179,0.000232274,2459,1229.5,5ef5c11-d91a027d8
0.3,0.05,2,0.01,1.0,zero,soft,2,0.25775211871071607,0.25775211871071607,0.4771980514454478,2.976278479260959,8.953138e-5,953,476.5,5ef5c11-d91a027d8
0.03,0.05,2,0.005,0.0,zero,hard,6,0.07572343790268919,0.07572343790268919,0.2344122451780918,5.032738344700121,0.000112622154,953,476.5,5ef5c11-d91a027d8
0.003,0.02,8,0.005,0.0,zero,hard,6,0.04214298487811151,0.049757792941359194,0.04214298487811151,18.653236549912812,0.000112622154,5852,2926.0,5ef5c11-d91a027d8
0.3,0.05,8,0.01,0.0,zero,soft,1,0.26070136230293184,0.26070136230293184,0.4361178464904492,2.6079322312151927,0.00011610375,2459,1229.5,5ef5c11-d91a027d8
0.003,0.02,2,0.02,0.0,zero,hard,1,0.01471608719146688,0.01471608719146688,0.1619904314565221,17.659928656694724,0.00032680426,2084,1042.0,5ef5c11-d91a027d8
0.3,0.05,2,0.005,0.0,zero,hard,6,0.30601574910811447,0.30601574910811447,0.5412030774005165,1.6896765590442004,0.000112622154,953,476.5,5ef5c11-d91a027d8
0.003,0.05,2,0.02,1.0,zero,soft,2,-0.005160194203238613,-0.005160194203238613,0.053970490490776325,595.1693230446065,8.953138e-5,953,476.5,5ef5c11-d91a027d8
0.3,0.02,2,0.02,1.0,zero,hard,3,0.27422793621885416,0.27422793621885416,0.41426691336042093,3.4456705863411488,3.956093e-5,2084,1042.0,5ef5c11-d91a027d8
0.03,0.02,2,0.02,0.0,zero,soft,6,0.10294693158749532,0.10294693158749532,0.3083395647358699,13.342907251612186,5.3822696e-5,2084,1042.0,5ef5c11-d91a027d8
0.003,0.05,2,0.01,0.0,zero,hard,6,0.021760123564274585,0.021760123564274585,0.0739008474569919,23.902837237710525,0.000112622154,953,476.5,5ef5c11-d91a027d8
0.03,0.05,2,0.02,1.0,zero,soft,2,0.007435700588641036,0.007435700588641036,0.0731178357113829,59.60487111597943,8.953138e-5,953,476.5,5ef5c11-d91a027d8
0.03,0.02,8,0.01,1.0,zero,soft,2,0.11090546552769436,0.11090546552769436,0.16197172435087465,9.675490009295192,8.953138e-5,5852,2926.0,5ef5c11-d91a027d8
0.03,0.05,2,0.01,0.0,zero,hard,6,0.14426958397368975,0.14426958397368975,0.25277229981093,8.882970190566436,0.000112622154,953,476.5,5ef5c11-d91a027d8
0.03,0.02,2,0.02,0.0,zero,hard,1,0.07054794423648346,0.07054794423648346,0.26743285010251083,15.75863059486447,0.00032680426,2084,1042.0,5ef5c11-d91a027d8
0.003,0.05,8,0.005,1.0,zero,soft,4,0.024391576199070085,0.024391576199070085,0.07364145139402499,72.828056329604,3.2716056e-5,2459,1229.5,5ef5c11-d91a027d8
0.3,0.05,2,0.02,1.0,zero,soft,2,0.1247857326593681,0.1247857326593681,0.2727410626567291,5.973571425444528,8.953138e-5,953,476.5,5ef5c11-d91a027d8
0.003,0.05,8,0.02,0.0,zero,soft,1,0.0029830380676214062,0.0029830380676214062,0.0825086031830393,27.121676708646188,0.00011610375,2459,1229.5,5ef5c11-d91a027d8
0.03,0.05,8,0.02,4.0,zero,soft,7,-0.002652228142866811,-0.002652228142866811,0.11876302478795471,92.17928806867187,0.000232274,2459,1229.5,5ef5c11-d91a027d8
0.3,0.02,2,0.02,0.0,zero,soft,6,0.22336067221117087,0.22336067221117087,0.4195599722937575,4.3571162150987135,5.3822696e-5,2084,1042.0,5ef5c11-d91a027d8
0.3,0.05,2,0.01,0.0,zero,hard,6,0.17723094806617262,0.17723094806617262,0.5014417000637311,2.5110593647915045,0.000112622154,953,476.5,5ef5c11-d91a027d8
0.003,0.02,2,0.0,4.0,zero,hard,3,-0.002180514369138909,-0.0005356819365710125,-0.002180514369138909,2814.7375311244427,3.956093e-5,2084,1042.0,5ef5c11-d91a027d8
0.003,0.05,2,0.0,4.0,zero,soft,2,-0.0063769857066514534,0.0019802972966573695,-0.0063769857066514534,4431.488625377924,8.953138e-5,953,476.5,5ef5c11-d91a027d8
0.003,0.05,2,0.02,0.0,zero,hard,6,-0.0045175883842341015,-0.0045175883842341015,0.0443658928769377,1.6870668991113105,0.000112622154,953,476.5,5ef5c11-d91a027d8
0.3,0.02,2,0.02,0.0,zero,hard,1,0.25006642322129086,0.25006642322129086,0.4277226528143726,4.351913437240974,0.00032680426,2084,1042.0,5ef5c11-d91a027d8
0.03,0.05,2,0.02,0.0,zero,hard,6,0.03966475920080109,0.03966475920080109,0.05941298021885737,7.601358904677556,0.000112622154,953,476.5,5ef5c11-d91a027d8
0.03,0.05,2,0.0,4.0,zero,soft,2,-0.006376062757828542,0.001980833771436213,-0.006376062757828542,443.1490524815787,8.953138e-5,953,476.5,5ef5c11-d91a027d8
0.03,0.05,8,0.02,0.0,zero,soft,1,0.07180533509289401,0.07180533509289401,0.11629111268051381,14.575371110584213,0.00011610375,2459,1229.5,5ef5c11-d91a027d8
0.03,0.05,8,0.005,1.0,zero,soft,4,0.11342336769675497,0.11342336769675497,0.22589036473951282,7.299526610641373,3.2716056e-5,2459,1229.5,5ef5c11-d91a027d8
0.003,0.02,2,0.0,0.25,zero,soft,6,-0.01455988504163446,-0.01455988504163446,-0.0052478981910995684,2509.550473459025,5.3822696e-5,2084,1042.0,5ef5c11-d91a027d8
0.3,0.05,2,0.02,0.0,zero,hard,6,0.0806470957907354,0.0806470957907354,0.12976979733565835,3.5272687097327617,0.000112622154,953,476.5,5ef5c11-d91a027d8
0.3,0.05,8,0.02,4.0,zero,soft,7,0.05366239173806508,0.05366239173806508,0.27120273944333095,9.226619444605381,0.000232274,2459,1229.5,5ef5c11-d91a027d8
0.03,0.02,2,0.0,4.0,zero,hard,3,-0.002177531957831423,-0.0005358084836711295,-0.002177531957831423,281.478684807172,3.956093e-5,2084,1042.0,5ef5c11-d91a027d8
0.3,0.05,2,0.0,4.0,zero,soft,2,-0.006365172335977579,0.0019860138318972508,-0.006365172335977579,44.32435804843347,8.953138e-5,953,476.5,5ef5c11-d91a027d8
0.03,0.02,8,0.005,0.0,zero,hard,6,0.11545048832419422,0.11545048832419422,0.25070424615186715,5.5878739314065164,0.000112622154,5852,2926.0,5ef5c11-d91a027d8
0.003,0.05,2,0.0,0.25,zero,hard,6,-0.0011141003730118768,-0.0011141003730118768,0.0015315578011408956,3425.363830498163,0.000112622154,953,476.5,5ef5c11-d91a027d8
0.003,0.02,2,0.0,0.25,zero,hard,1,-0.031564009998825415,0.007922075206052495,-0.031564009998825415,2710.738203499727,0.00032680426,2084,1042.0,5ef5c11-d91a027d8
0.003,0.05,2,0.005,4.0,zero,soft,2,0.0028349765619678697,0.0028349765619678697,0.04383671131923061,566.0242246057052,8.953138e-5,953,476.5,5ef5c11-d91a027d8
0.3,0.05,8,0.02,0.0,zero,soft,1,0.14437909950353014,0.14437909950353014,0.30237959071631276,3.9948819091825296,0.00011610375,2459,1229.5,5ef5c11-d91a027d8
0.003,0.05,8,0.0,0.0,zero,hard,8,0.14503125359146074,0.14503125359146074,0.2800713829582301,6.297196813515124,0.00089239184,2459,1229.5,5ef5c11-d91a027d8
0.03,0.05,2,0.0,0.25,zero,hard,6,-0.0010090587943653853,-0.0010090587943653853,0.0018600634323498579,342.54207254680983,0.000112622154,953,476.5,5ef5c11-d91a027d8
0.03,0.05,2,0.005,4.0,zero,soft,2,0.01506513803413333,0.01506513803413333,0.06714263172972763,56.62402856625669,8.953138e-5,953,476.5,5ef5c11-d91a027d8
0.03,0.02,2,0.0,0.25,zero,soft,6,-0.01429688907407529,-0.01429688907407529,-0.0046397386619073,250.96954027054878,5.3822696e-5,2084,1042.0,5ef5c11-d91a027d8
0.3,0.05,8,0.005,1.0,zero,soft,4,0.6803462466307781,0.6803462466307781,0.7292384706833263,0.8380526930481759,3.2716056e-5,2459,1229.5,5ef5c11-d91a027d8
0.3,0.02,2,0.0,4.0,zero,hard,3,-0.0021548105029898144,-0.0005370825128895505,-0.0021548105029898144,28.165730028071195,3.956093e-5,2084,1042.0,5ef5c11-d91a027d8
0.3,0.05,2,0.005,4.0,zero,soft,2,0.1369311922849055,0.1369311922849055,0.2803041856786988,5.677428158538018,8.953138e-5,953,476.5,5ef5c11-d91a027d8
0.3,0.05,2,0.0,0.25,zero,hard,6,4.3026136786207216e-5,4.3026136786207216e-5,0.005143223471828125,34.27316158095393,0.000112622154,953,476.5,5ef5c11-d91a027d8
0.03,0.05,8,0.0,0.0,zero,hard,8,0.5922140466556556,0.5922140466556556,0.7174203604447402,0.8785792359745885,0.00089239184,2459,1229.5,5ef5c11-d91a027d8
0.3,0.02,8,0.01,1.0,zero,soft,2,0.6909844275863849,0.6909844275863849,0.842563606320949,0.9861485074562865,8.953138e-5,5852,2926.0,5ef5c11-d91a027d8
0.03,0.02,2,0.0,0.25,zero,hard,1,-0.030774245584557606,0.00819676754879801,-0.030774245584557606,271.0715788056071,0.00032680426,2084,1042.0,5ef5c11-d91a027d8
0.003,0.05,2,0.01,4.0,zero,soft,2,-0.0009821551371480203,-0.0009821551371480203,0.04503796588344884,1117.3265670130509,8.953138e-5,953,476.5,5ef5c11-d91a027d8
0.003,0.05,2,0.005,0.25,zero,hard,6,-0.10569713645164229,0.0015875188064797352,-0.10569713645164229,42.8547949376213,0.000112622154,953,476.5,5ef5c11-d91a027d8
0.3,0.02,2,0.0,0.25,zero,soft,6,-0.011672590814186345,-0.011672590814186345,0.0014713706269397341,25.127607614279206,5.3822696e-5,2084,1042.0,5ef5c11-d91a027d8
0.03,0.05,2,0.01,4.0,zero,soft,2,0.0045104808971545,0.0045104808971545,0.05639530178736772,111.7013675917328,8.953138e-5,953,476.5,5ef5c11-d91a027d8
0.03,0.05,2,0.005,0.25,zero,hard,6,0.09373299608640216,0.09373299608640216,0.16505134961879744,4.413987602920259,0.000112622154,953,476.5,5ef5c11-d91a027d8
0.003,0.02,2,0.005,4.0,zero,hard,3,-0.004220142023295528,0.012539267966866007,-0.004220142023295528,329.97955110748745,3.956093e-5,2084,1042.0,5ef5c11-d91a027d8
0.3,0.05,8,0.0,0.0,zero,hard,8,0.7149461696453906,0.7380229867566719,0.7149461696453906,0.6756400431951136,0.00089239184,2459,1229.5,5ef5c11-d91a027d8
0.003,0.05,8,0.0,0.25,zero,soft,1,-0.014287910091228422,0.00026943568654179493,-0.014287910091228422,2067.871707722284,0.00011610375,2459,1229.5,5ef5c11-d91a027d8
0.003,0.05,8,0.01,1.0,zero,soft,4,0.021674640217299968,0.021674640217299968,0.048910749159144534,143.357572244417,3.2716056e-5,2459,1229.5,5ef5c11-d91a027d8
0.3,0.05,2,0.01,4.0,zero,soft,2,0.0628752450134518,0.0628752450134518,0.16231197420024177,11.197926877096101,8.953138e-5,953,476.5,5ef5c11-d91a027d8
0.3,0.05,2,0.005,0.25,zero,hard,6,0.5273154348245666,0.5273154348245666,0.7569551124550552,0.9236334499912594,0.000112622154,953,476.5,5ef5c11-d91a027d8
0.3,0.02,2,0.0,0.25,zero,hard,1,-0.022866738979305207,0.010945193914998786,-0.022866738979305207,27.118678578533334,0.00032680426,2084,1042.0,5ef5c11-d91a027d8
0.003,0.05,2,0.01,0.25,zero,hard,6,-0.09405341566105879,-0.0069158885716691645,-0.09405341566105879,87.22896282885247,0.000112622154,953,476.5,5ef5c11-d91a027d8
0.003,0.05,2,0.02,4.0,zero,soft,2,-0.0024436045930474235,-0.0024436045930474235,0.03433174672600329,2137.390518837862,8.953138e-5,953,476.5,5ef5c11-d91a027d8
0.003,0.02,2,0.005,0.25,zero,soft,6,0.03167716926402137,0.05099959533017098,0.03167716926402137,30.219122134153213,5.3822696e-5,2084,1042.0,5ef5c11-d91a027d8
0.3,0.02,8,0.005,0.0,zero,hard,6,0.4099083326065109,0.4099083326065109,0.605087473841335,1.716356201594686,0.000112622154,5852,2926.0,5ef5c11-d91a027d8
0.03,0.02,2,0.005,4.0,zero,hard,3,0.037750393740170966,0.037750393740170966,0.03936180787019538,33.00788699596433,3.956093e-5,2084,1042.0,5ef5c11-d91a027d8
0.003,0.05,8,0.005,0.0,zero,hard,8,0.062390430699111286,0.062390430699111286,0.11824408216399539,18.904350496023845,0.00089239184,2459,1229.5,5ef5c11-d91a027d8
0.03,0.05,2,0.01,0.25,zero,hard,6,0.025663695943575805,0.03867125090746771,0.025663695943575805,8.87067104184289,0.000112622154,953,476.5,5ef5c11-d91a027d8
0.03,0.05,2,0.02,4.0,zero,soft,2,4.664235500419114e-5,4.664235500419114e-5,0.0391115661583781,213.71143157973754,8.953138e-5,953,476.5,5ef5c11-d91a027d8
0.003,0.02,2,0.005,0.25,zero,hard,1,-0.0298715625645021,0.012720344258338482,-0.0298715625645021,34.465865278820296,0.00032680426,2084,1042.0,5ef5c11-d91a027d8
0.03,0.05,8,0.01,1.0,zero,soft,4,0.06732761905238599,0.06732761905238599,0.12236759570621579,14.359564712878935,3.2716056e-5,2459,1229.5,5ef5c11-d91a027d8
0.3,0.05,2,0.01,0.25,zero,hard,6,0.3759691886790659,0.3759691886790659,0.6629271460575616,1.228715333662394,0.000112622154,953,476.5,5ef5c11-d91a027d8
0.3,0.05,2,0.02,4.0,zero,soft,2,0.025444404028571278,0.025444404028571278,0.08957147098161124,21.362705369805937,8.953138e-5,953,476.5,5ef5c11-d91a027d8
0.03,0.05,8,0.0,0.25,zero,soft,1,-0.013384833009517592,0.0005589525045202834,-0.013384833009517592,206.79188148318315,0.00011610375,2459,1229.5,5ef5c11-d91a027d8
0.03,0.02,2,0.005,0.25,zero,soft,6,0.28787291022424943,0.28787291022424943,0.3631430082781601,3.043003015716893,5.3822696e-5,2084,1042.0,5ef5c11-d91a027d8
0.003,0.05,2,0.0,0.0,zero,hard,3,0.42440973706330615,0.42440973706330615,0.8701276819465211,1.6869179887024643,3.956093e-5,953,476.5,5ef5c11-d91a027d8
0.3,0.02,2,0.005,4.0,zero,hard,3,0.2823650781682109,0.2823650781682109,0.4215346872768924,3.3022460874623762,3.956093e-5,2084,1042.0,5ef5c11-d91a027d8
0.003,0.05,2,0.02,0.25,zero,hard,6,-0.037375948130527845,0.03201646995769413,-0.037375948130527845,163.47168414479486,0.000112622154,953,476.5,5ef5c11-d91a027d8
0.03,0.05,2,0.0,0.0,zero,hard,3,0.9461095409528119,0.9461095409528119,0.9715419254340284,0.3304717357939715,3.956093e-5,953,476.5,5ef5c11-d91a027d8
0.03,0.05,8,0.005,0.0,zero,hard,8,0.07732614296917543,0.07732614296917543,0.17700914955775163,5.333619211191032,0.00089239184,2459,1229.5,5ef5c11-d91a027d8
0.03,0.05,2,0.02,0.25,zero,hard,6,0.03476622782917316,0.06170955901852399,0.03476622782917316,16.387741557885985,0.000112622154,953,476.5,5ef5c11-d91a027d8
0.3,0.05,2,0.0,0.0,zero,hard,3,0.9654671899723092,0.9654671899723092,0.9733162599296821,0.2781375327126491,3.956093e-5,953,476.5,5ef5c11-d91a027d8
0.03,0.02,2,0.005,0.25,zero,hard,1,0.25182058260048185,0.25182058260048185,0.42429899639686003,3.430077676565512,0.00032680426,2084,1042.0,5ef5c11-d91a027d8
0.3,0.02,2,0.005,0.25,zero,soft,6,0.8699337108005137,0.8699337108005137,0.9293100582516768,0.5061277956757401,5.3822696e-5,2084,1042.0,5ef5c11-d91a027d8
0.003,0.02,8,0.02,1.0,zero,soft,2,0.004430410103947859,0.012151789539295884,0.004430410103947859,190.82299887572483,8.953138e-5,5852,2926.0,5ef5c11-d91a027d8
0.003,0.05,2,0.005,0.0,zero,hard,3,0.05070780002194647,0.10557667115923415,0.05070780002194647,24.646047281017278,3.956093e-5,953,476.5,5ef5c11-d91a027d8
0.3,0.05,2,0.02,0.25,zero,hard,6,0.27536595903658784,0.27536595903658784,0.47086150030508633,1.843742365898017,0.000112622154,953,476.5,5ef5c11-d91a027d8
0.3,0.05,8,0.01,1.0,zero,soft,4,0.45664624236451684,0.45664624236451684,0.6032885657368717,1.4837257759376956,3.2716056e-5,2459,1229.5,5ef5c11-d91a027d8
0.003,0.02,2,0.01,4.0,zero,hard,3,0.000833753653955151,0.005427466330158197,0.000833753653955151,651.2742078702672,3.956093e-5,2084,1042.0,5ef5c11-d91a027d8
0.03,0.05,2,0.005,0.0,zero,hard,3,0.1287703541874372,0.1576122224502614,0.1287703541874372,6.809587138113723,3.956093e-5,953,476.5,5ef5c11-d91a027d8
0.3,0.05,8,0.0,0.25,zero,soft,1,-0.0043654640419556094,0.0034536807424651633,-0.0043654640419556094,20.70357962777747,0.00011610375,2459,1229.5,5ef5c11-d91a027d8
0.003,0.05,2,0.0,1.0,zero,hard,6,-0.0010973385998522562,-0.0010973385998522562,0.00042801773936814304,3571.340442633505,0.000112622154,953,476.5,5ef5c11-d91a027d8
0.3,0.02,2,0.005,0.25,zero,hard,1,0.8975876838934658,0.8975876838934658,0.9686125275178531,0.47751268324011126,0.00032680426,2084,1042.0,5ef5c11-d91a027d8
0.3,0.05,8,0.005,0.0,zero,hard,8,0.26136081675895645,0.26136081675895645,0.47770297000818357,1.7192724810583373,0.00089239184,2459,1229.5,5ef5c11-d91a027d8
0.003,0.02,2,0.01,0.25,zero,soft,6,-0.025552966925237557,0.05659289266670563,-0.025552966925237557,63.49549135052666,5.3822696e-5,2084,1042.0,5ef5c11-d91a027d8
0.3,0.05,2,0.005,0.0,zero,hard,3,0.41436912451818897,0.41436912451818897,0.662206888497974,1.8961383518460413,3.956093e-5,953,476.5,5ef5c11-d91a027d8
0.003,0.02,8,0.01,0.0,zero,hard,6,0.03459257326468498,0.03459257326468498,0.06863851199141235,26.308993681954295,0.000112622154,5852,2926.0,5ef5c11-d91a027d8
0.003,0.05,2,0.01,0.0,zero,hard,3,-0.0118744553686079,-0.0118744553686079,0.10640188043133786,7.142003068073361,3.956093e-5,953,476.5,5ef5c11-d91a027d8
0.03,0.05,2,0.0,1.0,zero,hard,6,-0.001096838590554706,-0.001096838590554706,0.0004260513912381161,357.13783069906594,0.000112622154,953,476.5,5ef5c11-d91a027d8
0.03,0.02,2,0.01,4.0,zero,hard,3,0.01761196033875474,0.01761196033875474,0.021801954700840863,65.10206099859052,3.956093e-5,2084,1042.0,5ef5c11-d91a027d8
0.03,0.05,2,0.01,0.0,zero,hard,3,0.10967440450500483,0.10967440450500483,0.18580454333451765,9.71539772065295,3.956093e-5,953,476.5,5ef5c11-d91a027d8
0.003,0.05,8,0.02,1.0,zero,soft,4,0.020114300039020153,0.020114300039020153,0.03578964568518628,289.783245642637,3.2716056e-5,2459,1229.5,5ef5c11-d91a027d8
0.003,0.02,2,0.01,0.25,zero,hard,1,0.05210498501771447,0.06377991858408605,0.05210498501771447,71.96807553667598,0.00032680426,2084,1042.0,5ef5c11-d91a027d8
0.3,0.05,2,0.0,1.0,zero,hard,6,-0.0010915459736413997,-0.0010915459736413997,0.0003923649469665738,35.728946038753925,0.000112622154,953,476.5,5ef5c11-d91a027d8
0.03,0.02,2,0.01,0.25,zero,soft,6,0.17596914107534392,0.17596914107534392,0.21517144119058104,6.33929582106437,5.3822696e-5,2084,1042.0,5ef5c11-d91a027d8
0.3,0.05,2,0.01,0.0,zero,hard,3,0.23181869890253268,0.23181869890253268,0.4052889105545237,2.9085756515864767,3.956093e-5,953,476.5,5ef5c11-d91a027d8
0.003,0.05,8,0.01,0.0,zero,hard,8,0.015140721241275195,0.0640775296639999,0.015140721241275195,6.356210823542589,0.00089239184,2459,1229.5,5ef5c11-d91a027d8
0.003,0.05,8,0.005,0.25,zero,soft,1,0.023140997473518877,0.045757531346174385,0.023140997473518877,26.97335357771259,0.00011610375,2459,1229.5,5ef5c11-d91a027d8
0.003,0.05,2,0.005,1.0,zero,hard,6,-0.06060798966294697,0.013894017132349605,-0.06060798966294697,123.58013197846941,0.000112622154,953,476.5,5ef5c11-d91a027d8
0.3,0.02,2,0.01,4.0,zero,hard,3,0.14091571552562954,0.14091571552562954,0.23309822537330524,6.51552372219038,3.956093e-5,2084,1042.0,5ef5c11-d91a027d8
0.003,0.05,2,0.02,0.0,zero,hard,3,0.03228311447976268,0.03228311447976268,0.05381590865885344,75.60064128496188,3.956093e-5,953,476.5,5ef5c11-d91a027d8
0.03,0.05,2,0.005,1.0,zero,hard,6,0.025684039180451455,0.05069176738799073,0.025684039180451455,12.40691777126914,0.000112622154,953,476.5,5ef5c11-d91a027d8
0.03,0.02,2,0.01,0.25,zero,hard,1,0.18163821974857863,0.18163821974857863,0.29335484921733357,7.209545708352086,0.00032680426,2084,1042.0,5ef5c11-d91a027d8
0.03,0.05,2,0.02,0.0,zero,hard,3,-0.019663457551895056,0.1029798932933562,-0.019663457551895056,13.758515865525183,3.956093e-5,953,476.5,5ef5c11-d91a027d8
0.3,0.02,2,0.01,0.25,zero,soft,6,0.7707423233430111,0.7707423233430111,0.8229865415323292,0.7491964764894676,5.3822696e-5,2084,1042.0,5ef5c11-d91a027d8
0.03,0.05,8,0.02,1.0,zero,soft,4,0.04337822157259967,0.04337822157259967,0.07627728016054983,28.958606899802373,3.2716056e-5,2459,1229.5,5ef5c11-d91a027d8
0.3,0.05,2,0.005,1.0,zero,hard,6,0.32406907114612366,0.32406907114612366,0.5964484178182288,1.4803548142881302,0.000112622154,953,476.5,5ef5c11-d91a027d8
0.3,0.05,2,0.02,0.0,zero,hard,3,0.21001901031255482,0.22623751398465414,0.21001901031255482,3.816870323602686,3.956093e-5,953,476.5,5ef5c11-d91a027d8
0.03,0.05,8,0.01,0.0,zero,hard,8,0.11972605052292046,0.11972605052292046,0.18444641575687223,8.02617986947401,0.00089239184,2459,1229.5,5ef5c11-d91a027d8
0.03,0.05,8,0.005,0.25,zero,soft,1,0.29278501892470427,0.29278501892470427,0.48551084274913164,2.76277860831608,0.00011610375,2459,1229.5,5ef5c11-d91a027d8
0.03,0.02,8,0.02,1.0,zero,soft,2,0.0550242852840193,0.0550242852840193,0.072563997528284,19.067165032484503,8.953138e-5,5852,2926.0,5ef5c11-d91a027d8
0.003,0.02,2,0.02,4.0,zero,hard,3,0.0012518215111762784,0.0012518215111762784,0.005140874368059229,1257.4745252206171,3.956093e-5,2084,1042.0,5ef5c11-d91a027d8
0.003,0.05,2,0.01,1.0,zero,hard,6,-0.0387221328073264,0.010404634401593327,-0.0387221328073264,252.80034698002564,0.000112622154,953,476.5,5ef5c11-d91a027d8
0.003,0.05,2,0.0,0.25,zero,hard,3,-0.0006385625981479736,-0.0006385625981479736,0.00718664333943586,4259.808816629284,3.956093e-5,953,476.5,5ef5c11-d91a027d8
0.3,0.02,2,0.01,0.25,zero,hard,1,0.7687571980942809,0.7687571980942809,0.9264662566598746,0.8033523919754918,0.00032680426,2084,1042.0,5ef5c11-d91a027d8
0.003,0.02,2,0.02,0.25,zero,soft,6,-0.03729434688735347,0.07173325877040904,-0.03729434688735347,119.03911837865229,5.3822696e-5,2084,1042.0,5ef5c11-d91a027d8
0.03,0.02,8,0.01,0.0,zero,hard,6,0.15326222143409535,0.15326222143409535,0.23499223283294338,9.459129170007573,0.000112622154,5852,2926.0,5ef5c11-d91a027d8
0.03,0.05,2,0.01,1.0,zero,hard,6,0.0075077517905206385,0.02669294109395157,0.0075077517905206385,25.315189653690435,0.000112622154,953,476.5,5ef5c11-d91a027d8
0.03,0.05,2,0.0,0.25,zero,hard,3,-0.000490512281628082,-0.000490512281628082,0.007564045195471355,425.98351517155584,3.956093e-5,953,476.5,5ef5c11-d91a027d8
0.3,0.05,8,0.01,0.0,zero,hard,8,0.17900716796230207,0.17900716796230207,0.34287301991917435,2.5287741586645236,0.00089239184,2459,1229.5,5ef5c11-d91a027d8
0.3,0.05,2,0.01,1.0,zero,hard,6,0.18226478363148252,0.18226478363148252,0.36981020298384504,2.68311953372371,0.000112622154,953,476.5,5ef5c11-d91a027d8
0.3,0.05,8,0.02,1.0,zero,soft,4,0.2542940387343426,0.2542940387343426,0.40533116042573514,2.9208065564861876,3.2716056e-5,2459,1229.5,5ef5c11-d91a027d8
0.03,0.02,2,0.02,4.0,zero,hard,3,0.006531469472134518,0.006531469472134518,0.013003207963454095,125.73344462795734,3.956093e-5,2084,1042.0,5ef5c11-d91a027d8
0.3,0.05,2,0.0,0.25,zero,hard,3,0.0009908205985300843,0.0009908205985300843,0.01133290519715191,42.6117925321707,3.956093e-5,953,476.5,5ef5c11-d91a027d8
0.3,0.05,8,0.005,0.25,zero,soft,1,0.843994910814232,0.843994910814232,0.9088942209635602,0.5448346295900653,0.00011610375,2459,1229.5,5ef5c11-d91a027d8
0.003,0.02,2,0.02,0.25,zero,hard,1,-0.08123548101185821,0.03702235442984197,-0.08123548101185821,137.10554661017875,0.00032680426,2084,1042.0,5ef5c11-d91a027d8
0.03,0.02,2,0.02,0.25,zero,soft,6,0.0948409674058378,0.13962168234546612,0.0948409674058378,11.93773766435127,5.3822696e-5,2084,1042.0,5ef5c11-d91a027d8
0.003,0.05,2,0.02,1.0,zero,hard,6,-0.0608074126814601,0.021666791074682716,-0.0608074126814601,493.3819249669544,0.000112622154,953,476.5,5ef5c11-d91a027d8
0.003,0.05,2,0.005,0.25,zero,hard,3,-0.01754144992726103,-0.01754144992726103,0.06920231084098133,51.60572287812447,3.956093e-5,953,476.5,5ef5c11-d91a027d8
0.03,0.05,2,0.02,1.0,zero,hard,6,-0.03319188499832432,0.029614534262393334,-0.03319188499832432,49.37658183627106,0.000112622154,953,476.5,5ef5c11-d91a027d8
0.03,0.05,2,0.005,0.25,zero,hard,3,0.12242375724276729,0.12242375724276729,0.33031495563951324,5.173586673918762,3.956093e-5,953,476.5,5ef5c11-d91a027d8
0.003,0.05,8,0.02,0.0,zero,hard,8,0.031673629184556885,0.06300996858628628,0.031673629184556885,6.384036677731692,0.00089239184,2459,1229.5,5ef5c11-d91a027d8
0.3,0.02,2,0.02,4.0,zero,hard,3,0.05918923494910172,0.05918923494910172,0.11064242173907055,12.582115242645019,3.956093e-5,2084,1042.0,5ef5c11-d91a027d8
0.3,0.05,2,0.02,1.0,zero,hard,6,0.10817930959109358,0.10817930959109358,0.18794901127979685,5.012854635484031,0.000112622154,953,476.5,5ef5c11-d91a027d8
0.3,0.02,2,0.02,0.25,zero,soft,6,0.6033187011235759,0.6033187011235759,0.7263770303419411,1.2417570968231701,5.3822696e-5,2084,1042.0,5ef5c11-d91a027d8
0.03,0.02,2,0.02,0.25,zero,hard,1,0.06971943090820033,0.09987440124528757,0.06971943090820033,13.719930371094883,0.00032680426,2084,1042.0,5ef5c11-d91a027d8
0.3,0.05,2,0.005,0.25,zero,hard,3,0.794873262282559,0.794873262282559,0.9115498078367589,0.6572389020437908,3.956093e-5,953,476.5,5ef5c11-d91a027d8
0.003,0.02,2,0.0,0.0,zero,soft,3,0.9499604314847128,0.9499604314847128,0.9733204199738912,0.312576925442592,5.271828e-5,2084,1042.0,5ef5c11-d91a027d8
0.003,0.05,8,0.0,4.0,zero,soft,4,-0.011463022868130567,0.001170134449841057,-0.011463022868130567,2124.918880748821,3.2716056e-5,2459,1229.5,5ef5c11-d91a027d8
0.003,0.05,2,0.0,4.0,zero,hard,6,0.0005276204504487082,0.0005276204504487082,0.005544821822716502,3640.7454811829075,0.000112622154,953,476.5,5ef5c11-d91a027d8
0.003,0.05,8,0.01,0.25,zero,soft,1,-0.0011514428281657856,-0.0011514428281657856,0.005292845793719064,48.07197334644669,0.00011610375,2459,1229.5,5ef5c11-d91a027d8
0.003,0.05,2,0.01,0.25,zero,hard,3,-0.03154322217907056,0.006733230065934153,-0.03154322217907056,108.1649364482481,3.956093e-5,953,476.5,5ef5c11-d91a027d8
0.03,0.02,2,0.0,0.0,zero,soft,3,0.9784903255355233,0.9874365934637852,0.9784903255355233,0.16857370411752612,5.271828e-5,2084,1042.0,5ef5c11-d91a027d8
0.3,0.02,8,0.01,0.0,zero,hard,6,0.256467642767935,0.256467642767935,0.5464240837998876,2.603437045553289,0.000112622154,5852,2926.0,5ef5c11-d91a027d8
0.03,0.05,8,0.02,0.0,zero,hard,8,0.054193577670015446,0.054193577670015446,0.19545163194764073,7.522768361491226,0.00089239184,2459,1229.5,5ef5c11-d91a027d8
0.03,0.05,2,0.0,4.0,zero,hard,6,0.0005266748069059865,0.0005266748069059865,0.005521382040658918,364.0781311233178,0.000112622154,953,476.5,5ef5c11-d91a027d8
0.3,0.02,2,0.02,0.25,zero,hard,1,0.5789826943428649,0.5789826943428649,0.8105223435313996,1.416183437440146,0.00032680426,2084,1042.0,5ef5c11-d91a027d8
0.03,0.05,2,0.01,0.25,zero,hard,3,0.07141306295421285,0.07141306295421285,0.10054559809627854,10.902493138614076,3.956093e-5,953,476.5,5ef5c11-d91a027d8
0.3,0.02,8,0.02,1.0,zero,soft,2,0.43363243697328274,0.43363243697328274,0.5986495350741141,1.9219435236552689,8.953138e-5,5852,2926.0,5ef5c11-d91a027d8
0.003,0.02,2,0.0,1.0,zero,soft,6,-0.00022512228236955256,-0.00022512228236955256,0.005714931499022355,2624.372982483579,5.3822696e-5,2084,1042.0,5ef5c11-d91a027d8
0.3,0.05,2,0.01,0.25,zero,hard,3,0.5690881945376981,0.5690881945376981,0.7467688093424509,1.1806618802134379,3.956093e-5,953,476.5,5ef5c11-d91a027d8
0.3,0.02,2,0.0,0.0,zero,soft,3,0.978784369958128,0.987956080925395,0.978784369958128,0.1657896103594012,5.271828e-5,2084,1042.0,5ef5c11-d91a027d8
0.3,0.05,2,0.0,4.0,zero,hard,6,0.000518166171835973,0.000518166171835973,0.005282952493627031,36.42165624255995,0.000112622154,953,476.5,5ef5c11-d91a027d8
0.03,0.05,8,0.01,0.25,zero,soft,1,0.14252890420269534,0.14252890420269534,0.30210161956244447,4.864503076119285,0.00011610375,2459,1229.5,5ef5c11-d91a027d8
0.003,0.05,2,0.02,0.25,zero,hard,3,0.04866206070600177,0.04866206070600177,0.054175793645608546,219.27823710895518,3.956093e-5,953,476.5,5ef5c11-d91a027d8
0.03,0.05,8,0.0,4.0,zero,soft,4,-0.011473490486287,0.0011707318015754243,-0.011473490486287,212.49249226735625,3.2716056e-5,2459,1229.5,5ef5c11-d91a027d8
0.3,0.05,8,0.02,0.0,zero,hard,8,0.1068365470817543,0.1068365470817543,0.17795118785900224,3.6025868098076175,0.00089239184,2459,1229.5,5ef5c11-d91a027d8
0.003,0.05,2,0.005,4.0,zero,hard,6,-0.06273357445830934,0.006970144852389331,-0.06273357445830934,480.7712565961727,0.000112622154,953,476.5,5ef5c11-d91a027d8
0.003,0.02,2,0.0,1.0,zero,hard,1,-0.00076671468637159,-0.00076671468637159,0.009706713767093351,2848.277234875649,0.00032680426,2084,1042.0,5ef5c11-d91a027d8
0.003,0.02,2,0.005,0.0,zero,soft,3,-0.0052460053692073945,-0.0052460053692073945,0.058950276397833345,17.918753318620947,5.271828e-5,2084,1042.0,5ef5c11-d91a027d8
0.03,0.05,2,0.02,0.25,zero,hard,3,0.08137964698223159,0.08137964698223159,0.11158651151348471,22.01921699021205,3.956093e-5,953,476.5,5ef5c11-d91a027d8
0.03,0.02,2,0.0,1.0,zero,soft,6,-0.00022561449385574215,-0.00022561449385574215,0.005709675736850496,262.4407474879439,5.3822696e-5,2084,1042.0,5ef5c11-d91a027d8
0.03,0.05,2,0.005,4.0,zero,hard,6,-0.04256691249198049,0.015554977324150334,-0.04256691249198049,48.09925038754534,0.000112622154,953,476.5,5ef5c11-d91a027d8
0.3,0.05,2,0.02,0.25,zero,hard,3,0.37432345712794535,0.37432345712794535,0.5132212667250471,2.271829289646715,3.956093e-5,953,476.5,5ef5c11-d91a027d8
0.3,0.05,2,0.005,4.0,zero,hard,6,0.10136547343093771,0.10136547343093771,0.18011163660978233,4.89692785310103,0.000112622154,953,476.5,5ef5c11-d91a027d8
0.03,0.02,2,0.005,0.0,zero,soft,3,0.14979217703683717,0.14979217703683717,0.20712786252169146,6.484890269588506,5.271828e-5,2084,1042.0,5ef5c11-d91a027d8
0.3,0.05,8,0.01,0.25,zero,soft,1,0.7589538811040516,0.7589538811040516,0.7951963817464114,0.6977579474314183,0.00011610375,2459,1229.5,5ef5c11-d91a027d8
0.003,0.05,2,0.0,1.0,zero,hard,3,-0.0024857493138961935,-0.0024857493138961935,0.0029818449564851623,4455.125846490947,3.956093e-5,953,476.5,5ef5c11-d91a027d8
0.03,0.02,2,0.0,1.0,zero,hard,1,-0.0007662667142758214,-0.0007662667142758214,0.009697600779012744,284.83091164390214,0.00032680426,2084,1042.0,5ef5c11-d91a027d8
0.003,0.05,2,0.01,4.0,zero,hard,6,-0.056229509187966646,0.006220643572188496,-0.056229509187966646,944.3320144667721,0.000112622154,953,476.5,5ef5c11-d91a027d8
0.3,0.02,2,0.0,1.0,zero,soft,6,-0.00023029463998896715,-0.00023029463998896715,0.00565939359400202,26.26302692456288,5.3822696e-5,2084,1042.0,5ef5c11-d91a027d8
0.003,0.02,8,0.02,0.0,zero,hard,6,-0.0033560884643985215,-0.0033560884643985215,0.04002773167866527,1.383977346800463,0.000112622154,5852,2926.0,5ef5c11-d91a027d8
0.003,0.05,8,0.0,0.25,zero,hard,8,-0.007370345529909638,-0.007370345529909638,-0.006787653163565103,1744.4989643012284,0.00089239184,2459,1229.5,5ef5c11-d91a027d8
0.03,0.05,2,0.0,1.0,zero,hard,3,-0.002485497967960867,-0.002485497967960867,0.002986071451373771,445.5175245224207,3.956093e-5,953,476.5,5ef5c11-d91a027d8
0.3,0.05,8,0.0,4.0,zero,soft,4,-0.01158557698869198,0.0011768268842585273,-0.01158557698869198,21.271608762023526,3.2716056e-5,2459,1229.5,5ef5c11-d91a027d8
0.3,0.02,2,0.005,0.0,zero,soft,3,0.4108604245490227,0.4108604245490227,0.6409963381616471,2.0374242403984404,5.271828e-5,2084,1042.0,5ef5c11-d91a027d8
0.03,0.05,2,0.01,4.0,zero,hard,6,-0.04545180243287062,0.009915436684445791,-0.04545180243287062,94.43847259830355,0.000112622154,953,476.5,5ef5c11-d91a027d8
0.3,0.05,2,0.0,1.0,zero,hard,3,-0.002483013184524681,-0.002483013184524681,0.003028265923521477,44.564466083177834,3.956093e-5,953,476.5,5ef5c11-d91a027d8
0.3,0.05,2,0.01,4.0,zero,hard,6,0.05122885116490146,0.05122885116490146,0.06472343153813283,9.50658573527409,0.000112622154,953,476.5,5ef5c11-d91a027d8
0.003,0.02,2,0.005,1.0,zero,soft,6,-0.02025270961274644,0.02147837897945668,-0.02025270961274644,84.6836500646089,5.3822696e-5,2084,1042.0,5ef5c11-d91a027d8
0.003,0.05,8,0.02,0.25,zero,soft,1,0.01830641157657861,0.01830641157657861,0.03621999100346981,105.08537027123998,0.00011610375,2459,1229.5,5ef5c11-d91a027d8
0.3,0.02,2,0.0,1.0,zero,hard,1,-0.0007618691857284058,-0.0007618691857284058,0.0096064964420005,28.50154907336472,0.00032680426,2084,1042.0,5ef5c11-d91a027d8
0.003,0.05,2,0.005,1.0,zero,hard,3,-0.015545880002433232,0.008861492991960063,-0.015545880002433232,152.0066802530621,3.956093e-5,953,476.5,5ef5c11-d91a027d8
0.003,0.05,2,0.02,4.0,zero,hard,6,-0.03778979063246277,-0.00015509062672471564,-0.03778979063246277,1787.6965222183183,0.000112622154,953,476.5,5ef5c11-d91a027d8
0.003,0.02,2,0.01,0.0,zero,soft,3,0.028696497266665833,0.05048500125112,0.028696497266665833,45.23111497167555,5.271828e-5,2084,1042.0,5ef5c11-d91a027d8
0.03,0.05,2,0.005,1.0,zero,hard,3,0.0630842016527325,0.0630842016527325,0.08258911691147426,15.179050201137663,3.956093e-5,953,476.5,5ef5c11-d91a027d8
0.003,0.05,8,0.005,4.0,zero,soft,4,0.023880868130989264,0.023880868130989264,0.04216673375973236,277.6484909816859,3.2716056e-5,2459,1229.5,5ef5c11-d91a027d8
0.003,0.02,8,0.0,4.0,zero,soft,2,0.0008769843704709188,0.0008769843704709188,0.003188827624702234,1421.7224681879075,8.953138e-5,5852,2926.0,5ef5c11-d91a027d8
0.03,0.05,2,0.02,4.0,zero,hard,6,-0.03269944203756667,0.001615241402725919,-0.03269944203756667,178.7519701576461,0.000112622154,953,476.5,5ef5c11-d91a027d8
0.03,0.02,2,0.005,1.0,zero,soft,6,0.11223111184723572,0.11223111184723572,0.15805141738972203,8.470622116954946,5.3822696e-5,2084,1042.0,5ef5c11-d91a027d8
0.03,0.05,8,0.0,0.25,zero,hard,8,-0.00714248198810555,-0.00714248198810555,-0.006133165437698995,174.45900981070298,0.00089239184,2459,1229.5,5ef5c11-d91a027d8
0.3,0.05,2,0.005,1.0,zero,hard,3,0.48038038265011873,0.48038038265011873,0.6996187794579991,1.5466741977883842,3.956093e-5,953,476.5,5ef5c11-d91a027d8
0.003,0.02,2,0.005,1.0,zero,hard,1,-0.03857432590730262,0.06303531192766013,-0.03857432590730262,98.77802696783516,0.00032680426,2084,1042.0,5ef5c11-d91a027d8
0.3,0.05,2,0.02,4.0,zero,hard,6,0.019574028000431325,0.020896983975737516,0.019574028000431325,17.90724473174495,0.000112622154,953,476.5,5ef5c11-d91a027d8
0.03,0.02,2,0.01,0.0,zero,soft,3,0.1141645561103098,0.1141645561103098,0.16310015326193952,9.483797336587552,5.271828e-5,2084,1042.0,5ef5c11-d91a027d8
0.03,0.05,8,0.02,0.25,zero,soft,1,0.08246435798205436,0.08246435798205436,0.16001997432075943,10.500822839398312,0.00011610375,2459,1229.5,5ef5c11-d91a027d8
0.003,0.05,2,0.01,1.0,zero,hard,3,-0.005621489583279106,-0.005621489583279106,-0.0009879080910078952,300.7387315641025,3.956093e-5,953,476.5,5ef5c11-d91a027d8
0.003,0.05,2,0.0,0.0,zero,soft,6,0.3781330371748513,0.3781330371748513,0.8197029142068116,1.6408285392747701,5.3822696e-5,953,476.5,5ef5c11-d91a027d8
0.03,0.05,2,0.0,0.0,zero,soft,6,0.8261137308124435,0.8261137308124435,0.9036237687013441,0.5649935387987204,5.3822696e-5,953,476.5,5ef5c11-d91a027d8
0.3,0.02,2,0.005,1.0,zero,soft,6,0.7053879487556771,0.7053879487556771,0.8389701788121001,0.8839261987703138,5.3822696e-5,2084,1042.0,5ef5c11-d91a027d8
0.03,0.05,2,0.01,1.0,zero,hard,3,0.020355544864182278,0.020355544864182278,0.044255375798735556,30.151670027345453,3.956093e-5,953,476.5,5ef5c11-d91a027d8
0.03,0.05,8,0.005,4.0,zero,soft,4,0.04683614631393182,0.04683614631393182,0.08421971995476847,27.73067887509224,3.2716056e-5,2459,1229.5,5ef5c11-d91a027d8
0.3,0.05,2,0.0,0.0,zero,soft,6,0.844808644898301,0.844808644898301,0.9054261623935485,0.5407060446075874,5.3822696e-5,953,476.5,5ef5c11-d91a027d8
0.03,0.02,8,0.02,0.0,zero,hard,6,0.05230650069606217,0.05230650069606217,0.05611899148474616,9.081035189439401,0.000112622154,5852,2926.0,5ef5c11-d91a027d8
0.03,0.02,2,0.005,1.0,zero,hard,1,0.13252872416458344,0.14517815798976674,0.13252872416458344,9.902764977411415,0.00032680426,2084,1042.0,5ef5c11-d91a027d8
0.3,0.05,2,0.01,1.0,zero,hard,3,0.25976871007673263,0.25976871007673263,0.4605852033104512,3.03222136078123,3.956093e-5,953,476.5,5ef5c11-d91a027d8
0.003,0.05,2,0.005,0.0,zero,soft,6,0.006783385376186532,0.006783385376186532,0.11723601915167887,23.664661112957994,5.3822696e-5,953,476.5,5ef5c11-d91a027d8
0.3,0.02,2,0.01,0.0,zero,soft,3,0.2746056172219567,0.2746056172219567,0.47826258530842336,2.826488328692572,5.271828e-5,2084,1042.0,5ef5c11-d91a027d8
0.3,0.05,8,0.0,0.25,zero,hard,8,-0.004868808820793976,-0.004868808820793976,0.0004032595621394388,17.47904216913421,0.00089239184,2459,1229.5,5ef5c11-d91a027d8
0.3,0.05,8,0.02,0.25,zero,soft,1,0.5499324522102018,0.5499324522102018,0.7444395807713788,1.1907583246394635,0.00011610375,2459,1229.5,5ef5c11-d91a027d8
0.03,0.05,2,0.005,0.0,zero,soft,6,0.042744869977111986,0.042744869977111986,0.12188046375090682,6.962805267589451,5.3822696e-5,953,476.5,5ef5c11-d91a027d8
0.003,0.05,2,0.02,1.0,zero,hard,3,-0.025387096705302457,-0.019854347177433,-0.025387096705302457,596.8643248012056,3.956093e-5,953,476.5,5ef5c11-d91a027d8
0.003,0.02,2,0.01,1.0,zero,soft,6,-0.017246602367512506,0.041221767210140134,-0.017246602367512506,169.30537060028732,5.3822696e-5,2084,1042.0,5ef5c11-d91a027d8
0.3,0.02,2,0.005,1.0,zero,hard,1,0.7120442661721346,0.7120442661721346,0.8904370167085766,0.9905545297915819,0.00032680426,2084,1042.0,5ef5c11-d91a027d8
0.3,0.05,2,0.005,0.0,zero,soft,6,0.3154714858715523,0.3154714858715523,0.5859226309106471,1.8547917217127956,5.3822696e-5,953,476.5,5ef5c11-d91a027d8
0.003,0.02,2,0.02,0.0,zero,soft,3,-0.029021919658334547,-0.0007467753634097711,-0.029021919658334547,65.41128179772585,5.271828e-5,2084,1042.0,5ef5c11-d91a027d8
0.3,0.05,8,0.005,4.0,zero,soft,4,0.26760682099869093,0.26760682099869093,0.4160310223867822,2.7983971980011644,3.2716056e-5,2459,1229.5,5ef5c11-d91a027d8
0.03,0.05,2,0.02,1.0,zero,hard,3,-0.005977940863331541,-0.005977940863331541,0.002943902645302535,59.684373518018226,3.956093e-5,953,476.5,5ef5c11-d91a027d8
0.003,0.05,2,0.01,0.0,zero,soft,6,0.047329038283468954,0.047329038283468954,0.05338124617223571,21.554692999966747,5.3822696e-5,953,476.5,5ef5c11-d91a027d8
0.3,0.05,2,0.02,1.0,zero,hard,3,0.11897951260533654,0.11897951260533654,0.24084491691430956,5.97915336012192,3.956093e-5,953,476.5,5ef5c11-d91a027d8
0.03,0.05,2,0.01,0.0,zero,soft,6,0.07753618693792652,0.07753618693792652,0.2594129710768235,9.548628389790693,5.3822696e-5,953,476.5,5ef5c11-d91a027d8
0.03,0.02,2,0.01,1.0,zero,soft,6,0.07115339124192681,0.08932611528894638,0.07115339124192681,16.953299364502875,5.3822696e-5,2084,1042.0,5ef5c11-d91a027d8
0.003,0.05,8,0.005,0.25,zero,hard,8,0.004059898146128528,0.004059898146128528,0.056175687069642315,21.642322171539437,0.00089239184,2459,1229.5,5ef5c11-d91a027d8
0.03,0.02,2,0.02,0.0,zero,soft,3,0.04896454028344501,0.04896454028344501,0.09966120185737064,15.30965127284281,5.271828e-5,2084,1042.0,5ef5c11-d91a027d8
0.003,0.02,2,0.01,1.0,zero,hard,1,-0.03132723872334393,0.03462839895448396,-0.03132723872334393,195.34393240098223,0.00032680426,2084,1042.0,5ef5c11-d91a027d8
0.3,0.05,2,0.01,0.0,zero,soft,6,0.2471521977689244,0.2471521977689244,0.2535747318758791,2.5699392209480725,5.3822696e-5,953,476.5,5ef5c11-d91a027d8
0.003,0.05,2,0.0,4.0,zero,hard,3,-0.0023015251359927843,-0.0011558292375607733,-0.0023015251359927843,4450.916158414228,3.956093e-5,953,476.5,5ef5c11-d91a027d8
0.003,0.05,8,0.0,1.0,zero,soft,1,-0.0024858707230817475,-0.0024858707230817475,0.004769301492305887,2161.338430246201,0.00011610375,2459,1229.5,5ef5c11-d91a027d8
0.003,0.05,2,0.02,0.0,zero,soft,6,0.08660704333974992,0.08660704333974992,0.1123193427398548,28.28193864967503,5.3822696e-5,953,476.5,5ef5c11-d91a027d8
0.003,0.05,8,0.01,4.0,zero,soft,4,0.01915234308041978,0.01915234308041978,0.038373500324661525,549.0530058423543,3.2716056e-5,2459,1229.5,5ef5c11-d91a027d8
0.3,0.02,2,0.01,1.0,zero,soft,6,0.4760779286526111,0.4760779286526111,0.6572008209758751,1.6987383967607663,5.3822696e-5,2084,1042.0,5ef5c11-d91a027d8
0.03,0.05,2,0.02,0.0,zero,soft,6,0.07726504485435064,0.07726504485435064,0.3034366703327423,12.312219875847786,5.3822696e-5,953,476.5,5ef5c11-d91a027d8
0.3,0.02,2,0.02,0.0,zero,soft,3,0.16511177330009932,0.22039050328644355,0.16511177330009932,4.378345874172343,5.271828e-5,2084,1042.0,5ef5c11-d91a027d8
0.03,0.05,2,0.0,4.0,zero,hard,3,-0.0023014358420325905,-0.0011561896676183416,-0.0023014358420325905,445.0916240200211,3.956093e-5,953,476.5,5ef5c11-d91a027d8
0.3,0.02,8,0.02,0.0,zero,hard,6,0.14853380870463354,0.14853380870463354,0.1712709104786498,3.754068036996011,0.000112622154,5852,2926.0,5ef5c11-d91a027d8
0.03,0.02,2,0.01,1.0,zero,hard,1,0.060857487363349394,0.07821470488136549,0.060857487363349394,19.531657900310137,0.00032680426,2084,1042.0,5ef5c11-d91a027d8
0.03,0.02,8,0.0,4.0,zero,soft,2,0.0008773686759291438,0.0008773686759291438,0.0031907312828774216,142.1753086300409,8.953138e-5,5852,2926.0,5ef5c11-d91a027d8
0.3,0.05,2,0.02,0.0,zero,soft,6,0.1922433627343995,0.1922433627343995,0.39456177150413335,4.086432346648854,5.3822696e-5,953,476.5,5ef5c11-d91a027d8
0.03,0.05,8,0.005,0.25,zero,hard,8,0.2024744769021807,0.2024744769021807,0.4063587633445473,2.3168313219919683,0.00089239184,2459,1229.5,5ef5c11-d91a027d8
0.3,0.05,2,0.0,4.0,zero,hard,3,-0.002295613352584984,-0.0011597892814111802,-0.002295613352584984,44.52088948952737,3.956093e-5,953,476.5,5ef5c11-d91a027d8
0.003,0.05,2,0.0,0.25,zero,soft,6,-0.0002853161648096962,-0.0002853161648096962,0.010738529792762137,3960.5077506664807,5.3822696e-5,953,476.5,5ef5c11-d91a027d8
0.003,0.02,2,0.02,1.0,zero,soft,6,-0.07134090954006456,0.04456194097884434,-0.07134090954006456,337.23387511927075,5.3822696e-5,2084,1042.0,5ef5c11-d91a027d8
0.003,0.05,2,0.005,4.0,zero,hard,3,-0.01365956437467,-0.01365956437467,-0.01109697513746618,577.6396709280799,3.956093e-5,953,476.5,5ef5c11-d91a027d8
0.003,0.02,2,0.0,0.25,zero,soft,3,0.0012871778327152995,0.007041895324115587,0.0012871778327152995,2621.0879941612543,5.271828e-5,2084,1042.0,5ef5c11-d91a027d8
0.3,0.02,2,0.01,1.0,zero,hard,1,0.462696196741761,0.462696196741761,0.6928407303690084,1.9482408017784374,0.00032680426,2084,1042.0,5ef5c11-d91a027d8
0.03,0.05,8,0.01,4.0,zero,soft,4,0.030177909785088365,0.030177909785088365,0.05794087749280593,54.89292150433858,3.2716056e-5,2459,1229.5,5ef5c11-d91a027d8
0.03,0.05,8,0.0,1.0,zero,soft,1,-0.002486472866696781,-0.002486472866696781,0.00475655644129598,216.13911567317604,0.00011610375,2459,1229.5,5ef5c11-d91a027d8
0.03,0.05,2,0.0,0.25,zero,soft,6,-0.0001595045531967355,-0.0001595045531967355,0.011089864562961179,396.0528553175735,5.3822696e-5,953,476.5,5ef5c11-d91a027d8
0.03,0.05,2,0.005,4.0,zero,hard,3,-0.0008014156671876839,-0.0008014156671876839,0.013894687339750293,57.802825657609255,3.956093e-5,953,476.5,5ef5c11-d91a027d8
0.3,0.05,2,0.005,4.0,zero,hard,3,0.12664910241681324,0.12664910241681324,0.25005382751811167,5.7973629291941435,3.956093e-5,953,476.5,5ef5c11-d91a027d8
0.3,0.05,2,0.0,0.25,zero,soft,6,0.0011007935400451068,0.0011007935400451068,0.014621718619124794,39.62104132932301,5.3822696e-5,953,476.5,5ef5c11-d91a027d8
0.3,0.05,8,0.005,0.25,zero,hard,8,0.6445964014672498,0.6445964014672498,0.7077641553361327,0.7788303194982966,0.00089239184,2459,1229.5,5ef5c11-d91a027d8
0.03,0.02,2,0.02,1.0,zero,soft,6,-0.030641067511299625,0.06650689394962307,-0.030641067511299625,33.75335230283164,5.3822696e-5,2084,1042.0,5ef5c11-d91a027d8
0.003,0.05,2,0.005,0.25,zero,soft,6,-0.038598247106770255,0.003810861033088916,-0.038598247106770255,51.32552631766561,5.3822696e-5,953,476.5,5ef5c11-d91a027d8
0.003,0.02,2,0.02,1.0,zero,hard,1,-0.04856861936771574,0.04159464955621257,-0.04856861936771574,395.20775256145885,0.00032680426,2084,1042.0,5ef5c11-d91a027d8
0.003,0.05,2,0.01,4.0,zero,hard,3,-0.0183224098562886,-0.0183224098562886,0.005412369005050674,1137.2368634630022,3.956093e-5,953,476.5,5ef5c11-d91a027d8
0.03,0.02,2,0.0,0.25,zero,soft,3,0.0018580803354605795,0.007301566289042126,0.0018580803354605795,262.10379252748925,5.271828e-5,2084,1042.0,5ef5c11-d91a027d8
0.03,0.05,2,0.005,0.25,zero,soft,6,0.11441410547114955,0.11441410547114955,0.16779387233726936,5.1420061342059,5.3822696e-5,953,476.5,5ef5c11-d91a027d8
0.3,0.05,8,0.01,4.0,zero,soft,4,0.14088238847437234,0.14088238847437234,0.2397210055682634,5.500246204127942,3.2716056e-5,2459,1229.5,5ef5c11-d91a027d8
0.03,0.05,2,0.01,4.0,zero,hard,3,-0.01268646594648353,-0.01268646594648353,0.01864153119943329,113.78884728298277,3.956093e-5,953,476.5,5ef5c11-d91a027d8
0.3,0.02,2,0.02,1.0,zero,soft,6,0.2792455041066616,0.2792455041066616,0.3659596737411823,3.3698496559145505,5.3822696e-5,2084,1042.0,5ef5c11-d91a027d8
0.3,0.05,2,0.005,0.25,zero,soft,6,0.6704825623576127,0.6704825623576127,0.8426123984201631,0.7998567347849731,5.3822696e-5,953,476.5,5ef5c11-d91a027d8
0.3,0.05,8,0.0,1.0,zero,soft,1,-0.0024926596391785516,-0.0024926596391785516,0.004630396396546439,21.639290422951913,0.00011610375,2459,1229.5,5ef5c11-d91a027d8
0.3,0.05,2,0.01,4.0,zero,hard,3,0.04936838260449022,0.04936838260449022,0.14119831917198106,11.38784054893233,3.956093e-5,953,476.5,5ef5c11-d91a027d8
0.003,0.05,8,0.01,0.25,zero,hard,8,0.008276017798638381,0.008955956616512696,0.008276017798638381,42.067854354405576,0.00089239184,2459,1229.5,5ef5c11-d91a027d8
0.03,0.02,2,0.02,1.0,zero,hard,1,-0.00193497811772032,0.06238257908415698,-0.00193497811772032,39.51803018387541,0.00032680426,2084,1042.0,5ef5c11-d91a027d8
0.003,0.05,2,0.01,0.25,zero,soft,6,-0.029236772804107903,0.011256384350380228,-0.029236772804107903,100.41502188985433,5.3822696e-5,953,476.5,5ef5c11-d91a027d8
0.3,0.02,2,0.0,0.25,zero,soft,3,0.007526271293217464,0.00989776928809741,0.007526271293217464,26.220934045499874,5.271828e-5,2084,1042.0,5ef5c11-d91a027d8
0.003,0.05,2,0.02,4.0,zero,hard,3,-0.02266675999650117,-0.02266675999650117,0.019252948905281255,2142.52136821943,3.956093e-5,953,476.5,5ef5c11-d91a027d8
0.03,0.05,2,0.01,0.25,zero,soft,6,0.07041978038406624,0.07041978038406624,0.11171644357621466,10.04260851728668,5.3822696e-5,953,476.5,5ef5c11-d91a027d8
0.03,0.05,2,0.02,4.0,zero,hard,3,-0.02006298261022533,-0.02006298261022533,0.02538349916210751,214.3153205825054,3.956093e-5,953,476.5,5ef5c11-d91a027d8
0.003,0.05,8,0.02,4.0,zero,soft,4,0.013794415515785332,0.013794415515785332,0.036752470963980446,1039.8573845813762,3.2716056e-5,2459,1229.5,5ef5c11-d91a027d8
0.003,0.02,2,0.0,4.0,zero,soft,6,-0.01763129292525303,0.0013040269594389992,-0.01763129292525303,2605.6488886387124,5.3822696e-5,2084,1042.0,5ef5c11-d91a027d8
0.3,0.05,2,0.01,0.25,zero,soft,6,0.5054412015530021,0.5054412015530021,0.6785125920522237,1.1832375667618953,5.3822696e-5,953,476.5,5ef5c11-d91a027d8
0.3,0.02,2,0.02,1.0,zero,hard,1,0.2641857199437051,0.2641857199437051,0.3989009831503812,3.9461390337828064,0.00032680426,2084,1042.0,5ef5c11-d91a027d8
0.003,0.05,8,0.005,1.0,zero,soft,1,-0.007424166297255547,-0.007424166297255547,0.05578154349707538,72.64550962861168,0.00011610375,2459,1229.5,5ef5c11-d91a027d8
0.003,0.02,2,0.005,0.25,zero,soft,3,0.06681353421763565,0.0754707630759273,0.06681353421763565,31.793897558055736,5.271828e-5,2084,1042.0,5ef5c11-d91a027d8
0.3,0.02,8,0.0,4.0,zero,soft,2,0.0008814330342398944,0.0008814330342398944,0.003214784218272992,14.251518413104977,8.953138e-5,5852,2926.0,5ef5c11-d91a027d8
0.3,0.05,2,0.02,4.0,zero,hard,3,0.0063778237897512,0.0063778237897512,0.07681659556406228,21.458520410057663,3.956093e-5,953,476.5,5ef5c11-d91a027d8
0.03,0.05,8,0.01,0.25,zero,hard,8,0.11125169662078395,0.11125169662078395,0.20980539194183573,4.276006072708364,0.00089239184,2459,1229.5,5ef5c11-d91a027d8
0.003,0.02,8,0.0,0.25,zero,hard,6,-0.022616778307206452,-0.022616778307206452,-0.005435951099103448,1089.8930373926567,0.000112622154,5852,2926.0,5ef5c11-d91a027d8
0.003,0.05,2,0.02,0.25,zero,soft,6,-0.04499431380372376,0.06359110745316959,-0.04499431380372376,195.2326965537516,5.3822696e-5,953,476.5,5ef5c11-d91a027d8
0.003,0.05,2,0.0,0.0,zero,soft,3,0.38961007380501517,0.38961007380501517,0.8021113468078843,1.6687010115064835,5.271828e-5,953,476.5,5ef5c11-d91a027d8
0.03,0.05,2,0.0,0.0,zero,soft,3,0.8997490556810802,0.8997490556810802,0.905256305866337,0.44131503506823033,5.271828e-5,953,476.5,5ef5c11-d91a027d8
0.03,0.05,2,0.02,0.25,zero,soft,6,0.02616471725551769,0.09124663960537917,0.02616471725551769,19.551617376224367,5.3822696e-5,953,476.5,5ef5c11-d91a027d8
0.3,0.05,2,0.0,0.0,zero,soft,3,0.9088077970374114,0.9218943017510021,0.9088077970374114,0.40053795074218146,5.271828e-5,953,476.5,5ef5c11-d91a027d8
0.03,0.02,2,0.0,4.0,zero,soft,6,-0.017632901647861687,0.0013042234893656849,-0.017632901647861687,260.5648506239645,5.3822696e-5,2084,1042.0,5ef5c11-d91a027d8
0.03,0.02,2,0.005,0.25,zero,soft,3,0.32147052109148605,0.32147052109148605,0.41999550495783333,3.1946477398506614,5.271828e-5,2084,1042.0,5ef5c11-d91a027d8
0.3,0.05,2,0.02,0.25,zero,soft,6,0.3525708338242761,0.3525708338242761,0.5387394401450563,2.0175821414805073,5.3822696e-5,953,476.5,5ef5c11-d91a027d8
0.003,0.02,2,0.0,4.0,zero,hard,1,-0.011591864857552031,0.001785262972579865,-0.011591864857552031,2841.4960509335906,0.00032680426,2084,1042.0,5ef5c11-d91a027d8
0.003,0.05,2,0.005,0.0,zero,soft,3,-0.01974721963296178,-0.01974721963296178,0.04963884293781825,16.463087289625808,5.271828e-5,953,476.5,5ef5c11-d91a027d8
0.03,0.05,8,0.02,4.0,zero,soft,4,0.018694016909356004,0.018694016909356004,0.04691952802450631,103.97543383779087,3.2716056e-5,2459,1229.5,5ef5c11-d91a027d8
0.03,0.05,8,0.005,1.0,zero,soft,1,0.08450885620778031,0.08450885620778031,0.2507845007205168,7.291068140675212,0.00011610375,2459,1229.5,5ef5c11-d91a027d8
0.3,0.05,8,0.01,0.25,zero,hard,8,0.5685643093333395,0.5685643093333395,0.6679644588621688,0.8749468899609001,0.00089239184,2459,1229.5,5ef5c11-d91a027d8
0.003,0.05,2,0.0,1.0,zero,soft,6,-0.0009801765452239109,-0.0009801765452239109,0.0001725448825868612,4131.331226443536,5.3822696e-5,953,476.5,5ef5c11-d91a027d8
0.03,0.05,2,0.005,0.0,zero,soft,3,0.14455012616072713,0.14455012616072713,0.1698823331429418,5.897176645640252,5.271828e-5,953,476.5,5ef5c11-d91a027d8
0.3,0.02,2,0.005,0.25,zero,soft,3,0.8974139445440166,0.8974139445440166,0.9315560048468989,0.46730718856570774,5.271828e-5,2084,1042.0,5ef5c11-d91a027d8
0.3,0.05,2,0.005,0.0,zero,soft,3,0.37495696424711017,0.37495696424711017,0.5620886613498499,1.9124959555970396,5.271828e-5,953,476.5,5ef5c11-d91a027d8
0.03,0.05,2,0.0,1.0,zero,soft,6,-0.0009799436681350317,-0.0009799436681350317,0.00016921137473793882,413.13936339713007,5.3822696e-5,953,476.5,5ef5c11-d91a027d8
0.3,0.02,2,0.0,4.0,zero,soft,6,-0.017647075559732665,0.001306457944143505,-0.017647075559732665,26.07485312358982,5.3822696e-5,2084,1042.0,5ef5c11-d91a027d8
0.003,0.05,2,0.01,0.0,zero,soft,3,0.02392011631526275,0.04757078057614729,0.02392011631526275,44.8052349734578,5.271828e-5,953,476.5,5ef5c11-d91a027d8
0.03,0.02,2,0.0,4.0,zero,hard,1,-0.011588366414845487,0.001784982209120922,-0.011588366414845487,284.14871585181,0.00032680426,2084,1042.0,5ef5c11-d91a027d8
0.3,0.05,8,0.005,1.0,zero,soft,1,0.6856084610734727,0.6856084610734727,0.854575159001984,0.8372858581973057,0.00011610375,2459,1229.5,5ef5c11-d91a027d8
0.3,0.05,2,0.0,1.0,zero,soft,6,-0.000977546749185849,-0.000977546749185849,0.000136440431567567,41.32699526785735,5.3822696e-5,953,476.5,5ef5c11-d91a027d8
0.03,0.05,2,0.01,0.0,zero,soft,3,0.10424199734958035,0.10424199734958035,0.1502864633256317,8.46487403818317,5.271828e-5,953,476.5,5ef5c11-d91a027d8
0.3,0.05,8,0.02,4.0,zero,soft,4,0.06728867178471722,0.06728867178471722,0.13250895594669732,10.409473733064038,3.2716056e-5,2459,1229.5,5ef5c11-d91a027d8
0.003,0.02,2,0.01,0.25,zero,soft,3,0.013487778833928443,0.07374371644837631,0.013487778833928443,61.90107954313475,5.271828e-5,2084,1042.0,5ef5c11-d91a027d8
0.003,0.05,8,0.02,0.25,zero,hard,8,-0.008515998942093131,-0.008515998942093131,0.04353467646803843,90.38025553157718,0.00089239184,2459,1229.5,5ef5c11-d91a027d8
0.3,0.05,2,0.01,0.0,zero,soft,3,0.2414354915157018,0.2414354915157018,0.41724694754365843,2.6551139399147248,5.271828e-5,953,476.5,5ef5c11-d91a027d8
0.003,0.05,2,0.005,1.0,zero,soft,6,-0.059310170133717484,0.019069155004371265,-0.059310170133717484,142.84238959348792,5.3822696e-5,953,476.5,5ef5c11-d91a027d8
0.003,0.02,2,0.005,4.0,zero,soft,6,-0.04879866158764168,0.028944495420543757,-0.04879866158764168,323.9482990478062,5.3822696e-5,2084,1042.0,5ef5c11-d91a027d8
0.003,0.02,8,0.005,4.0,zero,soft,2,0.00373287985195612,0.017678109111902165,0.00373287985195612,182.1868949428182,8.953138e-5,5852,2926.0,5ef5c11-d91a027d8
0.003,0.05,2,0.02,0.0,zero,soft,3,-0.029233051204614866,-0.0004533183525213517,-0.029233051204614866,59.250602789627585,5.271828e-5,953,476.5,5ef5c11-d91a027d8
0.03,0.05,2,0.005,1.0,zero,soft,6,0.035127813287578816,0.06100365669824391,0.035127813287578816,14.272145349849671,5.3822696e-5,953,476.5,5ef5c11-d91a027d8
0.003,0.05,8,0.0,0.0,zero,hard,5,0.12858133252982523,0.12858133252982523,0.44783396903210415,7.1720656245285666,0.00036867431,2459,1229.5,5ef5c11-d91a027d8
0.3,0.02,2,0.0,4.0,zero,hard,1,-0.01155166968970446,0.0017821227486196228,-0.01155166968970446,28.43020997743089,0.00032680426,2084,1042.0,5ef5c11-d91a027d8
0.03,0.05,2,0.02,0.0,zero,soft,3,-0.06414196368627106,0.03662691012622488,-0.06414196368627106,13.783479797235977,5.271828e-5,953,476.5,5ef5c11-d91a027d8
0.03,0.02,2,0.01,0.25,zero,soft,3,0.2008090960979027,0.2008090960979027,0.2392524755237117,6.2117903723943275,5.271828e-5,2084,1042.0,5ef5c11-d91a027d8
0.3,0.05,2,0.005,1.0,zero,soft,6,0.4053849965967177,0.4053849965967177,0.6451466671529116,1.5550025042618694,5.3822696e-5,953,476.5,5ef5c11-d91a027d8
0.003,0.05,8,0.01,1.0,zero,soft,1,-0.01226701959049088,-0.01226701959049088,0.04121176577838211,142.4920519047529,0.00011610375,2459,1229.5,5ef5c11-d91a027d8
0.3,0.05,2,0.02,0.0,zero,soft,3,0.0853950380084267,0.1853141065554216,0.0853950380084267,4.01689581606419,5.271828e-5,953,476.5,5ef5c11-d91a027d8
0.03,0.02,2,0.005,4.0,zero,soft,6,-0.008216573350219933,0.052927413472682386,-0.008216573350219933,32.38250183685343,5.3822696e-5,2084,1042.0,5ef5c11-d91a027d8
0.03,0.05,8,0.0,0.0,zero,hard,5,0.7374933047629648,0.7374933047629648,0.9467100028477127,0.7586980212244127,0.00036867431,2459,1229.5,5ef5c11-d91a027d8
0.003,0.05,2,0.01,1.0,zero,soft,6,-0.05101989349633189,0.022702260489918958,-0.05101989349633189,289.3086030671014,5.3822696e-5,953,476.5,5ef5c11-d91a027d8
0.03,0.02,8,0.0,0.25,zero,hard,6,-0.022085893200920616,-0.022085893200920616,-0.0042109416955923105,109.0118369691405,0.000112622154,5852,2926.0,5ef5c11-d91a027d8
0.003,0.02,2,0.005,4.0,zero,hard,1,-0.04842912810855952,0.03710737846558004,-0.04842912810855952,380.78486931839115,0.00032680426,2084,1042.0,5ef5c11-d91a027d8
0.003,0.05,2,0.0,0.25,zero,soft,3,0.006865099155000459,0.008518178030210563,0.006865099155000459,4126.392053574815,5.271828e-5,953,476.5,5ef5c11-d91a027d8
0.03,0.05,8,0.02,0.25,zero,hard,8,0.036964872030292945,0.036964872030292945,0.13527632530438405,9.066057470354549,0.00089239184,2459,1229.5,5ef5c11-d91a027d8
0.3,0.02,2,0.01,0.25,zero,soft,3,0.786135174157583,0.786135174157583,0.8538375845246406,0.7312039115050608,5.271828e-5,2084,1042.0,5ef5c11-d91a027d8
0.03,0.05,2,0.01,1.0,zero,soft,6,-0.007463073470483052,0.042969544758791396,-0.007463073470483052,28.956512114135695,5.3822696e-5,953,476.5,5ef5c11-d91a027d8
0.3,0.05,8,0.0,0.0,zero,hard,5,0.9524985942535744,0.9524985942535744,0.9554113664393633,0.3303713713574133,0.00036867431,2459,1229.5,5ef5c11-d91a027d8
0.03,0.05,2,0.0,0.25,zero,soft,3,0.007195846165208659,0.008656243699917665,0.007195846165208659,412.6350209720822,5.271828e-5,953,476.5,5ef5c11-d91a027d8
0.3,0.02,2,0.005,4.0,zero,soft,6,0.2804880110978185,0.2804880110978185,0.3767088034675983,3.230297896333974,5.3822696e-5,2084,1042.0,5ef5c11-d91a027d8
0.3,0.05,2,0.01,1.0,zero,soft,6,0.2307756081070394,0.2307756081070394,0.41150301096738473,2.947307051655475,5.3822696e-5,953,476.5,5ef5c11-d91a027d8
0.03,0.05,8,0.01,1.0,zero,soft,1,0.035421170966759966,0.035421170966759966,0.13137793088543867,14.265601762493976,0.00011610375,2459,1229.5,5ef5c11-d91a027d8
0.03,0.02,2,0.005,4.0,zero,hard,1,-0.0029896041110302695,0.05873976012271268,-0.0029896041110302695,38.07301778897069,0.00032680426,2084,1042.0,5ef5c11-d91a027d8
0.3,0.05,2,0.0,0.25,zero,soft,3,0.010037495694075853,0.010037495694075853,0.01050655744948175,41.26894020113362,5.271828e-5,953,476.5,5ef5c11-d91a027d8
0.003,0.05,2,0.02,1.0,zero,soft,6,-0.031864440586894416,0.03304835078043819,-0.031864440586894416,567.0387742183691,5.3822696e-5,953,476.5,5ef5c11-d91a027d8
0.003,0.02,2,0.02,0.25,zero,soft,3,-0.005654084679242336,0.03459298608754153,-0.005654084679242336,123.76482702187708,5.271828e-5,2084,1042.0,5ef5c11-d91a027d8
0.003,0.05,2,0.005,0.25,zero,soft,3,-0.002226264820012184,0.0013267019488250294,-0.002226264820012184,49.12084657180896,5.271828e-5,953,476.5,5ef5c11-d91a027d8
0.03,0.05,2,0.02,1.0,zero,soft,6,-0.0044979820440653505,0.04101477787750279,-0.0044979820440653505,56.655715215322715,5.3822696e-5,953,476.5,5ef5c11-d91a027d8
0.3,0.05,8,0.02,0.25,zero,hard,8,0.4147430557034539,0.4147430557034539,0.5582126456610735,1.1781223387548088,0.00089239184,2459,1229.5,5ef5c11-d91a027d8
0.003,0.02,2,0.01,4.0,zero,soft,6,-0.04612380741420239,0.027286345510447556,-0.04612380741420239,637.1075143342606,5.3822696e-5,2084,1042.0,5ef5c11-d91a027d8
0.003,0.05,8,0.005,0.0,zero,hard,5,-0.23480426151234537,0.035024586302615096,-0.23480426151234537,20.279476463086468,0.00036867431,2459,1229.5,5ef5c11-d91a027d8
0.03,0.05,2,0.005,0.25,zero,soft,3,0.14049509195671223,0.14049509195671223,0.2386270769068685,4.9243766012236305,5.271828e-5,953,476.5,5ef5c11-d91a027d8
0.3,0.05,2,0.02,1.0,zero,soft,6,0.13895169816998737,0.13895169816998737,0.21168599858949474,5.709152348222183,5.3822696e-5,953,476.5,5ef5c11-d91a027d8
0.3,0.02,2,0.005,4.0,zero,hard,1,0.2711117827321948,0.2711117827321948,0.4234837304567474,3.809691551530747,0.00032680426,2084,1042.0,5ef5c11-d91a027d8
0.03,0.02,8,0.005,4.0,zero,soft,2,0.06230429333780218,0.06230429333780218,0.07395572123403935,18.230840735086023,8.953138e-5,5852,2926.0,5ef5c11-d91a027d8
0.03,0.02,2,0.02,0.25,zero,soft,3,0.0957952459890004,0.1010611657874982,0.0957952459890004,12.368327542666693,5.271828e-5,2084,1042.0,5ef5c11-d91a027d8
0.3,0.05,8,0.01,1.0,zero,soft,1,0.4496757414196284,0.4496757414196284,0.7310182351082514,1.4936529042043882,0.00011610375,2459,1229.5,5ef5c11-d91a027d8
0.3,0.05,2,0.005,0.25,zero,soft,3,0.7732396032232344,0.7732396032232344,0.8347021420146961,0.6710680322111866,5.271828e-5,953,476.5,5ef5c11-d91a027d8
0.003,0.05,2,0.0,4.0,zero,soft,6,0.0008258988357609052,0.0008258988357609052,0.0057288420015866835,4210.53769818905,5.3822696e-5,953,476.5,5ef5c11-d91a027d8
0.03,0.02,2,0.01,4.0,zero,soft,6,-0.024514335004960718,0.03870455668664961,-0.024514335004960718,63.72850622211543,5.3822696e-5,2084,1042.0,5ef5c11-d91a027d8
0.003,0.05,2,0.01,0.25,zero,soft,3,0.0092813761826527,0.021135355455106038,0.0092813761826527,103.55335716001541,5.271828e-5,953,476.5,5ef5c11-d91a027d8
0.03,0.05,2,0.0,4.0,zero,soft,6,0.0008254947470146508,0.0008254947470146508,0.005712963696631547,421.05460344887155,5.3822696e-5,953,476.5,5ef5c11-d91a027d8
0.03,0.05,2,0.01,0.25,zero,soft,3,0.08384499419502507,0.08384499419502507,0.1227217177105546,10.420930723461622,5.271828e-5,953,476.5,5ef5c11-d91a027d8
0.3,0.02,2,0.02,0.25,zero,soft,3,0.5845442953617507,0.5845442953617507,0.7089220361554941,1.3076376715369542,5.271828e-5,2084,1042.0,5ef5c11-d91a027d8
0.003,0.02,2,0.01,4.0,zero,hard,1,-0.05064964732651102,0.03814628231853579,-0.05064964732651102,746.8838120064528,0.00032680426,2084,1042.0,5ef5c11-d91a027d8
0.03,0.05,8,0.005,0.0,zero,hard,5,0.20612292952212838,0.20612292952212838,0.294058004210389,6.505478766935444,0.00036867431,2459,1229.5,5ef5c11-d91a027d8
0.003,0.05,8,0.0,1.0,zero,hard,8,-0.013087604208375023,-0.0010507781514348174,-0.013087604208375023,1843.0886105009047,0.00089239184,2459,1229.5,5ef5c11-d91a027d8
0.3,0.05,2,0.0,4.0,zero,soft,6,0.0008215901379219062,0.0008215901379219062,0.005552636827585163,42.117218160205404,5.3822696e-5,953,476.5,5ef5c11-d91a027d8
0.3,0.05,2,0.01,0.25,zero,soft,3,0.5397388842282237,0.5397388842282237,0.6947371543728228,1.1852022721433748,5.271828e-5,953,476.5,5ef5c11-d91a027d8
0.3,0.02,2,0.01,4.0,zero,soft,6,0.15135682526267488,0.15135682526267488,0.17424924354485224,6.371398820253036,5.3822696e-5,2084,1042.0,5ef5c11-d91a027d8
0.003,0.05,8,0.02,1.0,zero,soft,1,-0.003299808972859453,-0.003299808972859453,0.013814092111441197,289.6143700090622,0.00011610375,2459,1229.5,5ef5c11-d91a027d8
0.003,0.05,2,0.005,4.0,zero,soft,6,-0.06185553521698478,0.015045404463236982,-0.06185553521698478,557.1677541375135,5.3822696e-5,953,476.5,5ef5c11-d91a027d8
0.003,0.05,2,0.02,0.25,zero,soft,3,0.012523540851549978,0.012523540851549978,0.0583063539011849,220.00266670913766,5.271828e-5,953,476.5,5ef5c11-d91a027d8
0.03,0.02,2,0.01,4.0,zero,hard,1,-0.028875441345756942,0.04841051550243888,-0.028875441345756942,74.72211193567252,0.00032680426,2084,1042.0,5ef5c11-d91a027d8
0.3,0.02,8,0.0,0.25,zero,hard,6,-0.01680837355913553,-0.01680837355913553,0.007865861706667546,10.962702408512722,0.000112622154,5852,2926.0,5ef5c11-d91a027d8
0.3,0.05,8,0.005,0.0,zero,hard,5,0.41350118737835906,0.41350118737835906,0.6517362335960276,1.7914853206317285,0.00036867431,2459,1229.5,5ef5c11-d91a027d8
0.03,0.05,2,0.005,4.0,zero,soft,6,-0.0359409684308751,0.025775686598972617,-0.0359409684308751,55.720706476162,5.3822696e-5,953,476.5,5ef5c11-d91a027d8
0.003,0.02,2,0.0,1.0,zero,soft,3,-0.005760797969703281,0.0003428066156888355,-0.005760797969703281,2754.5821860194237,5.271828e-5,2084,1042.0,5ef5c11-d91a027d8
0.03,0.05,2,0.02,0.25,zero,soft,3,0.04677742245113552,0.04677742245113552,0.09993893788747368,21.988431208681124,5.271828e-5,953,476.5,5ef5c11-d91a027d8
0.003,0.02,2,0.02,4.0,zero,soft,6,-0.044562365184804116,0.015465891981662998,-0.044562365184804116,1222.957492905001,5.3822696e-5,2084,1042.0,5ef5c11-d91a027d8
0.3,0.05,2,0.005,4.0,zero,soft,6,0.12738405468301708,0.12738405468301708,0.19222160288561127,5.614214012312624,5.3822696e-5,953,476.5,5ef5c11-d91a027d8
0.3,0.05,2,0.02,0.25,zero,soft,3,0.3321688425782895,0.3321688425782895,0.4732553705743605,2.253029857457394,5.271828e-5,953,476.5,5ef5c11-d91a027d8
0.03,0.05,8,0.0,1.0,zero,hard,8,-0.013070402231840805,-0.0010508678284179473,-0.013070402231840805,184.3123948784614,0.00089239184,2459,1229.5,5ef5c11-d91a027d8
0.03,0.05,8,0.02,1.0,zero,soft,1,0.021539457783625558,0.021539457783625558,0.06685103514189512,28.940508810634604,0.00011610375,2459,1229.5,5ef5c11-d91a027d8
0.3,0.02,2,0.01,4.0,zero,hard,1,0.15427017964526066,0.15427017964526066,0.19492130508544114,7.464859455650856,0.00032680426,2084,1042.0,5ef5c11-d91a027d8
0.003,0.05,2,0.01,4.0,zero,soft,6,-0.05295999156214566,0.01606278600175026,-0.05295999156214566,1092.5837315758217,5.3822696e-5,953,476.5,5ef5c11-d91a027d8
0.003,0.05,2,0.0,1.0,zero,soft,3,-0.002121051531016692,-0.002121051531016692,0.0014508031318200847,4314.979748170397,5.271828e-5,953,476.5,5ef5c11-d91a027d8
0.3,0.02,8,0.005,4.0,zero,soft,2,0.4541364259220321,0.4541364259220321,0.6229021897483134,1.8393592687630607,8.953138e-5,5852,2926.0,5ef5c11-d91a027d8
0.003,0.05,8,0.01,0.0,zero,hard,5,-0.019547440488454713,0.010714863388311797,-0.019547440488454713,17.43717427676283,0.00036867431,2459,1229.5,5ef5c11-d91a027d8
0.03,0.02,2,0.0,1.0,zero,soft,3,-0.005777322125060214,0.00034241494245129006,-0.005777322125060214,275.45984763747947,5.271828e-5,2084,1042.0,5ef5c11-d91a027d8
0.03,0.05,2,0.01,4.0,zero,soft,6,-0.04158865416778523,0.02075065530344976,-0.04158865416778523,109.2563942424095,5.3822696e-5,953,476.5,5ef5c11-d91a027d8
0.03,0.02,2,0.02,4.0,zero,soft,6,-0.03542134707957347,0.02064251263611066,-0.03542134707957347,122.28613577795109,5.3822696e-5,2084,1042.0,5ef5c11-d91a027d8
0.03,0.05,2,0.0,1.0,zero,soft,3,-0.0021208826036008114,-0.0021208826036008114,0.001453333799567014,431.49969169272833,5.271828e-5,953,476.5,5ef5c11-d91a027d8
0.3,0.05,2,0.01,4.0,zero,soft,6,0.07065231410663307,0.07065231410663307,0.07272683699107085,10.945945053707854,5.3822696e-5,953,476.5,5ef5c11-d91a027d8
0.003,0.02,2,0.02,4.0,zero,hard,1,-0.0612557615624018,0.030150174479499504,-0.0612557615624018,1404.575959019916,0.00032680426,2084,1042.0,5ef5c11-d91a027d8
0.3,0.05,2,0.0,1.0,zero,soft,3,-0.002119183917570021,-0.002119183917570021,0.0014810895243608057,43.16317813205639,5.271828e-5,953,476.5,5ef5c11-d91a027d8
0.003,0.05,2,0.02,4.0,zero,soft,6,-0.03493053661915474,0.0088219731323025,-0.03493053661915474,2065.4705896975042,5.3822696e-5,953,476.5,5ef5c11-d91a027d8
0.3,0.05,8,0.02,1.0,zero,soft,1,0.24897477402000673,0.24897477402000673,0.49312304507074867,2.9295259943546026,0.00011610375,2459,1229.5,5ef5c11-d91a027d8
0.03,0.05,8,0.01,0.0,zero,hard,5,0.09929381332659477,0.09929381332659477,0.27479002834965804,7.423361693122908,0.00036867431,2459,1229.5,5ef5c11-d91a027d8
0.3,0.02,2,0.0,1.0,zero,soft,3,-0.005939811720463195,0.00033888151212826424,-0.005939811720463195,27.563583238648228,5.271828e-5,2084,1042.0,5ef5c11-d91a027d8
0.3,0.02,2,0.02,4.0,zero,soft,6,0.055034573054956494,0.06969999357247159,0.055034573054956494,12.236682915110949,5.3822696e-5,2084,1042.0,5ef5c11-d91a027d8
0.3,0.05,8,0.0,1.0,zero,hard,8,-0.012887477032950357,-0.001050415340202458,-0.012887477032950357,18.45894787667322,0.00089239184,2459,1229.5,5ef5c11-d91a027d8
0.003,0.05,2,0.005,1.0,zero,soft,3,-0.008993999622711541,0.005590730743197331,-0.008993999622711541,145.26525128881684,5.271828e-5,953,476.5,5ef5c11-d91a027d8
0.03,0.05,2,0.02,4.0,zero,soft,6,-0.028617535174167333,0.01092784532477215,-0.028617535174167333,206.6118029558154,5.3822696e-5,953,476.5,5ef5c11-d91a027d8
0.03,0.05,2,0.005,1.0,zero,soft,3,0.05131609458901623,0.05131609458901623,0.07330583081209732,14.50803627426381,5.271828e-5,953,476.5,5ef5c11-d91a027d8
0.3,0.05,2,0.02,4.0,zero,soft,6,0.024783573154257204,0.03487373945203772,0.024783573154257204,20.67576308400861,5.3822696e-5,953,476.5,5ef5c11-d91a027d8
0.003,0.02,2,0.0,0.0,zero,hard,7,0.964234256644615,0.964234256644615,0.99408813172262,0.26703178014699475,5.042856e-5,2084,1042.0,5ef5c11-d91a027d8
0.03,0.02,2,0.02,4.0,zero,hard,1,-0.04944349078446352,0.03490173221402811,-0.04944349078446352,140.41751036819826,0.00032680426,2084,1042.0,5ef5c11-d91a027d8
0.003,0.05,2,0.0,0.0,zero,hard,7,0.5046825865625593,0.5046825865625593,0.9326815789779233,1.5515375069263682,5.042856e-5,953,476.5,5ef5c11-d91a027d8
0.003,0.02,8,0.005,0.25,zero,hard,6,0.013931489175849394,0.013931489175849394,0.0655457223398455,13.415675595696749,0.000112622154,5852,2926.0,5ef5c11-d91a027d8
0.3,0.05,2,0.005,1.0,zero,soft,3,0.44528883961927573,0.44528883961927573,0.633048743783444,1.525441865825636,5.271828e-5,953,476.5,5ef5c11-d91a027d8
0.003,0.02,2,0.005,1.0,zero,soft,3,0.023318931213320168,0.053238897673367154,0.023318931213320168,85.04762325848331,5.271828e-5,2084,1042.0,5ef5c11-d91a027d8
0.3,0.05,8,0.01,0.0,zero,hard,5,0.26365609795924183,0.26365609795924183,0.684399388357575,2.426813495993701,0.00036867431,2459,1229.5,5ef5c11-d91a027d8
0.03,0.05,2,0.0,0.0,zero,hard,7,0.9591789054209328,0.9591789054209328,0.9742962563188696,0.29372678298973015,5.042856e-5,953,476.5,5ef5c11-d91a027d8
0.03,0.02,2,0.0,0.0,zero,hard,7,0.995648447785415,0.9962379813165373,0.995648447785415,0.09934310034615042,5.042856e-5,2084,1042.0,5ef5c11-d91a027d8
0.003,0.05,2,0.01,1.0,zero,soft,3,0.009696069447373178,0.009696069447373178,0.025223651557591844,292.28834371874626,5.271828e-5,953,476.5,5ef5c11-d91a027d8
0.3,0.05,2,0.0,0.0,zero,hard,7,0.9749789035241823,0.9766296503896215,0.9749789035241823,0.24507226269988025,5.042856e-5,953,476.5,5ef5c11-d91a027d8
0.003,0.05,8,0.005,1.0,zero,hard,8,0.002234201239261037,0.002234201239261037,0.02204711842290826,59.94526366053066,0.00089239184,2459,1229.5,5ef5c11-d91a027d8
0.003,0.05,8,0.0,4.0,zero,soft,1,-0.004074354025630039,-0.004074354025630039,-3.9868053773915644e-5,2162.3301504779915,0.00011610375,2459,1229.5,5ef5c11-d91a027d8
0.3,0.02,2,0.02,4.0,zero,hard,1,0.04839682776918212,0.08232877825114468,0.04839682776918212,14.051126746896834,0.00032680426,2084,1042.0,5ef5c11-d91a027d8
0.03,0.05,2,0.01,1.0,zero,soft,3,0.032428342490655675,0.032428342490655675,0.0771226037985742,29.18073789618789,5.271828e-5,953,476.5,5ef5c11-d91a027d8
0.003,0.05,2,0.005,0.0,zero,hard,7,-0.059505237621848985,-0.059505237621848985,0.038176595663232,16.95300898627508,5.042856e-5,953,476.5,5ef5c11-d91a027d8
0.3,0.02,2,0.0,0.0,zero,hard,7,0.9956314239174022,0.996727506908969,0.9956314239174022,0.09464298421783508,5.042856e-5,2084,1042.0,5ef5c11-d91a027d8
0.03,0.02,2,0.005,1.0,zero,soft,3,0.14554029520490688,0.14554029520490688,0.17111728270863466,8.492792607929573,5.271828e-5,2084,1042.0,5ef5c11-d91a027d8
0.003,0.02,8,0.01,4.0,zero,soft,2,0.007373456885426574,0.009010051586665423,0.007373456885426574,359.23609951240985,8.953138e-5,5852,2926.0,5ef5c11-d91a027d8
0.3,0.05,2,0.01,1.0,zero,soft,3,0.25959928339126137,0.25959928339126137,0.4095545688004626,2.94014930485495,5.271828e-5,953,476.5,5ef5c11-d91a027d8
0.03,0.05,2,0.005,0.0,zero,hard,7,0.11488139520588468,0.11488139520588468,0.31276020844178426,5.462129008509599,5.042856e-5,953,476.5,5ef5c11-d91a027d8
0.003,0.05,8,0.02,0.0,zero,hard,5,0.009540675870541445,0.009540675870541445,0.016384217209140805,55.77905964330343,0.00036867431,2459,1229.5,5ef5c11-d91a027d8
0.003,0.02,2,0.0,0.0,zero,soft,1,0.9467261637955134,0.9467261637955134,0.9742311813654272,0.32298309765838806,0.00011610375,2084,1042.0,5ef5c11-d91a027d8
0.3,0.05,2,0.005,0.0,zero,hard,7,0.42608128703960607,0.42608128703960607,0.8097734600397317,1.7777668914589362,5.042856e-5,953,476.5,5ef5c11-d91a027d8
0.003,0.05,2,0.02,1.0,zero,soft,3,-0.004545012824566803,-0.004545012824566803,0.006136682448038227,581.8393487523429,5.271828e-5,953,476.5,5ef5c11-d91a027d8
0.003,0.02,2,0.005,0.0,zero,hard,7,-0.06300321043121611,-0.06300321043121611,0.050358137216314915,17.901641575959474,5.042856e-5,2084,1042.0,5ef5c11-d91a027d8
0.03,0.05,8,0.005,1.0,zero,hard,8,0.08025009014259167,0.08025009014259167,0.18252174495560816,6.0542114717547015,0.00089239184,2459,1229.5,5ef5c11-d91a027d8
0.3,0.02,2,0.005,1.0,zero,soft,3,0.7454742674678985,0.7454742674678985,0.8437136470390408,0.8510693781988327,5.271828e-5,2084,1042.0,5ef5c11-d91a027d8
0.003,0.05,2,0.01,0.0,zero,hard,7,0.01062629497090053,0.01062629497090053,0.4069309915207137,15.38491177440487,5.042856e-5,953,476.5,5ef5c11-d91a027d8
0.03,0.02,2,0.0,0.0,zero,soft,1,0.975510596063204,0.9824399506192038,0.975510596063204,0.1930376544579996,0.00011610375,2084,1042.0,5ef5c11-d91a027d8
0.03,0.05,2,0.02,1.0,zero,soft,3,0.006468916273106987,0.006468916273106987,0.024381299589810314,58.24338568868743,5.271828e-5,953,476.5,5ef5c11-d91a027d8
0.03,0.05,2,0.01,0.0,zero,hard,7,0.10436899351704473,0.10436899351704473,0.45555316660789474,7.410371016873626,5.042856e-5,953,476.5,5ef5c11-d91a027d8
0.03,0.05,8,0.0,4.0,zero,soft,1,-0.00407382635638788,-0.00407382635638788,-4.05219497856579e-5,216.24016480706547,0.00011610375,2459,1229.5,5ef5c11-d91a027d8
0.3,0.05,2,0.02,1.0,zero,soft,3,0.12107740598507903,0.12107740598507903,0.22378899795394006,5.824426533793197,5.271828e-5,953,476.5,5ef5c11-d91a027d8
0.03,0.05,8,0.02,0.0,zero,hard,5,-0.02629598158841662,0.028324031326223572,-0.02629598158841662,11.76480348779718,0.00036867431,2459,1229.5,5ef5c11-d91a027d8
0.03,0.02,2,0.005,0.0,zero,hard,7,0.12040729532233663,0.12040729532233663,0.3725196498311585,5.826145492778851,5.042856e-5,2084,1042.0,5ef5c11-d91a027d8
0.3,0.05,2,0.01,0.0,zero,hard,7,0.3310949368721422,0.3310949368721422,0.5658109994922941,2.3915114347741544,5.042856e-5,953,476.5,5ef5c11-d91a027d8
0.003,0.02,2,0.01,1.0,zero,soft,3,0.007676220532024136,0.04753787207351965,0.007676220532024136,167.5673067748181,5.271828e-5,2084,1042.0,5ef5c11-d91a027d8
0.003,0.05,2,0.0,4.0,zero,soft,3,-0.00448082001068055,-0.00027209616449628003,-0.00448082001068055,4312.027680242143,5.271828e-5,953,476.5,5ef5c11-d91a027d8
0.003,0.05,2,0.02,0.0,zero,hard,7,0.01731361456326442,0.01731361456326442,0.27489455429094894,55.777833928103895,5.042856e-5,953,476.5,5ef5c11-d91a027d8
0.03,0.02,8,0.005,0.25,zero,hard,6,0.43331643386914465,0.43331643386914465,0.6508640737527807,1.4506358875183716,0.000112622154,5852,2926.0,5ef5c11-d91a027d8
0.3,0.05,8,0.005,1.0,zero,hard,8,0.5515319351976022,0.5515319351976022,0.6724538735646419,0.9176358127619719,0.00089239184,2459,1229.5,5ef5c11-d91a027d8
0.3,0.02,2,0.0,0.0,zero,soft,1,0.9751781265738515,0.9827695460418239,0.9751781265738515,0.19100770235565057,0.00011610375,2084,1042.0,5ef5c11-d91a027d8
0.3,0.02,2,0.005,0.0,zero,hard,7,0.4430614395423347,0.4430614395423347,0.8283548508812959,1.869115183766763,5.042856e-5,2084,1042.0,5ef5c11-d91a027d8
0.03,0.05,2,0.02,0.0,zero,hard,7,0.04470986956765576,0.04470986956765576,0.20835342255116315,13.411151000825953,5.042856e-5,953,476.5,5ef5c11-d91a027d8
0.03,0.05,2,0.0,4.0,zero,soft,3,-0.004486970887730941,-0.00027278248283207684,-0.004486970887730941,431.20327110871847,5.271828e-5,953,476.5,5ef5c11-d91a027d8
0.3,0.05,8,0.02,0.0,zero,hard,5,0.13915716010004228,0.13915716010004228,0.3330291884657687,3.8147788735662407,0.00036867431,2459,1229.5,5ef5c11-d91a027d8
0.3,0.05,2,0.02,0.0,zero,hard,7,0.2225804435325914,0.2225804435325914,0.3250633552230806,3.9460293526698536,5.042856e-5,953,476.5,5ef5c11-d91a027d8
0.03,0.02,2,0.01,1.0,zero,soft,3,0.09240474038091248,0.09649820062952165,0.09240474038091248,16.730615451073184,5.271828e-5,2084,1042.0,5ef5c11-d91a027d8
0.3,0.05,2,0.0,4.0,zero,soft,3,-0.004545408509152153,-0.00027972615003229426,-0.004545408509152153,43.131780268808704,5.271828e-5,953,476.5,5ef5c11-d91a027d8
0.3,0.05,8,0.0,4.0,zero,soft,1,-0.0040683857042965324,-0.0040683857042965324,-4.340467790726815e-5,21.650277598301606,0.00011610375,2459,1229.5,5ef5c11-d91a027d8
0.003,0.02,2,0.005,0.0,zero,soft,1,0.03694274645092983,0.03694274645092983,0.3452058000142532,23.340471821405536,0.00011610375,2084,1042.0,5ef5c11-d91a027d8
0.003,0.02,2,0.01,0.0,zero,hard,7,0.007323578065342704,0.007323578065342704,0.3996841175603073,16.251472488581626,5.042856e-5,2084,1042.0,5ef5c11-d91a027d8
0.003,0.05,2,0.0,0.25,zero,hard,7,-0.0011446387979143927,0.012454023772475068,-0.0011446387979143927,3923.7549105816556,5.042856e-5,953,476.5,5ef5c11-d91a027d8
0.003,0.05,2,0.005,4.0,zero,soft,3,0.002069789147391372,0.0030403967785961445,0.002069789147391372,558.8905102598254,5.271828e-5,953,476.5,5ef5c11-d91a027d8
0.03,0.02,8,0.01,4.0,zero,soft,2,0.031095617357238106,0.031095617357238106,0.04119765806192128,35.94416981764799,8.953138e-5,5852,2926.0,5ef5c11-d91a027d8
0.003,0.05,8,0.01,1.0,zero,hard,8,0.004356721603154005,0.011909568462195529,0.004356721603154005,118.92136985160745,0.00089239184,2459,1229.5,5ef5c11-d91a027d8
0.03,0.05,2,0.0,0.25,zero,hard,7,-0.0005649068983472141,0.012619501760671949,-0.0005649068983472141,392.3638891870881,5.042856e-5,953,476.5,5ef5c11-d91a027d8
0.03,0.05,2,0.005,4.0,zero,soft,3,0.015373992904946008,0.015373992904946008,0.02224670910685777,55.88701373337759,5.271828e-5,953,476.5,5ef5c11-d91a027d8
0.3,0.02,2,0.01,1.0,zero,soft,3,0.5147243919390478,0.5147243919390478,0.6506013885293399,1.6578460774423833,5.271828e-5,2084,1042.0,5ef5c11-d91a027d8
0.03,0.02,2,0.005,0.0,zero,soft,1,0.12431704869769973,0.12431704869769973,0.19811447206618232,6.78594514599249,0.00011610375,2084,1042.0,5ef5c11-d91a027d8
0.03,0.02,2,0.01,0.0,zero,hard,7,0.10220413662933087,0.10220413662933087,0.44701106857157985,8.00155289590275,5.042856e-5,2084,1042.0,5ef5c11-d91a027d8
0.3,0.05,2,0.005,4.0,zero,soft,3,0.13440683774285214,0.13440683774285214,0.22278808057241992,5.609568774558281,5.271828e-5,953,476.5,5ef5c11-d91a027d8
0.3,0.05,2,0.0,0.25,zero,hard,7,0.0052446378459131224,0.014275815488269767,0.0052446378459131224,39.2362851958692,5.042856e-5,953,476.5,5ef5c11-d91a027d8
0.003,0.05,8,0.005,4.0,zero,soft,1,-0.011331330875272225,-0.011331330875272225,0.01638921227752608,274.28499122445737,0.00011610375,2459,1229.5,5ef5c11-d91a027d8
0.003,0.05,8,0.0,0.25,zero,hard,5,-0.04770935514601981,0.023794287161131092,-0.04770935514601981,1923.1811313302903,0.00036867431,2459,1229.5,5ef5c11-d91a027d8
0.003,0.05,2,0.01,4.0,zero,soft,3,-0.003658404654265215,-0.003658404654265215,0.0036725057567262506,1103.7822549919872,5.271828e-5,953,476.5,5ef5c11-d91a027d8
0.003,0.05,2,0.005,0.25,zero,hard,7,0.012088606584528289,0.012088606584528289,0.12183722395174189,48.29181242242921,5.042856e-5,953,476.5,5ef5c11-d91a027d8
0.3,0.02,2,0.005,0.0,zero,soft,1,0.4306972988959335,0.4306972988959335,0.7567295647029101,1.9990575215379776,0.00011610375,2084,1042.0,5ef5c11-d91a027d8
0.003,0.02,2,0.02,1.0,zero,soft,3,-0.0022599560552319514,0.04763392859940111,-0.0022599560552319514,333.4223893962972,5.271828e-5,2084,1042.0,5ef5c11-d91a027d8
0.3,0.02,2,0.01,0.0,zero,hard,7,0.342991068063603,0.342991068063603,0.607367193129623,2.5701880226871436,5.042856e-5,2084,1042.0,5ef5c11-d91a027d8
0.03,0.05,8,0.01,1.0,zero,hard,8,0.05245893491364116,0.05245893491364116,0.08374742581588535,11.912615848087599,0.00089239184,2459,1229.5,5ef5c11-d91a027d8
0.03,0.05,2,0.01,4.0,zero,soft,3,0.00251630797891117,0.00251630797891117,0.013895949120557142,110.34392990913469,5.271828e-5,953,476.5,5ef5c11-d91a027d8
0.03,0.05,2,0.005,0.25,zero,hard,7,0.1615518964377227,0.1615518964377227,0.47154589697181626,4.870551686154473,5.042856e-5,953,476.5,5ef5c11-d91a027d8
0.3,0.05,2,0.01,4.0,zero,soft,3,0.06174298500974701,0.06174298500974701,0.11394839083992336,11.053284363043808,5.271828e-5,953,476.5,5ef5c11-d91a027d8
0.3,0.02,8,0.005,0.25,zero,hard,6,0.8192614843815901,0.8192614843815901,0.8402940170613004,0.5769010810575321,0.000112622154,5852,2926.0,5ef5c11-d91a027d8
0.3,0.05,2,0.005,0.25,zero,hard,7,0.8185705028930561,0.8185705028930561,0.9524016403390105,0.6177185719412387,5.042856e-5,953,476.5,5ef5c11-d91a027d8
0.003,0.02,2,0.01,0.0,zero,soft,1,-0.003969674169741523,0.02025374667668911,-0.003969674169741523,31.008461600771756,0.00011610375,2084,1042.0,5ef5c11-d91a027d8
0.03,0.05,8,0.005,4.0,zero,soft,1,0.013125861149381154,0.013125861149381154,0.06818631087431427,27.450173573822493,0.00011610375,2459,1229.5,5ef5c11-d91a027d8
0.03,0.02,2,0.02,1.0,zero,soft,3,0.03871378832706793,0.07308664463711048,0.03871378832706793,33.31467010844111,5.271828e-5,2084,1042.0,5ef5c11-d91a027d8
0.003,0.02,2,0.02,0.0,zero,hard,7,0.022468922391808935,0.022468922391808935,0.22590655270281773,48.67497402128637,5.042856e-5,2084,1042.0,5ef5c11-d91a027d8
0.003,0.05,2,0.02,4.0,zero,soft,3,-0.00794898992920347,-0.00794898992920347,0.021143588839448824,2074.774955850294,5.271828e-5,953,476.5,5ef5c11-d91a027d8
0.003,0.05,2,0.01,0.25,zero,hard,7,0.01937033690621106,0.01937033690621106,0.04724209213200032,95.99589351824918,5.042856e-5,953,476.5,5ef5c11-d91a027d8
0.03,0.05,8,0.0,0.25,zero,hard,5,-0.04661302931170601,0.024095584548493688,-0.04661302931170601,192.30074729847968,0.00036867431,2459,1229.5,5ef5c11-d91a027d8
0.03,0.05,2,0.02,4.0,zero,soft,3,-0.005388738631443368,-0.005388738631443368,0.026180272088734035,207.53102217917322,5.271828e-5,953,476.5,5ef5c11-d91a027d8
0.03,0.05,2,0.01,0.25,zero,hard,7,0.10253238188492729,0.10253238188492729,0.2504773515596599,9.59489247519367,5.042856e-5,953,476.5,5ef5c11-d91a027d8
0.3,0.05,8,0.01,1.0,zero,hard,8,0.37939774434703427,0.37939774434703427,0.5736106554030537,1.3611229279182524,0.00089239184,2459,1229.5,5ef5c11-d91a027d8
0.03,0.02,2,0.01,0.0,zero,soft,1,0.09463320143918501,0.09463320143918501,0.2561801910985522,10.302813938005833,0.00011610375,2084,1042.0,5ef5c11-d91a027d8
0.03,0.02,2,0.02,0.0,zero,hard,7,0.0486929022134891,0.0486929022134891,0.16687079627817983,13.964363837881455,5.042856e-5,2084,1042.0,5ef5c11-d91a027d8
0.3,0.02,2,0.02,1.0,zero,soft,3,0.2966252002267705,0.2966252002267705,0.3790542103543726,3.3189768025957633,5.271828e-5,2084,1042.0,5ef5c11-d91a027d8
0.3,0.05,2,0.01,0.25,zero,hard,7,0.6588430852206294,0.6588430852206294,0.893378933359809,1.0165991903405371,5.042856e-5,953,476.5,5ef5c11-d91a027d8
0.3,0.05,2,0.02,4.0,zero,soft,3,0.020719337797762503,0.020719337797762503,0.07695003427414432,20.774575142227736,5.271828e-5,953,476.5,5ef5c11-d91a027d8
0.3,0.02,8,0.01,4.0,zero,soft,2,0.2409579177817721,0.2409579177817721,0.36825535413243865,3.6156596522104985,8.953138e-5,5852,2926.0,5ef5c11-d91a027d8
0.3,0.05,8,0.005,4.0,zero,soft,1,0.24850499765066125,0.24850499765066125,0.5056567567792447,2.790138505717561,0.00011610375,2459,1229.5,5ef5c11-d91a027d8
0.003,0.05,2,0.0,0.0,zero,hard,4,0.4127742432191275,0.4127742432191275,0.7728191004749974,1.6686506390634046,1.708457e-5,953,476.5,5ef5c11-d91a027d8
0.3,0.02,2,0.01,0.0,zero,soft,1,0.2927251050541568,0.2927251050541568,0.527403888295734,2.7950943793868266,0.00011610375,2084,1042.0,5ef5c11-d91a027d8
0.003,0.05,2,0.02,0.25,zero,hard,7,0.04542066641379141,0.06114924626980274,0.04542066641379141,196.1676497003764,5.042856e-5,953,476.5,5ef5c11-d91a027d8
0.03,0.05,2,0.0,0.0,zero,hard,4,0.8524307880212246,0.9044234254541221,0.8524307880212246,0.4304143428259582,1.708457e-5,953,476.5,5ef5c11-d91a027d8
0.3,0.02,2,0.02,0.0,zero,hard,7,0.24263523647478058,0.24263523647478058,0.3517543893638417,4.173942612676666,5.042856e-5,2084,1042.0,5ef5c11-d91a027d8
0.03,0.05,2,0.02,0.25,zero,hard,7,0.09801678069315597,0.09801678069315597,0.13442781733632073,19.517654025053567,5.042856e-5,953,476.5,5ef5c11-d91a027d8
0.3,0.05,2,0.0,0.0,zero,hard,4,0.8517273253366946,0.9239281702349145,0.8517273253366946,0.39360594037512103,1.708457e-5,953,476.5,5ef5c11-d91a027d8
0.3,0.05,8,0.0,0.25,zero,hard,5,-0.03564223556635967,0.027106233560574858,-0.03564223556635967,19.233700200925362,0.00036867431,2459,1229.5,5ef5c11-d91a027d8
0.003,0.05,8,0.02,1.0,zero,hard,8,-0.0026009149699225205,-0.0026009149699225205,0.012903361545579764,241.47737623897598,0.00089239184,2459,1229.5,5ef5c11-d91a027d8
0.003,0.02,2,0.02,0.0,zero,soft,1,0.007290162956996786,0.007290162956996786,0.06846728894553131,30.501372696285195,0.00011610375,2084,1042.0,5ef5c11-d91a027d8
0.003,0.02,2,0.0,4.0,zero,soft,3,-0.003433353963287674,-0.0003708976433481045,-0.003433353963287674,2725.1525410757254,5.271828e-5,2084,1042.0,5ef5c11-d91a027d8
0.3,0.05,2,0.02,0.25,zero,hard,7,0.4428835511837042,0.4428835511837042,0.736330915837927,1.9877145895112123,5.042856e-5,953,476.5,5ef5c11-d91a027d8
0.003,0.05,2,0.005,0.0,zero,hard,4,-0.008748587026190266,0.04421839067900011,-0.008748587026190266,19.410290441570627,1.708457e-5,953,476.5,5ef5c11-d91a027d8
0.003,0.05,8,0.01,4.0,zero,soft,1,-0.012905498121064275,-0.012905498121064275,0.015501551037882897,541.2520404395367,0.00011610375,2459,1229.5,5ef5c11-d91a027d8
0.003,0.05,2,0.0,1.0,zero,hard,7,-0.009400280785921658,0.0018390399157835618,-0.009400280785921658,4126.801232700388,5.042856e-5,953,476.5,5ef5c11-d91a027d8
0.03,0.05,2,0.005,0.0,zero,hard,4,0.09933832621461837,0.09933832621461837,0.12691814560645845,6.362573622145824,1.708457e-5,953,476.5,5ef5c11-d91a027d8
0.003,0.02,2,0.0,0.25,zero,hard,7,-0.010593684938503182,0.0017576383167320748,-0.010593684938503182,2498.534901329683,5.042856e-5,2084,1042.0,5ef5c11-d91a027d8
0.03,0.02,2,0.02,0.0,zero,soft,1,0.07764043385248678,0.07764043385248678,0.14765778891750858,15.890392277426397,0.00011610375,2084,1042.0,5ef5c11-d91a027d8
0.003,0.02,8,0.01,0.25,zero,hard,6,0.009031978190342366,0.01987372842972432,0.009031978190342366,28.23984211557742,0.000112622154,5852,2926.0,5ef5c11-d91a027d8
0.3,0.05,2,0.005,0.0,zero,hard,4,0.3551438368418692,0.3551438368418692,0.5940656162077739,1.8791100333954023,1.708457e-5,953,476.5,5ef5c11-d91a027d8
0.03,0.05,2,0.0,1.0,zero,hard,7,-0.009404667374286978,0.001839046274230681,-0.009404667374286978,412.68115672669524,5.042856e-5,953,476.5,5ef5c11-d91a027d8
0.003,0.05,8,0.005,0.25,zero,hard,5,0.050427081862809205,0.053376720036416705,0.050427081862809205,24.69113765744873,0.00036867431,2459,1229.5,5ef5c11-d91a027d8
0.03,0.02,2,0.0,4.0,zero,soft,3,-0.0034312552495746485,-0.0003713930419188902,-0.0034312552495746485,272.5188595465187,5.271828e-5,2084,1042.0,5ef5c11-d91a027d8
0.03,0.05,8,0.02,1.0,zero,hard,8,0.016019980978525934,0.016019980978525934,0.04873123588768819,24.18519427311671,0.00089239184,2459,1229.5,5ef5c11-d91a027d8
0.003,0.05,2,0.01,0.0,zero,hard,4,-0.005323806231114011,-0.005323806231114011,0.2062975489957688,19.267410142225604,1.708457e-5,953,476.5,5ef5c11-d91a027d8
0.3,0.05,2,0.0,1.0,zero,hard,7,-0.009450017660509617,0.0018392582434991886,-0.009450017660509617,41.278319171282135,5.042856e-5,953,476.5,5ef5c11-d91a027d8
0.3,0.02,2,0.02,0.0,zero,soft,1,0.1567909127194789,0.1567909127194789,0.3588918588329716,4.333939390248398,0.00011610375,2084,1042.0,5ef5c11-d91a027d8
0.03,0.05,2,0.01,0.0,zero,hard,4,0.10728561671148867,0.10728561671148867,0.24968091138701817,10.218103899922163,1.708457e-5,953,476.5,5ef5c11-d91a027d8
0.03,0.05,8,0.01,4.0,zero,soft,1,-0.0007524111605747373,-0.0007524111605747373,0.03948231330179262,54.1696539060145,0.00011610375,2459,1229.5,5ef5c11-d91a027d8
0.03,0.02,2,0.0,0.25,zero,hard,7,-0.009610201295921753,0.0020532500078126645,-0.009610201295921753,249.85215870888172,5.042856e-5,2084,1042.0,5ef5c11-d91a027d8
0.003,0.05,2,0.005,1.0,zero,hard,7,0.02671940603668792,0.05904052677915504,0.02671940603668792,137.82314695945303,5.042856e-5,953,476.5,5ef5c11-d91a027d8
0.3,0.05,2,0.01,0.0,zero,hard,4,0.3192097136437768,0.3192097136437768,0.4754244507759882,2.825909062167433,1.708457e-5,953,476.5,5ef5c11-d91a027d8
0.003,0.05,2,0.02,0.0,zero,hard,4,-0.014520133254287984,-0.014520133254287984,0.0004338391477530415,1.9186489170859455,1.708457e-5,953,476.5,5ef5c11-d91a027d8
0.03,0.05,8,0.005,0.25,zero,hard,5,0.3270102240376826,0.3270102240376826,0.5967440438289238,2.505161950580854,0.00036867431,2459,1229.5,5ef5c11-d91a027d8
0.03,0.05,2,0.005,1.0,zero,hard,7,0.11014866333387195,0.11014866333387195,0.17795396041271516,13.767855024902914,5.042856e-5,953,476.5,5ef5c11-d91a027d8
0.3,0.02,2,0.0,4.0,zero,soft,3,-0.0034159255029989877,-0.00037620064473665695,-0.0034159255029989877,27.270331887377523,5.271828e-5,2084,1042.0,5ef5c11-d91a027d8
0.003,0.02,8,0.02,4.0,zero,soft,2,0.0003193784617592632,0.0003193784617592632,0.02252904796625312,678.9037288546983,8.953138e-5,5852,2926.0,5ef5c11-d91a027d8
0.3,0.05,8,0.02,1.0,zero,hard,8,0.19585484284800714,0.19585484284800714,0.36738533032578136,2.5292977140649504,0.00089239184,2459,1229.5,5ef5c11-d91a027d8
0.03,0.05,2,0.02,0.0,zero,hard,4,0.08320996910838593,0.08320996910838593,0.0956333827094346,9.780114428013015,1.708457e-5,953,476.5,5ef5c11-d91a027d8
0.003,0.02,2,0.0,0.25,zero,soft,1,-0.027543660597982963,0.005418417139406167,-0.027543660597982963,2614.8976370872792,0.00011610375,2084,1042.0,5ef5c11-d91a027d8
0.3,0.05,2,0.005,1.0,zero,hard,7,0.5427363422377007,0.5427363422377007,0.8581382030792422,1.3839542535096379,5.042856e-5,953,476.5,5ef5c11-d91a027d8
0.3,0.02,2,0.0,0.25,zero,hard,7,0.00022078068270220102,0.0050139783154234145,0.00022078068270220102,25.00119060259,5.042856e-5,2084,1042.0,5ef5c11-d91a027d8
0.3,0.05,2,0.02,0.0,zero,hard,4,0.20880357257632792,0.2145000968909563,0.20880357257632792,3.80122571074191,1.708457e-5,953,476.5,5ef5c11-d91a027d8
0.3,0.05,8,0.01,4.0,zero,soft,1,0.11793571208182567,0.11793571208182567,0.28062766567313696,5.455718535504376,0.00011610375,2459,1229.5,5ef5c11-d91a027d8
0.003,0.05,2,0.01,1.0,zero,hard,7,0.034560411517798525,0.034560411517798525,0.05811940979541785,272.97047096142387,5.042856e-5,953,476.5,5ef5c11-d91a027d8
0.003,0.02,2,0.005,4.0,zero,soft,3,-0.0016115770554563967,0.046404491943267685,-0.0016115770554563967,319.45398861191745,5.271828e-5,2084,1042.0,5ef5c11-d91a027d8
0.003,0.05,2,0.0,0.25,zero,hard,4,-0.026956482934183287,0.0029199302077214558,-0.026956482934183287,4093.5702450872495,1.708457e-5,953,476.5,5ef5c11-d91a027d8
0.3,0.05,8,0.005,0.25,zero,hard,5,0.8644630109087702,0.8644630109087702,0.9412286491437761,0.5055216358921171,0.00036867431,2459,1229.5,5ef5c11-d91a027d8
0.03,0.05,2,0.01,1.0,zero,hard,7,0.06043810614661293,0.06043810614661293,0.1468082125735092,27.253890379919195,5.042856e-5,953,476.5,5ef5c11-d91a027d8
0.03,0.02,2,0.0,0.25,zero,soft,1,-0.026770112525027142,0.005687960254254158,-0.026770112525027142,261.4887753362095,0.00011610375,2084,1042.0,5ef5c11-d91a027d8
0.003,0.02,2,0.005,0.25,zero,hard,7,-0.04104484687593851,0.03420064898344114,-0.04104484687593851,29.777566075721566,5.042856e-5,2084,1042.0,5ef5c11-d91a027d8
0.03,0.02,8,0.01,0.25,zero,hard,6,0.22531698236267458,0.22531698236267458,0.400810293497955,2.8939907200066557,0.000112622154,5852,2926.0,5ef5c11-d91a027d8
0.03,0.05,2,0.0,0.25,zero,hard,4,-0.026588886287740265,0.003059377972446862,-0.026588886287740265,409.35320009770606,1.708457e-5,953,476.5,5ef5c11-d91a027d8
0.3,0.05,2,0.01,1.0,zero,hard,7,0.316787101611188,0.316787101611188,0.6715471033492034,2.7277710094301204,5.042856e-5,953,476.5,5ef5c11-d91a027d8
0.03,0.02,2,0.005,4.0,zero,soft,3,0.03879996268221132,0.07224536367730368,0.03879996268221132,31.910415522668732,5.271828e-5,2084,1042.0,5ef5c11-d91a027d8
0.003,0.05,8,0.0,4.0,zero,hard,8,0.0013581882530097258,0.0013581882530097258,0.009127399897455573,1825.1305815361272,0.00089239184,2459,1229.5,5ef5c11-d91a027d8
0.003,0.05,2,0.02,1.0,zero,hard,7,0.02088010412046725,0.02088010412046725,0.060154598877227766,546.6302650561774,5.042856e-5,953,476.5,5ef5c11-d91a027d8
0.003,0.05,8,0.02,4.0,zero,soft,1,-0.010616240254295979,-0.010616240254295979,0.015820279994429268,1030.6134874649447,0.00011610375,2459,1229.5,5ef5c11-d91a027d8
0.3,0.05,2,0.0,0.25,zero,hard,4,-0.022885596706618803,0.004453044303204558,-0.022885596706618803,40.94168406873169,1.708457e-5,953,476.5,5ef5c11-d91a027d8
0.03,0.02,2,0.005,0.25,zero,hard,7,0.2924030247972556,0.2924030247972556,0.525767673651453,3.00096223559695,5.042856e-5,2084,1042.0,5ef5c11-d91a027d8
0.03,0.05,2,0.02,1.0,zero,hard,7,0.03519052609330849,0.03519052609330849,0.10378567304152475,54.5623484028207,5.042856e-5,953,476.5,5ef5c11-d91a027d8
0.003,0.05,8,0.01,0.25,zero,hard,5,-0.004499283495403257,0.043967427075843446,-0.004499283495403257,48.28639153917214,0.00036867431,2459,1229.5,5ef5c11-d91a027d8
0.003,0.05,2,0.005,0.25,zero,hard,4,-0.0031878629387297095,0.0439663418496767,-0.0031878629387297095,50.56240191415735,1.708457e-5,953,476.5,5ef5c11-d91a027d8
0.3,0.02,2,0.0,0.25,zero,soft,1,-0.01903931591806242,0.008386954066783855,-0.01903931591806242,26.163583062033897,0.00011610375,2084,1042.0,5ef5c11-d91a027d8
0.3,0.02,2,0.005,4.0,zero,soft,3,0.3109153956581791,0.3109153956581791,0.39931299614766436,3.189534232735147,5.271828e-5,2084,1042.0,5ef5c11-d91a027d8
0.03,0.05,2,0.005,0.25,zero,hard,4,0.17907607444596585,0.17907607444596585,0.27062476376789213,5.074152913671236,1.708457e-5,953,476.5,5ef5c11-d91a027d8
0.3,0.05,2,0.02,1.0,zero,hard,7,0.16628288459218799,0.16628288459218799,0.4480861772607804,5.450420703654648,5.042856e-5,953,476.5,5ef5c11-d91a027d8
0.3,0.05,2,0.005,0.25,zero,hard,4,0.7595037897544872,0.7595037897544872,0.8105538728002296,0.6976481929404301,1.708457e-5,953,476.5,5ef5c11-d91a027d8
0.3,0.02,2,0.005,0.25,zero,hard,7,0.9089423369517613,0.9089423369517613,0.9787211596309763,0.4428973354563959,5.042856e-5,2084,1042.0,5ef5c11-d91a027d8
0.003,0.02,2,0.005,0.25,zero,soft,1,0.02886172714208324,0.04643954544380403,0.02886172714208324,33.172108179751454,0.00011610375,2084,1042.0,5ef5c11-d91a027d8
0.003,0.05,2,0.0,4.0,zero,hard,7,-0.010261030626110619,0.0014181340840342894,-0.010261030626110619,4138.123693306676,5.042856e-5,953,476.5,5ef5c11-d91a027d8
0.03,0.02,8,0.02,4.0,zero,soft,2,0.009818172494295842,0.009818172494295842,0.039507257846085206,67.91208841529374,8.953138e-5,5852,2926.0,5ef5c11-d91a027d8
0.03,0.05,8,0.0,4.0,zero,hard,8,0.0013579304935945357,0.0013579304935945357,0.009123210449372062,182.51492920152396,0.00089239184,2459,1229.5,5ef5c11-d91a027d8
0.003,0.02,2,0.01,4.0,zero,soft,3,-0.0018184340338602424,0.0327024207023816,-0.0018184340338602424,628.8817026935982,5.271828e-5,2084,1042.0,5ef5c11-d91a027d8
0.003,0.05,2,0.01,0.25,zero,hard,4,0.026725646538737487,0.026725646538737487,0.03549835720784537,99.87361210556199,1.708457e-5,953,476.5,5ef5c11-d91a027d8
0.03,0.05,8,0.02,4.0,zero,soft,1,-0.00515795966608645,-0.00515795966608645,0.027133229345796286,103.04690176915867,0.00011610375,2459,1229.5,5ef5c11-d91a027d8
0.03,0.05,8,0.01,0.25,zero,hard,5,0.18231118917734546,0.18231118917734546,0.33530478302599576,4.833400982278671,0.00036867431,2459,1229.5,5ef5c11-d91a027d8
0.03,0.05,2,0.0,4.0,zero,hard,7,-0.010263490969635901,0.0014185441755923292,-0.010263490969635901,413.8144890483352,5.042856e-5,953,476.5,5ef5c11-d91a027d8
0.03,0.05,2,0.01,0.25,zero,hard,4,0.09875987327694027,0.09875987327694027,0.18780150218629452,10.030000356614776,1.708457e-5,953,476.5,5ef5c11-d91a027d8
0.03,0.02,2,0.005,0.25,zero,soft,1,0.29449879105228804,0.29449879105228804,0.47213964112432816,3.345454471852271,0.00011610375,2084,1042.0,5ef5c11-d91a027d8
0.003,0.02,2,0.01,0.25,zero,hard,7,-0.009257084344129746,0.026695734118539406,-0.009257084344129746,59.966619514862046,5.042856e-5,2084,1042.0,5ef5c11-d91a027d8
0.3,0.05,2,0.0,4.0,zero,hard,7,-0.010286996795312786,0.0014227859342781789,-0.010286996795312786,41.39239543615168,5.042856e-5,953,476.5,5ef5c11-d91a027d8
0.03,0.02,2,0.01,4.0,zero,soft,3,0.02005837611857232,0.04476131482699221,0.02005837611857232,62.88447998481279,5.271828e-5,2084,1042.0,5ef5c11-d91a027d8
0.3,0.02,8,0.01,0.25,zero,hard,6,0.7817158681513728,0.7817158681513728,0.8298888778175757,0.6344556755123328,0.000112622154,5852,2926.0,5ef5c11-d91a027d8
0.003,0.05,2,0.005,4.0,zero,hard,7,0.036333898845492894,0.036333898845492894,0.06326784776726257,526.2256440269231,5.042856e-5,953,476.5,5ef5c11-d91a027d8
0.3,0.05,8,0.01,0.25,zero,hard,5,0.7867860548398856,0.7867860548398856,0.9356124522210972,0.648170200370252,0.00036867431,2459,1229.5,5ef5c11-d91a027d8
0.3,0.02,2,0.005,0.25,zero,soft,1,0.8929629981015529,0.8929629981015529,0.9431681126779706,0.4845852075082358,0.00011610375,2084,1042.0,5ef5c11-d91a027d8
0.03,0.02,2,0.01,0.25,zero,hard,7,0.17479697808150446,0.17479697808150446,0.3155420124010963,6.053023292392541,5.042856e-5,2084,1042.0,5ef5c11-d91a027d8
0.3,0.05,8,0.02,4.0,zero,soft,1,0.04575990064744926,0.04575990064744926,0.14079220668919742,10.331021038539442,0.00011610375,2459,1229.5,5ef5c11-d91a027d8
0.3,0.05,8,0.0,4.0,zero,hard,8,0.001356268203225455,0.001356268203225455,0.009090617390751291,18.27720723211,0.00089239184,2459,1229.5,5ef5c11-d91a027d8
0.3,0.02,2,0.01,4.0,zero,soft,3,0.1666650021371407,0.1666650021371407,0.21010976426916025,6.2859005093145015,5.271828e-5,2084,1042.0,5ef5c11-d91a027d8
0.003,0.05,8,0.0,0.0,zero,hard,2,0.10140178558853512,0.10140178558853512,0.33527541005508804,7.545933482155472,9.048635e-6,2459,1229.5,5ef5c11-d91a027d8
0.003,0.02,2,0.01,0.25,zero,soft,1,-0.093575110527532,0.06330760462397572,-0.093575110527532,68.5265169752529,0.00011610375,2084,1042.0,5ef5c11-d91a027d8
0.3,0.02,2,0.01,0.25,zero,hard,7,0.8081926301960659,0.8081926301960659,0.9367395395556042,0.6983504827146454,5.042856e-5,2084,1042.0,5ef5c11-d91a027d8
0.003,0.05,8,0.02,0.25,zero,hard,5,-0.014365718003902574,0.040696571285337484,-0.014365718003902574,94.67559724834557,0.00036867431,2459,1229.5,5ef5c11-d91a027d8
0.003,0.02,2,0.02,4.0,zero,soft,3,-0.008546724721783482,0.02534820471392589,-0.008546724721783482,1218.957383252422,5.271828e-5,2084,1042.0,5ef5c11-d91a027d8
0.003,0.05,8,0.005,4.0,zero,hard,8,-0.0049993313303109575,-0.0049993313303109575,0.0028506777694127404,230.44701133794436,0.00089239184,2459,1229.5,5ef5c11-d91a027d8
0.03,0.05,8,0.0,0.0,zero,hard,2,0.6923777523500472,0.6923777523500472,0.9156477627296105,0.8367370344691115,9.048635e-6,2459,1229.5,5ef5c11-d91a027d8
0.3,0.02,8,0.02,4.0,zero,soft,2,0.10518471200929899,0.10518471200929899,0.19746379270189393,6.81658246673131,8.953138e-5,5852,2926.0,5ef5c11-d91a027d8
0.03,0.02,2,0.01,0.25,zero,soft,1,0.1771037915709149,0.18089000823291254,0.1771037915709149,6.8761428563020255,0.00011610375,2084,1042.0,5ef5c11-d91a027d8
0.003,0.02,2,0.02,0.25,zero,hard,7,-0.05026557797909305,0.04192396046243727,-0.05026557797909305,123.30805020331758,5.042856e-5,2084,1042.0,5ef5c11-d91a027d8
0.3,0.05,8,0.0,0.0,zero,hard,2,0.9305874778377583,0.9305874778377583,0.9440583624322888,0.37972857582237307,9.048635e-6,2459,1229.5,5ef5c11-d91a027d8
0.03,0.02,2,0.02,4.0,zero,soft,3,0.0023811556110732456,0.030801847555607827,0.0023811556110732456,121.86773927694789,5.271828e-5,2084,1042.0,5ef5c11-d91a027d8
0.03,0.05,8,0.02,0.25,zero,hard,5,0.11188486284571414,0.11188486284571414,0.17967386429907106,9.514935125582822,0.00036867431,2459,1229.5,5ef5c11-d91a027d8
0.3,0.02,2,0.01,0.25,zero,soft,1,0.7690044439492725,0.7690044439492725,0.8580557240568077,0.7932504437987972,0.00011610375,2084,1042.0,5ef5c11-d91a027d8
0.03,0.05,8,0.005,4.0,zero,hard,8,0.015038418698607094,0.015038418698607094,0.04288024595126134,23.054627429265988,0.00089239184,2459,1229.5,5ef5c11-d91a027d8
0.03,0.02,2,0.02,0.25,zero,hard,7,0.10773142071111072,0.10773142071111072,0.11478619803881256,12.390631411282145,5.042856e-5,2084,1042.0,5ef5c11-d91a027d8
0.003,0.02,8,0.02,0.25,zero,hard,6,0.003388918619434215,0.003388918619434215,0.04659207261294698,56.47962270977732,0.000112622154,5852,2926.0,5ef5c11-d91a027d8
0.003,0.05,8,0.005,0.0,zero,hard,2,0.028102097285487484,0.028102097285487484,0.04573761757335737,20.25154329611988,9.048635e-6,2459,1229.5,5ef5c11-d91a027d8
0.3,0.02,2,0.02,4.0,zero,soft,3,0.08236976028454975,0.08236976028454975,0.09050518960845183,12.180796305566073,5.271828e-5,2084,1042.0,5ef5c11-d91a027d8
0.003,0.02,8,0.0,0.0,zero,hard,3,0.6507862482412144,0.6507862482412144,0.943608658952725,1.1549644690193859,3.956093e-5,5852,2926.0,5ef5c11-d91a027d8
0.003,0.02,2,0.02,0.25,zero,soft,1,0.03541902693171174,0.03541902693171174,0.039619836533109944,134.34228283067756,0.00011610375,2084,1042.0,5ef5c11-d91a027d8
0.3,0.02,2,0.02,0.25,zero,hard,7,0.6081634025417653,0.6081634025417653,0.834079472289725,1.311303623710334,5.042856e-5,2084,1042.0,5ef5c11-d91a027d8
0.003,0.02,2,0.0,0.0,zero,hard,4,0.9508960880154199,0.9508960880154199,0.9576148586756718,0.30996258106030605,1.708457e-5,2084,1042.0,5ef5c11-d91a027d8
0.3,0.05,8,0.02,0.25,zero,hard,5,0.6124498130670126,0.6124498130670126,0.8622607911645329,1.0429558415024505,0.00036867431,2459,1229.5,5ef5c11-d91a027d8
0.3,0.05,8,0.005,4.0,zero,hard,8,0.20386610700012528,0.20386610700012528,0.3822806882817936,2.4146348824309096,0.00089239184,2459,1229.5,5ef5c11-d91a027d8
0.03,0.05,8,0.005,0.0,zero,hard,2,0.11085009275825482,0.11085009275825482,0.19346894557592206,6.789752017362818,9.048635e-6,2459,1229.5,5ef5c11-d91a027d8
0.03,0.02,2,0.0,0.0,zero,hard,4,0.9617937554062402,0.988610298791824,0.9617937554062402,0.16193732111489248,1.708457e-5,2084,1042.0,5ef5c11-d91a027d8
0.03,0.02,2,0.02,0.25,zero,soft,1,0.09463596929756798,0.09463596929756798,0.13223648211456734,13.401328779386898,0.00011610375,2084,1042.0,5ef5c11-d91a027d8
0.003,0.02,2,0.0,1.0,zero,hard,7,-0.010683711406493586,-0.0019281117832647785,-0.010683711406493586,2604.4930247062653,5.042856e-5,2084,1042.0,5ef5c11-d91a027d8
0.3,0.02,2,0.0,0.0,zero,hard,4,0.9603493131074679,0.9891598612714737,0.9603493131074679,0.1583643435843266,1.708457e-5,2084,1042.0,5ef5c11-d91a027d8
0.03,0.02,8,0.0,0.0,zero,hard,3,0.9885185914000971,0.9885185914000971,0.9953520626827856,0.15308494887895807,3.956093e-5,5852,2926.0,5ef5c11-d91a027d8
0.3,0.02,2,0.02,0.25,zero,soft,1,0.5529645741159898,0.5529645741159898,0.7475093374287344,1.4186302802069404,0.00011610375,2084,1042.0,5ef5c11-d91a027d8
0.3,0.05,8,0.005,0.0,zero,hard,2,0.3613373909079509,0.3613373909079509,0.5273305154609744,1.9965416116469437,9.048635e-6,2459,1229.5,5ef5c11-d91a027d8
0.003,0.05,8,0.01,4.0,zero,hard,8,-0.009734620312938641,-0.009734620312938641,0.0015556106215608952,455.489179985272,0.00089239184,2459,1229.5,5ef5c11-d91a027d8
0.003,0.05,8,0.0,1.0,zero,hard,5,-0.001149839770123035,-0.001149839770123035,0.012603466693996033,2023.446969879585,0.00036867431,2459,1229.5,5ef5c11-d91a027d8
0.003,0.02,2,0.005,0.0,zero,hard,4,0.019853875758881864,0.038577917246192556,0.019853875758881864,20.024438294937443,1.708457e-5,2084,1042.0,5ef5c11-d91a027d8
0.03,0.02,2,0.0,1.0,zero,hard,7,-0.010680045855381841,-0.0019272229866409362,-0.010680045855381841,260.45291579718446,5.042856e-5,2084,1042.0,5ef5c11-d91a027d8
0.03,0.02,8,0.02,0.25,zero,hard,6,0.11462991187180285,0.11462991187180285,0.2608355149019282,5.693505111260704,0.000112622154,5852,2926.0,5ef5c11-d91a027d8
0.003,0.05,8,0.01,0.0,zero,hard,2,0.04694029305476182,0.04694029305476182,0.07282224056264744,19.5513855658843,9.048635e-6,2459,1229.5,5ef5c11-d91a027d8
0.003,0.02,2,0.0,1.0,zero,soft,1,-0.0004269939905886994,-0.0004269939905886994,0.008732471927273703,2748.8348665271915,0.00011610375,2084,1042.0,5ef5c11-d91a027d8
0.03,0.02,2,0.005,0.0,zero,hard,4,0.10886229475669347,0.10886229475669347,0.1406035817929037,6.764504746439528,1.708457e-5,2084,1042.0,5ef5c11-d91a027d8
0.3,0.02,8,0.0,0.0,zero,hard,3,0.995118975113636,0.995118975113636,0.9953019270018489,0.10612620735130099,3.956093e-5,5852,2926.0,5ef5c11-d91a027d8
0.03,0.05,8,0.01,4.0,zero,hard,8,-0.00031684118915128003,-0.00031684118915128003,0.021944453049170653,45.57390253461638,0.00089239184,2459,1229.5,5ef5c11-d91a027d8
0.3,0.02,2,0.0,1.0,zero,hard,7,-0.01063450547893735,-0.0019183906870731918,-0.01063450547893735,26.065419939679085,5.042856e-5,2084,1042.0,5ef5c11-d91a027d8
0.03,0.05,8,0.0,1.0,zero,hard,5,-0.0011498136418689952,-0.0011498136418689952,0.012611701906810093,202.3468565662704,0.00036867431,2459,1229.5,5ef5c11-d91a027d8
0.3,0.02,2,0.005,0.0,zero,hard,4,0.4071844476646973,0.4071844476646973,0.6556135142373779,1.9529364602749493,1.708457e-5,2084,1042.0,5ef5c11-d91a027d8
0.03,0.05,8,0.01,0.0,zero,hard,2,0.04444393999905633,0.04444393999905633,0.11392117528374056,8.86641239422473,9.048635e-6,2459,1229.5,5ef5c11-d91a027d8
0.03,0.02,2,0.0,1.0,zero,soft,1,-0.0004266981593513692,-0.0004266981593513692,0.008729002743389053,274.88534782193733,0.00011610375,2084,1042.0,5ef5c11-d91a027d8
0.003,0.02,2,0.01,0.0,zero,hard,4,-0.01654311760427785,-0.01654311760427785,0.20898165534815277,25.120213727106098,1.708457e-5,2084,1042.0,5ef5c11-d91a027d8
0.3,0.05,8,0.01,4.0,zero,hard,8,0.09501587490795611,0.09501587490795611,0.21382372511397452,4.622455146775601,0.00089239184,2459,1229.5,5ef5c11-d91a027d8
0.003,0.02,2,0.005,1.0,zero,hard,7,-0.12183518143556021,0.03373844372613225,-0.12183518143556021,83.4022906538798,5.042856e-5,2084,1042.0,5ef5c11-d91a027d8
0.3,0.05,8,0.01,0.0,zero,hard,2,0.22778978529240293,0.22778978529240293,0.3900391029879068,2.8578885838141654,9.048635e-6,2459,1229.5,5ef5c11-d91a027d8
0.3,0.02,2,0.0,1.0,zero,soft,1,-0.00042364149407597815,-0.00042364149407597815,0.008690662766952592,27.50758785444149,0.00011610375,2084,1042.0,5ef5c11-d91a027d8
0.3,0.05,8,0.0,1.0,zero,hard,5,-0.0011496482138651186,-0.0011496482138651186,0.01269167466479821,20.260519751570683,0.00036867431,2459,1229.5,5ef5c11-d91a027d8
0.03,0.02,2,0.01,0.0,zero,hard,4,0.11408258328529351,0.11408258328529351,0.24799464399711302,11.032217191300438,1.708457e-5,2084,1042.0,5ef5c11-d91a027d8
0.03,0.02,2,0.005,1.0,zero,hard,7,0.10884689299684414,0.13049817576309894,0.10884689299684414,8.337747496450383,5.042856e-5,2084,1042.0,5ef5c11-d91a027d8
0.3,0.02,8,0.02,0.25,zero,hard,6,0.6779551129592253,0.6779551129592253,0.7394173954749244,0.819913534265516,0.000112622154,5852,2926.0,5ef5c11-d91a027d8
0.003,0.02,8,0.005,0.0,zero,hard,3,0.04843444947179931,0.10911354925481215,0.04843444947179931,26.55261142873714,3.956093e-5,5852,2926.0,5ef5c11-d91a027d8
0.003,0.05,8,0.02,4.0,zero,hard,8,-0.009390338613268443,-0.009390338613268443,0.0005639279436477928,879.5286311303213,0.00089239184,2459,1229.5,5ef5c11-d91a027d8
0.003,0.02,2,0.005,1.0,zero,soft,1,-0.009885398946812722,0.05534422573066999,-0.009885398946812722,93.69100935619694,0.00011610375,2084,1042.0,5ef5c11-d91a027d8
0.3,0.02,2,0.01,0.0,zero,hard,4,0.3409981057658161,0.3409981057658161,0.5220496603983551,3.0019208077325845,1.708457e-5,2084,1042.0,5ef5c11-d91a027d8
0.003,0.05,8,0.02,0.0,zero,hard,2,-0.0024876992622081045,-0.0008172078766566772,-0.0024876992622081045,7.7344937496940585,9.048635e-6,2459,1229.5,5ef5c11-d91a027d8
0.3,0.02,2,0.005,1.0,zero,hard,7,0.7513453483376265,0.7513453483376265,0.9282996777671753,0.845860935663376,5.042856e-5,2084,1042.0,5ef5c11-d91a027d8
0.003,0.05,8,0.005,1.0,zero,hard,5,-0.0038882606317227207,0.07472387138867433,-0.0038882606317227207,64.89693587596294,0.00036867431,2459,1229.5,5ef5c11-d91a027d8
0.03,0.02,2,0.005,1.0,zero,soft,1,0.1396416422273762,0.1396416422273762,0.17120885758431595,9.361541056557105,0.00011610375,2084,1042.0,5ef5c11-d91a027d8
0.003,0.02,2,0.02,0.0,zero,hard,4,0.0005719632626383846,0.06718649710606209,0.0005719632626383846,2.791694224666264,1.708457e-5,2084,1042.0,5ef5c11-d91a027d8
0.03,0.05,8,0.02,0.0,zero,hard,2,0.09304894864590912,0.09304894864590912,0.10182603817807054,9.200912028589801,9.048635e-6,2459,1229.5,5ef5c11-d91a027d8
0.003,0.02,2,0.01,1.0,zero,hard,7,-0.1519825939977195,0.0354519964234032,-0.1519825939977195,167.84120622548966,5.042856e-5,2084,1042.0,5ef5c11-d91a027d8
0.03,0.05,8,0.02,4.0,zero,hard,8,-0.0049703888160184916,-0.0049703888160184916,0.008850105751475002,87.98712814753553,0.00089239184,2459,1229.5,5ef5c11-d91a027d8
0.03,0.02,2,0.02,0.0,zero,hard,4,0.09842522602576244,0.09842522602576244,0.10115050395042113,10.396018238539492,1.708457e-5,2084,1042.0,5ef5c11-d91a027d8
0.3,0.02,2,0.005,1.0,zero,soft,1,0.7076685596784345,0.7076685596784345,0.8669280683008471,0.9535458844848964,0.00011610375,2084,1042.0,5ef5c11-d91a027d8
0.03,0.05,8,0.005,1.0,zero,hard,5,0.17871620817465877,0.17871620817465877,0.25511757275442526,6.493890431614535,0.00036867431,2459,1229.5,5ef5c11-d91a027d8
0.03,0.02,2,0.01,1.0,zero,hard,7,-0.020115960450242536,0.083766125557775,-0.020115960450242536,16.760735129690943,5.042856e-5,2084,1042.0,5ef5c11-d91a027d8
0.3,0.05,8,0.02,0.0,zero,hard,2,0.26567597987128866,0.26567597987128866,0.31830415987302846,3.627225788691878,9.048635e-6,2459,1229.5,5ef5c11-d91a027d8
0.03,0.02,8,0.005,0.0,zero,hard,3,0.16095910975455,0.16452403881153574,0.16095910975455,7.307731498837129,3.956093e-5,5852,2926.0,5ef5c11-d91a027d8
0.3,0.02,2,0.02,0.0,zero,hard,4,0.22836177794198034,0.22836177794198034,0.22960411556241864,4.165108035284166,1.708457e-5,2084,1042.0,5ef5c11-d91a027d8
0.003,0.02,2,0.01,1.0,zero,soft,1,-0.029080368292695294,0.04601001662788248,-0.029080368292695294,191.55458474308688,0.00011610375,2084,1042.0,5ef5c11-d91a027d8
0.3,0.05,8,0.02,4.0,zero,hard,8,0.03602901383370315,0.03602901383370315,0.09815922262734045,8.848050576219505,0.00089239184,2459,1229.5,5ef5c11-d91a027d8
0.3,0.05,8,0.005,1.0,zero,hard,5,0.7654054775521186,0.7654054775521186,0.9292665926924063,0.7123422842166646,0.00036867431,2459,1229.5,5ef5c11-d91a027d8
0.3,0.02,2,0.01,1.0,zero,hard,7,0.5129372285711474,0.5129372285711474,0.7657069614344856,1.6740148798033385,5.042856e-5,2084,1042.0,5ef5c11-d91a027d8
0.003,0.05,8,0.0,0.0,zero,soft,8,0.1731703807095423,0.1731703807095423,0.31420486157302785,7.065766627496804,7.821367e-5,2459,1229.5,5ef5c11-d91a027d8
0.03,0.02,2,0.01,1.0,zero,soft,1,0.06243905742889178,0.08972322919664458,0.06243905742889178,19.193197964482852,0.00011610375,2084,1042.0,5ef5c11-d91a027d8
0.003,0.02,2,0.0,0.25,zero,hard,4,0.0010815466788574137,0.0010815466788574137,0.028195898209042815,2605.605082595389,1.708457e-5,2084,1042.0,5ef5c11-d91a027d8
0.003,0.02,8,0.0,1.0,zero,hard,6,-0.0007572039481056051,-0.0007572039481056051,-0.0001344138318121527,1139.6947073390747,0.000112622154,5852,2926.0,5ef5c11-d91a027d8
0.003,0.05,8,0.0,0.25,zero,hard,2,-0.0006618483681812604,-0.0006618483681812604,0.009170480348214702,2077.7964166113466,9.048635e-6,2459,1229.5,5ef5c11-d91a027d8
0.03,0.05,8,0.0,0.0,zero,soft,8,0.7089418669602604,0.7089418669602604,0.8452113784945781,0.7873222643807363,7.821367e-5,2459,1229.5,5ef5c11-d91a027d8
0.003,0.02,2,0.02,1.0,zero,hard,7,-0.1354975740377728,-0.008965109189027314,-0.1354975740377728,328.48393423006775,5.042856e-5,2084,1042.0,5ef5c11-d91a027d8
0.003,0.05,8,0.01,1.0,zero,hard,5,-0.05077373761941368,0.050931645559388436,-0.05077373761941368,130.20252827267575,0.00036867431,2459,1229.5,5ef5c11-d91a027d8
0.3,0.02,2,0.01,1.0,zero,soft,1,0.45609119876276843,0.45609119876276843,0.683142476218765,1.93235156158399,0.00011610375,2084,1042.0,5ef5c11-d91a027d8
0.03,0.02,2,0.0,0.25,zero,hard,4,0.0013414091595544487,0.0013414091595544487,0.028765726466742678,260.5585137664973,1.708457e-5,2084,1042.0,5ef5c11-d91a027d8
0.3,0.05,8,0.0,0.0,zero,soft,8,0.8571906037230462,0.9045542261555993,0.8571906037230462,0.44554004359499866,7.821367e-5,2459,1229.5,5ef5c11-d91a027d8
0.3,0.02,8,0.005,0.0,zero,hard,3,0.43678831585753425,0.43678831585753425,0.709336074946871,2.0226770804235055,3.956093e-5,5852,2926.0,5ef5c11-d91a027d8
0.03,0.02,2,0.02,1.0,zero,hard,7,-0.06746052779024062,0.01518219664275836,-0.06746052779024062,32.83071622233303,5.042856e-5,2084,1042.0,5ef5c11-d91a027d8
0.003,0.02,2,0.02,1.0,zero,soft,1,-0.04414115775541622,0.04498496888062828,-0.04414115775541622,382.2526331085158,0.00011610375,2084,1042.0,5ef5c11-d91a027d8
0.03,0.05,8,0.0,0.25,zero,hard,2,-0.0003758896170315879,-0.0003758896170315879,0.0098360298601259,207.78472895809682,9.048635e-6,2459,1229.5,5ef5c11-d91a027d8
0.03,0.05,8,0.01,1.0,zero,hard,5,0.07985073462855308,0.10541625960595351,0.07985073462855308,13.023895024855129,0.00036867431,2459,1229.5,5ef5c11-d91a027d8
0.003,0.05,8,0.005,0.0,zero,soft,8,0.14662462847805402,0.14662462847805402,0.22576309616040188,24.082753086806356,7.821367e-5,2459,1229.5,5ef5c11-d91a027d8
0.3,0.02,2,0.0,0.25,zero,hard,4,0.003944375235284498,0.003944375235284498,0.034478265954218205,26.07226822912403,1.708457e-5,2084,1042.0,5ef5c11-d91a027d8
0.3,0.02,2,0.02,1.0,zero,hard,7,0.25763049685092093,0.25763049685092093,0.4836687207120382,3.275597036170695,5.042856e-5,2084,1042.0,5ef5c11-d91a027d8
0.03,0.02,2,0.02,1.0,zero,soft,1,-0.003667785300831976,0.06713838412791073,-0.003667785300831976,38.22325468283027,0.00011610375,2084,1042.0,5ef5c11-d91a027d8
0.003,0.02,2,0.005,0.25,zero,hard,4,0.03635917371213802,0.03635917371213802,0.05205832854491061,32.01100840637902,1.708457e-5,2084,1042.0,5ef5c11-d91a027d8
0.03,0.05,8,0.005,0.0,zero,soft,8,0.1473971745400407,0.1473971745400407,0.18980560269790378,5.950807609244593,7.821367e-5,2459,1229.5,5ef5c11-d91a027d8
0.3,0.05,8,0.0,0.25,zero,hard,2,0.0024817984711854924,0.0024817984711854924,0.016500806874530673,20.803275933275902,9.048635e-6,2459,1229.5,5ef5c11-d91a027d8
0.3,0.05,8,0.01,1.0,zero,hard,5,0.5340140281959354,0.5340140281959354,0.8205771891809898,1.334588063584494,0.00036867431,2459,1229.5,5ef5c11-d91a027d8
0.003,0.02,2,0.0,4.0,zero,hard,7,-0.01213989597642983,-0.002695973478560149,-0.01213989597642983,2618.617133503828,5.042856e-5,2084,1042.0,5ef5c11-d91a027d8
0.3,0.02,2,0.02,1.0,zero,soft,1,0.26779599111658775,0.26779599111658775,0.391664684251635,3.8388972099019076,0.00011610375,2084,1042.0,5ef5c11-d91a027d8
0.003,0.02,8,0.01,0.0,zero,hard,3,0.008836135982655285,0.008836135982655285,0.1120698454339489,7.8647087336595645,3.956093e-5,5852,2926.0,5ef5c11-d91a027d8
0.03,0.02,2,0.005,0.25,zero,hard,4,0.28391007777386323,0.28391007777386323,0.39264677279011806,3.2445533107867486,1.708457e-5,2084,1042.0,5ef5c11-d91a027d8
0.03,0.02,8,0.0,1.0,zero,hard,6,-0.0007572087190872572,-0.0007572087190872572,-0.00015152069954343578,113.97421690311228,0.000112622154,5852,2926.0,5ef5c11-d91a027d8
0.3,0.05,8,0.005,0.0,zero,soft,8,0.3604500932803128,0.3604500932803128,0.5803204410499219,1.7853742595250963,7.821367e-5,2459,1229.5,5ef5c11-d91a027d8
0.003,0.05,8,0.005,0.25,zero,hard,2,0.03189512779740448,0.03189512779740448,0.0959058268368189,27.24677626592694,9.048635e-6,2459,1229.5,5ef5c11-d91a027d8
0.003,0.05,8,0.02,1.0,zero,hard,5,-0.03879034710074993,0.04218764271644119,-0.03879034710074993,262.65657490809946,0.00036867431,2459,1229.5,5ef5c11-d91a027d8
0.03,0.02,2,0.0,4.0,zero,hard,7,-0.012135173147788595,-0.002695525355711663,-0.012135173147788595,261.86616777487643,5.042856e-5,2084,1042.0,5ef5c11-d91a027d8
0.003,0.02,2,0.0,4.0,zero,soft,1,-0.010569264530502229,0.0009158988661393421,-0.010569264530502229,2741.1701970617546,0.00011610375,2084,1042.0,5ef5c11-d91a027d8
0.3,0.02,2,0.005,0.25,zero,hard,4,0.8876395766559497,0.8876395766559497,0.9151915927011165,0.48209951525846134,1.708457e-5,2084,1042.0,5ef5c11-d91a027d8
0.003,0.05,8,0.01,0.0,zero,soft,8,-0.08077738288989339,0.04843203012683446,-0.08077738288989339,32.497395387642584,7.821367e-5,2459,1229.5,5ef5c11-d91a027d8
0.003,0.02,2,0.01,0.25,zero,hard,4,0.02695093209520967,0.02695093209520967,0.06764898413427385,63.50840056807396,1.708457e-5,2084,1042.0,5ef5c11-d91a027d8
0.03,0.05,8,0.005,0.25,zero,hard,2,0.26678903365207357,0.26678903365207357,0.4611525004846467,2.778669153618126,9.048635e-6,2459,1229.5,5ef5c11-d91a027d8
0.03,0.02,2,0.0,4.0,zero,soft,1,-0.010567687473310487,0.0009156087538260547,-0.010567687473310487,274.11772511720676,0.00011610375,2084,1042.0,5ef5c11-d91a027d8
0.3,0.02,2,0.0,4.0,zero,hard,7,-0.012085734851417408,-0.002691025259023638,-0.012085734851417408,26.20816849768816,5.042856e-5,2084,1042.0,5ef5c11-d91a027d8
0.03,0.05,8,0.02,1.0,zero,hard,5,0.019093498029041908,0.06955274190708478,0.019093498029041908,26.254306695164583,0.00036867431,2459,1229.5,5ef5c11-d91a027d8
0.03,0.05,8,0.01,0.0,zero,soft,8,0.05117483872324818,0.05117483872324818,0.14810730654215823,7.56283914724628,7.821367e-5,2459,1229.5,5ef5c11-d91a027d8
0.03,0.02,8,0.01,0.0,zero,hard,3,0.12181825010671077,0.12181825010671077,0.19422985179031052,10.404501487654342,3.956093e-5,5852,2926.0,5ef5c11-d91a027d8
0.03,0.02,2,0.01,0.25,zero,hard,4,0.1591032902609076,0.1591032902609076,0.2897336694306276,6.406116828993088,1.708457e-5,2084,1042.0,5ef5c11-d91a027d8
0.003,0.02,2,0.005,4.0,zero,hard,7,-0.13147981560199648,0.018915454559571138,-0.13147981560199648,322.6895615182646,5.042856e-5,2084,1042.0,5ef5c11-d91a027d8
0.3,0.02,2,0.0,4.0,zero,soft,1,-0.010551035513768027,0.0009128782466408026,-0.010551035513768027,27.428278930584273,0.00011610375,2084,1042.0,5ef5c11-d91a027d8
0.3,0.05,8,0.005,0.25,zero,hard,2,0.8392041875087364,0.8392041875087364,0.8829659176421569,0.5520071515451508,9.048635e-6,2459,1229.5,5ef5c11-d91a027d8
0.3,0.05,8,0.01,0.0,zero,soft,8,0.23425405045105052,0.23425405045105052,0.4775396438810019,2.712268491519205,7.821367e-5,2459,1229.5,5ef5c11-d91a027d8
0.3,0.05,8,0.02,1.0,zero,hard,5,0.32013295590357366,0.32013295590357366,0.5815178650429562,2.6324297847682674,0.00036867431,2459,1229.5,5ef5c11-d91a027d8
0.3,0.02,2,0.01,0.25,zero,hard,4,0.7750419038092391,0.7750419038092391,0.8575382928584065,0.7712232112046753,1.708457e-5,2084,1042.0,5ef5c11-d91a027d8
0.03,0.02,2,0.005,4.0,zero,hard,7,-0.06516900609690943,0.044881552448893615,-0.06516900609690943,32.27524269884155,5.042856e-5,2084,1042.0,5ef5c11-d91a027d8
0.003,0.02,2,0.005,4.0,zero,soft,1,-0.04237569653385573,0.043651734510913046,-0.04237569653385573,365.22994901896345,0.00011610375,2084,1042.0,5ef5c11-d91a027d8
0.3,0.02,8,0.0,1.0,zero,hard,6,-0.0007576058666922093,-0.0007576058666922093,-0.00036013675861005666,11.44118594756995,0.000112622154,5852,2926.0,5ef5c11-d91a027d8
0.003,0.05,8,0.02,0.0,zero,soft,8,0.039076839536974106,0.039076839536974106,0.159597617778483,46.561645816397856,7.821367e-5,2459,1229.5,5ef5c11-d91a027d8
0.003,0.05,8,0.01,0.25,zero,hard,2,-0.003205024262461857,-0.003205024262461857,0.025184439478106935,53.78510206391035,9.048635e-6,2459,1229.5,5ef5c11-d91a027d8
0.003,0.02,2,0.02,0.25,zero,hard,4,0.005437989384754791,0.10546049542004235,0.005437989384754791,130.55052165149513,1.708457e-5,2084,1042.0,5ef5c11-d91a027d8
0.3,0.02,2,0.005,4.0,zero,hard,7,0.28901260201485607,0.28901260201485607,0.5068141729037473,3.2356504828999073,5.042856e-5,2084,1042.0,5ef5c11-d91a027d8
0.03,0.02,2,0.005,4.0,zero,soft,1,0.005103216528214355,0.06495572138961285,0.005103216528214355,36.49384687969229,0.00011610375,2084,1042.0,5ef5c11-d91a027d8
0.3,0.02,8,0.01,0.0,zero,hard,3,0.24658674472365935,0.24658674472365935,0.4365631461722784,3.0676359689875436,3.956093e-5,5852,2926.0,5ef5c11-d91a027d8
0.003,0.05,8,0.0,4.0,zero,hard,5,-0.0010123296961871049,-0.0010123296961871049,0.00032777529558323105,2052.899157651142,0.00036867431,2459,1229.5,5ef5c11-d91a027d8
0.03,0.05,8,0.02,0.0,zero,soft,8,0.04164426985666641,0.04164426985666641,0.20830630467138744,9.609265715105469,7.821367e-5,2459,1229.5,5ef5c11-d91a027d8
0.03,0.02,2,0.02,0.25,zero,hard,4,0.09064132262063261,0.16215835409265547,0.09064132262063261,13.07755462145372,1.708457e-5,2084,1042.0,5ef5c11-d91a027d8
0.003,0.02,2,0.01,4.0,zero,hard,7,-0.1272685490702573,0.010359972909122788,-0.1272685490702573,637.4327465659571,5.042856e-5,2084,1042.0,5ef5c11-d91a027d8
0.03,0.05,8,0.01,0.25,zero,hard,2,0.11930369398050306,0.11930369398050306,0.2778251283583434,5.424176337431023,9.048635e-6,2459,1229.5,5ef5c11-d91a027d8
0.3,0.02,2,0.005,4.0,zero,soft,1,0.2761844183414642,0.2761844183414642,0.41125378796981865,3.6596503862524874,0.00011610375,2084,1042.0,5ef5c11-d91a027d8
0.3,0.05,8,0.02,0.0,zero,soft,8,0.16833552992086556,0.16833552992086556,0.3455020727632706,4.072131802797913,7.821367e-5,2459,1229.5,5ef5c11-d91a027d8
0.3,0.02,2,0.02,0.25,zero,hard,4,0.6076139541979113,0.6076139541979113,0.7022836912165371,1.3548943708772652,1.708457e-5,2084,1042.0,5ef5c11-d91a027d8
0.03,0.02,2,0.01,4.0,zero,hard,7,-0.09677843375888792,0.022769183101895872,-0.09677843375888792,63.7744075383712,5.042856e-5,2084,1042.0,5ef5c11-d91a027d8
0.003,0.02,2,0.01,4.0,zero,soft,1,-0.04008546686922252,0.035745785895345654,-0.04008546686922252,718.9391410163446,0.00011610375,2084,1042.0,5ef5c11-d91a027d8
0.03,0.05,8,0.0,4.0,zero,hard,5,-0.0010116872481748885,-0.0010116872481748885,0.00032490221092489773,205.29356586133153,0.00036867431,2459,1229.5,5ef5c11-d91a027d8
0.3,0.05,8,0.01,0.25,zero,hard,2,0.7227296809605138,0.7227296809605138,0.8469023714029237,0.7580633210090364,9.048635e-6,2459,1229.5,5ef5c11-d91a027d8
0.003,0.02,8,0.005,1.0,zero,hard,6,-0.020856645387370757,-0.020856645387370757,-0.002782927358191129,37.921399775314164,0.000112622154,5852,2926.0,5ef5c11-d91a027d8
0.3,0.02,2,0.01,4.0,zero,hard,7,0.14548378432113182,0.14548378432113182,0.2124518378721769,6.3814298399549125,5.042856e-5,2084,1042.0,5ef5c11-d91a027d8
0.03,0.02,2,0.01,4.0,zero,soft,1,-0.01813783814385631,0.04642200854690749,-0.01813783814385631,71.87536617542182,0.00011610375,2084,1042.0,5ef5c11-d91a027d8
0.003,0.02,2,0.0,1.0,zero,hard,4,-0.017391903721152294,-0.0009075304576245192,-0.017391903721152294,2712.0469051108885,1.708457e-5,2084,1042.0,5ef5c11-d91a027d8
0.003,0.02,8,0.02,0.0,zero,hard,3,0.037294548443948076,0.037294548443948076,0.049702081039095694,76.8976085025969,3.956093e-5,5852,2926.0,5ef5c11-d91a027d8
0.003,0.05,8,0.0,0.25,zero,soft,8,-0.015666951714536,-0.007404159998583488,-0.015666951714536,1963.646202819027,7.821367e-5,2459,1229.5,5ef5c11-d91a027d8
0.003,0.05,8,0.02,0.25,zero,hard,2,0.022253542225543807,0.06020965990416096,0.022253542225543807,104.3717732040141,9.048635e-6,2459,1229.5,5ef5c11-d91a027d8
0.3,0.05,8,0.0,4.0,zero,hard,5,-0.0010051182570563395,-0.0010051182570563395,0.000295137770820483,20.554406858225644,0.00036867431,2459,1229.5,5ef5c11-d91a027d8
0.3,0.02,2,0.01,4.0,zero,soft,1,0.15305468188845978,0.15305468188845978,0.19035493610028542,7.1997395807604265,0.00011610375,2084,1042.0,5ef5c11-d91a027d8
0.003,0.02,2,0.02,4.0,zero,hard,7,-0.11698094154786443,0.005900777620649911,-0.11698094154786443,1221.832042958273,5.042856e-5,2084,1042.0,5ef5c11-d91a027d8
0.03,0.02,2,0.0,1.0,zero,hard,4,-0.017383937400735988,-0.0009078624755651217,-0.017383937400735988,271.2068534976487,1.708457e-5,2084,1042.0,5ef5c11-d91a027d8
0.003,0.02,2,0.02,4.0,zero,soft,1,-0.04977984377976553,0.029465222104669817,-0.04977984377976553,1355.760307829165,0.00011610375,2084,1042.0,5ef5c11-d91a027d8
0.03,0.05,8,0.0,0.25,zero,soft,8,-0.014901793675375459,-0.0071374715866469925,-0.014901793675375459,196.37126540517406,7.821367e-5,2459,1229.5,5ef5c11-d91a027d8
0.03,0.05,8,0.02,0.25,zero,hard,2,0.13046884250082189,0.13046884250082189,0.14311158317912379,10.448442824032842,9.048635e-6,2459,1229.5,5ef5c11-d91a027d8
0.03,0.02,2,0.02,4.0,zero,hard,7,-0.10036540487032675,0.011510699556581254,-0.10036540487032675,122.19732003136289,5.042856e-5,2084,1042.0,5ef5c11-d91a027d8
0.003,0.05,8,0.005,4.0,zero,hard,5,-0.03360722757113799,0.04531693059017906,-0.03360722757113799,247.06202202975112,0.00036867431,2459,1229.5,5ef5c11-d91a027d8
0.3,0.02,2,0.0,1.0,zero,hard,4,-0.01729872764825269,-0.0009109969544644379,-0.01729872764825269,27.13963058462639,1.708457e-5,2084,1042.0,5ef5c11-d91a027d8
0.03,0.02,8,0.02,0.0,zero,hard,3,0.06011949422373214,0.11796134293708822,0.06011949422373214,15.100240461928932,3.956093e-5,5852,2926.0,5ef5c11-d91a027d8
0.03,0.02,2,0.02,4.0,zero,soft,1,-0.04040535250851873,0.03414668662049143,-0.04040535250851873,135.611086124336,0.00011610375,2084,1042.0,5ef5c11-d91a027d8
0.03,0.02,8,0.005,1.0,zero,hard,6,0.15111182727761358,0.15111182727761358,0.28833557443059077,3.8246438232582896,0.000112622154,5852,2926.0,5ef5c11-d91a027d8
0.3,0.02,2,0.02,4.0,zero,hard,7,0.04286749008069146,0.06617403713779528,0.04286749008069146,12.237674404252207,5.042856e-5,2084,1042.0,5ef5c11-d91a027d8
0.003,0.02,2,0.005,1.0,zero,hard,4,0.004092893285273288,0.022415247333003773,0.004092893285273288,92.05666880270195,1.708457e-5,2084,1042.0,5ef5c11-d91a027d8
0.3,0.05,8,0.02,0.25,zero,hard,2,0.6080996549511246,0.6080996549511246,0.7243641676767585,1.149495344883074,9.048635e-6,2459,1229.5,5ef5c11-d91a027d8
0.03,0.05,8,0.005,4.0,zero,hard,5,0.03481149280386529,0.07348228689866546,0.03481149280386529,24.692531533295483,0.00036867431,2459,1229.5,5ef5c11-d91a027d8
0.3,0.05,8,0.0,0.25,zero,soft,8,-0.007247647896506916,-0.004467740772966795,-0.007247647896506916,19.66556537110979,7.821367e-5,2459,1229.5,5ef5c11-d91a027d8
0.003,0.02,2,0.0,0.0,zero,soft,7,0.9569585378849048,0.9569585378849048,0.9896169045862218,0.2906009697730155,0.000232274,2084,1042.0,5ef5c11-d91a027d8
0.3,0.02,2,0.02,4.0,zero,soft,1,0.056412230871855706,0.08035906804558095,0.056412230871855706,13.556430780806593,0.00011610375,2084,1042.0,5ef5c11-d91a027d8
0.03,0.02,2,0.0,0.0,zero,soft,7,0.988182800488684,0.988182800488684,0.9915402354720291,0.1645407912410982,0.000232274,2084,1042.0,5ef5c11-d91a027d8
0.03,0.02,2,0.005,1.0,zero,hard,4,0.11313391451042944,0.11313391451042944,0.143194222669416,9.219032236759924,1.708457e-5,2084,1042.0,5ef5c11-d91a027d8
0.003,0.02,2,0.0,0.0,zero,hard,2,0.9529566995756602,0.9529566995756602,0.9849738596614148,0.30371491372513476,9.048635e-6,2084,1042.0,5ef5c11-d91a027d8
0.3,0.02,2,0.0,0.0,zero,soft,7,0.9880047749405412,0.9880047749405412,0.9911289635920694,0.16285739895585982,0.000232274,2084,1042.0,5ef5c11-d91a027d8
0.3,0.05,8,0.005,4.0,zero,hard,5,0.3333964595360686,0.3333964595360686,0.5916714743705962,2.4852919599946457,0.00036867431,2459,1229.5,5ef5c11-d91a027d8
0.003,0.05,8,0.005,0.25,zero,soft,8,0.03908937454914262,0.03908937454914262,0.07885413864169984,24.674637990925152,7.821367e-5,2459,1229.5,5ef5c11-d91a027d8
0.03,0.02,2,0.0,0.0,zero,hard,2,0.9877342828590205,0.9880308560768608,0.9877342828590205,0.1635765697189148,9.048635e-6,2084,1042.0,5ef5c11-d91a027d8
0.003,0.05,8,0.0,1.0,zero,hard,2,-0.0041467708287411635,0.0025068644870679733,-0.0041467708287411635,2161.6483211817945,9.048635e-6,2459,1229.5,5ef5c11-d91a027d8
0.3,0.02,2,0.005,1.0,zero,hard,4,0.710598892271666,0.710598892271666,0.8312973235414489,0.9325125907094308,1.708457e-5,2084,1042.0,5ef5c11-d91a027d8
0.003,0.02,2,0.005,0.0,zero,soft,7,0.025031173960023793,0.1337868920712361,0.025031173960023793,22.73008029914517,0.000232274,2084,1042.0,5ef5c11-d91a027d8
0.3,0.02,8,0.02,0.0,zero,hard,3,0.2417400905556077,0.2417400905556077,0.2710768284466408,4.107180210209318,3.956093e-5,5852,2926.0,5ef5c11-d91a027d8
0.3,0.02,2,0.0,0.0,zero,hard,2,0.9867229075479649,0.9877309933107842,0.9867229075479649,0.16516113162737417,9.048635e-6,2084,1042.0,5ef5c11-d91a027d8
0.03,0.05,8,0.005,0.25,zero,soft,8,0.27977408209658966,0.27977408209658966,0.4915343053473439,2.5661075897886376,7.821367e-5,2459,1229.5,5ef5c11-d91a027d8
0.003,0.02,2,0.01,1.0,zero,hard,4,0.00039822761134559353,0.031565684364145453,0.00039822761134559353,185.36163946839594,1.708457e-5,2084,1042.0,5ef5c11-d91a027d8
0.003,0.05,8,0.01,4.0,zero,hard,5,-0.05141521321744351,0.04760338564762702,-0.05141521321744351,491.73401160761006,0.00036867431,2459,1229.5,5ef5c11-d91a027d8
0.3,0.02,8,0.005,1.0,zero,hard,6,0.7936661431309708,0.7936661431309708,0.8299966120450359,0.6167574491480511,0.000112622154,5852,2926.0,5ef5c11-d91a027d8
0.03,0.02,2,0.005,0.0,zero,soft,7,0.16724570575878606,0.16823641800940325,0.16724570575878606,6.021837167840956,0.000232274,2084,1042.0,5ef5c11-d91a027d8
0.003,0.02,2,0.005,0.0,zero,hard,2,0.025058421663368326,0.025058421663368326,0.0578596830727034,20.899079298403052,9.048635e-6,2084,1042.0,5ef5c11-d91a027d8
0.03,0.05,8,0.0,1.0,zero,hard,2,-0.004146443640489762,0.0025071145066737762,-0.004146443640489762,216.16338874555296,9.048635e-6,2459,1229.5,5ef5c11-d91a027d8
0.3,0.02,2,0.005,0.0,zero,soft,7,0.41246454460066484,0.41246454460066484,0.8315979567928892,1.68145504835759,0.000232274,2084,1042.0,5ef5c11-d91a027d8
0.03,0.02,2,0.01,1.0,zero,hard,4,0.07593455320297364,0.07593455320297364,0.07988485800239149,18.53821525746293,1.708457e-5,2084,1042.0,5ef5c11-d91a027d8
0.03,0.02,2,0.005,0.0,zero,hard,2,0.0900362965228737,0.0900362965228737,0.21462973773127692,7.186559948023956,9.048635e-6,2084,1042.0,5ef5c11-d91a027d8
0.3,0.05,8,0.005,0.25,zero,soft,8,0.8074852628602063,0.8074852628602063,0.8463179419044756,0.5927775566236492,7.821367e-5,2459,1229.5,5ef5c11-d91a027d8
0.03,0.05,8,0.01,4.0,zero,hard,5,-0.019048727386963192,0.060630410518403975,-0.019048727386963192,49.145302482191674,0.00036867431,2459,1229.5,5ef5c11-d91a027d8
0.003,0.02,2,0.01,0.0,zero,soft,7,0.008976057335170344,0.008976057335170344,0.4701158144821039,19.050766030948807,0.000232274,2084,1042.0,5ef5c11-d91a027d8
0.3,0.02,2,0.005,0.0,zero,hard,2,0.402402308756302,0.402402308756302,0.5866863687879764,2.0765050959953344,9.048635e-6,2084,1042.0,5ef5c11-d91a027d8
0.3,0.02,2,0.01,1.0,zero,hard,4,0.45930744293438786,0.45930744293438786,0.610461384778712,1.8718671693056173,1.708457e-5,2084,1042.0,5ef5c11-d91a027d8
0.3,0.05,8,0.0,1.0,zero,hard,2,-0.0041432954464930396,0.0025095584108196438,-0.0041432954464930396,21.63686552625148,9.048635e-6,2459,1229.5,5ef5c11-d91a027d8
0.03,0.02,2,0.01,0.0,zero,soft,7,0.029208401249729433,0.029208401249729433,0.34738033429465204,9.9444764199699,0.000232274,2084,1042.0,5ef5c11-d91a027d8
0.003,0.05,8,0.01,0.25,zero,soft,8,-0.015096765555731244,-0.0008222792060029077,-0.015096765555731244,50.950996594121925,7.821367e-5,2459,1229.5,5ef5c11-d91a027d8
0.003,0.02,2,0.01,0.0,zero,hard,2,0.041001537720294405,0.041001537720294405,0.14683051427072127,18.857492062988516,9.048635e-6,2084,1042.0,5ef5c11-d91a027d8
0.3,0.05,8,0.01,4.0,zero,hard,5,0.19308941326628287,0.19308941326628287,0.31013141195031635,4.921847051007714,0.00036867431,2459,1229.5,5ef5c11-d91a027d8
0.003,0.02,2,0.02,1.0,zero,hard,4,0.004694769970773096,0.03773095652655396,0.004694769970773096,361.55386167366873,1.708457e-5,2084,1042.0,5ef5c11-d91a027d8
0.3,0.02,2,0.01,0.0,zero,soft,7,0.3791714076729519,0.3791714076729519,0.6190498962978762,2.6338180826410196,0.000232274,2084,1042.0,5ef5c11-d91a027d8
0.003,0.02,8,0.0,0.25,zero,hard,3,-0.024156091783596397,-0.0027107499598497294,-0.024156091783596397,1348.400499881255,3.956093e-5,5852,2926.0,5ef5c11-d91a027d8
0.003,0.02,8,0.01,1.0,zero,hard,6,-0.015558210260833545,-0.015558210260833545,0.020493495717601378,77.68383087449007,0.000112622154,5852,2926.0,5ef5c11-d91a027d8
0.03,0.02,2,0.01,0.0,zero,hard,2,0.046974392063593766,0.046974392063593766,0.1423916643204374,9.569493964586943,9.048635e-6,2084,1042.0,5ef5c11-d91a027d8
0.003,0.05,8,0.005,1.0,zero,hard,2,0.033833391350963804,0.03621499999019072,0.033833391350963804,74.676609571486,9.048635e-6,2459,1229.5,5ef5c11-d91a027d8
0.03,0.05,8,0.01,0.25,zero,soft,8,0.12337637376282154,0.12337637376282154,0.23170855157771805,5.151772519842094,7.821367e-5,2459,1229.5,5ef5c11-d91a027d8
0.03,0.02,2,0.02,1.0,zero,hard,4,0.04198812524352687,0.05922699178750827,0.04198812524352687,36.174434261643604,1.708457e-5,2084,1042.0,5ef5c11-d91a027d8
0.003,0.02,2,0.02,0.0,zero,soft,7,-0.022202772251474795,-0.022202772251474795,-0.012893460479713922,38.254358954805035,0.000232274,2084,1042.0,5ef5c11-d91a027d8
0.003,0.05,8,0.02,4.0,zero,hard,5,-0.07310180393303461,0.05032030805450369,-0.07310180393303461,944.9806950350137,0.00036867431,2459,1229.5,5ef5c11-d91a027d8
0.3,0.02,2,0.01,0.0,zero,hard,2,0.2636049445326504,0.2636049445326504,0.44227805232496625,3.0411021367523747,9.048635e-6,2084,1042.0,5ef5c11-d91a027d8
0.03,0.02,2,0.02,0.0,zero,soft,7,0.025695899382232785,0.05459895422027698,0.025695899382232785,12.109413312609993,0.000232274,2084,1042.0,5ef5c11-d91a027d8
0.3,0.02,2,0.02,1.0,zero,hard,4,0.27563374237293553,0.27563374237293553,0.3758034614718446,3.6373792339298583,1.708457e-5,2084,1042.0,5ef5c11-d91a027d8
0.03,0.05,8,0.005,1.0,zero,hard,2,0.12871329662432143,0.12871329662432143,0.2027253801393506,7.506604289337251,9.048635e-6,2459,1229.5,5ef5c11-d91a027d8
0.3,0.05,8,0.01,0.25,zero,soft,8,0.6852162288391028,0.6852162288391028,0.8190083053409577,0.7823235443854667,7.821367e-5,2459,1229.5,5ef5c11-d91a027d8
0.003,0.02,2,0.02,0.0,zero,hard,2,0.001280359238500356,0.001280359238500356,0.00491565307987844,1.0324349071977579,9.048635e-6,2084,1042.0,5ef5c11-d91a027d8
0.3,0.02,2,0.02,0.0,zero,soft,7,0.21707155604372672,0.21707155604372672,0.44751826105691317,3.805486068898045,0.000232274,2084,1042.0,5ef5c11-d91a027d8
0.03,0.05,8,0.02,4.0,zero,hard,5,-0.059659606920586264,0.05590613187673038,-0.059659606920586264,94.48093784009426,0.00036867431,2459,1229.5,5ef5c11-d91a027d8
0.03,0.02,2,0.02,0.0,zero,hard,2,0.12230667099589682,0.12296602643271981,0.12230667099589682,10.893398914823553,9.048635e-6,2084,1042.0,5ef5c11-d91a027d8
0.003,0.02,2,0.0,4.0,zero,hard,4,-0.00010791780798298216,-0.00010791780798298216,0.005084740701405488,2676.534114037585,1.708457e-5,2084,1042.0,5ef5c11-d91a027d8
0.3,0.05,8,0.005,1.0,zero,hard,2,0.6940742606044573,0.6940742606044573,0.8479491870999231,0.8464286864125699,9.048635e-6,2459,1229.5,5ef5c11-d91a027d8
0.003,0.05,8,0.02,0.25,zero,soft,8,-0.0279287061181759,-0.0279287061181759,0.04850657102613335,101.9920149743856,7.821367e-5,2459,1229.5,5ef5c11-d91a027d8
0.003,0.02,2,0.0,0.25,zero,soft,7,-0.011040452791928633,-0.001381215615092667,-0.011040452791928633,2313.8265148345477,0.000232274,2084,1042.0,5ef5c11-d91a027d8
0.03,0.02,8,0.01,1.0,zero,hard,6,0.06817825892779072,0.06817825892779072,0.1628256835259926,7.775541304795303,0.000112622154,5852,2926.0,5ef5c11-d91a027d8
0.3,0.02,2,0.02,0.0,zero,hard,2,0.27603063506099096,0.27603063506099096,0.34725742116723146,3.9992004883849614,9.048635e-6,2084,1042.0,5ef5c11-d91a027d8
0.3,0.05,8,0.02,4.0,zero,hard,5,0.09254697638087343,0.11211181534103076,0.09254697638087343,9.452940754953854,0.00036867431,2459,1229.5,5ef5c11-d91a027d8
0.03,0.02,2,0.0,4.0,zero,hard,4,-0.00010741228428146991,-0.00010741228428146991,0.005083535146944745,267.6559309696244,1.708457e-5,2084,1042.0,5ef5c11-d91a027d8
0.03,0.02,8,0.0,0.25,zero,hard,3,-0.022869949581352984,-0.0021850500725058065,-0.022869949581352984,134.8442905913035,3.956093e-5,5852,2926.0,5ef5c11-d91a027d8
0.003,0.05,8,0.01,1.0,zero,hard,2,0.021235455343109607,0.03199077620480413,0.021235455343109607,149.57595598981163,9.048635e-6,2459,1229.5,5ef5c11-d91a027d8
0.03,0.05,8,0.02,0.25,zero,soft,8,0.030210438231802382,0.030210438231802382,0.1750600913423214,10.195190071367367,7.821367e-5,2459,1229.5,5ef5c11-d91a027d8
0.03,0.02,2,0.0,0.25,zero,soft,7,-0.010024430712697022,-0.0010645907274454392,-0.010024430712697022,231.385285003374,0.000232274,2084,1042.0,5ef5c11-d91a027d8
0.003,0.05,8,0.0,0.0,zero,soft,5,0.14035844295258845,0.14035844295258845,0.4226868936519004,7.0358490491066386,0.00077848433,2459,1229.5,5ef5c11-d91a027d8
0.003,0.02,2,0.0,0.25,zero,hard,2,0.0012532421154239403,0.0013521971846260407,0.0012532421154239403,2614.59884281188,9.048635e-6,2084,1042.0,5ef5c11-d91a027d8
0.3,0.02,2,0.0,4.0,zero,hard,4,-0.00010216277155818396,-0.00010216277155818396,0.005059147880988102,26.784268448310716,1.708457e-5,2084,1042.0,5ef5c11-d91a027d8
0.03,0.05,8,0.0,0.0,zero,soft,5,0.701403355637312,0.701403355637312,0.9130720986150219,0.7938017429920639,0.00077848433,2459,1229.5,5ef5c11-d91a027d8
0.3,0.02,2,0.0,0.25,zero,soft,7,0.00015470944605394687,0.0021433071045816924,0.00015470944605394687,23.15910771573579,0.000232274,2084,1042.0,5ef5c11-d91a027d8
0.03,0.05,8,0.01,1.0,zero,hard,2,0.07908603104519583,0.07908603104519583,0.10386264359971575,14.978412108294958,9.048635e-6,2459,1229.5,5ef5c11-d91a027d8
0.3,0.05,8,0.02,0.25,zero,soft,8,0.5054929954634562,0.5054929954634562,0.7293175085285891,1.1723842444569736,7.821367e-5,2459,1229.5,5ef5c11-d91a027d8
0.03,0.02,2,0.0,0.25,zero,hard,2,0.0016254512904639148,0.0016254512904639148,0.001847122723895997,261.4565795099831,9.048635e-6,2084,1042.0,5ef5c11-d91a027d8
0.3,0.05,8,0.0,0.0,zero,soft,5,0.904932179200803,0.904932179200803,0.9229410570641358,0.44209675378886687,0.00077848433,2459,1229.5,5ef5c11-d91a027d8
0.003,0.02,2,0.005,4.0,zero,hard,4,0.0110579222807826,0.033027974900630974,0.0110579222807826,353.70398376567186,1.708457e-5,2084,1042.0,5ef5c11-d91a027d8
0.003,0.02,2,0.005,0.25,zero,soft,7,0.0334905939586653,0.0471665140518468,0.0334905939586653,30.31825283946189,0.000232274,2084,1042.0,5ef5c11-d91a027d8
0.3,0.02,8,0.01,1.0,zero,hard,6,0.6271302771606614,0.6271302771606614,0.7574472938531221,0.9157687108919031,0.000112622154,5852,2926.0,5ef5c11-d91a027d8
0.3,0.02,2,0.0,0.25,zero,hard,2,0.004357861042372044,0.004357861042372044,0.007784517465014582,26.160399281265427,9.048635e-6,2084,1042.0,5ef5c11-d91a027d8
0.3,0.05,8,0.01,1.0,zero,hard,2,0.4635122575834149,0.4635122575834149,0.6608169128181094,1.5614222864666722,9.048635e-6,2459,1229.5,5ef5c11-d91a027d8
0.003,0.05,8,0.005,0.0,zero,soft,5,0.05118415548384041,0.05118415548384041,0.2077964893153414,19.13548103883032,0.00077848433,2459,1229.5,5ef5c11-d91a027d8
0.03,0.02,2,0.005,4.0,zero,hard,4,0.047290551461634675,0.05492168428397464,0.047290551461634675,35.376578268194365,1.708457e-5,2084,1042.0,5ef5c11-d91a027d8
0.003,0.05,8,0.0,1.0,zero,soft,8,-0.018800701954303008,-0.00037509011275497757,-0.018800701954303008,2074.95777443371,7.821367e-5,2459,1229.5,5ef5c11-d91a027d8
0.03,0.02,2,0.005,0.25,zero,soft,7,0.2969788738095335,0.2969788738095335,0.556549125986507,3.0260432246081113,0.000232274,2084,1042.0,5ef5c11-d91a027d8
0.003,0.02,2,0.005,0.25,zero,hard,2,-0.05558164261691135,0.008011815492930091,-0.05558164261691135,32.27684360204449,9.048635e-6,2084,1042.0,5ef5c11-d91a027d8
0.3,0.02,8,0.0,0.25,zero,hard,3,-0.010025212775686488,0.003081967559949552,-0.010025212775686488,13.519961490267297,3.956093e-5,5852,2926.0,5ef5c11-d91a027d8
0.3,0.02,2,0.005,4.0,zero,hard,4,0.27301557246198255,0.27301557246198255,0.3868163872363441,3.5527648136217085,1.708457e-5,2084,1042.0,5ef5c11-d91a027d8
0.03,0.05,8,0.005,0.0,zero,soft,5,0.08827533887648724,0.08827533887648724,0.3397954120798749,5.446134162445458,0.00077848433,2459,1229.5,5ef5c11-d91a027d8
0.3,0.02,2,0.005,0.25,zero,soft,7,0.9038502794870134,0.9038502794870134,0.9754127561277761,0.4438506275655294,0.000232274,2084,1042.0,5ef5c11-d91a027d8
0.003,0.05,8,0.02,1.0,zero,hard,2,0.014446002701129388,0.021200500039476215,0.014446002701129388,299.47609899262704,9.048635e-6,2459,1229.5,5ef5c11-d91a027d8
0.03,0.02,2,0.005,0.25,zero,hard,2,0.25373582688633817,0.25373582688633817,0.31931565997715516,3.2740702673565374,9.048635e-6,2084,1042.0,5ef5c11-d91a027d8
0.03,0.05,8,0.0,1.0,zero,soft,8,-0.018787853153043838,-0.0003754110552966443,-0.018787853153043838,207.4976722375568,7.821367e-5,2459,1229.5,5ef5c11-d91a027d8
0.003,0.02,2,0.01,4.0,zero,hard,4,0.015891883787825255,0.022699144916530866,0.015891883787825255,693.8230012920734,1.708457e-5,2084,1042.0,5ef5c11-d91a027d8
0.3,0.05,8,0.005,0.0,zero,soft,5,0.40598712465059666,0.40598712465059666,0.7359322521513537,1.774654181728834,0.00077848433,2459,1229.5,5ef5c11-d91a027d8
0.003,0.02,2,0.01,0.25,zero,soft,7,-0.13557876059736032,0.04186191030443138,-0.13557876059736032,55.970404807563035,0.000232274,2084,1042.0,5ef5c11-d91a027d8
0.3,0.02,2,0.005,0.25,zero,hard,2,0.8824381619779788,0.8824381619779788,0.9311037038256286,0.49876495483246724,9.048635e-6,2084,1042.0,5ef5c11-d91a027d8
0.03,0.05,8,0.02,1.0,zero,hard,2,0.045441969947587375,0.045441969947587375,0.05991425358768083,29.917392735581807,9.048635e-6,2459,1229.5,5ef5c11-d91a027d8
0.03,0.02,2,0.01,4.0,zero,hard,4,0.03427591645278916,0.03427591645278916,0.035388701433684895,69.373375850421,1.708457e-5,2084,1042.0,5ef5c11-d91a027d8
0.03,0.02,2,0.01,0.25,zero,soft,7,0.19320169239066087,0.19320169239066087,0.1973016414508476,5.644454731618605,0.000232274,2084,1042.0,5ef5c11-d91a027d8
0.003,0.02,8,0.02,1.0,zero,hard,6,-0.03409565982110948,-0.03187153148210611,-0.03409565982110948,153.3340110935127,0.000112622154,5852,2926.0,5ef5c11-d91a027d8
0.003,0.05,8,0.01,0.0,zero,soft,5,0.05283801412675365,0.05283801412675365,0.2643631908613951,14.606853834915446,0.00077848433,2459,1229.5,5ef5c11-d91a027d8
0.3,0.05,8,0.0,1.0,zero,soft,8,-0.018655083984714414,-0.00037849896204832036,-0.018655083984714414,20.77400448167724,7.821367e-5,2459,1229.5,5ef5c11-d91a027d8
0.003,0.02,2,0.01,0.25,zero,hard,2,-0.00876066284647997,0.02826275429920435,-0.00876066284647997,63.760517467161144,9.048635e-6,2084,1042.0,5ef5c11-d91a027d8
0.3,0.02,2,0.01,0.25,zero,soft,7,0.8162824306157725,0.8162824306157725,0.9286266487410821,0.6743101980254221,0.000232274,2084,1042.0,5ef5c11-d91a027d8
0.3,0.02,2,0.01,4.0,zero,hard,4,0.14550845431176773,0.14550845431176773,0.2137183051597816,6.957541255868041,1.708457e-5,2084,1042.0,5ef5c11-d91a027d8
0.003,0.02,8,0.005,0.25,zero,hard,3,0.024862327118522022,0.07013908894572611,0.024862327118522022,16.23536344400254,3.956093e-5,5852,2926.0,5ef5c11-d91a027d8
0.3,0.05,8,0.02,1.0,zero,hard,2,0.26177538136966744,0.26177538136966744,0.4045447837853347,3.0379080955940183,9.048635e-6,2459,1229.5,5ef5c11-d91a027d8
0.03,0.05,8,0.01,0.0,zero,soft,5,0.11398322169208792,0.11398322169208792,0.21531237938061595,7.644150994106539,0.00077848433,2459,1229.5,5ef5c11-d91a027d8
0.03,0.02,2,0.01,0.25,zero,hard,2,0.14903652648480156,0.14903652648480156,0.1806401358968146,6.4039776549435095,9.048635e-6,2084,1042.0,5ef5c11-d91a027d8
0.003,0.05,8,0.005,1.0,zero,soft,8,0.00443597975028089,0.01797734500288517,0.00443597975028089,67.68425478019057,7.821367e-5,2459,1229.5,5ef5c11-d91a027d8
0.003,0.02,2,0.02,0.25,zero,soft,7,-0.03313837936190927,-0.017478869800682813,-0.03313837936190927,114.3980192486036,0.000232274,2084,1042.0,5ef5c11-d91a027d8
0.003,0.02,2,0.02,4.0,zero,hard,4,0.019385823797456354,0.019385823797456354,0.04514056069343735,1314.0365135583793,1.708457e-5,2084,1042.0,5ef5c11-d91a027d8
0.3,0.05,8,0.01,0.0,zero,soft,5,0.3135017538089647,0.3135017538089647,0.5137565924615941,2.4393704289237204,0.00077848433,2459,1229.5,5ef5c11-d91a027d8
0.3,0.02,2,0.01,0.25,zero,hard,2,0.7682593284670465,0.7682593284670465,0.8434922298642432,0.7684396414162891,9.048635e-6,2084,1042.0,5ef5c11-d91a027d8
0.03,0.02,2,0.02,0.25,zero,soft,7,0.05787439654898221,0.05787439654898221,0.1034678456099212,11.471625310909953,0.000232274,2084,1042.0,5ef5c11-d91a027d8
0.003,0.05,8,0.0,4.0,zero,hard,2,0.0010792136394569042,0.0010792136394569042,0.0039057126370477106,2156.7326514783826,9.048635e-6,2459,1229.5,5ef5c11-d91a027d8
0.03,0.02,2,0.02,4.0,zero,hard,4,0.023911053327970697,0.023911053327970697,0.05211062859224208,131.3904226554284,1.708457e-5,2084,1042.0,5ef5c11-d91a027d8
0.03,0.05,8,0.005,1.0,zero,soft,8,0.11026460040766,0.11026460040766,0.18569256211459045,6.761848979084403,7.821367e-5,2459,1229.5,5ef5c11-d91a027d8
0.003,0.05,8,0.02,0.0,zero,soft,5,0.04130612811450845,0.04130612811450845,0.3386045724489533,7.175231479545301,0.00077848433,2459,1229.5,5ef5c11-d91a027d8
0.003,0.02,2,0.02,0.25,zero,hard,2,-0.020679832778570092,-0.020679832778570092,-0.0011126931089471728,131.64366799869174,9.048635e-6,2084,1042.0,5ef5c11-d91a027d8
0.03,0.02,8,0.02,1.0,zero,hard,6,0.010191914158337166,0.010191914158337166,0.041208487158375995,15.360646261530746,0.000112622154,5852,2926.0,5ef5c11-d91a027d8
0.3,0.02,2,0.02,0.25,zero,soft,7,0.592083464036329,0.592083464036329,0.8149688025189414,1.218723203284247,0.000232274,2084,1042.0,5ef5c11-d91a027d8
0.3,0.02,2,0.02,4.0,zero,hard,4,0.07205609130976014,0.07205609130976014,0.12907513296856696,13.133746475079729,1.708457e-5,2084,1042.0,5ef5c11-d91a027d8
0.03,0.02,8,0.005,0.25,zero,hard,3,0.5223085863364489,0.5223085863364489,0.6656423517376978,1.646253263547801,3.956093e-5,5852,2926.0,5ef5c11-d91a027d8
0.03,0.02,2,0.02,0.25,zero,hard,2,0.049304476586692444,0.049304476586692444,0.09999386125184337,13.111338383932871,9.048635e-6,2084,1042.0,5ef5c11-d91a027d8
0.3,0.05,8,0.005,1.0,zero,soft,8,0.6769123616904118,0.6769123616904118,0.7892673745481483,0.8153913009399539,7.821367e-5,2459,1229.5,5ef5c11-d91a027d8
0.03,0.05,8,0.02,0.0,zero,soft,5,-0.013402428020233993,-0.013402428020233993,0.26880918530792,8.693853605351325,0.00077848433,2459,1229.5,5ef5c11-d91a027d8
0.03,0.05,8,0.0,4.0,zero,hard,2,0.001079664580447588,0.001079664580447588,0.0039060519542702004,215.67538288308532,9.048635e-6,2459,1229.5,5ef5c11-d91a027d8
0.003,0.02,2,0.0,0.0,zero,soft,4,0.9414009934497173,0.9491442325925888,0.9414009934497173,0.3149408443391693,3.2716056e-5,2084,1042.0,5ef5c11-d91a027d8
0.003,0.02,2,0.0,1.0,zero,soft,7,-0.008466058320791604,-0.002059921709012322,-0.008466058320791604,2411.95217117543,0.000232274,2084,1042.0,5ef5c11-d91a027d8
0.03,0.02,2,0.0,0.0,zero,soft,4,0.9455666183442255,0.9862932717353089,0.9455666183442255,0.17901761405535183,3.2716056e-5,2084,1042.0,5ef5c11-d91a027d8
0.3,0.02,2,0.02,0.25,zero,hard,2,0.5737570858036948,0.5737570858036948,0.6878662166988518,1.365870066574682,9.048635e-6,2084,1042.0,5ef5c11-d91a027d8
0.3,0.05,8,0.02,0.0,zero,soft,5,0.09429711586100957,0.09429711586100957,0.3653147150861024,3.543620585066814,0.00077848433,2459,1229.5,5ef5c11-d91a027d8
0.3,0.02,2,0.0,0.0,zero,soft,4,0.9426100965303736,0.9864331295460522,0.9426100965303736,0.17793762613797803,3.2716056e-5,2084,1042.0,5ef5c11-d91a027d8
0.003,0.05,8,0.01,1.0,zero,soft,8,-0.004426386550034084,0.014316546267237105,-0.004426386550034084,134.22799214658625,7.821367e-5,2459,1229.5,5ef5c11-d91a027d8
0.03,0.02,2,0.0,1.0,zero,soft,7,-0.008463521902834097,-0.0020590755210701055,-0.008463521902834097,241.19717113299112,0.000232274,2084,1042.0,5ef5c11-d91a027d8
0.3,0.05,8,0.0,4.0,zero,hard,2,0.0010844040748651351,0.0010844040748651351,0.003913471358633987,21.589573875663746,9.048635e-6,2459,1229.5,5ef5c11-d91a027d8
0.003,0.02,2,0.005,0.0,zero,soft,4,0.03118958851535477,0.03118958851535477,0.04778518791357992,27.875653191854305,3.2716056e-5,2084,1042.0,5ef5c11-d91a027d8
0.003,0.02,2,0.0,1.0,zero,hard,2,-0.0023885599872330576,0.002291549743117341,-0.0023885599872330576,2734.2594814072154,9.048635e-6,2084,1042.0,5ef5c11-d91a027d8
0.3,0.02,8,0.02,1.0,zero,hard,6,0.39091441229134366,0.39091441229134366,0.5690027240390518,1.6155233046788413,0.000112622154,5852,2926.0,5ef5c11-d91a027d8
0.03,0.05,8,0.01,1.0,zero,soft,8,0.06168976167316885,0.06168976167316885,0.08959141390104901,13.43797115004508,7.821367e-5,2459,1229.5,5ef5c11-d91a027d8
0.003,0.05,8,0.0,0.25,zero,soft,5,-0.048068347550831184,0.020480104126211218,-0.048068347550831184,1894.2779349140803,0.00077848433,2459,1229.5,5ef5c11-d91a027d8
0.3,0.02,2,0.0,1.0,zero,soft,7,-0.008393342107045227,-0.002049597095895553,-0.008393342107045227,24.14177284262281,0.000232274,2084,1042.0,5ef5c11-d91a027d8
0.03,0.02,2,0.005,0.0,zero,soft,4,0.07053161244888034,0.07053161244888034,0.16425672411096845,6.492899006630434,3.2716056e-5,2084,1042.0,5ef5c11-d91a027d8
0.3,0.02,8,0.005,0.25,zero,hard,3,0.9355935038201136,0.9355935038201136,0.9637106608070262,0.3653912952070411,3.956093e-5,5852,2926.0,5ef5c11-d91a027d8
0.003,0.05,8,0.005,4.0,zero,hard,2,0.0246227666974981,0.02714631778960747,0.0246227666974981,284.99282087800833,9.048635e-6,2459,1229.5,5ef5c11-d91a027d8
0.03,0.02,2,0.0,1.0,zero,hard,2,-0.002382353625204895,0.0022920005304543673,-0.002382353625204895,273.4246625137373,9.048635e-6,2084,1042.0,5ef5c11-d91a027d8
0.3,0.02,2,0.005,0.0,zero,soft,4,0.41198039189065483,0.41198039189065483,0.6609808152799691,1.9566827834672766,3.2716056e-5,2084,1042.0,5ef5c11-d91a027d8
0.003,0.02,2,0.005,1.0,zero,soft,7,-0.11699636994235894,0.024827455789834627,-0.11699636994235894,76.95224420884433,0.000232274,2084,1042.0,5ef5c11-d91a027d8
0.3,0.05,8,0.01,1.0,zero,soft,8,0.447937245064853,0.447937245064853,0.664214365029173,1.4153345011944858,7.821367e-5,2459,1229.5,5ef5c11-d91a027d8
0.03,0.05,8,0.0,0.25,zero,soft,5,-0.04701860427487681,0.020753372325516703,-0.04701860427487681,189.41367343090317,0.00077848433,2459,1229.5,5ef5c11-d91a027d8
0.003,0.02,2,0.01,0.0,zero,soft,4,0.021750455576751843,0.02399932217138141,0.021750455576751843,31.30846444162,3.2716056e-5,2084,1042.0,5ef5c11-d91a027d8
0.3,0.02,2,0.0,1.0,zero,hard,2,-0.0023158578134669597,0.0022962631314280596,-0.0023158578134669597,27.35854151822802,9.048635e-6,2084,1042.0,5ef5c11-d91a027d8
0.03,0.05,8,0.005,4.0,zero,hard,2,0.05040614420044734,0.05040614420044734,0.06839007462527355,28.523946604874965,9.048635e-6,2459,1229.5,5ef5c11-d91a027d8
0.03,0.02,2,0.005,1.0,zero,soft,7,0.1300326835770773,0.13248131381294623,0.1300326835770773,7.6919988650909605,0.000232274,2084,1042.0,5ef5c11-d91a027d8
0.03,0.02,2,0.01,0.0,zero,soft,4,0.1025768856871453,0.1025768856871453,0.11185527617380664,10.861585763073881,3.2716056e-5,2084,1042.0,5ef5c11-d91a027d8
0.003,0.05,8,0.02,1.0,zero,soft,8,-0.0010932918735712188,-0.0010932918735712188,0.009182664131090439,273.7172787524739,7.821367e-5,2459,1229.5,5ef5c11-d91a027d8
0.003,0.02,2,0.005,1.0,zero,hard,2,-0.03318261422414302,0.02714706693258129,-0.03318261422414302,91.84387063416354,9.048635e-6,2084,1042.0,5ef5c11-d91a027d8
0.3,0.02,2,0.005,1.0,zero,soft,7,0.7664389848273042,0.7664389848273042,0.9280133888032293,0.788716509737107,0.000232274,2084,1042.0,5ef5c11-d91a027d8
0.3,0.05,8,0.005,4.0,zero,hard,2,0.2755137996967763,0.2755137996967763,0.43997673557899597,2.892962341455457,9.048635e-6,2459,1229.5,5ef5c11-d91a027d8
0.3,0.05,8,0.0,0.25,zero,soft,5,-0.036510332615633107,0.023485142925410218,-0.036510332615633107,18.948150812434733,0.00077848433,2459,1229.5,5ef5c11-d91a027d8
0.3,0.02,2,0.01,0.0,zero,soft,4,0.27199404076592715,0.27199404076592715,0.35707800869207384,3.0742031545008652,3.2716056e-5,2084,1042.0,5ef5c11-d91a027d8
0.003,0.02,8,0.01,0.25,zero,hard,3,-0.020427298323694405,0.04379605851688893,-0.020427298323694405,34.84289863249133,3.956093e-5,5852,2926.0,5ef5c11-d91a027d8
0.03,0.02,2,0.005,1.0,zero,hard,2,0.11289365768299829,0.11289365768299829,0.11674406387790728,9.156004432259166,9.048635e-6,2084,1042.0,5ef5c11-d91a027d8
0.003,0.02,2,0.01,1.0,zero,soft,7,-0.13099554715924142,0.019477137851961264,-0.13099554715924142,154.75237268848124,0.000232274,2084,1042.0,5ef5c11-d91a027d8
0.03,0.05,8,0.02,1.0,zero,soft,8,0.02141877788906686,0.02141877788906686,0.057616581419075726,27.388632813414702,7.821367e-5,2459,1229.5,5ef5c11-d91a027d8
0.003,0.02,2,0.02,0.0,zero,soft,4,0.010917415237245513,0.02230765296580103,0.010917415237245513,91.4013351265904,3.2716056e-5,2084,1042.0,5ef5c11-d91a027d8
0.003,0.02,8,0.0,4.0,zero,hard,6,-0.009714421509796409,0.0010338985738415896,-0.009714421509796409,1118.3029861170908,0.000112622154,5852,2926.0,5ef5c11-d91a027d8
0.003,0.05,8,0.005,0.25,zero,soft,5,-0.04969721149907315,0.06513920065024771,-0.04969721149907315,24.063398531865275,0.00077848433,2459,1229.5,5ef5c11-d91a027d8
0.003,0.05,8,0.01,4.0,zero,hard,2,0.019924675273975883,0.021801118751054567,0.019924675273975883,558.8980949272334,9.048635e-6,2459,1229.5,5ef5c11-d91a027d8
0.3,0.02,2,0.005,1.0,zero,hard,2,0.71075267731727,0.71075267731727,0.8484584866159712,0.9253008913375115,9.048635e-6,2084,1042.0,5ef5c11-d91a027d8
0.03,0.02,2,0.01,1.0,zero,soft,7,0.006608407375468457,0.07234350194938385,0.006608407375468457,15.50162813987713,0.000232274,2084,1042.0,5ef5c11-d91a027d8
0.03,0.02,2,0.02,0.0,zero,soft,4,0.08349386574501536,0.08349386574501536,0.26763731362743576,16.159353312940546,3.2716056e-5,2084,1042.0,5ef5c11-d91a027d8
0.3,0.05,8,0.02,1.0,zero,soft,8,0.23963504974295455,0.23963504974295455,0.4389695840642363,2.79170562899062,7.821367e-5,2459,1229.5,5ef5c11-d91a027d8
0.3,0.02,2,0.01,1.0,zero,soft,7,0.5152961144622376,0.5152961144622376,0.7688279218759929,1.5528247749538828,0.000232274,2084,1042.0,5ef5c11-d91a027d8
0.003,0.02,2,0.01,1.0,zero,hard,2,-0.04099721684577176,0.0005009376878365443,-0.04099721684577176,181.63115217585818,9.048635e-6,2084,1042.0,5ef5c11-d91a027d8
0.3,0.02,2,0.02,0.0,zero,soft,4,0.15012824834522026,0.15012824834522026,0.33163763679985153,4.082299768896304,3.2716056e-5,2084,1042.0,5ef5c11-d91a027d8
0.03,0.05,8,0.005,0.25,zero,soft,5,0.31110127980754404,0.31110127980754404,0.5563521202327669,2.451715044516787,0.00077848433,2459,1229.5,5ef5c11-d91a027d8
0.03,0.05,8,0.01,4.0,zero,hard,2,0.03351565698250035,0.03351565698250035,0.042813965127566515,55.90107253157912,9.048635e-6,2459,1229.5,5ef5c11-d91a027d8
0.003,0.02,2,0.02,1.0,zero,soft,7,-0.14400969262834362,-0.000201754841140367,-0.14400969262834362,303.0805411108478,0.000232274,2084,1042.0,5ef5c11-d91a027d8
0.03,0.02,2,0.01,1.0,zero,hard,2,0.0316793044836643,0.045604584862633565,0.0316793044836643,18.13316843979482,9.048635e-6,2084,1042.0,5ef5c11-d91a027d8
0.03,0.02,8,0.01,0.25,zero,hard,3,0.2743711135465468,0.2743711135465468,0.3726706724142172,3.501534884866863,3.956093e-5,5852,2926.0,5ef5c11-d91a027d8
0.003,0.02,2,0.0,0.25,zero,soft,4,-0.0021458960587626328,-0.0021458960587626328,0.02532104076998299,2588.5076056553808,3.2716056e-5,2084,1042.0,5ef5c11-d91a027d8
0.3,0.05,8,0.005,0.25,zero,soft,5,0.8300906558409018,0.8300906558409018,0.9193072603354018,0.558828299485683,0.00077848433,2459,1229.5,5ef5c11-d91a027d8
0.003,0.05,8,0.0,4.0,zero,soft,8,0.0020887187655552267,0.0020887187655552267,0.012526377825690693,2055.2604548187405,7.821367e-5,2459,1229.5,5ef5c11-d91a027d8
0.3,0.05,8,0.01,4.0,zero,hard,2,0.14806995495807282,0.14806995495807282,0.2434823411099541,5.621846415808838,9.048635e-6,2459,1229.5,5ef5c11-d91a027d8
0.03,0.02,2,0.02,1.0,zero,soft,7,-0.0882195939710343,0.027574941158844776,-0.0882195939710343,30.294170919344705,0.000232274,2084,1042.0,5ef5c11-d91a027d8
0.3,0.02,2,0.01,1.0,zero,hard,2,0.4499477493096504,0.4499477493096504,0.6249576179914074,1.8165609200837352,9.048635e-6,2084,1042.0,5ef5c11-d91a027d8
0.03,0.02,2,0.0,0.25,zero,soft,4,-0.0018864506914403041,-0.0018864506914403041,0.025860936585219735,258.85261237623814,3.2716056e-5,2084,1042.0,5ef5c11-d91a027d8
0.003,0.05,8,0.01,0.25,zero,soft,5,-0.10871939218942762,0.09439936533744041,-0.10871939218942762,47.97884274443093,0.00077848433,2459,1229.5,5ef5c11-d91a027d8
0.03,0.02,8,0.0,4.0,zero,hard,6,-0.00972184799535283,0.0010349728887948048,-0.00972184799535283,111.83345342794857,0.000112622154,5852,2926.0,5ef5c11-d91a027d8
0.3,0.02,2,0.02,1.0,zero,soft,7,0.2850257926240129,0.2850257926240129,0.46902696311245234,3.035889768106318,0.000232274,2084,1042.0,5ef5c11-d91a027d8
0.003,0.02,2,0.02,1.0,zero,hard,2,-0.031763328550120366,0.023927952313530954,-0.031763328550120366,360.11342527777765,9.048635e-6,2084,1042.0,5ef5c11-d91a027d8
0.03,0.05,8,0.0,4.0,zero,soft,8,0.002089000996203639,0.002089000996203639,0.012528988904367485,205.52476068179232,7.821367e-5,2459,1229.5,5ef5c11-d91a027d8
0.003,0.05,8,0.02,4.0,zero,hard,2,0.011855908715009793,0.020354951989389716,0.011855908715009793,1058.8166716782082,9.048635e-6,2459,1229.5,5ef5c11-d91a027d8
0.3,0.02,2,0.0,0.25,zero,soft,4,0.0007114398504960633,0.0007114398504960633,0.03127684465743765,25.90343065887009,3.2716056e-5,2084,1042.0,5ef5c11-d91a027d8
0.03,0.05,8,0.01,0.25,zero,soft,5,0.22189304791309583,0.22189304791309583,0.22958600620147357,4.821447309938311,0.00077848433,2459,1229.5,5ef5c11-d91a027d8
0.03,0.02,2,0.02,1.0,zero,hard,2,0.0006875084832594676,0.04724267372222628,0.0006875084832594676,35.95769274189759,9.048635e-6,2084,1042.0,5ef5c11-d91a027d8
0.003,0.02,2,0.0,4.0,zero,soft,7,-0.013220938026888427,-0.00235024461705657,-0.013220938026888427,2425.4833936824443,0.000232274,2084,1042.0,5ef5c11-d91a027d8
0.3,0.02,8,0.01,0.25,zero,hard,3,0.8637115703083298,0.8637115703083298,0.919792326632939,0.5482083638451971,3.956093e-5,5852,2926.0,5ef5c11-d91a027d8
0.003,0.02,2,0.005,0.25,zero,soft,4,0.031071886200147936,0.036001341334988037,0.031071886200147936,32.400238280775774,3.2716056e-5,2084,1042.0,5ef5c11-d91a027d8
0.03,0.05,8,0.02,4.0,zero,hard,2,0.021588352665701558,0.025037869389288106,0.021588352665701558,105.90940871082886,9.048635e-6,2459,1229.5,5ef5c11-d91a027d8
0.3,0.05,8,0.0,4.0,zero,soft,8,0.002091518437780981,0.002091518437780981,0.012555437195404954,20.574729415588838,7.821367e-5,2459,1229.5,5ef5c11-d91a027d8
0.3,0.02,2,0.02,1.0,zero,hard,2,0.2586494624807652,0.2586494624807652,0.3545273732352987,3.604937746689694,9.048635e-6,2084,1042.0,5ef5c11-d91a027d8
0.03,0.02,2,0.005,0.25,zero,soft,4,0.26546783169843735,0.26546783169843735,0.349078369412711,3.257429303847689,3.2716056e-5,2084,1042.0,5ef5c11-d91a027d8
0.3,0.05,8,0.01,0.25,zero,soft,5,0.7577419199653682,0.7577419199653682,0.8840103962655932,0.6920293038639296,0.00077848433,2459,1229.5,5ef5c11-d91a027d8
0.03,0.02,2,0.0,4.0,zero,soft,7,-0.013213126659226675,-0.0023498558332817167,-0.013213126659226675,242.5519903844961,0.000232274,2084,1042.0,5ef5c11-d91a027d8
0.3,0.02,2,0.005,0.25,zero,soft,4,0.8870316642841796,0.8870316642841796,0.9110563825716632,0.48292283473179504,3.2716056e-5,2084,1042.0,5ef5c11-d91a027d8
0.003,0.05,8,0.005,4.0,zero,soft,8,-0.004149813631458928,0.002939715357518729,-0.004149813631458928,259.5991367742965,7.821367e-5,2459,1229.5,5ef5c11-d91a027d8
0.3,0.05,8,0.02,4.0,zero,hard,2,0.07565197766047377,0.07565197766047377,0.11746098209632473,10.616740170870862,9.048635e-6,2459,1229.5,5ef5c11-d91a027d8
0.003,0.02,2,0.0,4.0,zero,hard,2,-0.004152100370540219,-0.004152100370540219,0.007857056282406,2729.555506355687,9.048635e-6,2084,1042.0,5ef5c11-d91a027d8
0.3,0.02,2,0.0,4.0,zero,soft,7,-0.01312152785688708,-0.0023458456149164607,-0.01312152785688708,24.277977401414255,0.000232274,2084,1042.0,5ef5c11-d91a027d8
0.003,0.05,8,0.02,0.25,zero,soft,5,-0.05550428766455117,0.004907826123694431,-0.05550428766455117,93.09400915624173,0.00077848433,2459,1229.5,5ef5c11-d91a027d8
0.003,0.05,8,0.0,0.0,zero,soft,2,0.09952700854887533,0.09952700854887533,0.3269002025626704,7.807290286376875,8.953138e-5,2459,1229.5,5ef5c11-d91a027d8
0.003,0.02,2,0.01,0.25,zero,soft,4,-0.01965508645096118,0.033798091243233776,-0.01965508645096118,64.76633870592917,3.2716056e-5,2084,1042.0,5ef5c11-d91a027d8
0.3,0.02,8,0.0,4.0,zero,hard,6,-0.00978600669730906,0.0010458341701375822,-0.00978600669730906,11.22647223858242,0.000112622154,5852,2926.0,5ef5c11-d91a027d8
0.003,0.02,2,0.005,4.0,zero,soft,7,-0.13373375296111553,0.019017397256664414,-0.13373375296111553,296.7484748344212,0.000232274,2084,1042.0,5ef5c11-d91a027d8
0.03,0.02,2,0.0,4.0,zero,hard,2,-0.004151867143191909,-0.004151867143191909,0.007852342120188005,272.9608706073532,9.048635e-6,2084,1042.0,5ef5c11-d91a027d8
0.03,0.05,8,0.005,4.0,zero,soft,8,0.02642781445153745,0.02642781445153745,0.04185711316063083,25.951913223508274,7.821367e-5,2459,1229.5,5ef5c11-d91a027d8
0.03,0.05,8,0.0,0.0,zero,soft,2,0.6940395771056093,0.6940395771056093,0.916503962282179,0.8430524140629141,8.953138e-5,2459,1229.5,5ef5c11-d91a027d8
0.003,0.02,8,0.02,0.25,zero,hard,3,-0.02615044864888183,0.036805128743729966,-0.02615044864888183,66.00173236110663,3.956093e-5,5852,2926.0,5ef5c11-d91a027d8
0.03,0.05,8,0.02,0.25,zero,soft,5,0.07502102251907034,0.07502102251907034,0.10426211012912182,9.269847054616163,0.00077848433,2459,1229.5,5ef5c11-d91a027d8
0.03,0.02,2,0.01,0.25,zero,soft,4,0.12697139511159913,0.15212324661979829,0.12697139511159913,6.559168303540813,3.2716056e-5,2084,1042.0,5ef5c11-d91a027d8
0.3,0.05,8,0.0,0.0,zero,soft,2,0.9425363852956241,0.9425363852956241,0.9469034630490288,0.3513360019436504,8.953138e-5,2459,1229.5,5ef5c11-d91a027d8
0.03,0.02,2,0.005,4.0,zero,soft,7,-0.07036610989120845,0.04715472289597824,-0.07036610989120845,29.639324890894994,0.000232274,2084,1042.0,5ef5c11-d91a027d8
0.3,0.02,2,0.0,4.0,zero,hard,2,-0.004149767545693434,-0.004149767545693434,0.007808932987831897,27.31788504371691,9.048635e-6,2084,1042.0,5ef5c11-d91a027d8
0.3,0.05,8,0.005,4.0,zero,soft,8,0.25143098010371845,0.25143098010371845,0.4433285300715057,2.6436122850006303,7.821367e-5,2459,1229.5,5ef5c11-d91a027d8
0.3,0.02,2,0.01,0.25,zero,soft,4,0.7622515500467618,0.7622515500467618,0.8221633354570739,0.7856176474940311,3.2716056e-5,2084,1042.0,5ef5c11-d91a027d8
0.3,0.05,8,0.02,0.25,zero,soft,5,0.5753475570707084,0.5753475570707084,0.8284540588316583,1.0457495375068728,0.00077848433,2459,1229.5,5ef5c11-d91a027d8
0.3,0.02,2,0.005,4.0,zero,soft,7,0.3064276951255028,0.3064276951255028,0.5076288002746692,2.977546563611887,0.000232274,2084,1042.0,5ef5c11-d91a027d8
0.003,0.05,8,0.005,0.0,zero,soft,2,0.013840959013232988,0.013840959013232988,0.11887747145074955,20.962369161563082,8.953138e-5,2459,1229.5,5ef5c11-d91a027d8
0.003,0.02,2,0.005,4.0,zero,hard,2,-0.03218604920279289,0.007958079481208191,-0.03218604920279289,351.90871949729916,9.048635e-6,2084,1042.0,5ef5c11-d91a027d8
0.003,0.02,2,0.02,0.25,zero,soft,4,0.008605179653611067,0.06247486716282256,0.008605179653611067,129.47830008918334,3.2716056e-5,2084,1042.0,5ef5c11-d91a027d8
0.003,0.05,8,0.01,4.0,zero,soft,8,-0.008543600031625317,-0.007560573610326842,-0.008543600031625317,512.5529596540728,7.821367e-5,2459,1229.5,5ef5c11-d91a027d8
0.003,0.02,2,0.01,4.0,zero,soft,7,-0.1276970694717264,0.009412959197214101,-0.1276970694717264,591.0533389266591,0.000232274,2084,1042.0,5ef5c11-d91a027d8
0.03,0.05,8,0.005,0.0,zero,soft,2,0.08074563009495538,0.08074563009495538,0.1888049334568146,6.148916509075936,8.953138e-5,2459,1229.5,5ef5c11-d91a027d8
0.003,0.02,8,0.005,4.0,zero,hard,6,-0.024762421326168755,-0.024762421326168755,-0.020332094890450608,148.06305633557605,0.000112622154,5852,2926.0,5ef5c11-d91a027d8
0.03,0.02,2,0.005,4.0,zero,hard,2,0.007644011183295506,0.03080716219097379,0.007644011183295506,35.18777323377021,9.048635e-6,2084,1042.0,5ef5c11-d91a027d8
0.03,0.02,2,0.02,0.25,zero,soft,4,0.08749309377012242,0.12750283107786126,0.08749309377012242,12.913472692149705,3.2716056e-5,2084,1042.0,5ef5c11-d91a027d8
0.003,0.05,8,0.0,1.0,zero,soft,5,0.00024333659321452167,0.00024333659321452167,0.01468849589485886,1993.1617593659976,0.00077848433,2459,1229.5,5ef5c11-d91a027d8
0.03,0.02,8,0.02,0.25,zero,hard,3,0.16198691210882643,0.16198691210882643,0.19880202437892405,6.608535469420649,3.956093e-5,5852,2926.0,5ef5c11-d91a027d8
0.03,0.02,2,0.01,4.0,zero,soft,7,-0.09536847747565617,0.023108258378451308,-0.09536847747565617,59.11135701325662,0.000232274,2084,1042.0,5ef5c11-d91a027d8
0.3,0.05,8,0.005,0.0,zero,soft,2,0.33710609639682193,0.33710609639682193,0.4968777114744833,2.0532241005962604,8.953138e-5,2459,1229.5,5ef5c11-d91a027d8
0.03,0.05,8,0.01,4.0,zero,soft,8,0.0038139704918363185,0.0038139704918363185,0.01488477945484461,51.27544197381043,7.821367e-5,2459,1229.5,5ef5c11-d91a027d8
0.3,0.02,2,0.005,4.0,zero,hard,2,0.2530561233119957,0.2530561233119957,0.368069860764321,3.5217176775005754,9.048635e-6,2084,1042.0,5ef5c11-d91a027d8
0.3,0.02,2,0.02,0.25,zero,soft,4,0.5921855498954905,0.5921855498954905,0.6395291605949576,1.3295964658138988,3.2716056e-5,2084,1042.0,5ef5c11-d91a027d8
0.3,0.02,2,0.01,4.0,zero,soft,7,0.15365020718804193,0.15365020718804193,0.2118518250337505,5.9149538431103235,0.000232274,2084,1042.0,5ef5c11-d91a027d8
0.003,0.05,8,0.01,0.0,zero,soft,2,0.013782646567528851,0.013782646567528851,0.023208587611193158,31.77294491411914,8.953138e-5,2459,1229.5,5ef5c11-d91a027d8
0.003,0.02,2,0.01,4.0,zero,hard,2,-0.040959511651285856,0.004581626014881269,-0.040959511651285856,686.6052598602936,9.048635e-6,2084,1042.0,5ef5c11-d91a027d8
0.03,0.05,8,0.0,1.0,zero,soft,5,0.000243752264735123,0.000243752264735123,0.014691550021858691,199.31792156875312,0.00077848433,2459,1229.5,5ef5c11-d91a027d8
0.3,0.05,8,0.01,4.0,zero,soft,8,0.11842352487570577,0.11842352487570577,0.24039901092592578,5.1567698250561165,7.821367e-5,2459,1229.5,5ef5c11-d91a027d8
0.003,0.02,2,0.0,1.0,zero,soft,4,-0.014213548382030998,-0.0003127447592601998,-0.014213548382030998,2694.9096667508225,3.2716056e-5,2084,1042.0,5ef5c11-d91a027d8
0.003,0.02,2,0.02,4.0,zero,soft,7,-0.11144092165751335,0.0033890986363151175,-0.11144092165751335,1130.53742878647,0.000232274,2084,1042.0,5ef5c11-d91a027d8
0.03,0.02,2,0.01,4.0,zero,hard,2,-0.02202521101305674,0.015970771140586017,-0.02202521101305674,68.6825512213268,9.048635e-6,2084,1042.0,5ef5c11-d91a027d8
0.03,0.05,8,0.01,0.0,zero,soft,2,0.1451501310590115,0.1451501310590115,0.2981269110419393,8.724119392936956,8.953138e-5,2459,1229.5,5ef5c11-d91a027d8
0.03,0.02,8,0.005,4.0,zero,hard,6,0.01772282356279524,0.01772282356279524,0.059055059419224634,14.815736040447158,0.000112622154,5852,2926.0,5ef5c11-d91a027d8
0.03,0.02,2,0.0,1.0,zero,soft,4,-0.014209141256904305,-0.00031323118469899603,-0.014209141256904305,269.4932461285075,3.2716056e-5,2084,1042.0,5ef5c11-d91a027d8
0.03,0.02,2,0.02,4.0,zero,soft,7,-0.09745069001880251,0.008785994344200104,-0.09745069001880251,113.07640065597363,0.000232274,2084,1042.0,5ef5c11-d91a027d8
0.3,0.05,8,0.0,1.0,zero,soft,5,0.0002479542796375281,0.0002479542796375281,0.014720983963907693,19.956639735904112,0.00077848433,2459,1229.5,5ef5c11-d91a027d8
0.3,0.02,8,0.02,0.25,zero,hard,3,0.7758574317372404,0.7758574317372404,0.8490629552726533,0.7778874025845408,3.956093e-5,5852,2926.0,5ef5c11-d91a027d8
0.003,0.05,8,0.02,4.0,zero,soft,8,-0.010507654780037037,-0.005436437590648694,-0.010507654780037037,989.6201985464385,7.821367e-5,2459,1229.5,5ef5c11-d91a027d8
0.3,0.02,2,0.01,4.0,zero,hard,2,0.12845484651015238,0.12845484651015238,0.16614936359988225,6.8703902340481235,9.048635e-6,2084,1042.0,5ef5c11-d91a027d8
0.3,0.05,8,0.01,0.0,zero,soft,2,0.23330049633169925,0.23330049633169925,0.4028930550317435,3.1559892375855547,8.953138e-5,2459,1229.5,5ef5c11-d91a027d8
0.3,0.02,2,0.0,1.0,zero,soft,4,-0.01415668142465223,-0.0003176514614397364,-0.01415668142465223,26.967677449669537,3.2716056e-5,2084,1042.0,5ef5c11-d91a027d8
0.3,0.02,2,0.02,4.0,zero,soft,7,0.04949430054611003,0.06502593124633757,0.04949430054611003,11.315655049683148,0.000232274,2084,1042.0,5ef5c11-d91a027d8
0.003,0.05,8,0.005,1.0,zero,soft,5,-0.047520778342056556,0.04547998147706657,-0.047520778342056556,63.57883856368723,0.00077848433,2459,1229.5,5ef5c11-d91a027d8
0.003,0.02,2,0.02,4.0,zero,hard,2,-0.03788413336722282,0.005678623647384718,-0.03788413336722282,1291.359066512177,9.048635e-6,2084,1042.0,5ef5c11-d91a027d8
0.03,0.05,8,0.02,4.0,zero,soft,8,-0.00033330242453680263,-0.00033330242453680263,0.00045374418109531914,98.98473451009467,7.821367e-5,2459,1229.5,5ef5c11-d91a027d8
0.003,0.05,8,0.02,0.0,zero,soft,2,-0.015583600938521359,-0.015583600938521359,-0.007695944567773582,48.4953532645034,8.953138e-5,2459,1229.5,5ef5c11-d91a027d8
0.003,0.02,2,0.0,0.0,zero,hard,8,0.8721441848778828,0.888820224574547,0.8721441848778828,0.46058237993224915,0.00089239184,2084,1042.0,5ef5c11-d91a027d8
0.003,0.02,2,0.005,1.0,zero,soft,4,0.019096704438548745,0.023577153658024604,0.019096704438548745,91.74406723088934,3.2716056e-5,2084,1042.0,5ef5c11-d91a027d8
0.03,0.02,2,0.0,0.0,zero,hard,8,0.8836988528822304,0.9321284904471614,0.8836988528822304,0.37722061627242615,0.00089239184,2084,1042.0,5ef5c11-d91a027d8
0.03,0.02,2,0.02,4.0,zero,hard,2,-0.029731806233775672,0.010399480397691207,-0.029731806233775672,129.16751493428106,9.048635e-6,2084,1042.0,5ef5c11-d91a027d8
0.03,0.05,8,0.005,1.0,zero,soft,5,0.1480840128321788,0.1480840128321788,0.19650771720071802,6.363735691428325,0.00077848433,2459,1229.5,5ef5c11-d91a027d8
0.03,0.05,8,0.02,0.0,zero,soft,2,0.07688257993944538,0.07688257993944538,0.1938888622550064,15.333825075215827,8.953138e-5,2459,1229.5,5ef5c11-d91a027d8
0.3,0.02,2,0.0,0.0,zero,hard,8,0.8519117324415801,0.928258321647148,0.8519117324415801,0.3850925800775412,0.00089239184,2084,1042.0,5ef5c11-d91a027d8
0.03,0.02,2,0.005,1.0,zero,soft,4,0.1092874965427185,0.1092874965427185,0.14754143888412896,9.179755077046034,3.2716056e-5,2084,1042.0,5ef5c11-d91a027d8
0.3,0.02,8,0.005,4.0,zero,hard,6,0.39881860208698655,0.39881860208698655,0.5939587085102312,1.5678218074280523,0.000112622154,5852,2926.0,5ef5c11-d91a027d8
0.3,0.05,8,0.02,4.0,zero,soft,8,0.048804714103001905,0.048804714103001905,0.10410645861549177,9.933807597767467,7.821367e-5,2459,1229.5,5ef5c11-d91a027d8
0.3,0.02,2,0.02,4.0,zero,hard,2,0.0530944040640828,0.060427066548993894,0.0530944040640828,12.935354634199253,9.048635e-6,2084,1042.0,5ef5c11-d91a027d8
0.003,0.02,2,0.005,0.0,zero,hard,8,0.03993558844765124,0.03993558844765124,0.12332157238393471,19.748110804749093,0.00089239184,2084,1042.0,5ef5c11-d91a027d8
0.3,0.05,8,0.02,0.0,zero,soft,2,0.2048573606420634,0.2048573606420634,0.285225834617317,4.65148299222788,8.953138e-5,2459,1229.5,5ef5c11-d91a027d8
0.3,0.02,2,0.005,1.0,zero,soft,4,0.7035887827708044,0.7035887827708044,0.8034302201260541,0.9328045831800427,3.2716056e-5,2084,1042.0,5ef5c11-d91a027d8
0.3,0.05,8,0.005,1.0,zero,soft,5,0.7127115524259501,0.7127115524259501,0.9025250956117962,0.7663078347492559,0.00077848433,2459,1229.5,5ef5c11-d91a027d8
0.003,0.02,2,0.0,0.0,zero,soft,2,0.9525245786618369,0.9525245786618369,0.9844673598684319,0.30542970103933187,8.953138e-5,2084,1042.0,5ef5c11-d91a027d8
0.003,0.02,8,0.0,1.0,zero,hard,3,-0.002734334075985581,0.0015917467228799532,-0.002734334075985581,1411.2764997925915,3.956093e-5,5852,2926.0,5ef5c11-d91a027d8
0.03,0.02,2,0.005,0.0,zero,hard,8,0.12410954354969649,0.12410954354969649,0.21356453009001014,6.0433981500909475,0.00089239184,2084,1042.0,5ef5c11-d91a027d8
0.03,0.02,2,0.0,0.0,zero,soft,2,0.9878863423234856,0.9907092045320285,0.9878863423234856,0.14720200874869377,8.953138e-5,2084,1042.0,5ef5c11-d91a027d8
0.003,0.02,2,0.01,1.0,zero,soft,4,-0.000782915539369722,0.011782826876761621,-0.000782915539369722,183.81078893629484,3.2716056e-5,2084,1042.0,5ef5c11-d91a027d8
0.003,0.02,8,0.0,0.0,zero,hard,1,0.6335844450060276,0.6335844450060276,0.9592574205959205,1.1813756143497738,0.00032680426,5852,2926.0,5ef5c11-d91a027d8
0.3,0.02,2,0.0,0.0,zero,soft,2,0.9879726237783014,0.9912226784046205,0.9879726237783014,0.14400928855077116,8.953138e-5,2084,1042.0,5ef5c11-d91a027d8
0.3,0.02,2,0.005,0.0,zero,hard,8,0.377420903641702,0.377420903641702,0.5750771489423315,1.7096684542743663,0.00089239184,2084,1042.0,5ef5c11-d91a027d8
0.003,0.05,8,0.01,1.0,zero,soft,5,-0.008118587059187665,0.0436945948508588,-0.008118587059187665,126.34209232049442,0.00077848433,2459,1229.5,5ef5c11-d91a027d8
0.003,0.05,8,0.0,0.25,zero,soft,2,-0.0018234794647272305,-0.0018234794647272305,0.015390955041202765,2158.8860442067357,8.953138e-5,2459,1229.5,5ef5c11-d91a027d8
0.03,0.02,2,0.01,1.0,zero,soft,4,0.056546346768309164,0.056546346768309164,0.06501232342746831,18.380312373469483,3.2716056e-5,2084,1042.0,5ef5c11-d91a027d8
0.003,0.02,2,0.005,0.0,zero,soft,2,0.028903203026940202,0.028903203026940202,0.12902579551948012,22.001784916668274,8.953138e-5,2084,1042.0,5ef5c11-d91a027d8
0.003,0.02,2,0.01,0.0,zero,hard,8,-0.0991632696670603,-0.0991632696670603,0.029763264132098295,1.0503004210726954,0.00089239184,2084,1042.0,5ef5c11-d91a027d8
0.003,0.02,8,0.01,4.0,zero,hard,6,-0.0332746524591665,-0.0332746524591665,-0.026358826235501436,291.4331635593386,0.000112622154,5852,2926.0,5ef5c11-d91a027d8
0.03,0.02,8,0.0,0.0,zero,hard,1,0.9889855913388198,0.9889855913388198,0.9965171822868159,0.149841571033553,0.00032680426,5852,2926.0,5ef5c11-d91a027d8
0.03,0.05,8,0.01,1.0,zero,soft,5,0.09401433267764324,0.09401433267764324,0.12842052052612543,12.622826870808362,0.00077848433,2459,1229.5,5ef5c11-d91a027d8
0.3,0.02,2,0.01,1.0,zero,soft,4,0.4469880371703153,0.4469880371703153,0.5952853380590085,1.8497783856163703,3.2716056e-5,2084,1042.0,5ef5c11-d91a027d8
0.03,0.02,2,0.005,0.0,zero,soft,2,0.10170835099692155,0.10170835099692155,0.20251566087352854,6.497742078708761,8.953138e-5,2084,1042.0,5ef5c11-d91a027d8
0.03,0.02,2,0.01,0.0,zero,hard,8,0.10610498177625087,0.10610498177625087,0.18307289716954417,8.383739077815468,0.00089239184,2084,1042.0,5ef5c11-d91a027d8
0.03,0.05,8,0.0,0.25,zero,soft,2,-0.0015496566237338822,-0.0015496566237338822,0.016043595579256494,215.89398891409255,8.953138e-5,2459,1229.5,5ef5c11-d91a027d8
0.3,0.02,2,0.005,0.0,zero,soft,2,0.37711792666282135,0.37711792666282135,0.5581596086292538,2.1549754835999844,8.953138e-5,2084,1042.0,5ef5c11-d91a027d8
0.003,0.02,2,0.02,1.0,zero,soft,4,0.014835987497090256,0.04009529711143392,0.014835987497090256,365.03853734569344,3.2716056e-5,2084,1042.0,5ef5c11-d91a027d8
0.3,0.02,2,0.01,0.0,zero,hard,8,0.2597049397963413,0.2597049397963413,0.42207257200251047,2.5643782877976133,0.00089239184,2084,1042.0,5ef5c11-d91a027d8
0.3,0.05,8,0.01,1.0,zero,soft,5,0.49523654022663843,0.49523654022663843,0.7960357863754282,1.3430594334173873,0.00077848433,2459,1229.5,5ef5c11-d91a027d8
0.3,0.02,8,0.0,0.0,zero,hard,1,0.9966079235289638,0.9966079235289638,0.9971629720802985,0.08966425576939646,0.00032680426,5852,2926.0,5ef5c11-d91a027d8
0.003,0.02,2,0.01,0.0,zero,soft,2,0.012014314317385692,0.012014314317385692,0.052095809307667204,32.31870812409023,8.953138e-5,2084,1042.0,5ef5c11-d91a027d8
0.03,0.02,8,0.0,1.0,zero,hard,3,-0.0027495711276740668,0.001591511237035672,-0.0027495711276740668,141.12964555722527,3.956093e-5,5852,2926.0,5ef5c11-d91a027d8
0.03,0.02,2,0.02,1.0,zero,soft,4,0.049569185206324674,0.06191702903598643,0.049569185206324674,36.48525618018188,3.2716056e-5,2084,1042.0,5ef5c11-d91a027d8
0.003,0.02,2,0.02,0.0,zero,hard,8,-0.08723643598681459,-0.08723643598681459,0.06543829808447672,1.0547947308521493,0.00089239184,2084,1042.0,5ef5c11-d91a027d8
0.3,0.05,8,0.0,0.25,zero,soft,2,0.0011885254964262516,0.0011885254964262516,0.022579079586989792,21.614249267933708,8.953138e-5,2459,1229.5,5ef5c11-d91a027d8
0.03,0.02,2,0.01,0.0,zero,soft,2,0.14267414019504568,0.14267414019504568,0.31248549915207224,9.634675967262176,8.953138e-5,2084,1042.0,5ef5c11-d91a027d8
0.003,0.05,8,0.02,1.0,zero,soft,5,-0.05960805860644702,0.03153848300683046,-0.05960805860644702,254.7376643759127,0.00077848433,2459,1229.5,5ef5c11-d91a027d8
0.03,0.02,2,0.02,0.0,zero,hard,8,0.05142414327728374,0.05142414327728374,0.20491556185640109,8.39843117081672,0.00089239184,2084,1042.0,5ef5c11-d91a027d8
0.3,0.02,2,0.02,1.0,zero,soft,4,0.27256802910175604,0.27256802910175604,0.3651602117310051,3.6513093416638776,3.2716056e-5,2084,1042.0,5ef5c11-d91a027d8
0.03,0.02,8,0.01,4.0,zero,hard,6,-0.012276658947132448,-0.012276658947132448,0.013082601100867822,29.166370466805073,0.000112622154,5852,2926.0,5ef5c11-d91a027d8
0.3,0.02,2,0.01,0.0,zero,soft,2,0.2546874761215492,0.2546874761215492,0.4488803399759381,3.35773353963434,8.953138e-5,2084,1042.0,5ef5c11-d91a027d8
0.003,0.05,8,0.005,0.25,zero,soft,2,0.043123187225103776,0.043123187225103776,0.05550071620749265,27.910752873154898,8.953138e-5,2459,1229.5,5ef5c11-d91a027d8
0.3,0.02,2,0.02,0.0,zero,hard,8,0.14971113024660176,0.14971113024660176,0.25211343978354617,3.807040311133114,0.00089239184,2084,1042.0,5ef5c11-d91a027d8
0.03,0.05,8,0.02,1.0,zero,soft,5,0.00035654500350814093,0.05655405276478475,0.00035654500350814093,25.47279812842374,0.00077848433,2459,1229.5,5ef5c11-d91a027d8
0.003,0.02,2,0.0,4.0,zero,soft,4,-0.0006006111478324837,-0.0006006111478324837,0.00563875557130202,2659.283025945516,3.2716056e-5,2084,1042.0,5ef5c11-d91a027d8
0.003,0.02,2,0.02,0.0,zero,soft,2,-0.014482070173184322,-0.014482070173184322,-0.006768035955052915,50.12366701821307,8.953138e-5,2084,1042.0,5ef5c11-d91a027d8
0.003,0.02,8,0.005,0.0,zero,hard,1,-0.03415170303124329,0.014089115295388675,-0.03415170303124329,22.45478593615048,0.00032680426,5852,2926.0,5ef5c11-d91a027d8
0.03,0.05,8,0.005,0.25,zero,soft,2,0.2674299901373822,0.2674299901373822,0.41319372514522845,2.859893714701404,8.953138e-5,2459,1229.5,5ef5c11-d91a027d8
0.003,0.02,2,0.0,0.25,zero,hard,8,-0.006744468957182647,0.009530311318954952,-0.006744468957182647,2199.432607655338,0.00089239184,2084,1042.0,5ef5c11-d91a027d8
0.03,0.02,2,0.02,0.0,zero,soft,2,0.09096011529800689,0.09096011529800689,0.18771646807088102,16.7967974083574,8.953138e-5,2084,1042.0,5ef5c11-d91a027d8
0.03,0.02,2,0.0,4.0,zero,soft,4,-0.0006001991929573223,-0.0006001991929573223,0.005638893101446286,265.92992292891415,3.2716056e-5,2084,1042.0,5ef5c11-d91a027d8
0.3,0.05,8,0.02,1.0,zero,soft,5,0.29022394187396405,0.29022394187396405,0.5512861228698213,2.58817790056574,0.00077848433,2459,1229.5,5ef5c11-d91a027d8
0.3,0.05,8,0.005,0.25,zero,soft,2,0.8407605274084734,0.8407605274084734,0.8909408380269894,0.5484028011532116,8.953138e-5,2459,1229.5,5ef5c11-d91a027d8
0.03,0.02,2,0.0,0.25,zero,hard,8,-0.006161114978705572,0.009800872591004407,-0.006161114978705572,219.93467813103976,0.00089239184,2084,1042.0,5ef5c11-d91a027d8
0.3,0.02,8,0.0,1.0,zero,hard,3,-0.002898286895610004,0.0015893005663269433,-0.002898286895610004,14.146421667560695,3.956093e-5,5852,2926.0,5ef5c11-d91a027d8
0.3,0.02,2,0.0,4.0,zero,soft,4,-0.0005959439005918176,-0.0005959439005918176,0.005631975182763102,26.612299969602415,3.2716056e-5,2084,1042.0,5ef5c11-d91a027d8
0.3,0.02,8,0.01,4.0,zero,hard,6,0.19208753002675671,0.19208753002675671,0.3567677911684582,2.978868432169993,0.000112622154,5852,2926.0,5ef5c11-d91a027d8
0.3,0.02,2,0.0,0.25,zero,hard,8,-0.0002299965604360711,0.012472428982324799,-0.0002299965604360711,22.00544235177816,0.00089239184,2084,1042.0,5ef5c11-d91a027d8
0.003,0.05,8,0.0,4.0,zero,soft,5,-0.0007389074222162074,-0.0007389074222162074,0.0017934474766116146,2022.3113805615296,0.00077848433,2459,1229.5,5ef5c11-d91a027d8
0.03,0.02,8,0.005,0.0,zero,hard,1,0.16177859058685237,0.16177859058685237,0.36356411556093277,7.049321515498256,0.00032680426,5852,2926.0,5ef5c11-d91a027d8
0.003,0.05,8,0.01,0.25,zero,soft,2,-0.006761968723295843,-0.006761968723295843,0.06473897723793814,54.91369316289127,8.953138e-5,2459,1229.5,5ef5c11-d91a027d8
0.003,0.02,2,0.005,4.0,zero,soft,4,0.022065352407033983,0.025227443216318136,0.022065352407033983,350.8889773331445,3.2716056e-5,2084,1042.0,5ef5c11-d91a027d8
0.003,0.02,2,0.005,0.25,zero,hard,8,0.014850354905483183,0.046419902069794884,0.014850354905483183,28.255672440585116,0.00089239184,2084,1042.0,5ef5c11-d91a027d8
0.03,0.02,2,0.005,4.0,zero,soft,4,0.0476959224821318,0.0476959224821318,0.05648560261270609,35.096327044833245,3.2716056e-5,2084,1042.0,5ef5c11-d91a027d8
0.03,0.05,8,0.01,0.25,zero,soft,2,0.12440662452363482,0.12440662452363482,0.29366256999567864,5.539882146446572,8.953138e-5,2459,1229.5,5ef5c11-d91a027d8
0.03,0.05,8,0.0,4.0,zero,soft,5,-0.00073888188401645,-0.00073888188401645,0.0017908415384310216,202.2342528839277,0.00077848433,2459,1229.5,5ef5c11-d91a027d8
0.03,0.02,2,0.005,0.25,zero,hard,8,0.2796916761803019,0.2796916761803019,0.3867615291810151,2.81855590560686,0.00089239184,2084,1042.0,5ef5c11-d91a027d8
0.3,0.02,2,0.005,4.0,zero,soft,4,0.2646558105462319,0.2646558105462319,0.36359040505231016,3.518135352652909,3.2716056e-5,2084,1042.0,5ef5c11-d91a027d8
0.003,0.02,8,0.005,1.0,zero,hard,3,-0.05857426373966361,0.019248997202348607,-0.05857426373966361,47.50412008853061,3.956093e-5,5852,2926.0,5ef5c11-d91a027d8
0.3,0.05,8,0.01,0.25,zero,soft,2,0.7257114626768898,0.7257114626768898,0.8511950488600136,0.7621162150776614,8.953138e-5,2459,1229.5,5ef5c11-d91a027d8
0.3,0.02,8,0.005,0.0,zero,hard,1,0.41013310265292025,0.41013310265292025,0.7259455884997204,2.0822947016421987,0.00032680426,5852,2926.0,5ef5c11-d91a027d8
0.3,0.02,2,0.005,0.25,zero,hard,8,0.8357287159381619,0.8357287159381619,0.8441586984611963,0.5550729106650056,0.00089239184,2084,1042.0,5ef5c11-d91a027d8
0.003,0.02,8,0.02,4.0,zero,hard,6,-0.04201113678273579,-0.04201113678273579,-0.025688976337373316,555.5941465473406,0.000112622154,5852,2926.0,5ef5c11-d91a027d8
0.003,0.02,2,0.01,4.0,zero,soft,4,0.017014597912025555,0.017014597912025555,0.029940621134892438,687.0058410056829,3.2716056e-5,2084,1042.0,5ef5c11-d91a027d8
0.3,0.05,8,0.0,4.0,zero,soft,5,-0.000738626070139429,-0.000738626070139429,0.0017659010910733909,20.248664066170527,0.00077848433,2459,1229.5,5ef5c11-d91a027d8
0.003,0.02,2,0.01,0.25,zero,hard,8,-0.016318132856436646,-0.016318132856436646,0.013994623014942507,55.1210000825453,0.00089239184,2084,1042.0,5ef5c11-d91a027d8
0.003,0.05,8,0.02,0.25,zero,soft,2,0.014989983969684225,0.05508463203123767,0.014989983969684225,109.62259801971358,8.953138e-5,2459,1229.5,5ef5c11-d91a027d8
0.03,0.02,2,0.01,4.0,zero,soft,4,0.028272317146307745,0.028272317146307745,0.0471479473650385,68.7301699151637,3.2716056e-5,2084,1042.0,5ef5c11-d91a027d8
0.003,0.05,8,0.005,4.0,zero,soft,5,-0.048066652101192084,0.03081176640810557,-0.048066652101192084,244.50169077060835,0.00077848433,2459,1229.5,5ef5c11-d91a027d8
0.03,0.02,2,0.01,0.25,zero,hard,8,0.1086957574269068,0.1086957574269068,0.20563051243422284,5.559425112539051,0.00089239184,2084,1042.0,5ef5c11-d91a027d8
0.3,0.02,2,0.01,4.0,zero,soft,4,0.13641496421684773,0.13641496421684773,0.21016227019084813,6.897826890194834,3.2716056e-5,2084,1042.0,5ef5c11-d91a027d8
0.03,0.05,8,0.02,0.25,zero,soft,2,0.11574192437359015,0.11574192437359015,0.1226591810034829,10.97547328275411,8.953138e-5,2459,1229.5,5ef5c11-d91a027d8
0.03,0.02,8,0.005,1.0,zero,hard,3,0.19594510302567508,0.19594510302567508,0.27701484395970605,4.738271518745804,3.956093e-5,5852,2926.0,5ef5c11-d91a027d8
0.003,0.02,8,0.01,0.0,zero,hard,1,0.015186245144298602,0.015186245144298602,0.023665089373296894,35.29132065054408,0.00032680426,5852,2926.0,5ef5c11-d91a027d8
0.3,0.02,2,0.01,0.25,zero,hard,8,0.7157635400589201,0.7157635400589201,0.7890582022257153,0.7657918873827285,0.00089239184,2084,1042.0,5ef5c11-d91a027d8
0.03,0.05,8,0.005,4.0,zero,soft,5,0.019860973899760857,0.05698911060782481,0.019860973899760857,24.461374061038974,0.00077848433,2459,1229.5,5ef5c11-d91a027d8
0.003,0.02,2,0.02,4.0,zero,soft,4,0.007875280342617185,0.007875280342617185,0.04833537960361071,1307.1765382514602,3.2716056e-5,2084,1042.0,5ef5c11-d91a027d8
0.3,0.05,8,0.02,0.25,zero,soft,2,0.5839910168517635,0.5839910168517635,0.6815438292432097,1.193149410237122,8.953138e-5,2459,1229.5,5ef5c11-d91a027d8
0.003,0.02,2,0.02,0.25,zero,hard,8,-0.06106094542897613,0.02409592207260784,-0.06106094542897613,117.60484242793594,0.00089239184,2084,1042.0,5ef5c11-d91a027d8
0.03,0.02,8,0.02,4.0,zero,hard,6,-0.03262483652829337,-0.03262483652829337,-0.008294237949582419,55.58393297439038,0.000112622154,5852,2926.0,5ef5c11-d91a027d8
0.03,0.02,2,0.02,4.0,zero,soft,4,0.012515641398604626,0.012515641398604626,0.055013360284577456,130.66352759544728,3.2716056e-5,2084,1042.0,5ef5c11-d91a027d8
0.3,0.05,8,0.005,4.0,zero,soft,5,0.2963781046143807,0.2963781046143807,0.5797468146493465,2.486911398941096,0.00077848433,2459,1229.5,5ef5c11-d91a027d8
0.03,0.02,2,0.02,0.25,zero,hard,8,0.01942860511959882,0.0839736128112381,0.01942860511959882,11.733867998404815,0.00089239184,2084,1042.0,5ef5c11-d91a027d8
0.3,0.02,2,0.02,4.0,zero,soft,4,0.060423947404670456,0.060423947404670456,0.13143804892404218,13.06856551639817,3.2716056e-5,2084,1042.0,5ef5c11-d91a027d8
0.03,0.02,8,0.01,0.0,zero,hard,1,0.12587142903035217,0.12587142903035217,0.27059642200357736,11.235158464552276,0.00032680426,5852,2926.0,5ef5c11-d91a027d8
0.003,0.05,8,0.0,1.0,zero,soft,2,-0.002116300758179601,0.002240297732467087,-0.002116300758179601,2245.8482556192894,8.953138e-5,2459,1229.5,5ef5c11-d91a027d8
0.3,0.02,8,0.005,1.0,zero,hard,3,0.8939225895269617,0.8939225895269617,0.9581780475750143,0.4805711968127647,3.956093e-5,5852,2926.0,5ef5c11-d91a027d8
0.003,0.02,2,0.0,0.0,zero,hard,5,0.9579527795793026,0.9579527795793026,0.9881888324946151,0.2873811185425603,0.00036867431,2084,1042.0,5ef5c11-d91a027d8
0.3,0.02,2,0.02,0.25,zero,hard,8,0.5201915021740204,0.5201915021740204,0.6392432510944929,1.260752240197619,0.00089239184,2084,1042.0,5ef5c11-d91a027d8
0.003,0.05,8,0.01,4.0,zero,soft,5,-0.058031240504412794,0.02764725303391007,-0.058031240504412794,483.47773611771555,0.00077848433,2459,1229.5,5ef5c11-d91a027d8
0.03,0.02,2,0.0,0.0,zero,hard,5,0.9910501886423028,0.9927554625656148,0.9910501886423028,0.13335471577568542,0.00036867431,2084,1042.0,5ef5c11-d91a027d8
0.3,0.02,2,0.0,0.0,zero,hard,5,0.9913051590851559,0.9934050491447595,0.9913051590851559,0.1284171283816783,0.00036867431,2084,1042.0,5ef5c11-d91a027d8
0.003,0.02,2,0.0,1.0,zero,hard,8,-0.0030300291570622083,-0.0027883848643104852,-0.0030300291570622083,2319.3316420299634,0.00089239184,2084,1042.0,5ef5c11-d91a027d8
0.03,0.05,8,0.0,1.0,zero,soft,2,-0.0021145550991567403,0.0022404235157778302,-0.0021145550991567403,224.58430941033586,8.953138e-5,2459,1229.5,5ef5c11-d91a027d8
0.03,0.05,8,0.01,4.0,zero,soft,5,-0.02645397216128614,0.04054070245943365,-0.02645397216128614,48.3339155806174,0.00077848433,2459,1229.5,5ef5c11-d91a027d8
0.3,0.02,8,0.02,4.0,zero,hard,6,0.05804465020190054,0.05804465020190054,0.16251660902665327,5.62373576772215,0.000112622154,5852,2926.0,5ef5c11-d91a027d8
0.003,0.02,2,0.005,0.0,zero,hard,5,-0.20004163160573027,0.03385839096173205,-0.20004163160573027,18.899453419127784,0.00036867431,2084,1042.0,5ef5c11-d91a027d8
0.3,0.02,8,0.01,0.0,zero,hard,1,0.2187657806340235,0.2187657806340235,0.692274382014099,3.0117829467458685,0.00032680426,5852,2926.0,5ef5c11-d91a027d8
0.03,0.02,2,0.0,1.0,zero,hard,8,-0.003020596238801625,-0.0027893272835389157,-0.003020596238801625,231.93719854508137,0.00089239184,2084,1042.0,5ef5c11-d91a027d8
0.3,0.05,8,0.01,4.0,zero,soft,5,0.16167586877686282,0.16167586877686282,0.29245867882064147,4.857886919820691,0.00077848433,2459,1229.5,5ef5c11-d91a027d8
0.03,0.02,2,0.005,0.0,zero,hard,5,0.23303554602837961,0.23303554602837961,0.32611586750911903,7.062868229131048,0.00036867431,2084,1042.0,5ef5c11-d91a027d8
0.3,0.05,8,0.0,1.0,zero,soft,2,-0.002097106637215798,0.002241629294440416,-0.002097106637215798,22.47815928722415,8.953138e-5,2459,1229.5,5ef5c11-d91a027d8
0.003,0.02,8,0.01,1.0,zero,hard,3,-0.05553924802684098,-0.0009117549901165049,-0.05553924802684098,93.15275137523643,3.956093e-5,5852,2926.0,5ef5c11-d91a027d8
0.003,0.02,8,0.0,0.0,zero,soft,6,0.613098472509371,0.613098472509371,0.9285946758195984,1.1092709068820017,5.3822696e-5,5852,2926.0,5ef5c11-d91a027d8
0.3,0.02,2,0.0,1.0,zero,hard,8,-0.0029251551967339516,-0.0027975031187578506,-0.0029251551967339516,23.21725449642375,0.00089239184,2084,1042.0,5ef5c11-d91a027d8
0.3,0.02,2,0.005,0.0,zero,hard,5,0.4512496105400333,0.4512496105400333,0.684414491049611,1.8774247359630354,0.00036867431,2084,1042.0,5ef5c11-d91a027d8
0.003,0.05,8,0.02,4.0,zero,soft,5,-0.07214965272412072,0.03473151415716934,-0.07214965272412072,929.9492515612808,0.00077848433,2459,1229.5,5ef5c11-d91a027d8
0.003,0.05,8,0.005,1.0,zero,soft,2,0.01708337351188499,0.01708337351188499,0.0412715345468978,77.8101829932719,8.953138e-5,2459,1229.5,5ef5c11-d91a027d8
0.003,0.02,2,0.01,0.0,zero,hard,5,0.007107286906910954,0.007176503473032042,0.007107286906910954,20.518772422203508,0.00036867431,2084,1042.0,5ef5c11-d91a027d8
0.003,0.02,2,0.005,1.0,zero,hard,8,-0.034347450726394405,0.06234628228188399,-0.034347450726394405,76.67094976081965,0.00089239184,2084,1042.0,5ef5c11-d91a027d8
0.003,0.02,8,0.02,0.0,zero,hard,1,0.015233113569820022,0.015233113569820022,0.16303302727451954,17.735284962794857,0.00032680426,5852,2926.0,5ef5c11-d91a027d8
0.03,0.02,8,0.0,0.0,zero,soft,6,0.9634449582375966,0.9634449582375966,0.9713581840477407,0.2774901423936635,5.3822696e-5,5852,2926.0,5ef5c11-d91a027d8
0.03,0.02,2,0.01,0.0,zero,hard,5,0.09907640975180339,0.09907640975180339,0.28492730630958185,8.088404252434154,0.00036867431,2084,1042.0,5ef5c11-d91a027d8
0.03,0.02,2,0.005,1.0,zero,hard,8,0.11253553159962369,0.15123243648850823,0.11253553159962369,7.668839530908971,0.00089239184,2084,1042.0,5ef5c11-d91a027d8
0.03,0.05,8,0.005,1.0,zero,soft,2,0.10518145152277303,0.10518145152277303,0.20157043367938002,7.778323213783942,8.953138e-5,2459,1229.5,5ef5c11-d91a027d8
0.03,0.05,8,0.02,4.0,zero,soft,5,-0.05752223585143574,0.040058779017918995,-0.05752223585143574,93.01184819257479,0.00077848433,2459,1229.5,5ef5c11-d91a027d8
0.3,0.02,2,0.01,0.0,zero,hard,5,0.28692561405380024,0.28692561405380024,0.7088386156428981,2.57863082333658,0.00036867431,2084,1042.0,5ef5c11-d91a027d8
0.3,0.02,2,0.005,1.0,zero,hard,8,0.7057664576347344,0.7057664576347344,0.7631291597177516,0.83465779290379,0.00089239184,2084,1042.0,5ef5c11-d91a027d8
0.3,0.02,8,0.0,0.0,zero,soft,6,0.970345129877818,0.970345129877818,0.9718004351600401,0.25694788109774364,5.3822696e-5,5852,2926.0,5ef5c11-d91a027d8
0.03,0.02,8,0.01,1.0,zero,hard,3,0.09088793027955869,0.09088793027955869,0.10531726291473335,9.310198017096274,3.956093e-5,5852,2926.0,5ef5c11-d91a027d8
0.3,0.05,8,0.005,1.0,zero,soft,2,0.6816082924958797,0.6816082924958797,0.8498540123449907,0.8723782926617218,8.953138e-5,2459,1229.5,5ef5c11-d91a027d8
0.003,0.02,2,0.02,0.0,zero,hard,5,0.010291791121020159,0.010291791121020159,0.024127861651362905,56.18551848646825,0.00036867431,2084,1042.0,5ef5c11-d91a027d8
0.3,0.05,8,0.02,4.0,zero,soft,5,0.0883721911906846,0.09210857851574038,0.0883721911906846,9.314437022867919,0.00077848433,2459,1229.5,5ef5c11-d91a027d8
0.003,0.02,2,0.01,1.0,zero,hard,8,-0.021602026808921627,0.06390490435199443,-0.021602026808921627,154.2880048074473,0.00089239184,2084,1042.0,5ef5c11-d91a027d8
0.03,0.02,8,0.02,0.0,zero,hard,1,0.07065370065170194,0.07065370065170194,0.2672984878860964,15.750069852128819,0.00032680426,5852,2926.0,5ef5c11-d91a027d8
0.003,0.05,8,0.0,0.0,zero,hard,6,0.0747100477328125,0.0747100477328125,0.30764214210984053,6.346442257174934,0.000112622154,2459,1229.5,5ef5c11-d91a027d8
0.03,0.02,2,0.02,0.0,zero,hard,5,-0.02083273469595594,0.02990542837532229,-0.02083273469595594,12.669520675830498,0.00036867431,2084,1042.0,5ef5c11-d91a027d8
0.003,0.05,8,0.01,1.0,zero,soft,2,0.014759119448862943,0.014759119448862943,0.04801290732838775,155.89817942000118,8.953138e-5,2459,1229.5,5ef5c11-d91a027d8
0.03,0.02,2,0.01,1.0,zero,hard,8,0.04583050719013355,0.10674060166961444,0.04583050719013355,15.401075716049482,0.00089239184,2084,1042.0,5ef5c11-d91a027d8
0.03,0.05,8,0.0,0.0,zero,hard,6,0.5004359999511767,0.5004359999511767,0.7936051326767719,0.9732663339877249,0.000112622154,2459,1229.5,5ef5c11-d91a027d8
0.3,0.02,2,0.02,0.0,zero,hard,5,0.1648831745634335,0.1648831745634335,0.3360173224617275,4.137531697053366,0.00036867431,2084,1042.0,5ef5c11-d91a027d8
0.3,0.05,8,0.0,0.0,zero,hard,6,0.6582650266473395,0.6582650266473395,0.8053623425074737,0.7550305902216555,0.000112622154,2459,1229.5,5ef5c11-d91a027d8
0.003,0.02,8,0.005,0.0,zero,soft,6,0.03112771348470085,0.03112771348470085,0.12068952080436089,25.458722186565765,5.3822696e-5,5852,2926.0,5ef5c11-d91a027d8
0.3,0.02,2,0.01,1.0,zero,hard,8,0.4792257745908553,0.4792257745908553,0.5816639078274044,1.5561747389077627,0.00089239184,2084,1042.0,5ef5c11-d91a027d8
0.03,0.05,8,0.01,1.0,zero,soft,2,0.059149768895514536,0.059149768895514536,0.12801760325460912,15.598982471610984,8.953138e-5,2459,1229.5,5ef5c11-d91a027d8
0.003,0.02,2,0.0,0.25,zero,hard,5,-0.027412171859913757,-0.027412171859913757,0.0019806666672047947,2443.731834833408,0.00036867431,2084,1042.0,5ef5c11-d91a027d8
0.3,0.02,8,0.01,1.0,zero,hard,3,0.7094007556146622,0.7094007556146622,0.8558891437111917,0.9367456511037608,3.956093e-5,5852,2926.0,5ef5c11-d91a027d8
0.003,0.02,2,0.02,1.0,zero,hard,8,-0.05080847993138248,0.033469467395710356,-0.05080847993138248,309.06332185992267,0.00089239184,2084,1042.0,5ef5c11-d91a027d8
0.003,0.05,8,0.005,0.0,zero,hard,6,0.027385540230569612,0.030604352032453958,0.027385540230569612,17.741809646154973,0.000112622154,2459,1229.5,5ef5c11-d91a027d8
0.3,0.02,8,0.02,0.0,zero,hard,1,0.2500902988982821,0.2500902988982821,0.42737837158123626,4.351797223717674,0.00032680426,5852,2926.0,5ef5c11-d91a027d8
0.3,0.05,8,0.01,1.0,zero,soft,2,0.4491875543576835,0.4491875543576835,0.6747840181252497,1.615303346319315,8.953138e-5,2459,1229.5,5ef5c11-d91a027d8
0.03,0.02,2,0.0,0.25,zero,hard,5,-0.027129136943520878,-0.027129136943520878,0.0028943957890238342,244.39553753492038,0.00036867431,2084,1042.0,5ef5c11-d91a027d8
0.03,0.02,2,0.02,1.0,zero,hard,8,-0.013272412750033743,0.0563309255927017,-0.013272412750033743,30.89875225850274,0.00089239184,2084,1042.0,5ef5c11-d91a027d8
0.03,0.05,8,0.005,0.0,zero,hard,6,0.0752637635633842,0.0752637635633842,0.23127886533567346,5.06721748805588,0.000112622154,2459,1229.5,5ef5c11-d91a027d8
0.03,0.02,8,0.005,0.0,zero,soft,6,0.07367805603368552,0.07367805603368552,0.1305283163128506,7.306291047197967,5.3822696e-5,5852,2926.0,5ef5c11-d91a027d8
0.3,0.02,2,0.0,0.25,zero,hard,5,-0.024294458278258817,-0.024294458278258817,0.012015365759040435,24.478982784194308,0.00036867431,2084,1042.0,5ef5c11-d91a027d8
0.003,0.05,8,0.02,1.0,zero,soft,2,0.01529341274820481,0.01529341274820481,0.040661418335073814,313.49982426566396,8.953138e-5,2459,1229.5,5ef5c11-d91a027d8
0.3,0.02,2,0.02,1.0,zero,hard,8,0.26936479835581456,0.26936479835581456,0.33396132635997816,3.0904756218628537,0.00089239184,2084,1042.0,5ef5c11-d91a027d8
0.3,0.05,8,0.005,0.0,zero,hard,6,0.30530184367991375,0.30530184367991375,0.5422179955950512,1.6944492080752411,0.000112622154,2459,1229.5,5ef5c11-d91a027d8
0.003,0.02,2,0.005,0.25,zero,hard,5,-0.003839178770031883,-0.003839178770031883,0.03595194806418237,31.20008485211617,0.00036867431,2084,1042.0,5ef5c11-d91a027d8
0.003,0.02,8,0.02,1.0,zero,hard,3,-0.07940108266748096,-0.005344134886311585,-0.07940108266748096,183.98464148658056,3.956093e-5,5852,2926.0,5ef5c11-d91a027d8
0.003,0.02,2,0.0,4.0,zero,hard,8,-0.0020856640600420947,-0.0020856640600420947,0.0018401120582873058,2322.320750240591,0.00089239184,2084,1042.0,5ef5c11-d91a027d8
0.03,0.05,8,0.02,1.0,zero,soft,2,0.03839186359327771,0.03839186359327771,0.08011905558833676,31.389330727112974,8.953138e-5,2459,1229.5,5ef5c11-d91a027d8
0.003,0.05,8,0.01,0.0,zero,hard,6,0.021251100962558268,0.021251100962558268,0.06713488810951389,24.38167247397594,0.000112622154,2459,1229.5,5ef5c11-d91a027d8
0.03,0.02,2,0.005,0.25,zero,hard,5,0.25616969442834947,0.25616969442834947,0.5389208530683979,3.152188664572869,0.00036867431,2084,1042.0,5ef5c11-d91a027d8
0.3,0.02,8,0.005,0.0,zero,soft,6,0.39244388729220014,0.39244388729220014,0.6467925397455381,1.9214069835880243,5.3822696e-5,5852,2926.0,5ef5c11-d91a027d8
0.003,0.02,8,0.0,0.25,zero,hard,1,0.020726396915743614,0.020726396915743614,0.02896273449733262,1358.6349540307815,0.00032680426,5852,2926.0,5ef5c11-d91a027d8
0.03,0.02,2,0.0,4.0,zero,hard,8,-0.002085494267710704,-0.002085494267710704,0.0018414715580038505,232.23654941511433,0.00089239184,2084,1042.0,5ef5c11-d91a027d8
0.3,0.02,2,0.005,0.25,zero,hard,5,0.900588506896767,0.900588506896767,0.9691250558158143,0.4549905510452024,0.00036867431,2084,1042.0,5ef5c11-d91a027d8
0.03,0.05,8,0.01,0.0,zero,hard,6,0.14397215868600857,0.14397215868600857,0.2509828632283851,8.890374288351573,0.000112622154,2459,1229.5,5ef5c11-d91a027d8
0.3,0.05,8,0.02,1.0,zero,soft,2,0.24505075642531834,0.24505075642531834,0.42641900728372956,3.1775953432717285,8.953138e-5,2459,1229.5,5ef5c11-d91a027d8
0.003,0.02,2,0.01,0.25,zero,hard,5,-0.0804674563749761,-0.0804674563749761,0.12814393904204277,59.89080754109995,0.00036867431,2084,1042.0,5ef5c11-d91a027d8
0.3,0.02,2,0.0,4.0,zero,hard,8,-0.002086542441412992,-0.002086542441412992,0.001868785475271053,23.247243329866144,0.00089239184,2084,1042.0,5ef5c11-d91a027d8
0.3,0.05,8,0.01,0.0,zero,hard,6,0.17752932328741153,0.17752932328741153,0.5011964733144949,2.5070466329424343,0.000112622154,2459,1229.5,5ef5c11-d91a027d8
0.003,0.05,8,0.0,4.0,zero,soft,2,0.0015597610969764507,0.0020137039178833244,0.0015597610969764507,2240.298593690533,8.953138e-5,2459,1229.5,5ef5c11-d91a027d8
0.03,0.02,2,0.01,0.25,zero,hard,5,0.05162809301346059,0.05162809301346059,0.40245497416221826,6.008558542879824,0.00036867431,2084,1042.0,5ef5c11-d91a027d8
0.03,0.02,8,0.02,1.0,zero,hard,3,0.0010104251527999605,0.04245227500441474,0.0010104251527999605,18.36885046682174,3.956093e-5,5852,2926.0,5ef5c11-d91a027d8
0.003,0.02,2,0.005,4.0,zero,hard,8,-0.041797871698311416,0.05175453841668034,-0.041797871698311416,296.978199887287,0.00089239184,2084,1042.0,5ef5c11-d91a027d8
0.003,0.05,8,0.02,0.0,zero,hard,6,-0.0015675643269771717,-0.0015675643269771717,0.03912860914775158,6.436824850931396,0.000112622154,2459,1229.5,5ef5c11-d91a027d8
0.003,0.02,8,0.01,0.0,zero,soft,6,0.04039559678726716,0.04039559678726716,0.05861548003794527,24.907271661761772,5.3822696e-5,5852,2926.0,5ef5c11-d91a027d8
0.3,0.02,2,0.01,0.25,zero,hard,5,0.7719227761770898,0.7719227761770898,0.9366918870397047,0.7089654021848141,0.00036867431,2084,1042.0,5ef5c11-d91a027d8
0.03,0.02,2,0.005,4.0,zero,hard,8,-0.0035790437493495556,0.07391993228373675,-0.0035790437493495556,29.673566488190108,0.00089239184,2084,1042.0,5ef5c11-d91a027d8
0.03,0.05,8,0.02,0.0,zero,hard,6,0.039659404317889446,0.039659404317889446,0.05786111678062941,7.602377083475596,0.000112622154,2459,1229.5,5ef5c11-d91a027d8
0.03,0.05,8,0.0,4.0,zero,soft,2,0.0015580181124247694,0.002014032302764847,0.0015580181124247694,224.02903352650438,8.953138e-5,2459,1229.5,5ef5c11-d91a027d8
0.03,0.02,8,0.0,0.25,zero,hard,1,0.021279898336857412,0.021279898336857412,0.03054149659910249,135.84938023019416,0.00032680426,5852,2926.0,5ef5c11-d91a027d8
0.003,0.02,2,0.02,0.25,zero,hard,5,-0.028760074665509207,-0.028760074665509207,0.023557589696585758,122.31906384364429,0.00036867431,2084,1042.0,5ef5c11-d91a027d8
0.3,0.02,2,0.005,4.0,zero,hard,8,0.29032569080200027,0.29032569080200027,0.341286019670163,2.9683859141225066,0.00089239184,2084,1042.0,5ef5c11-d91a027d8
0.3,0.05,8,0.02,0.0,zero,hard,6,0.08047626609093123,0.08047626609093123,0.1297656100799439,3.526069299210097,0.000112622154,2459,1229.5,5ef5c11-d91a027d8
0.03,0.02,2,0.02,0.25,zero,hard,5,0.04197181281760256,0.04197181281760256,0.1758918800966827,12.26882434772878,0.00036867431,2084,1042.0,5ef5c11-d91a027d8
0.03,0.02,8,0.01,0.0,zero,soft,6,0.10231975626906077,0.10231975626906077,0.29739917803287724,10.286778686663462,5.3822696e-5,5852,2926.0,5ef5c11-d91a027d8
0.003,0.02,2,0.01,4.0,zero,hard,8,-0.049117107504323555,0.05071744059386714,-0.049117107504323555,587.6679992166536,0.00089239184,2084,1042.0,5ef5c11-d91a027d8
0.3,0.05,8,0.0,4.0,zero,soft,2,0.0015394098728515417,0.0020173291161704287,0.0015394098728515417,22.42307300845308,8.953138e-5,2459,1229.5,5ef5c11-d91a027d8
0.3,0.02,8,0.02,1.0,zero,hard,3,0.4471074410278148,0.4471074410278148,0.6344065070661331,1.839982690758676,3.956093e-5,5852,2926.0,5ef5c11-d91a027d8
0.3,0.02,2,0.02,0.25,zero,hard,5,0.5593306125833574,0.5593306125833574,0.8402883030343908,1.2862551282076724,0.00036867431,2084,1042.0,5ef5c11-d91a027d8
0.03,0.02,2,0.01,4.0,zero,hard,8,-0.031509226344457755,0.061486174061018424,-0.031509226344457755,58.74113767657064,0.00089239184,2084,1042.0,5ef5c11-d91a027d8
0.003,0.05,8,0.0,0.25,zero,hard,6,-0.01799203743227708,-0.01799203743227708,-0.004602761815140524,1719.034333795405,0.000112622154,2459,1229.5,5ef5c11-d91a027d8
0.003,0.05,8,0.005,4.0,zero,soft,2,0.012371006864922363,0.012371006864922363,0.02276517556251754,295.9039274128007,8.953138e-5,2459,1229.5,5ef5c11-d91a027d8
0.003,0.02,2,0.0,1.0,zero,hard,5,-0.003952253166763878,-0.001096235898182401,-0.003952253166763878,2561.609276121364,0.00036867431,2084,1042.0,5ef5c11-d91a027d8
0.3,0.02,2,0.01,4.0,zero,hard,8,0.14898381169852984,0.16971625711646066,0.14898381169852984,5.859966382219283,0.00089239184,2084,1042.0,5ef5c11-d91a027d8
0.3,0.02,8,0.01,0.0,zero,soft,6,0.28920704852743095,0.29271318909958854,0.28920704852743095,2.75725979400248,5.3822696e-5,5852,2926.0,5ef5c11-d91a027d8
0.3,0.02,8,0.0,0.25,zero,hard,1,0.026816047326605898,0.026816047326605898,0.046318834059453244,13.600881622003321,0.00032680426,5852,2926.0,5ef5c11-d91a027d8
0.03,0.05,8,0.005,4.0,zero,soft,2,0.03581154164082968,0.03581154164082968,0.06438182914286882,29.6066050628186,8.953138e-5,2459,1229.5,5ef5c11-d91a027d8
0.03,0.05,8,0.0,0.25,zero,hard,6,-0.017774854132849932,-0.017774854132849932,-0.003891119744336394,171.92288397825882,0.000112622154,2459,1229.5,5ef5c11-d91a027d8
0.003,0.02,2,0.02,4.0,zero,hard,8,-0.04938416780783922,0.04245823513685519,-0.04938416780783922,1107.7741043438584,0.00089239184,2084,1042.0,5ef5c11-d91a027d8
0.03,0.02,2,0.0,1.0,zero,hard,5,-0.003954237869659591,-0.0010968852048403993,-0.003954237869659591,256.16274894324283,0.00036867431,2084,1042.0,5ef5c11-d91a027d8
0.3,0.05,8,0.005,4.0,zero,soft,2,0.2580351507255363,0.2580351507255363,0.44300151488561756,2.997292300994078,8.953138e-5,2459,1229.5,5ef5c11-d91a027d8
0.03,0.02,2,0.02,4.0,zero,hard,8,-0.039748863364427046,0.04719890325433198,-0.039748863364427046,110.79574804757678,0.00089239184,2084,1042.0,5ef5c11-d91a027d8
0.3,0.02,2,0.0,1.0,zero,hard,5,-0.003973812556198466,-0.0011031517298293893,-0.003973812556198466,25.636487487977988,0.00036867431,2084,1042.0,5ef5c11-d91a027d8
0.3,0.05,8,0.0,0.25,zero,hard,6,-0.01560560411543703,-0.01560560411543703,0.003190362928541798,17.238181294746973,0.000112622154,2459,1229.5,5ef5c11-d91a027d8
0.003,0.02,8,0.0,4.0,zero,hard,3,-0.002199579145335683,-0.002199579145335683,-0.0007111566999992652,1406.7393406430726,3.956093e-5,5852,2926.0,5ef5c11-d91a027d8
0.3,0.02,2,0.02,4.0,zero,hard,8,0.04336207822128697,0.09459647971505594,0.04336207822128697,11.07631285778768,0.00089239184,2084,1042.0,5ef5c11-d91a027d8
0.003,0.02,8,0.02,0.0,zero,soft,6,0.08984061482493998,0.08984061482493998,0.11726837645299482,22.336419463040798,5.3822696e-5,5852,2926.0,5ef5c11-d91a027d8
0.003,0.02,2,0.005,1.0,zero,hard,5,-0.039127572034395035,-0.039127572034395035,0.07519086343454522,83.13840323225365,0.00036867431,2084,1042.0,5ef5c11-d91a027d8
0.003,0.05,8,0.01,4.0,zero,soft,2,0.00909881937019359,0.00909881937019359,0.029511988496757645,584.247844380004,8.953138e-5,2459,1229.5,5ef5c11-d91a027d8
0.003,0.02,2,0.0,0.0,zero,soft,8,0.9376689790381093,0.9376689790381093,0.9386578263693922,0.34863058110637846,7.821367e-5,2084,1042.0,5ef5c11-d91a027d8
0.003,0.05,8,0.005,0.25,zero,hard,6,0.011707586657126755,0.0531390136126195,0.011707586657126755,23.182776680169464,0.000112622154,2459,1229.5,5ef5c11-d91a027d8
0.003,0.02,8,0.005,0.25,zero,hard,1,0.09365690362652877,0.1028346413478502,0.09365690362652877,16.3768378764084,0.00032680426,5852,2926.0,5ef5c11-d91a027d8
0.03,0.02,2,0.0,0.0,zero,soft,8,0.9437631414247455,0.9787633860100838,0.9437631414247455,0.2224314236908349,7.821367e-5,2084,1042.0,5ef5c11-d91a027d8
0.03,0.02,2,0.005,1.0,zero,hard,5,0.06204258344230726,0.06204258344230726,0.3013662516760501,8.29773594631731,0.00036867431,2084,1042.0,5ef5c11-d91a027d8
0.03,0.05,8,0.01,4.0,zero,soft,2,0.02065502359045742,0.02065502359045742,0.05058611910289024,58.43756848065772,8.953138e-5,2459,1229.5,5ef5c11-d91a027d8
0.3,0.02,2,0.0,0.0,zero,soft,8,0.9460265674636779,0.980134748048251,0.9460265674636779,0.21664539654700526,7.821367e-5,2084,1042.0,5ef5c11-d91a027d8
0.03,0.05,8,0.005,0.25,zero,hard,6,0.2186918051923672,0.2186918051923672,0.4201696814618025,2.4619253166311377,0.000112622154,2459,1229.5,5ef5c11-d91a027d8
0.3,0.02,2,0.005,1.0,zero,hard,5,0.7229770290956163,0.7229770290956163,0.9282550137686545,0.8440418450220359,0.00036867431,2084,1042.0,5ef5c11-d91a027d8
0.003,0.02,2,0.005,0.0,zero,soft,8,0.1335124329098906,0.1335124329098906,0.2665058733509441,25.626123950559215,7.821367e-5,2084,1042.0,5ef5c11-d91a027d8
0.03,0.02,8,0.02,0.0,zero,soft,6,0.10287732324681698,0.10287732324681698,0.30808685811450637,13.348912111964063,5.3822696e-5,5852,2926.0,5ef5c11-d91a027d8
0.3,0.05,8,0.01,4.0,zero,soft,2,0.13205456878777477,0.13205456878777477,0.24803453929076438,5.880759626735514,8.953138e-5,2459,1229.5,5ef5c11-d91a027d8
0.003,0.02,2,0.01,1.0,zero,hard,5,-0.07854231928038366,-0.07854231928038366,0.12894829569759314,165.43815783004666,0.00036867431,2084,1042.0,5ef5c11-d91a027d8
0.3,0.05,8,0.005,0.25,zero,hard,6,0.5946730472694591,0.5946730472694591,0.7762209758410161,0.8322233851453607,0.000112622154,2459,1229.5,5ef5c11-d91a027d8
0.03,0.02,2,0.005,0.0,zero,soft,8,0.1582756930713868,0.1582756930713868,0.22574287192332143,6.4559500412284665,7.821367e-5,2084,1042.0,5ef5c11-d91a027d8
0.03,0.02,8,0.0,4.0,zero,hard,3,-0.0021997669630333836,-0.0021997669630333836,-0.0007131700767802048,140.67793135418816,3.956093e-5,5852,2926.0,5ef5c11-d91a027d8
0.03,0.02,8,0.005,0.25,zero,hard,1,0.5296193547511322,0.5296193547511322,0.7467596412521835,1.6763134829332,0.00032680426,5852,2926.0,5ef5c11-d91a027d8
0.3,0.02,2,0.005,0.0,zero,soft,8,0.4142529320404746,0.4142529320404746,0.6420422277120045,1.8521480623630997,7.821367e-5,2084,1042.0,5ef5c11-d91a027d8
0.03,0.02,2,0.01,1.0,zero,hard,5,-0.027059367513991878,-0.027059367513991878,0.23323512241534783,16.536068388735796,0.00036867431,2084,1042.0,5ef5c11-d91a027d8
0.003,0.05,8,0.02,4.0,zero,soft,2,0.009535014417556777,0.009535014417556777,0.01912778601369169,1103.0205791223286,8.953138e-5,2459,1229.5,5ef5c11-d91a027d8
0.003,0.05,8,0.01,0.25,zero,hard,6,-0.02923691837137799,-0.02923691837137799,0.040577584008650434,42.49224125701595,0.000112622154,2459,1229.5,5ef5c11-d91a027d8
0.003,0.02,2,0.01,0.0,zero,soft,8,-0.04506068651549606,0.026378999466109523,-0.04506068651549606,33.48719898472888,7.821367e-5,2084,1042.0,5ef5c11-d91a027d8
0.3,0.02,2,0.01,1.0,zero,hard,5,0.4320560970207926,0.4320560970207926,0.8005868994068104,1.6603918780265918,0.00036867431,2084,1042.0,5ef5c11-d91a027d8
0.3,0.02,8,0.02,0.0,zero,soft,6,0.22334724820149407,0.22334724820149407,0.41961206652399846,4.356600573856557,5.3822696e-5,5852,2926.0,5ef5c11-d91a027d8
0.03,0.02,2,0.01,0.0,zero,soft,8,0.05748924171609082,0.05748924171609082,0.1870120369672819,7.480690693207739,7.821367e-5,2084,1042.0,5ef5c11-d91a027d8
0.03,0.05,8,0.02,4.0,zero,soft,2,0.01440847124836219,0.01440847124836219,0.02774904564840355,110.31948525462148,8.953138e-5,2459,1229.5,5ef5c11-d91a027d8
0.03,0.05,8,0.01,0.25,zero,hard,6,0.06235256700925602,0.06235256700925602,0.27962397754143653,4.391595359535586,0.000112622154,2459,1229.5,5ef5c11-d91a027d8
0.003,0.02,2,0.02,1.0,zero,hard,5,-0.07111140539501351,-0.07111140539501351,0.0871080689948353,327.32390226208025,0.00036867431,2084,1042.0,5ef5c11-d91a027d8
0.3,0.02,2,0.01,0.0,zero,soft,8,0.2665232762826508,0.2665232762826508,0.5319728873137521,2.8784272517176874,7.821367e-5,2084,1042.0,5ef5c11-d91a027d8
0.03,0.02,2,0.02,1.0,zero,hard,5,-0.04448919186702282,-0.04448919186702282,0.13851418837794707,32.74452949095736,0.00036867431,2084,1042.0,5ef5c11-d91a027d8
0.3,0.02,8,0.005,0.25,zero,hard,1,0.9319679383553398,0.9319679383553398,0.979627107998289,0.38154416397913804,0.00032680426,5852,2926.0,5ef5c11-d91a027d8
0.3,0.05,8,0.01,0.25,zero,hard,6,0.5188524806309399,0.5188524806309399,0.7654008028814729,0.9212604551075361,0.000112622154,2459,1229.5,5ef5c11-d91a027d8
0.003,0.02,2,0.02,0.0,zero,soft,8,0.02373653379702605,0.02373653379702605,0.16899843919365684,48.60798064686249,7.821367e-5,2084,1042.0,5ef5c11-d91a027d8
0.3,0.05,8,0.02,4.0,zero,soft,2,0.06415198819454729,0.06415198819454729,0.12460540271845628,11.057149110842506,8.953138e-5,2459,1229.5,5ef5c11-d91a027d8
0.03,0.02,2,0.02,0.0,zero,soft,8,0.024604074770192146,0.024604074770192146,0.21581845625388357,10.66693830463949,7.821367e-5,2084,1042.0,5ef5c11-d91a027d8
0.003,0.05,8,0.0,0.0,zero,hard,3,0.14009812154639836,0.14009812154639836,0.30431480105485204,7.760551090540166,3.956093e-5,2459,1229.5,5ef5c11-d91a027d8
0.3,0.02,8,0.0,4.0,zero,hard,3,-0.002201674749255933,-0.002201674749255933,-0.0007324878226595169,14.104876944405957,3.956093e-5,5852,2926.0,5ef5c11-d91a027d8
0.3,0.02,2,0.02,1.0,zero,hard,5,0.20353670482901579,0.20353670482901579,0.5734239137241749,3.277585220436022,0.00036867431,2084,1042.0,5ef5c11-d91a027d8
0.003,0.05,8,0.02,0.25,zero,hard,6,-0.006558654084186883,-0.006558654084186883,0.008463642114356254,82.34435411892268,0.000112622154,2459,1229.5,5ef5c11-d91a027d8
0.03,0.05,8,0.0,0.0,zero,hard,3,0.7355088860029643,0.7355088860029643,0.9528291120084648,0.8082360720407417,3.956093e-5,2459,1229.5,5ef5c11-d91a027d8
0.3,0.02,2,0.02,0.0,zero,soft,8,0.21178386392136295,0.21178386392136295,0.37725004083274744,4.36843792810003,7.821367e-5,2084,1042.0,5ef5c11-d91a027d8
0.003,0.02,2,0.0,4.0,zero,hard,5,-0.0004895991395015386,0.0038817495077847902,-0.0004895991395015386,2562.2048885631852,0.00036867431,2084,1042.0,5ef5c11-d91a027d8
0.003,0.02,8,0.0,0.25,zero,soft,6,-0.019316486426967268,-0.019316486426967268,-0.014911890137129754,1260.6959214867272,5.3822696e-5,5852,2926.0,5ef5c11-d91a027d8
0.3,0.05,8,0.0,0.0,zero,hard,3,0.9635045070534141,0.9635045070534141,0.9737833163587601,0.2825264408721708,3.956093e-5,2459,1229.5,5ef5c11-d91a027d8
0.03,0.05,8,0.02,0.25,zero,hard,6,0.04652990748328248,0.04652990748328248,0.14173625945694057,8.30217557532879,0.000112622154,2459,1229.5,5ef5c11-d91a027d8
0.003,0.02,2,0.0,0.25,zero,soft,8,0.0012622697779309806,0.007394520955370102,0.0012622697779309806,2476.031337845214,7.821367e-5,2084,1042.0,5ef5c11-d91a027d8
0.003,0.02,8,0.01,0.25,zero,hard,1,0.055968316153455426,0.055968316153455426,0.08050755996874774,35.45413739742459,0.00032680426,5852,2926.0,5ef5c11-d91a027d8
0.03,0.02,2,0.0,4.0,zero,hard,5,-0.0004922105315657545,0.003881620618493402,-0.0004922105315657545,256.2191358674966,0.00036867431,2084,1042.0,5ef5c11-d91a027d8
0.003,0.05,8,0.005,0.0,zero,hard,3,0.026542095219845074,0.11263219169717419,0.026542095219845074,25.7995082137913,3.956093e-5,2459,1229.5,5ef5c11-d91a027d8
0.03,0.02,2,0.0,0.25,zero,soft,8,0.0018869376669033051,0.007658153617407265,0.0018869376669033051,247.59805558360486,7.821367e-5,2084,1042.0,5ef5c11-d91a027d8
0.3,0.05,8,0.02,0.25,zero,hard,6,0.39732280089756183,0.39732280089756183,0.6323530198781374,1.1738459550822562,0.000112622154,2459,1229.5,5ef5c11-d91a027d8
0.003,0.02,8,0.005,4.0,zero,hard,3,-0.09046147164592333,0.0019307343410177645,-0.09046147164592333,178.26318042155552,3.956093e-5,5852,2926.0,5ef5c11-d91a027d8
0.3,0.02,2,0.0,4.0,zero,hard,5,-0.0005184247989852421,0.0038804136329624894,-0.0005184247989852421,25.63861547177069,0.00036867431,2084,1042.0,5ef5c11-d91a027d8
0.03,0.05,8,0.005,0.0,zero,hard,3,0.12422956845133382,0.16034861338080952,0.12422956845133382,6.878145515613832,3.956093e-5,2459,1229.5,5ef5c11-d91a027d8
0.3,0.02,2,0.0,0.25,zero,soft,8,0.008116107430114558,0.010294193763906116,0.008116107430114558,24.771882011947664,7.821367e-5,2084,1042.0,5ef5c11-d91a027d8
0.003,0.02,2,0.005,4.0,zero,hard,5,-0.06603423238803591,-0.06603423238803591,0.07947589376856803,313.95313890963524,0.00036867431,2084,1042.0,5ef5c11-d91a027d8
0.3,0.05,8,0.005,0.0,zero,hard,3,0.41489532665199763,0.41489532665199763,0.6627417340155137,1.8996902914956442,3.956093e-5,2459,1229.5,5ef5c11-d91a027d8
0.003,0.05,8,0.0,1.0,zero,hard,6,-0.00694426071966781,-0.00020699007772793612,-0.00694426071966781,1789.4461573837289,0.000112622154,2459,1229.5,5ef5c11-d91a027d8
0.003,0.02,2,0.005,0.25,zero,soft,8,-0.02255783676258212,0.025968477682118542,-0.02255783676258212,30.515355365422067,7.821367e-5,2084,1042.0,5ef5c11-d91a027d8
0.03,0.02,8,0.0,0.25,zero,soft,6,-0.01878552879899358,-0.01878552879899358,-0.013669523214805085,126.08828190308135,5.3822696e-5,5852,2926.0,5ef5c11-d91a027d8
0.03,0.02,8,0.01,0.25,zero,hard,1,0.28473010016065636,0.28473010016065636,0.5786436986870718,3.5408019517373877,0.00032680426,5852,2926.0,5ef5c11-d91a027d8
0.03,0.02,2,0.005,4.0,zero,hard,5,-0.0396565006876044,-0.0396565006876044,0.13629146095122666,31.405825573349137,0.00036867431,2084,1042.0,5ef5c11-d91a027d8
0.003,0.05,8,0.01,0.0,zero,hard,3,0.021895908142369434,0.021895908142369434,0.08221044658104308,10.530467235141542,3.956093e-5,2459,1229.5,5ef5c11-d91a027d8
0.03,0.02,2,0.005,0.25,zero,soft,8,0.27102462142665057,0.27102462142665057,0.3472412571447195,3.065857471355306,7.821367e-5,2084,1042.0,5ef5c11-d91a027d8
0.3,0.02,2,0.005,4.0,zero,hard,5,0.21996773483702028,0.21996773483702028,0.5795550625272327,3.1481995661339544,0.00036867431,2084,1042.0,5ef5c11-d91a027d8
0.03,0.02,8,0.005,4.0,zero,hard,3,-0.003233084044373028,0.04898532313358857,-0.003233084044373028,17.833536932992253,3.956093e-5,5852,2926.0,5ef5c11-d91a027d8
0.03,0.05,8,0.0,1.0,zero,hard,6,-0.006948264141030823,-0.00020715886444809756,-0.006948264141030823,178.94769016667908,0.000112622154,2459,1229.5,5ef5c11-d91a027d8
0.3,0.02,2,0.005,0.25,zero,soft,8,0.8801238133650678,0.8801238133650678,0.9175205756513566,0.487489536202215,7.821367e-5,2084,1042.0,5ef5c11-d91a027d8
0.03,0.05,8,0.01,0.0,zero,hard,3,0.11179378585649943,0.11179378585649943,0.18301936444881148,9.798741470250885,3.956093e-5,2459,1229.5,5ef5c11-d91a027d8
0.003,0.02,2,0.01,4.0,zero,hard,5,-0.06166912985555768,-0.06166912985555768,0.0674573473199896,617.3300311044329,0.00036867431,2084,1042.0,5ef5c11-d91a027d8
0.003,0.02,2,0.01,0.25,zero,soft,8,-0.00731635906101476,-0.00731635906101476,0.006732895662425594,65.22003586379705,7.821367e-5,2084,1042.0,5ef5c11-d91a027d8
0.3,0.05,8,0.01,0.0,zero,hard,3,0.23262176097917286,0.23262176097917286,0.4041700899719066,2.9106020909818207,3.956093e-5,2459,1229.5,5ef5c11-d91a027d8
0.3,0.05,8,0.0,1.0,zero,hard,6,-0.006986351480996203,-0.00020776833952308377,-0.006986351480996203,17.922614822563286,0.000112622154,2459,1229.5,5ef5c11-d91a027d8
0.03,0.02,2,0.01,4.0,zero,hard,5,-0.04911363785817458,-0.04911363785817458,0.09385855562004894,61.75950254879112,0.00036867431,2084,1042.0,5ef5c11-d91a027d8
0.03,0.02,2,0.01,0.25,zero,soft,8,0.10908938848888128,0.10908938848888128,0.2189248162333181,6.5448662130565545,7.821367e-5,2084,1042.0,5ef5c11-d91a027d8
0.3,0.02,8,0.01,0.25,zero,hard,1,0.8886253319601949,0.8886253319601949,0.9631579710303352,0.49328162578424706,0.00032680426,5852,2926.0,5ef5c11-d91a027d8
0.003,0.05,8,0.02,0.0,zero,hard,3,0.03632185469507821,0.03632185469507821,0.04397804188833574,75.9034845538669,3.956093e-5,2459,1229.5,5ef5c11-d91a027d8
0.3,0.02,8,0.0,0.25,zero,soft,6,-0.013487341942973565,-0.013487341942973565,-0.0012018166772095682,12.660321331696924,5.3822696e-5,5852,2926.0,5ef5c11-d91a027d8
0.3,0.02,2,0.01,4.0,zero,hard,5,0.07853490460889145,0.07853490460889145,0.351300206553306,6.1751609726808905,0.00036867431,2084,1042.0,5ef5c11-d91a027d8
0.3,0.02,2,0.01,0.25,zero,soft,8,0.7462811527867546,0.7462811527867546,0.8735137946033937,0.7674407902859518,7.821367e-5,2084,1042.0,5ef5c11-d91a027d8
0.003,0.05,8,0.005,1.0,zero,hard,6,-0.005185194705809746,-0.005185194705809746,0.022849618350662803,59.57782287623725,0.000112622154,2459,1229.5,5ef5c11-d91a027d8
0.3,0.02,8,0.005,4.0,zero,hard,3,0.4625679536940498,0.4625679536940498,0.6458186536814884,1.7892344887924823,3.956093e-5,5852,2926.0,5ef5c11-d91a027d8
0.03,0.05,8,0.02,0.0,zero,hard,3,-0.022989524089807485,0.1049253284350866,-0.022989524089807485,13.790914615637213,3.956093e-5,2459,1229.5,5ef5c11-d91a027d8
0.003,0.02,2,0.02,4.0,zero,hard,5,-0.0634737509587461,-0.0634737509587461,0.055577718814738296,1173.0297115497817,0.00036867431,2084,1042.0,5ef5c11-d91a027d8
0.003,0.02,2,0.02,0.25,zero,soft,8,-0.034784088609261535,0.0328455179450517,-0.034784088609261535,133.79976675436154,7.821367e-5,2084,1042.0,5ef5c11-d91a027d8
0.03,0.05,8,0.005,1.0,zero,hard,6,0.06395029561951154,0.06395029561951154,0.19950203363783975,6.019236709382883,0.000112622154,2459,1229.5,5ef5c11-d91a027d8
0.3,0.05,8,0.02,0.0,zero,hard,3,0.20859355737780083,0.2274504379067886,0.20859355737780083,3.815278372237875,3.956093e-5,2459,1229.5,5ef5c11-d91a027d8
0.03,0.02,2,0.02,0.25,zero,soft,8,0.06850219129306115,0.08609955202291578,0.06850219129306115,13.339617940524711,7.821367e-5,2084,1042.0,5ef5c11-d91a027d8
0.03,0.02,2,0.02,4.0,zero,hard,5,-0.05785316563637956,-0.05785316563637956,0.0674049350279664,117.33912643594171,0.00036867431,2084,1042.0,5ef5c11-d91a027d8
0.003,0.02,8,0.02,0.25,zero,hard,1,0.03236826813563491,0.0514922506293521,0.03236826813563491,67.34984360378938,0.00032680426,5852,2926.0,5ef5c11-d91a027d8
0.003,0.02,8,0.005,0.25,zero,soft,6,0.04591386384907441,0.04591386384907441,0.06466514441604257,16.08357451109012,5.3822696e-5,5852,2926.0,5ef5c11-d91a027d8
0.3,0.05,8,0.005,1.0,zero,hard,6,0.49292191650438194,0.49292191650438194,0.747413065409953,0.9760444727763579,0.000112622154,2459,1229.5,5ef5c11-d91a027d8
0.3,0.02,2,0.02,0.25,zero,soft,8,0.5362655286108957,0.5362655286108957,0.7102138307780765,1.3959485728470984,7.821367e-5,2084,1042.0,5ef5c11-d91a027d8
0.3,0.02,2,0.02,4.0,zero,hard,5,-0.0031605872150764374,-0.0031605872150764374,0.18667871515902634,11.757106969996714,0.00036867431,2084,1042.0,5ef5c11-d91a027d8
0.003,0.05,8,0.0,0.25,zero,hard,3,-0.0183740988492699,0.00123743073249011,-0.0183740988492699,2138.788492419041,3.956093e-5,2459,1229.5,5ef5c11-d91a027d8
0.003,0.02,2,0.0,0.0,zero,soft,5,0.9462368817280898,0.9462368817280898,0.9760701652382457,0.3243077778062263,0.00077848433,2084,1042.0,5ef5c11-d91a027d8
0.003,0.02,8,0.01,4.0,zero,hard,3,-0.08146496870765482,-0.002631805974869215,-0.08146496870765482,353.39383504519293,3.956093e-5,5852,2926.0,5ef5c11-d91a027d8
0.003,0.02,2,0.0,1.0,zero,soft,8,-0.005838848044902016,-0.002025852429481494,-0.005838848044902016,2609.2217204895956,7.821367e-5,2084,1042.0,5ef5c11-d91a027d8
0.03,0.02,2,0.0,0.0,zero,soft,5,0.9788038407336025,0.9845045833139638,0.9788038407336025,0.19461528675090814,0.00077848433,2084,1042.0,5ef5c11-d91a027d8
0.003,0.05,8,0.01,1.0,zero,hard,6,-0.01005208754617232,-0.01005208754617232,0.06235478865122608,116.13590584948483,0.000112622154,2459,1229.5,5ef5c11-d91a027d8
0.3,0.02,2,0.0,0.0,zero,soft,5,0.9789752110340376,0.9853453120889081,0.9789752110340376,0.19076054970470877,0.00077848433,2084,1042.0,5ef5c11-d91a027d8
0.03,0.02,2,0.0,1.0,zero,soft,8,-0.005834499437757908,-0.0020258068781381154,-0.005834499437757908,260.9269223780451,7.821367e-5,2084,1042.0,5ef5c11-d91a027d8
0.03,0.05,8,0.0,0.25,zero,hard,3,-0.017631775723710587,0.0015281292501200746,-0.017631775723710587,213.88136416085734,3.956093e-5,2459,1229.5,5ef5c11-d91a027d8
0.003,0.02,2,0.005,0.0,zero,soft,5,0.04235647825970516,0.04235647825970516,0.28170809374388234,21.229361962948687,0.00077848433,2084,1042.0,5ef5c11-d91a027d8
0.03,0.05,8,0.01,1.0,zero,hard,6,0.025263924409559387,0.025263924409559387,0.1533828840746528,11.648198205447638,0.000112622154,2459,1229.5,5ef5c11-d91a027d8
0.03,0.02,8,0.02,0.25,zero,hard,1,0.17832640152663384,0.17832640152663384,0.31853135115717696,6.735228056615676,0.00032680426,5852,2926.0,5ef5c11-d91a027d8
0.03,0.02,8,0.005,0.25,zero,soft,6,0.4507697689681688,0.4507697689681688,0.5590915522029201,1.6526152436475485,5.3822696e-5,5852,2926.0,5ef5c11-d91a027d8
0.03,0.02,2,0.005,0.0,zero,soft,5,0.11977172919055033,0.11977172919055033,0.41204064566992105,5.707988788486082,0.00077848433,2084,1042.0,5ef5c11-d91a027d8
0.3,0.02,2,0.0,1.0,zero,soft,8,-0.005793581990520232,-0.002025169763426885,-0.005793581990520232,26.113023150670465,7.821367e-5,2084,1042.0,5ef5c11-d91a027d8
0.3,0.05,8,0.0,0.25,zero,hard,3,-0.010223656855176799,0.004436877142410664,-0.010223656855176799,21.40900666526057,3.956093e-5,2459,1229.5,5ef5c11-d91a027d8
0.3,0.05,8,0.01,1.0,zero,hard,6,0.33279120581440275,0.33279120581440275,0.6387119340994104,1.401802396921122,0.000112622154,2459,1229.5,5ef5c11-d91a027d8
0.03,0.02,8,0.01,4.0,zero,hard,3,-0.04204908317491032,0.020062740608566554,-0.04204908317491032,35.320101948049036,3.956093e-5,5852,2926.0,5ef5c11-d91a027d8
0.3,0.02,2,0.005,0.0,zero,soft,5,0.4631995147396144,0.4631995147396144,0.7704211560265893,1.833212032788159,0.00077848433,2084,1042.0,5ef5c11-d91a027d8
0.003,0.02,2,0.005,1.0,zero,soft,8,-0.0636041205325747,0.05430637888176169,-0.0636041205325747,87.06609783503313,7.821367e-5,2084,1042.0,5ef5c11-d91a027d8
0.003,0.02,2,0.01,0.0,zero,soft,5,0.035722652140849805,0.035722652140849805,0.3490046514898054,15.156108642095273,0.00077848433,2084,1042.0,5ef5c11-d91a027d8
0.03,0.02,2,0.005,1.0,zero,soft,8,0.09487788375504494,0.14320502949805275,0.09487788375504494,8.70815847751874,7.821367e-5,2084,1042.0,5ef5c11-d91a027d8
0.003,0.05,8,0.005,0.25,zero,hard,3,0.02358451147218323,0.02358451147218323,0.024379332684025198,27.268123761606088,3.956093e-5,2459,1229.5,5ef5c11-d91a027d8
0.003,0.05,8,0.02,1.0,zero,hard,6,0.006078025839080289,0.010875186170463782,0.006078025839080289,235.2684605782616,0.000112622154,2459,1229.5,5ef5c11-d91a027d8
0.03,0.02,2,0.01,0.0,zero,soft,5,0.11696843847688412,0.11696843847688412,0.2511098601460012,8.170387699189977,0.00077848433,2084,1042.0,5ef5c11-d91a027d8
0.3,0.02,8,0.005,0.25,zero,soft,6,0.9005194753771592,0.9005194753771592,0.9413448366012204,0.4363097175508893,5.3822696e-5,5852,2926.0,5ef5c11-d91a027d8
0.3,0.02,2,0.005,1.0,zero,soft,8,0.7119934348038193,0.7119934348038193,0.8326742373891283,0.9035450546001078,7.821367e-5,2084,1042.0,5ef5c11-d91a027d8
0.3,0.02,8,0.02,0.25,zero,hard,1,0.7776369348662536,0.7776369348662536,0.9290692585990695,0.8056842659433602,0.00032680426,5852,2926.0,5ef5c11-d91a027d8
0.3,0.02,2,0.01,0.0,zero,soft,5,0.3484652265375929,0.3484652265375929,0.5549820555209365,2.618854191025259,0.00077848433,2084,1042.0,5ef5c11-d91a027d8
0.03,0.05,8,0.005,0.25,zero,hard,3,0.27820246037405283,0.27820246037405283,0.4753041456014498,2.783343741603787,3.956093e-5,2459,1229.5,5ef5c11-d91a027d8
0.03,0.05,8,0.02,1.0,zero,hard,6,0.02935959642795025,0.02935959642795025,0.05290705375341409,23.560772226533597,0.000112622154,2459,1229.5,5ef5c11-d91a027d8
0.003,0.02,2,0.01,1.0,zero,soft,8,-0.0639560648719614,0.03787728769965001,-0.0639560648719614,173.242138022945,7.821367e-5,2084,1042.0,5ef5c11-d91a027d8
0.003,0.02,2,0.02,0.0,zero,soft,5,0.005238036217784912,0.005238036217784912,0.33591337934527044,1.0399707206394682,0.00077848433,2084,1042.0,5ef5c11-d91a027d8
0.3,0.02,8,0.01,4.0,zero,hard,3,0.24049842309825745,0.24049842309825745,0.34263281365837656,3.542533622694998,3.956093e-5,5852,2926.0,5ef5c11-d91a027d8
0.3,0.05,8,0.005,0.25,zero,hard,3,0.8800313021231022,0.8800313021231022,0.9370317256139833,0.48130986639923157,3.956093e-5,2459,1229.5,5ef5c11-d91a027d8
0.03,0.02,2,0.02,0.0,zero,soft,5,-0.01615098706632527,-0.01615098706632527,0.27488796354599404,9.154382875517882,0.00077848433,2084,1042.0,5ef5c11-d91a027d8
0.03,0.02,2,0.01,1.0,zero,soft,8,0.014779677751657809,0.08457166649190347,0.014779677751657809,17.320812370327392,7.821367e-5,2084,1042.0,5ef5c11-d91a027d8
0.3,0.05,8,0.02,1.0,zero,hard,6,0.19168362568700423,0.19168362568700423,0.43321641814286843,2.4853095922284023,0.000112622154,2459,1229.5,5ef5c11-d91a027d8
0.3,0.02,2,0.02,0.0,zero,soft,5,0.12307578553540753,0.12307578553540753,0.4080846153401842,3.7538042802409417,0.00077848433,2084,1042.0,5ef5c11-d91a027d8
0.3,0.02,2,0.01,1.0,zero,soft,8,0.4664349939305175,0.4664349939305175,0.6027028165029371,1.7486935984381207,7.821367e-5,2084,1042.0,5ef5c11-d91a027d8
0.003,0.05,8,0.01,0.25,zero,hard,3,-0.016429437164248443,-0.0024260675244514116,-0.016429437164248443,56.55211352454234,3.956093e-5,2459,1229.5,5ef5c11-d91a027d8
0.003,0.02,8,0.01,0.25,zero,soft,6,-0.001852344044921176,-0.001852344044921176,0.026535897590507104,32.71806418829018,5.3822696e-5,5852,2926.0,5ef5c11-d91a027d8
0.003,0.02,2,0.0,0.25,zero,soft,5,-0.022767729522958243,-0.022767729522958243,-0.0004540580780780919,2408.060214269773,0.00077848433,2084,1042.0,5ef5c11-d91a027d8
0.003,0.05,8,0.0,4.0,zero,hard,6,0.0008143865574246225,0.0008143865574246225,0.008516903789574452,1806.616494954054,0.000112622154,2459,1229.5,5ef5c11-d91a027d8
0.003,0.02,2,0.02,1.0,zero,soft,8,-0.07968650697903402,0.021493784907920786,-0.07968650697903402,349.6497260751383,7.821367e-5,2084,1042.0,5ef5c11-d91a027d8
0.003,0.02,8,0.0,1.0,zero,hard,1,-0.0031223096977285917,0.0012099363155347665,-0.0031223096977285917,1404.1661702876186,0.00032680426,5852,2926.0,5ef5c11-d91a027d8
0.03,0.05,8,0.01,0.25,zero,hard,3,0.12878500277200747,0.12878500277200747,0.24020436283674973,5.660164388211707,3.956093e-5,2459,1229.5,5ef5c11-d91a027d8
0.03,0.02,2,0.02,1.0,zero,soft,8,-0.04124309941333483,0.04220403086142818,-0.04124309941333483,34.967935844497575,7.821367e-5,2084,1042.0,5ef5c11-d91a027d8
0.03,0.02,2,0.0,0.25,zero,soft,5,-0.022497169938174806,-0.022497169938174806,0.00043768680181314643,240.8259910159454,0.00077848433,2084,1042.0,5ef5c11-d91a027d8
0.003,0.02,8,0.02,4.0,zero,hard,3,-0.07784101317575158,-0.00412292766295291,-0.07784101317575158,676.4414721043352,3.956093e-5,5852,2926.0,5ef5c11-d91a027d8
0.03,0.05,8,0.0,4.0,zero,hard,6,0.0008143636898358482,0.0008143636898358482,0.008503618978673633,180.66308663478438,0.000112622154,2459,1229.5,5ef5c11-d91a027d8
0.3,0.05,8,0.01,0.25,zero,hard,3,0.7490254459492173,0.7490254459492173,0.860757204774138,0.737248395287567,3.956093e-5,2459,1229.5,5ef5c11-d91a027d8
0.3,0.02,2,0.02,1.0,zero,soft,8,0.2558134429574364,0.2558134429574364,0.32426724776410576,3.5073231311136097,7.821367e-5,2084,1042.0,5ef5c11-d91a027d8
0.3,0.02,2,0.0,0.25,zero,soft,5,-0.019791038073168194,-0.019791038073168194,0.009340083041598002,24.11891600054859,0.00077848433,2084,1042.0,5ef5c11-d91a027d8
0.03,0.02,8,0.01,0.25,zero,soft,6,0.23467478461052008,0.23467478461052008,0.4339849343664837,3.3079249069723904,5.3822696e-5,5852,2926.0,5ef5c11-d91a027d8
0.003,0.02,2,0.0,4.0,zero,soft,8,-0.003700340083211044,-0.003700340083211044,0.007249811029860713,2614.69824755606,7.821367e-5,2084,1042.0,5ef5c11-d91a027d8
0.003,0.02,2,0.005,0.25,zero,soft,5,0.02768134557774664,0.02768134557774664,0.13687919769278553,30.548643414899747,0.00077848433,2084,1042.0,5ef5c11-d91a027d8
0.003,0.05,8,0.02,0.25,zero,hard,3,0.03439275975141057,0.03914447400724852,0.03439275975141057,109.10036361986509,3.956093e-5,2459,1229.5,5ef5c11-d91a027d8
0.3,0.05,8,0.0,4.0,zero,hard,6,0.0008147901978009156,0.0008147901978009156,0.008362662727737688,18.093248464554133,0.000112622154,2459,1229.5,5ef5c11-d91a027d8
0.03,0.02,2,0.005,0.25,zero,soft,5,0.28207519004288434,0.28207519004288434,0.5483845741432647,3.08494178185988,0.00077848433,2084,1042.0,5ef5c11-d91a027d8
0.03,0.02,2,0.0,4.0,zero,soft,8,-0.003700227020288593,-0.003700227020288593,0.00725346832089814,261.4767939382451,7.821367e-5,2084,1042.0,5ef5c11-d91a027d8
0.03,0.05,8,0.02,0.25,zero,hard,3,0.10423200561019151,0.10423200561019151,0.1528791483590498,10.960640416159043,3.956093e-5,2459,1229.5,5ef5c11-d91a027d8
0.03,0.02,8,0.0,1.0,zero,hard,1,-0.003131944399970082,0.0012101903615572799,-0.003131944399970082,140.41850410587406,0.00032680426,5852,2926.0,5ef5c11-d91a027d8
0.03,0.02,8,0.02,4.0,zero,hard,3,-0.060376385606773796,0.0056768029074408715,-0.060376385606773796,67.66219226508511,3.956093e-5,5852,2926.0,5ef5c11-d91a027d8
0.003,0.05,8,0.005,4.0,zero,hard,6,-0.01968039596848341,-0.01968039596848341,0.028833988060204135,224.81839017475767,0.000112622154,2459,1229.5,5ef5c11-d91a027d8
0.3,0.02,2,0.005,0.25,zero,soft,5,0.891894212202498,0.891894212202498,0.960064141095403,0.464721797442951,0.00077848433,2084,1042.0,5ef5c11-d91a027d8
0.3,0.02,2,0.0,4.0,zero,soft,8,-0.003699179014210232,-0.003699179014210232,0.007295847320899865,26.170257753717703,7.821367e-5,2084,1042.0,5ef5c11-d91a027d8
0.3,0.02,8,0.01,0.25,zero,soft,6,0.8530340846815998,0.8530340846815998,0.8787083066459934,0.5473814850424181,5.3822696e-5,5852,2926.0,5ef5c11-d91a027d8
0.003,0.02,2,0.01,0.25,zero,soft,5,-0.037432145585993074,-0.037432145585993074,0.04447905136004699,58.77078450572905,0.00077848433,2084,1042.0,5ef5c11-d91a027d8
0.3,0.05,8,0.02,0.25,zero,hard,3,0.5883614626027845,0.5883614626027845,0.7209054736517009,1.1962134368106936,3.956093e-5,2459,1229.5,5ef5c11-d91a027d8
0.03,0.05,8,0.005,4.0,zero,hard,6,-0.0011130736809931113,-0.0011130736809931113,0.07537593755502661,22.527721660833933,0.000112622154,2459,1229.5,5ef5c11-d91a027d8
0.003,0.02,2,0.005,4.0,zero,soft,8,-0.06182938171469455,0.03800383433772392,-0.06182938171469455,334.871742037184,7.821367e-5,2084,1042.0,5ef5c11-d91a027d8
0.03,0.02,2,0.01,0.25,zero,soft,5,0.09654387470681881,0.09654387470681881,0.31278023320566495,5.925337637043447,0.00077848433,2084,1042.0,5ef5c11-d91a027d8
0.03,0.02,2,0.005,4.0,zero,soft,8,-0.023390211618246677,0.061015360361072385,-0.023390211618246677,33.50452901253748,7.821367e-5,2084,1042.0,5ef5c11-d91a027d8
0.3,0.05,8,0.005,4.0,zero,hard,6,0.17441023420725763,0.17441023420725763,0.4611246623465315,2.402203695737786,0.000112622154,2459,1229.5,5ef5c11-d91a027d8
0.3,0.02,2,0.01,0.25,zero,soft,5,0.7772913745502082,0.7772913745502082,0.9191933834100773,0.7054434593739054,0.00077848433,2084,1042.0,5ef5c11-d91a027d8
0.003,0.05,8,0.0,1.0,zero,hard,3,-0.006354540904005092,-0.0025436251119475856,-0.006354540904005092,2212.934355322055,3.956093e-5,2459,1229.5,5ef5c11-d91a027d8
0.3,0.02,2,0.005,4.0,zero,soft,8,0.2789335342729297,0.2789335342729297,0.34587772946570783,3.371221175126752,7.821367e-5,2084,1042.0,5ef5c11-d91a027d8
0.3,0.02,8,0.02,4.0,zero,hard,3,0.10335483618092856,0.10335483618092856,0.12353827530092151,6.785535030858819,3.956093e-5,5852,2926.0,5ef5c11-d91a027d8
0.003,0.02,2,0.02,0.25,zero,soft,5,-0.033172461532579293,-0.033172461532579293,0.10705052691799462,122.34316459950422,0.00077848433,2084,1042.0,5ef5c11-d91a027d8
0.003,0.02,8,0.02,0.25,zero,soft,6,-0.008837611515889063,0.03420106372197259,-0.008837611515889063,63.80374323858394,5.3822696e-5,5852,2926.0,5ef5c11-d91a027d8
0.3,0.02,8,0.0,1.0,zero,hard,1,-0.0032333864961437376,0.0012127084829028413,-0.0032333864961437376,14.075988117049404,0.00032680426,5852,2926.0,5ef5c11-d91a027d8
0.003,0.05,8,0.01,4.0,zero,hard,6,-0.021685129767341667,-0.021685129767341667,0.032087390834678986,443.6736034573677,0.000112622154,2459,1229.5,5ef5c11-d91a027d8
0.003,0.02,2,0.01,4.0,zero,soft,8,-0.06856660316567599,0.03668457192479451,-0.06856660316567599,657.2686471502766,7.821367e-5,2084,1042.0,5ef5c11-d91a027d8
0.03,0.05,8,0.0,1.0,zero,hard,3,-0.006368832174568114,-0.0025436527663546572,-0.006368832174568114,221.29781926085238,3.956093e-5,2459,1229.5,5ef5c11-d91a027d8
0.03,0.02,2,0.02,0.25,zero,soft,5,0.030484186971834974,0.030484186971834974,0.22625779077107952,12.182020153135745,0.00077848433,2084,1042.0,5ef5c11-d91a027d8
0.003,0.02,8,0.0,0.0,zero,soft,3,0.6537591233740404,0.6537591233740404,0.9254548885213949,1.1150258361844019,5.271828e-5,5852,2926.0,5ef5c11-d91a027d8
0.03,0.02,2,0.01,4.0,zero,soft,8,-0.05116981712881142,0.04759146615786105,-0.05116981712881142,65.72906164691815,7.821367e-5,2084,1042.0,5ef5c11-d91a027d8
0.03,0.05,8,0.01,4.0,zero,hard,6,-0.01293934456022633,-0.01293934456022633,0.05607535292709747,44.39093041589416,0.000112622154,2459,1229.5,5ef5c11-d91a027d8
0.3,0.02,2,0.02,0.25,zero,soft,5,0.5480316809753645,0.5480316809753645,0.8263022765252287,1.2697866506423614,0.00077848433,2084,1042.0,5ef5c11-d91a027d8
0.3,0.05,8,0.0,1.0,zero,hard,3,-0.006511723452795635,-0.0025439841968956183,-0.006511723452795635,22.15427376078516,3.956093e-5,2459,1229.5,5ef5c11-d91a027d8
0.3,0.02,2,0.01,4.0,zero,soft,8,0.1389388231483304,0.15817294853843442,0.1389388231483304,6.582334981760427,7.821367e-5,2084,1042.0,5ef5c11-d91a027d8
0.03,0.02,8,0.0,0.0,zero,soft,3,0.9788460700002855,0.9822826871546285,0.9788460700002855,0.19234053218573,5.271828e-5,5852,2926.0,5ef5c11-d91a027d8
0.3,0.05,8,0.01,4.0,zero,hard,6,0.07461098538531566,0.07461098538531566,0.27495074296430033,4.540522208823014,0.000112622154,2459,1229.5,5ef5c11-d91a027d8
0.003,0.02,2,0.0,1.0,zero,soft,5,-0.004857984140295702,-0.0020269225014689805,-0.004857984140295702,2523.21982576658,0.00077848433,2084,1042.0,5ef5c11-d91a027d8
0.03,0.02,8,0.02,0.25,zero,soft,6,0.1544972919595483,0.1544972919595483,0.23062516464541635,6.3928281054789196,5.3822696e-5,5852,2926.0,5ef5c11-d91a027d8
0.003,0.02,8,0.005,1.0,zero,hard,1,0.07329115681069612,0.07329115681069612,0.10067557884239003,47.71316709610971,0.00032680426,5852,2926.0,5ef5c11-d91a027d8
0.003,0.02,2,0.02,4.0,zero,soft,8,-0.05486640963682852,0.03160242874980336,-0.05486640963682852,1247.1355382742374,7.821367e-5,2084,1042.0,5ef5c11-d91a027d8
0.003,0.05,8,0.005,1.0,zero,hard,3,-0.001703445937847497,-0.001703445937847497,-0.0003153377469295459,75.55829659266857,3.956093e-5,2459,1229.5,5ef5c11-d91a027d8
0.03,0.02,2,0.0,1.0,zero,soft,5,-0.004862086288530722,-0.002027059785783348,-0.004862086288530722,252.3242817919467,0.00077848433,2084,1042.0,5ef5c11-d91a027d8
0.003,0.05,8,0.02,4.0,zero,hard,6,-0.029108145033109312,-0.029108145033109312,0.038142206770892036,855.1133518545561,0.000112622154,2459,1229.5,5ef5c11-d91a027d8
0.3,0.02,8,0.0,0.0,zero,soft,3,0.9788723030063813,0.9880351629394963,0.9788723030063813,0.16517570798658798,5.271828e-5,5852,2926.0,5ef5c11-d91a027d8
0.03,0.02,2,0.02,4.0,zero,soft,8,-0.0469296886607521,0.036122253116082,-0.0469296886607521,124.71010164204095,7.821367e-5,2084,1042.0,5ef5c11-d91a027d8
0.03,0.05,8,0.005,1.0,zero,hard,3,0.09661297281537508,0.09661297281537508,0.19069467286401123,7.579168950570493,3.956093e-5,2459,1229.5,5ef5c11-d91a027d8
0.3,0.02,2,0.0,1.0,zero,soft,5,-0.0049038547115410214,-0.002028544536951996,-0.0049038547115410214,25.253913663314965,0.00077848433,2084,1042.0,5ef5c11-d91a027d8
0.3,0.02,2,0.02,4.0,zero,soft,8,0.04273714154496035,0.08273454648643619,0.04273714154496035,12.48156115597317,7.821367e-5,2084,1042.0,5ef5c11-d91a027d8
0.03,0.05,8,0.02,4.0,zero,hard,6,-0.0249093687682095,-0.0249093687682095,0.05022041195549817,85.58197813255501,0.000112622154,2459,1229.5,5ef5c11-d91a027d8
0.003,0.02,2,0.005,1.0,zero,soft,5,-0.03394517376619374,-0.03394517376619374,0.0912771038947548,81.75302825452692,0.00077848433,2084,1042.0,5ef5c11-d91a027d8
0.003,0.05,8,0.0,0.0,zero,hard,1,0.11569849373952192,0.11569849373952192,0.46750084678593473,7.922755464235341,0.00032680426,2459,1229.5,5ef5c11-d91a027d8
0.3,0.05,8,0.005,1.0,zero,hard,3,0.7199741775630957,0.7199741775630957,0.8835015204006367,0.8118791423599839,3.956093e-5,2459,1229.5,5ef5c11-d91a027d8
0.3,0.02,8,0.02,0.25,zero,soft,6,0.7560232817026833,0.7560232817026833,0.8395063388335835,0.7638450495060681,5.3822696e-5,5852,2926.0,5ef5c11-d91a027d8
0.03,0.02,8,0.005,1.0,zero,hard,1,0.24779686905430737,0.24779686905430737,0.4289411942630843,4.770849102249726,0.00032680426,5852,2926.0,5ef5c11-d91a027d8
0.003,0.02,8,0.005,0.0,zero,soft,3,-0.0022336304134532845,-0.0022336304134532845,0.05592964713726813,17.896107029559374,5.271828e-5,5852,2926.0,5ef5c11-d91a027d8
0.03,0.02,2,0.005,1.0,zero,soft,5,0.0642808193882557,0.0642808193882557,0.30841550157117253,8.18243447552326,0.00077848433,2084,1042.0,5ef5c11-d91a027d8
0.3,0.05,8,0.02,4.0,zero,hard,6,0.01424197511063841,0.01424197511063841,0.15494169251066212,8.622603518030164,0.000112622154,2459,1229.5,5ef5c11-d91a027d8
0.003,0.05,8,0.01,1.0,zero,hard,3,-0.0197943055197864,-0.0197943055197864,0.03446859073044514,150.66636135322773,3.956093e-5,2459,1229.5,5ef5c11-d91a027d8
0.003,0.05,8,0.0,0.0,zero,soft,6,0.08338607082770005,0.08338607082770005,0.3306831582274997,7.2941403168381855,5.3822696e-5,2459,1229.5,5ef5c11-d91a027d8
0.3,0.02,2,0.005,1.0,zero,soft,5,0.714723098452322,0.714723098452322,0.9200373207385103,0.8455840392158601,0.00077848433,2084,1042.0,5ef5c11-d91a027d8
0.03,0.05,8,0.0,0.0,zero,soft,6,0.6133989196289491,0.6133989196289491,0.887100124059207,0.9019296514155963,5.3822696e-5,2459,1229.5,5ef5c11-d91a027d8
0.03,0.05,8,0.01,1.0,zero,hard,3,0.029111183814256352,0.029111183814256352,0.12365170370232859,15.080707669144552,3.956093e-5,2459,1229.5,5ef5c11-d91a027d8
0.3,0.05,8,0.0,0.0,zero,soft,6,0.8420594079493727,0.8420594079493727,0.90553764380447,0.5443019775544995,5.3822696e-5,2459,1229.5,5ef5c11-d91a027d8
0.03,0.02,8,0.005,0.0,zero,soft,3,0.15080401711902203,0.15080401711902203,0.20627097037069728,6.480368498152742,5.271828e-5,5852,2926.0,5ef5c11-d91a027d8
0.3,0.02,8,0.005,1.0,zero,hard,1,0.8969032563723736,0.8969032563723736,0.9751018780222728,0.48510457976395394,0.00032680426,5852,2926.0,5ef5c11-d91a027d8
0.3,0.05,8,0.01,1.0,zero,hard,3,0.458907684036528,0.458907684036528,0.7085727903763922,1.5470098078443213,3.956093e-5,2459,1229.5,5ef5c11-d91a027d8
0.003,0.05,8,0.005,0.0,zero,soft,6,0.004637653357190063,0.004637653357190063,0.10842769777285399,24.94656077592079,5.3822696e-5,2459,1229.5,5ef5c11-d91a027d8
0.003,0.02,8,0.0,1.0,zero,soft,6,-0.000746514447203513,-0.000746514447203513,-0.0004340154213687451,1317.662139964615,5.3822696e-5,5852,2926.0,5ef5c11-d91a027d8
0.03,0.05,8,0.005,0.0,zero,soft,6,0.04174344952528042,0.04174344952528042,0.11891329260657184,7.022049638070067,5.3822696e-5,2459,1229.5,5ef5c11-d91a027d8
0.003,0.05,8,0.02,1.0,zero,hard,3,-0.022160572045834832,-0.022160572045834832,0.012540276473764203,298.6924053960201,3.956093e-5,2459,1229.5,5ef5c11-d91a027d8
0.3,0.02,8,0.005,0.0,zero,soft,3,0.4111826141050225,0.4111826141050225,0.6408878354752101,2.036765907160638,5.271828e-5,5852,2926.0,5ef5c11-d91a027d8
0.3,0.05,8,0.005,0.0,zero,soft,6,0.31512314714907436,0.31512314714907436,0.5847197002283325,1.856491754440774,5.3822696e-5,2459,1229.5,5ef5c11-d91a027d8
0.003,0.02,8,0.01,1.0,zero,hard,1,0.05225851963131317,0.07003016622782794,0.05225851963131317,96.1737171269018,0.00032680426,5852,2926.0,5ef5c11-d91a027d8
0.03,0.05,8,0.02,1.0,zero,hard,3,0.002860094860322946,0.002860094860322946,0.05708149337664859,29.89848874033029,3.956093e-5,2459,1229.5,5ef5c11-d91a027d8
0.003,0.05,8,0.01,0.0,zero,soft,6,0.04128512691980757,0.04246282761197423,0.04128512691980757,22.876868844680732,5.3822696e-5,2459,1229.5,5ef5c11-d91a027d8
0.3,0.05,8,0.02,1.0,zero,hard,3,0.2371213074410423,0.2371213074410423,0.47044202000760943,3.0211665156926157,3.956093e-5,2459,1229.5,5ef5c11-d91a027d8
0.03,0.05,8,0.01,0.0,zero,soft,6,0.07725248102973624,0.07725248102973624,0.25713060789750114,9.555933406970999,5.3822696e-5,2459,1229.5,5ef5c11-d91a027d8
0.03,0.02,8,0.0,1.0,zero,soft,6,-0.0007463127409678371,-0.0007463127409678371,-0.0004419926846619258,131.77069380153358,5.3822696e-5,5852,2926.0,5ef5c11-d91a027d8
0.003,0.02,8,0.01,0.0,zero,soft,3,0.02719422448234284,0.051724351035293555,0.02719422448234284,45.22663312758139,5.271828e-5,5852,2926.0,5ef5c11-d91a027d8
0.3,0.05,8,0.01,0.0,zero,soft,6,0.24728970765594405,0.24728970765594405,0.25273913947549814,2.567426739576963,5.3822696e-5,2459,1229.5,5ef5c11-d91a027d8
0.003,0.05,8,0.0,4.0,zero,hard,3,-0.005379711424324942,0.00016095773859322145,-0.005379711424324942,2226.8402623065963,3.956093e-5,2459,1229.5,5ef5c11-d91a027d8
0.03,0.02,8,0.01,1.0,zero,hard,1,0.15752402223078227,0.15752402223078227,0.2355173330450143,9.610547193589682,0.00032680426,5852,2926.0,5ef5c11-d91a027d8
0.003,0.05,8,0.02,0.0,zero,soft,6,0.08009156249138176,0.08009156249138176,0.1085848057851123,29.96605999146731,5.3822696e-5,2459,1229.5,5ef5c11-d91a027d8
0.03,0.02,8,0.01,0.0,zero,soft,3,0.11489665809065426,0.11489665809065426,0.16243315621326138,9.476564872976233,5.271828e-5,5852,2926.0,5ef5c11-d91a027d8
0.03,0.05,8,0.02,0.0,zero,soft,6,0.07661399880953201,0.07661399880953201,0.30142698310536503,12.366365193766915,5.3822696e-5,2459,1229.5,5ef5c11-d91a027d8
0.03,0.05,8,0.0,4.0,zero,hard,3,-0.005372972020296567,0.00016031202569881395,-0.005372972020296567,222.68587050455866,3.956093e-5,2459,1229.5,5ef5c11-d91a027d8
0.3,0.02,8,0.0,1.0,zero,soft,6,-0.0007441764172715111,-0.0007441764172715111,-0.0005257641280253244,13.214946963755633,5.3822696e-5,5852,2926.0,5ef5c11-d91a027d8
0.3,0.05,8,0.02,0.0,zero,soft,6,0.19244058527469546,0.19244058527469546,0.39359295453795096,4.084690638397538,5.3822696e-5,2459,1229.5,5ef5c11-d91a027d8
0.3,0.05,8,0.0,4.0,zero,hard,3,-0.005299168898398626,0.00015350434665371777,-0.005299168898398626,22.290227621350716,3.956093e-5,2459,1229.5,5ef5c11-d91a027d8
0.3,0.02,8,0.01,1.0,zero,hard,1,0.7272660515842584,0.7272660515842584,0.9108432506916937,0.9615995142697108,0.00032680426,5852,2926.0,5ef5c11-d91a027d8
0.3,0.02,8,0.01,0.0,zero,soft,3,0.2748117033950134,0.2748117033950134,0.4780306508096281,2.825556274812187,5.271828e-5,5852,2926.0,5ef5c11-d91a027d8
0.003,0.05,8,0.0,0.25,zero,soft,6,-0.01914777590228247,-0.01914777590228247,0.001554861086137787,1987.922047347674,5.3822696e-5,2459,1229.5,5ef5c11-d91a027d8
0.003,0.05,8,0.005,4.0,zero,hard,3,-0.02602196891546638,-0.02602196891546638,0.010232460617514897,289.5489574955123,3.956093e-5,2459,1229.5,5ef5c11-d91a027d8
0.003,0.02,8,0.005,1.0,zero,soft,6,-0.028894122977467847,-0.028894122977467847,0.026770726219121906,44.46707476801805,5.3822696e-5,5852,2926.0,5ef5c11-d91a027d8
0.03,0.05,8,0.0,0.25,zero,soft,6,-0.018892562187904405,-0.018892562187904405,0.0023061551108194142,198.81338581909873,5.3822696e-5,2459,1229.5,5ef5c11-d91a027d8
0.03,0.05,8,0.005,4.0,zero,hard,3,-0.00013419724300983563,-0.00013419724300983563,0.06044028030269117,28.984770635368257,3.956093e-5,2459,1229.5,5ef5c11-d91a027d8
0.003,0.02,8,0.02,0.0,zero,soft,3,-0.03026555055756434,9.781951261942878e-5,-0.03026555055756434,65.40762844596979,5.271828e-5,5852,2926.0,5ef5c11-d91a027d8
0.003,0.02,8,0.02,1.0,zero,hard,1,0.01583385649431006,0.058969410546641426,0.01583385649431006,189.4011147368948,0.00032680426,5852,2926.0,5ef5c11-d91a027d8
0.3,0.05,8,0.005,4.0,zero,hard,3,0.24708243370701258,0.24708243370701258,0.4814597658755516,2.9295157383226913,3.956093e-5,2459,1229.5,5ef5c11-d91a027d8
0.3,0.05,8,0.0,0.25,zero,soft,6,-0.016336834535286764,-0.016336834535286764,0.009832085675605435,19.92286473061192,5.3822696e-5,2459,1229.5,5ef5c11-d91a027d8
0.003,0.05,8,0.005,0.25,zero,soft,6,0.01581535989031198,0.0168431368635874,0.01581535989031198,26.694253572638296,5.3822696e-5,2459,1229.5,5ef5c11-d91a027d8
0.003,0.05,8,0.01,4.0,zero,hard,3,-0.026588450844294335,-0.026588450844294335,0.009954613582038578,567.4405909085904,3.956093e-5,2459,1229.5,5ef5c11-d91a027d8
0.03,0.02,8,0.005,1.0,zero,soft,6,0.14555999742016543,0.14555999742016543,0.32618443438091554,4.45840655801333,5.3822696e-5,5852,2926.0,5ef5c11-d91a027d8
0.03,0.02,8,0.02,0.0,zero,soft,3,0.04934187684828848,0.04934187684828848,0.09926828076921672,15.30810907927366,5.271828e-5,5852,2926.0,5ef5c11-d91a027d8
0.03,0.05,8,0.005,0.25,zero,soft,6,0.22334875143021385,0.22334875143021385,0.3709606550341267,2.768456916688471,5.3822696e-5,2459,1229.5,5ef5c11-d91a027d8
0.03,0.05,8,0.01,4.0,zero,hard,3,-0.014451988495412621,-0.014451988495412621,0.03399723950282211,56.78432948617834,3.956093e-5,2459,1229.5,5ef5c11-d91a027d8
0.03,0.02,8,0.02,1.0,zero,hard,1,0.10274495660960478,0.10274495660960478,0.11505060200653455,18.884865293508884,0.00032680426,5852,2926.0,5ef5c11-d91a027d8
0.3,0.05,8,0.005,0.25,zero,soft,6,0.7473907566276976,0.7473907566276976,0.870393732067762,0.6735973759042131,5.3822696e-5,2459,1229.5,5ef5c11-d91a027d8
0.3,0.05,8,0.01,4.0,zero,hard,3,0.1090523823424805,0.1090523823424805,0.26504174293258354,5.7042329756614505,3.956093e-5,2459,1229.5,5ef5c11-d91a027d8
0.3,0.02,8,0.02,0.0,zero,soft,3,0.16496952843255291,0.22049525009593082,0.16496952843255291,4.378675586672868,5.271828e-5,5852,2926.0,5ef5c11-d91a027d8
0.3,0.02,8,0.005,1.0,zero,soft,6,0.8629331883818612,0.8629331883818612,0.9313657947877058,0.517295491558514,5.3822696e-5,5852,2926.0,5ef5c11-d91a027d8
0.003,0.05,8,0.01,0.25,zero,soft,6,0.006234680360022512,0.006234680360022512,0.08822498773439892,49.571194117144124,5.3822696e-5,2459,1229.5,5ef5c11-d91a027d8
0.003,0.05,8,0.02,4.0,zero,hard,3,-0.030894500256950817,-0.030894500256950817,0.00688825755663192,1078.0333812971774,3.956093e-5,2459,1229.5,5ef5c11-d91a027d8
0.3,0.02,8,0.02,1.0,zero,hard,1,0.48157775869798825,0.48157775869798825,0.7443849163449751,1.8896703065513127,0.00032680426,5852,2926.0,5ef5c11-d91a027d8
0.03,0.05,8,0.01,0.25,zero,soft,6,0.1278249348407945,0.1278249348407945,0.3342210110973624,4.992630602339212,5.3822696e-5,2459,1229.5,5ef5c11-d91a027d8
0.03,0.05,8,0.02,4.0,zero,hard,3,-0.025634658184673215,-0.025634658184673215,0.017746261344398315,107.82909253551816,3.956093e-5,2459,1229.5,5ef5c11-d91a027d8
0.3,0.05,8,0.01,0.25,zero,soft,6,0.6863382275501998,0.6863382275501998,0.791128435725268,0.7798484504677318,5.3822696e-5,2459,1229.5,5ef5c11-d91a027d8
0.003,0.02,8,0.01,1.0,zero,soft,6,-0.01187057894918078,-0.01187057894918078,-0.0027263503578895147,89.20641767187134,5.3822696e-5,5852,2926.0,5ef5c11-d91a027d8
0.003,0.02,8,0.0,0.25,zero,soft,3,-0.02019943022243311,9.58895102648729e-5,-0.02019943022243311,1305.9942765057447,5.271828e-5,5852,2926.0,5ef5c11-d91a027d8
0.3,0.05,8,0.02,4.0,zero,hard,3,0.027946680448174898,0.027946680448174898,0.12421334324830019,10.823029111547601,3.956093e-5,2459,1229.5,5ef5c11-d91a027d8
0.003,0.05,8,0.02,0.25,zero,soft,6,0.01651804476846569,0.01651804476846569,0.08088022268091942,95.10107061258755,5.3822696e-5,2459,1229.5,5ef5c11-d91a027d8
0.003,0.05,8,0.0,0.0,zero,soft,3,0.13968309925350117,0.13968309925350117,0.248097778953911,7.4793474655651275,5.271828e-5,2459,1229.5,5ef5c11-d91a027d8
0.03,0.05,8,0.0,0.0,zero,soft,3,0.7044986363892481,0.7044986363892481,0.8894426046074346,0.8210195306285563,5.271828e-5,2459,1229.5,5ef5c11-d91a027d8
0.03,0.05,8,0.02,0.25,zero,soft,6,0.0748925697137991,0.0748925697137991,0.2170919149591431,9.558968102068231,5.3822696e-5,2459,1229.5,5ef5c11-d91a027d8
0.003,0.02,8,0.0,4.0,zero,hard,1,-0.0013334593299773648,-0.0013334593299773648,1.6693350321848466e-5,1427.5775644792645,0.00032680426,5852,2926.0,5ef5c11-d91a027d8
0.3,0.05,8,0.0,0.0,zero,soft,3,0.9096405822920726,0.9217078656390559,0.9096405822920726,0.39989478521520033,5.271828e-5,2459,1229.5,5ef5c11-d91a027d8
0.03,0.02,8,0.01,1.0,zero,soft,6,0.07658598253663357,0.07658598253663357,0.160549530528842,8.916360809630005,5.3822696e-5,5852,2926.0,5ef5c11-d91a027d8
0.3,0.05,8,0.02,0.25,zero,soft,6,0.5005859045299672,0.5005859045299672,0.747100952007586,1.1690603454079902,5.3822696e-5,2459,1229.5,5ef5c11-d91a027d8
0.003,0.05,8,0.005,0.0,zero,soft,3,0.0018072855866367364,0.0018072855866367364,0.03108611547408379,17.83368437416205,5.271828e-5,2459,1229.5,5ef5c11-d91a027d8
0.03,0.02,8,0.0,0.25,zero,soft,3,-0.019030504232835484,0.0006193551578977991,-0.019030504232835484,130.6030031440144,5.271828e-5,5852,2926.0,5ef5c11-d91a027d8
0.03,0.05,8,0.005,0.0,zero,soft,3,0.1498848591481611,0.1498848591481611,0.16124380323820625,5.923174335937053,5.271828e-5,2459,1229.5,5ef5c11-d91a027d8
0.003,0.05,8,0.0,1.0,zero,soft,6,-0.005867984824075626,-0.0008318074431881351,-0.005867984824075626,2069.6084535236923,5.3822696e-5,2459,1229.5,5ef5c11-d91a027d8
0.3,0.05,8,0.005,0.0,zero,soft,3,0.377205181311983,0.377205181311983,0.5608780303837998,1.9083407046798329,5.271828e-5,2459,1229.5,5ef5c11-d91a027d8
0.3,0.02,8,0.01,1.0,zero,soft,6,0.6761167033120741,0.6761167033120741,0.8443579290195848,0.9293292914525307,5.3822696e-5,5852,2926.0,5ef5c11-d91a027d8
0.03,0.02,8,0.0,4.0,zero,hard,1,-0.0013331263203610955,-0.0013331263203610955,2.001443747358462e-5,142.7625673676436,0.00032680426,5852,2926.0,5ef5c11-d91a027d8
0.03,0.05,8,0.0,1.0,zero,soft,6,-0.005870263718449149,-0.0008320432177945986,-0.005870263718449149,206.96492937440675,5.3822696e-5,2459,1229.5,5ef5c11-d91a027d8
0.003,0.05,8,0.01,0.0,zero,soft,3,0.013323177730082429,0.05504885126497548,0.013323177730082429,45.31080994550149,5.271828e-5,2459,1229.5,5ef5c11-d91a027d8
0.3,0.02,8,0.0,0.25,zero,soft,3,-0.007359495433068225,0.005847680131809661,-0.007359495433068225,13.09497646194005,5.271828e-5,5852,2926.0,5ef5c11-d91a027d8
0.03,0.05,8,0.01,0.0,zero,soft,3,0.1086553856673087,0.1086553856673087,0.14611222070506122,8.442370614140746,5.271828e-5,2459,1229.5,5ef5c11-d91a027d8
0.3,0.05,8,0.0,1.0,zero,soft,6,-0.005891547346683727,-0.0008344269894424959,-0.005891547346683727,20.721302032921926,5.3822696e-5,2459,1229.5,5ef5c11-d91a027d8
0.3,0.05,8,0.01,0.0,zero,soft,3,0.24309124830002452,0.24309124830002452,0.41669945278014,2.650106489800325,5.271828e-5,2459,1229.5,5ef5c11-d91a027d8
0.003,0.02,8,0.02,1.0,zero,soft,6,-0.04084263341576452,-0.01243723971713986,-0.04084263341576452,176.89861151750623,5.3822696e-5,5852,2926.0,5ef5c11-d91a027d8
0.003,0.05,8,0.005,1.0,zero,soft,6,0.007023165393292237,0.007023165393292237,0.044959703921215025,69.03997668543386,5.3822696e-5,2459,1229.5,5ef5c11-d91a027d8
0.003,0.05,8,0.02,0.0,zero,soft,3,-0.03755382343121392,0.005542634533442385,-0.03755382343121392,59.46866097483732,5.271828e-5,2459,1229.5,5ef5c11-d91a027d8
0.3,0.02,8,0.0,4.0,zero,hard,1,-0.0013297940592873314,-0.0013297940592873314,5.460406325045572e-5,14.311785675972509,0.00032680426,5852,2926.0,5ef5c11-d91a027d8
0.003,0.02,8,0.005,0.25,zero,soft,3,0.04419211226805674,0.04419211226805674,0.06452265104376631,15.659232616729149,5.271828e-5,5852,2926.0,5ef5c11-d91a027d8
0.03,0.05,8,0.005,1.0,zero,soft,6,0.0932260915908841,0.0932260915908841,0.23037591796038973,6.9128251120099184,5.3822696e-5,2459,1229.5,5ef5c11-d91a027d8
0.03,0.05,8,0.02,0.0,zero,soft,3,-0.06633421323417822,0.039366195980515994,-0.06633421323417822,13.813643656082451,5.271828e-5,2459,1229.5,5ef5c11-d91a027d8
0.3,0.05,8,0.02,0.0,zero,soft,3,0.08418892578606638,0.18592546150015696,0.08418892578606638,4.0226902715133335,5.271828e-5,2459,1229.5,5ef5c11-d91a027d8
0.3,0.05,8,0.005,1.0,zero,soft,6,0.6235735958167287,0.6235735958167287,0.8279530595340623,0.8805834184871167,5.3822696e-5,2459,1229.5,5ef5c11-d91a027d8
0.03,0.02,8,0.02,1.0,zero,soft,6,0.029408996507763675,0.029408996507763675,0.03869080885477146,17.70213592280782,5.3822696e-5,5852,2926.0,5ef5c11-d91a027d8
0.003,0.05,8,0.01,1.0,zero,soft,6,-0.00883365376662561,-0.00883365376662561,0.061252577612908594,132.97042307494098,5.3822696e-5,2459,1229.5,5ef5c11-d91a027d8
0.003,0.05,8,0.0,0.25,zero,soft,3,-0.006142393190017161,0.007043216409442894,-0.006142393190017161,2071.216152039145,5.271828e-5,2459,1229.5,5ef5c11-d91a027d8
0.03,0.02,8,0.005,0.25,zero,soft,3,0.5004101352052738,0.5004101352052738,0.6203073622598392,1.620101482508872,5.271828e-5,5852,2926.0,5ef5c11-d91a027d8
0.003,0.02,8,0.005,4.0,zero,hard,1,0.023570653962109164,0.05435465159926675,0.023570653962109164,187.03774018111574,0.00032680426,5852,2926.0,5ef5c11-d91a027d8
0.03,0.05,8,0.01,1.0,zero,soft,6,0.03586481790447239,0.03586481790447239,0.15338724657888195,13.305154903704414,5.3822696e-5,2459,1229.5,5ef5c11-d91a027d8
0.03,0.05,8,0.0,0.25,zero,soft,3,-0.0054907782150631895,0.00731085191709744,-0.0054907782150631895,207.1161571363183,5.271828e-5,2459,1229.5,5ef5c11-d91a027d8
0.3,0.05,8,0.01,1.0,zero,soft,6,0.40908080210951514,0.40908080210951514,0.712658322589057,1.4495565589843362,5.3822696e-5,2459,1229.5,5ef5c11-d91a027d8
0.3,0.02,8,0.02,1.0,zero,soft,6,0.4151037161681201,0.4151037161681201,0.622809597517338,1.7910838877452528,5.3822696e-5,5852,2926.0,5ef5c11-d91a027d8
0.3,0.02,8,0.005,0.25,zero,soft,3,0.9255895953934958,0.9255895953934958,0.9469581589296681,0.386636919236504,5.271828e-5,5852,2926.0,5ef5c11-d91a027d8
0.3,0.05,8,0.0,0.25,zero,soft,3,0.0010148770756678023,0.00999058356870387,0.0010148770756678023,20.727291187942484,5.271828e-5,2459,1229.5,5ef5c11-d91a027d8
0.03,0.02,8,0.005,4.0,zero,hard,1,0.09897949512171139,0.09897949512171139,0.12557611254021203,18.69611020046374,0.00032680426,5852,2926.0,5ef5c11-d91a027d8
0.003,0.05,8,0.02,1.0,zero,soft,6,0.012384720983351234,0.012384720983351234,0.04383537773204511,271.216060401643,5.3822696e-5,2459,1229.5,5ef5c11-d91a027d8
0.003,0.05,8,0.005,0.25,zero,soft,3,0.020463811043060238,0.020463811043060238,0.07332523837577426,26.439613599963195,5.271828e-5,2459,1229.5,5ef5c11-d91a027d8
0.03,0.05,8,0.02,1.0,zero,soft,6,0.03328877696313954,0.03328877696313954,0.09023608214296379,27.131734835456342,5.3822696e-5,2459,1229.5,5ef5c11-d91a027d8
0.03,0.05,8,0.005,0.25,zero,soft,3,0.2771420107644466,0.2771420107644466,0.46859843220361314,2.690753771274642,5.271828e-5,2459,1229.5,5ef5c11-d91a027d8
0.003,0.02,8,0.01,0.25,zero,soft,3,0.0403606847150213,0.07203521232369597,0.0403606847150213,33.79657066237713,5.271828e-5,5852,2926.0,5ef5c11-d91a027d8
0.3,0.05,8,0.02,1.0,zero,soft,6,0.23357815829690753,0.23357815829690753,0.4843861854930958,2.7805983858208445,5.3822696e-5,2459,1229.5,5ef5c11-d91a027d8
0.003,0.02,8,0.0,4.0,zero,soft,6,-0.010136108204834711,0.0005639153810082097,-0.010136108204834711,1293.316932791766,5.3822696e-5,5852,2926.0,5ef5c11-d91a027d8
0.3,0.02,8,0.005,4.0,zero,hard,1,0.4856861522643103,0.4856861522643103,0.7578277990955014,1.8677549332070242,0.00032680426,5852,2926.0,5ef5c11-d91a027d8
0.3,0.05,8,0.005,0.25,zero,soft,3,0.8489900907836241,0.8489900907836241,0.8676285412816642,0.5319071318094465,5.271828e-5,2459,1229.5,5ef5c11-d91a027d8
0.003,0.05,8,0.0,4.0,zero,soft,6,0.0010838666904508475,0.0010838666904508475,0.011176006776767005,2089.772662255575,5.3822696e-5,2459,1229.5,5ef5c11-d91a027d8
0.003,0.05,8,0.01,0.25,zero,soft,3,-0.029979971642377683,-0.029979971642377683,0.007084007247531996,53.01762035681639,5.271828e-5,2459,1229.5,5ef5c11-d91a027d8
0.03,0.02,8,0.01,0.25,zero,soft,3,0.29738157314254093,0.29738157314254093,0.458391203482376,3.400378982207293,5.271828e-5,5852,2926.0,5ef5c11-d91a027d8
0.03,0.05,8,0.01,0.25,zero,soft,3,0.09610461420236846,0.09610461420236846,0.2803695770981276,5.350076614471843,5.271828e-5,2459,1229.5,5ef5c11-d91a027d8
0.03,0.05,8,0.0,4.0,zero,soft,6,0.0010835838147791191,0.0010835838147791191,0.01116785358732318,208.9776868645314,5.3822696e-5,2459,1229.5,5ef5c11-d91a027d8
0.003,0.02,8,0.01,4.0,zero,hard,1,0.03675992796053651,0.05506846635528581,0.03675992796053651,367.83173434258146,0.00032680426,5852,2926.0,5ef5c11-d91a027d8
0.03,0.02,8,0.0,4.0,zero,soft,6,-0.01013787158432327,0.0005649156095388605,-0.01013787158432327,129.33421902501536,5.3822696e-5,5852,2926.0,5ef5c11-d91a027d8
0.3,0.05,8,0.01,0.25,zero,soft,3,0.7212106668582753,0.7212106668582753,0.8106772328883043,0.748664637076832,5.271828e-5,2459,1229.5,5ef5c11-d91a027d8
0.3,0.05,8,0.0,4.0,zero,soft,6,0.0010807402177679343,0.0010807402177679343,0.011083178495891233,20.920687296546,5.3822696e-5,2459,1229.5,5ef5c11-d91a027d8
0.003,0.05,8,0.02,0.25,zero,soft,3,-0.00027342755000992364,0.009392769897803735,-0.00027342755000992364,109.28163304046264,5.271828e-5,2459,1229.5,5ef5c11-d91a027d8
0.3,0.02,8,0.01,0.25,zero,soft,3,0.8736819639207257,0.8736819639207257,0.9151889824581529,0.5160141392684926,5.271828e-5,5852,2926.0,5ef5c11-d91a027d8
0.003,0.05,8,0.005,4.0,zero,soft,6,-0.014851959639614162,-0.014851959639614162,0.03136526933455529,261.22689812898074,5.3822696e-5,2459,1229.5,5ef5c11-d91a027d8
0.03,0.05,8,0.02,0.25,zero,soft,3,0.07155475270163554,0.07155475270163554,0.10874311056566147,10.91284742535586,5.271828e-5,2459,1229.5,5ef5c11-d91a027d8
0.03,0.02,8,0.01,4.0,zero,hard,1,0.0767462502701828,0.0767462502701828,0.08639743827256903,36.78513888346543,0.00032680426,5852,2926.0,5ef5c11-d91a027d8
0.03,0.05,8,0.005,4.0,zero,soft,6,0.007180211963905625,0.007180211963905625,0.08346916406898082,26.157090432981974,5.3822696e-5,2459,1229.5,5ef5c11-d91a027d8
0.3,0.02,8,0.0,4.0,zero,soft,6,-0.01015262674379696,0.0005748200426286996,-0.01015262674379696,12.971080323638429,5.3822696e-5,5852,2926.0,5ef5c11-d91a027d8
0.3,0.05,8,0.02,0.25,zero,soft,3,0.5488961434156593,0.5488961434156593,0.6737884703632293,1.1873942208105328,5.271828e-5,2459,1229.5,5ef5c11-d91a027d8
0.3,0.05,8,0.005,4.0,zero,soft,6,0.21843678397470837,0.21843678397470837,0.49382126255030645,2.6891297239474405,5.3822696e-5,2459,1229.5,5ef5c11-d91a027d8
0.003,0.02,8,0.02,0.25,zero,soft,3,-0.05064654407854431,0.0407050521400117,-0.05064654407854431,62.43884094342264,5.271828e-5,5852,2926.0,5ef5c11-d91a027d8
0.003,0.05,8,0.0,1.0,zero,soft,3,-0.006807724764798744,-0.00037538997461075224,-0.006807724764798744,2143.5113117923825,5.271828e-5,2459,1229.5,5ef5c11-d91a027d8
0.003,0.05,8,0.01,4.0,zero,soft,6,-0.017121952647595994,-0.017121952647595994,0.03366952083117096,514.5614619103443,5.3822696e-5,2459,1229.5,5ef5c11-d91a027d8
0.3,0.02,8,0.01,4.0,zero,hard,1,0.28525371365512997,0.28525371365512997,0.5106940714000897,3.6776172834061738,0.00032680426,5852,2926.0,5ef5c11-d91a027d8
0.003,0.02,8,0.005,4.0,zero,soft,6,-0.02953561854679404,-0.026589714641433573,-0.02953561854679404,172.45846122870896,5.3822696e-5,5852,2926.0,5ef5c11-d91a027d8
0.03,0.05,8,0.01,4.0,zero,soft,6,-0.006994996741190947,-0.006994996741190947,0.05898834539331176,51.45877805261433,5.3822696e-5,2459,1229.5,5ef5c11-d91a027d8
0.03,0.05,8,0.0,1.0,zero,soft,3,-0.00682265529503818,-0.0003751739821277637,-0.00682265529503818,214.3528680185977,5.271828e-5,2459,1229.5,5ef5c11-d91a027d8
0.03,0.02,8,0.02,0.25,zero,soft,3,0.1691740320064916,0.1719789960127086,0.1691740320064916,6.291345600524679,5.271828e-5,5852,2926.0,5ef5c11-d91a027d8
0.3,0.05,8,0.01,4.0,zero,soft,6,0.0990002852423764,0.0990002852423764,0.29317000280044686,5.190399333656618,5.3822696e-5,2459,1229.5,5ef5c11-d91a027d8
0.3,0.05,8,0.0,1.0,zero,soft,3,-0.006969171705250902,-0.00037325441684225776,-0.006969171705250902,21.458615349370866,5.271828e-5,2459,1229.5,5ef5c11-d91a027d8
0.003,0.02,8,0.02,4.0,zero,hard,1,0.033862476717234295,0.05379178893985753,0.033862476717234295,697.1525071168063,0.00032680426,5852,2926.0,5ef5c11-d91a027d8
0.003,0.05,8,0.02,4.0,zero,soft,6,-0.0261871603462383,-0.0261871603462383,0.041077905928616765,985.3952845689082,5.3822696e-5,2459,1229.5,5ef5c11-d91a027d8
0.003,0.05,8,0.005,1.0,zero,soft,3,-0.018085619901647056,-0.018085619901647056,0.05034417173313173,72.02599956170253,5.271828e-5,2459,1229.5,5ef5c11-d91a027d8
0.03,0.02,8,0.005,4.0,zero,soft,6,0.0179445692336837,0.0179445692336837,0.05111719790363964,17.251104588043514,5.3822696e-5,5852,2926.0,5ef5c11-d91a027d8
0.3,0.02,8,0.02,0.25,zero,soft,3,0.7786159010616086,0.7786159010616086,0.8316729966769737,0.755054961309444,5.271828e-5,5852,2926.0,5ef5c11-d91a027d8
0.03,0.05,8,0.02,4.0,zero,soft,6,-0.021931685073982438,-0.021931685073982438,0.05186449819738226,98.5670879576628,5.3822696e-5,2459,1229.5,5ef5c11-d91a027d8
0.03,0.05,8,0.005,1.0,zero,soft,3,0.07499273601367695,0.07499273601367695,0.20988311004488658,7.219361204626438,5.271828e-5,2459,1229.5,5ef5c11-d91a027d8
0.3,0.05,8,0.005,1.0,zero,soft,3,0.6761095240570513,0.6761095240570513,0.8189730185457972,0.8423720022596174,5.271828e-5,2459,1229.5,5ef5c11-d91a027d8
0.3,0.05,8,0.02,4.0,zero,soft,6,0.024667449904192975,0.024667449904192975,0.15676239716704102,9.905596126511625,5.3822696e-5,2459,1229.5,5ef5c11-d91a027d8
0.03,0.02,8,0.02,4.0,zero,hard,1,0.05712609883780074,0.06337744043147789,0.05712609883780074,69.67365817982427,0.00032680426,5852,2926.0,5ef5c11-d91a027d8
0.3,0.02,8,0.005,4.0,zero,soft,6,0.41542234530353106,0.41542234530353106,0.6408069447245882,1.7501426901162893,5.3822696e-5,5852,2926.0,5ef5c11-d91a027d8
0.003,0.05,8,0.0,0.0,zero,hard,7,0.0736315427415614,0.0736315427415614,0.5523732078526263,7.167512238614356,5.042856e-5,2459,1229.5,5ef5c11-d91a027d8
0.003,0.05,8,0.01,1.0,zero,soft,3,-0.010508047905910667,-0.010508047905910667,0.06246409400047893,144.6787984954524,5.271828e-5,2459,1229.5,5ef5c11-d91a027d8
0.03,0.05,8,0.0,0.0,zero,hard,7,0.7462651367641479,0.7462651367641479,0.9679518579369172,0.7459212540308605,5.042856e-5,2459,1229.5,5ef5c11-d91a027d8
0.3,0.05,8,0.0,0.0,zero,hard,7,0.9751213032860568,0.9754157641330854,0.9751213032860568,0.2506047675077296,5.042856e-5,2459,1229.5,5ef5c11-d91a027d8
0.003,0.02,8,0.0,1.0,zero,soft,3,-0.003149886177819763,0.001803843813552785,-0.003149886177819763,1367.1859619798227,5.271828e-5,5852,2926.0,5ef5c11-d91a027d8
0.03,0.05,8,0.01,1.0,zero,soft,3,0.03507911771904612,0.03507911771904612,0.14641263554289513,14.456105775600303,5.271828e-5,2459,1229.5,5ef5c11-d91a027d8
0.003,0.05,8,0.005,0.0,zero,hard,7,-0.07857496347388117,-0.07857496347388117,0.03064220043829066,17.671772904692343,5.042856e-5,2459,1229.5,5ef5c11-d91a027d8
0.3,0.02,8,0.02,4.0,zero,hard,1,0.1579477738673136,0.1579477738673136,0.2734717927793399,6.977414477993255,0.00032680426,5852,2926.0,5ef5c11-d91a027d8
0.3,0.05,8,0.01,1.0,zero,soft,3,0.4430542030604872,0.4430542030604872,0.6467212285252663,1.5029401574111714,5.271828e-5,2459,1229.5,5ef5c11-d91a027d8
0.003,0.02,8,0.01,4.0,zero,soft,6,-0.03394080971453762,-0.02938991795677205,-0.03394080971453762,338.20123003952693,5.3822696e-5,5852,2926.0,5ef5c11-d91a027d8
0.03,0.05,8,0.005,0.0,zero,hard,7,0.10882266677043635,0.10882266677043635,0.30778731590347824,5.4324701697251685,5.042856e-5,2459,1229.5,5ef5c11-d91a027d8
0.003,0.05,8,0.02,1.0,zero,soft,3,-0.020881971494771393,-0.020881971494771393,0.03241916935069414,290.6359906141307,5.271828e-5,2459,1229.5,5ef5c11-d91a027d8
0.3,0.05,8,0.005,0.0,zero,hard,7,0.423369041415928,0.423369041415928,0.8099176293861085,1.784408689199677,5.042856e-5,2459,1229.5,5ef5c11-d91a027d8
0.003,0.02,8,0.0,0.0,zero,soft,1,0.6214640790930264,0.6214640790930264,0.9370805948892715,1.1433412589296592,0.00011610375,5852,2926.0,5ef5c11-d91a027d8
0.03,0.02,8,0.0,1.0,zero,soft,3,-0.003172918501420852,0.0018036273207989921,-0.003172918501420852,136.72107967862954,5.271828e-5,5852,2926.0,5ef5c11-d91a027d8
0.003,0.05,8,0.01,0.0,zero,hard,7,-0.0128036407540501,-0.0128036407540501,0.3971743518920785,16.812465717276282,5.042856e-5,2459,1229.5,5ef5c11-d91a027d8
0.03,0.05,8,0.02,1.0,zero,soft,3,0.004124487585260251,0.004124487585260251,0.07477083910617348,29.102258210821784,5.271828e-5,2459,1229.5,5ef5c11-d91a027d8
0.03,0.02,8,0.0,0.0,zero,soft,1,0.9745549812537743,0.9761798906520253,0.9745549812537743,0.2204172452068186,0.00011610375,5852,2926.0,5ef5c11-d91a027d8
0.03,0.02,8,0.01,4.0,zero,soft,6,-0.007759406604047757,-0.007759406604047757,0.0060042036033082875,33.81910582243398,5.3822696e-5,5852,2926.0,5ef5c11-d91a027d8
0.03,0.05,8,0.01,0.0,zero,hard,7,0.09894873395956835,0.09894873395956835,0.45246565779593945,7.432965505212779,5.042856e-5,2459,1229.5,5ef5c11-d91a027d8
0.3,0.05,8,0.02,1.0,zero,soft,3,0.22797875786559932,0.22797875786559932,0.42628107379871694,2.939543844151527,5.271828e-5,2459,1229.5,5ef5c11-d91a027d8
0.3,0.02,8,0.0,0.0,zero,soft,1,0.975104802334763,0.9827556433365088,0.975104802334763,0.19112158127721454,0.00011610375,5852,2926.0,5ef5c11-d91a027d8
0.3,0.05,8,0.01,0.0,zero,hard,7,0.3298922571884797,0.3298922571884797,0.5648593168707499,2.389897248082771,5.042856e-5,2459,1229.5,5ef5c11-d91a027d8
0.003,0.05,8,0.0,4.0,zero,soft,3,-0.006196183940328208,0.00016892828293712625,-0.006196183940328208,2157.4315801664684,5.271828e-5,2459,1229.5,5ef5c11-d91a027d8
0.003,0.05,8,0.02,0.0,zero,hard,7,0.010444278306545093,0.010444278306545093,0.26760943831970435,55.37114610335407,5.042856e-5,2459,1229.5,5ef5c11-d91a027d8
0.3,0.02,8,0.0,1.0,zero,soft,3,-0.0034032189428092985,0.0018015516213932715,-0.0034032189428092985,13.706378852884365,5.271828e-5,5852,2926.0,5ef5c11-d91a027d8
0.3,0.02,8,0.01,4.0,zero,soft,6,0.20191286028231578,0.20191286028231578,0.3701692027337974,3.406900839282727,5.3822696e-5,5852,2926.0,5ef5c11-d91a027d8
0.03,0.05,8,0.02,0.0,zero,hard,7,0.041855413924857476,0.041855413924857476,0.20718908822710375,13.42584192665392,5.042856e-5,2459,1229.5,5ef5c11-d91a027d8
0.003,0.02,8,0.005,0.0,zero,soft,1,0.03621653113544337,0.03621653113544337,0.3452428111200542,23.373794521888005,0.00011610375,5852,2926.0,5ef5c11-d91a027d8
0.03,0.05,8,0.0,4.0,zero,soft,3,-0.0061898411214094265,0.00016765987813444755,-0.0061898411214094265,215.7432977623424,5.271828e-5,2459,1229.5,5ef5c11-d91a027d8
0.3,0.05,8,0.02,0.0,zero,hard,7,0.22202329259093329,0.22202329259093329,0.32372186123124463,3.9458322203411687,5.042856e-5,2459,1229.5,5ef5c11-d91a027d8
0.3,0.05,8,0.0,4.0,zero,soft,3,-0.006123284394430598,0.00015478472396608748,-0.006123284394430598,21.596788905882082,5.271828e-5,2459,1229.5,5ef5c11-d91a027d8
0.003,0.02,8,0.005,1.0,zero,soft,3,-0.03735786001498565,0.03767488961265304,-0.03735786001498565,45.999057496265316,5.271828e-5,5852,2926.0,5ef5c11-d91a027d8
0.003,0.05,8,0.0,0.25,zero,hard,7,-0.019979905072529114,-0.019979905072529114,0.028620699584595347,1976.9298646441744,5.042856e-5,2459,1229.5,5ef5c11-d91a027d8
0.03,0.02,8,0.005,0.0,zero,soft,1,0.12391999965292659,0.12391999965292659,0.19855764232866321,6.792701598755138,0.00011610375,5852,2926.0,5ef5c11-d91a027d8
0.003,0.02,8,0.02,4.0,zero,soft,6,-0.03535911635869095,-0.03149175722199092,-0.03535911635869095,644.6907937557794,5.3822696e-5,5852,2926.0,5ef5c11-d91a027d8
0.003,0.05,8,0.005,4.0,zero,soft,3,-0.023897663036881844,-0.023897663036881844,0.035413080447130256,278.9448257940172,5.271828e-5,2459,1229.5,5ef5c11-d91a027d8
0.03,0.05,8,0.0,0.25,zero,hard,7,-0.019644111369340297,-0.019644111369340297,0.029842758567071612,197.71144158638825,5.042856e-5,2459,1229.5,5ef5c11-d91a027d8
0.03,0.05,8,0.005,4.0,zero,soft,3,0.0002011346590717753,0.0002011346590717753,0.07791742891956481,27.914901421893997,5.271828e-5,2459,1229.5,5ef5c11-d91a027d8
0.3,0.02,8,0.005,0.0,zero,soft,1,0.43067963097510886,0.43067963097510886,0.7566599729062436,1.9989315775221945,0.00011610375,5852,2926.0,5ef5c11-d91a027d8
0.03,0.02,8,0.005,1.0,zero,soft,3,0.2128933997533723,0.2128933997533723,0.249551265845844,4.588934527180033,5.271828e-5,5852,2926.0,5ef5c11-d91a027d8
0.3,0.05,8,0.005,4.0,zero,soft,3,0.23184233113429878,0.23184233113429878,0.43862514690905574,2.8386040933405137,5.271828e-5,2459,1229.5,5ef5c11-d91a027d8
0.3,0.05,8,0.0,0.25,zero,hard,7,-0.01628362326176914,-0.01628362326176914,0.0420594891390174,19.810399953157887,5.042856e-5,2459,1229.5,5ef5c11-d91a027d8
0.03,0.02,8,0.02,4.0,zero,soft,6,-0.02203640320475465,-0.02203640320475465,-0.017211614124241773,64.47477234169064,5.3822696e-5,5852,2926.0,5ef5c11-d91a027d8
0.003,0.05,8,0.01,4.0,zero,soft,3,-0.02841513956396318,-0.02841513956396318,0.026922943612781795,551.3097055476703,5.271828e-5,2459,1229.5,5ef5c11-d91a027d8
0.003,0.05,8,0.005,0.25,zero,hard,7,-0.053458404704619336,-0.053458404704619336,0.16570227841462767,25.66798466368965,5.042856e-5,2459,1229.5,5ef5c11-d91a027d8
0.003,0.02,8,0.01,0.0,zero,soft,1,-0.0027574900022724873,0.019758228524047895,-0.0027574900022724873,31.056012083071828,0.00011610375,5852,2926.0,5ef5c11-d91a027d8
0.03,0.05,8,0.005,0.25,zero,hard,7,0.23696873780338587,0.23696873780338587,0.6580583363652828,2.5755082382243697,5.042856e-5,2459,1229.5,5ef5c11-d91a027d8
0.03,0.05,8,0.01,4.0,zero,soft,3,-0.016622191979907178,-0.016622191979907178,0.046637631210884066,55.12809977890626,5.271828e-5,2459,1229.5,5ef5c11-d91a027d8
0.3,0.02,8,0.005,1.0,zero,soft,3,0.8909649251480931,0.8909649251480931,0.9306078086038747,0.4784295656337219,5.271828e-5,5852,2926.0,5ef5c11-d91a027d8
0.3,0.05,8,0.005,0.25,zero,hard,7,0.8933986889814449,0.8933986889814449,0.9649666235108132,0.4511007954676113,5.042856e-5,2459,1229.5,5ef5c11-d91a027d8
0.3,0.05,8,0.01,4.0,zero,soft,3,0.09957228804118733,0.09957228804118733,0.2447242141490651,5.5517770669213995,5.271828e-5,2459,1229.5,5ef5c11-d91a027d8
0.3,0.02,8,0.02,4.0,zero,soft,6,0.07090334258260303,0.07090334258260303,0.1591145223461288,6.482506064220524,5.3822696e-5,5852,2926.0,5ef5c11-d91a027d8
0.03,0.02,8,0.01,0.0,zero,soft,1,0.09436463279662861,0.09436463279662861,0.25631784993698814,10.318525648573056,0.00011610375,5852,2926.0,5ef5c11-d91a027d8
0.003,0.05,8,0.01,0.25,zero,hard,7,0.014442561306774435,0.014442561306774435,0.13246104501895065,48.69303593940156,5.042856e-5,2459,1229.5,5ef5c11-d91a027d8
0.003,0.05,8,0.02,4.0,zero,soft,3,-0.02980651248718579,-0.02980651248718579,0.01785413571810103,1044.0654855164712,5.271828e-5,2459,1229.5,5ef5c11-d91a027d8
0.003,0.02,8,0.0,0.0,zero,hard,7,0.6474085877193942,0.6474085877193942,0.9770318229952193,1.0639664203173815,5.042856e-5,5852,2926.0,5ef5c11-d91a027d8
0.003,0.02,8,0.01,1.0,zero,soft,3,-0.05803183255012775,0.03162854684165819,-0.05803183255012775,90.5215420092922,5.271828e-5,5852,2926.0,5ef5c11-d91a027d8
0.03,0.05,8,0.01,0.25,zero,hard,7,0.1766840342935509,0.1766840342935509,0.4899821463491079,4.866797037227563,5.042856e-5,2459,1229.5,5ef5c11-d91a027d8
0.03,0.05,8,0.02,4.0,zero,soft,3,-0.0245401088568863,-0.0245401088568863,0.027433919768084316,104.4311697468424,5.271828e-5,2459,1229.5,5ef5c11-d91a027d8
0.3,0.02,8,0.01,0.0,zero,soft,1,0.2927030551676214,0.2927030551676214,0.5270214523130149,2.7951289400438153,0.00011610375,5852,2926.0,5ef5c11-d91a027d8
0.03,0.02,8,0.0,0.0,zero,hard,7,0.9914613987922473,0.9914613987922473,0.995639417346441,0.13797287817143783,5.042856e-5,5852,2926.0,5ef5c11-d91a027d8
0.3,0.05,8,0.01,0.25,zero,hard,7,0.8322447542619845,0.8322447542619845,0.9305824451486489,0.5910864068699413,5.042856e-5,2459,1229.5,5ef5c11-d91a027d8
0.3,0.05,8,0.02,4.0,zero,soft,3,0.02550811018402499,0.02550811018402499,0.12221668421084969,10.482023923156735,5.271828e-5,2459,1229.5,5ef5c11-d91a027d8
0.003,0.05,8,0.0,0.0,zero,hard,4,0.11540769190823659,0.11540769190823659,0.4086185537121537,7.536704662894883,1.708457e-5,2459,1229.5,5ef5c11-d91a027d8
0.003,0.05,8,0.02,0.25,zero,hard,7,0.016454250250701498,0.016454250250701498,0.06305107127001458,99.83830611148895,5.042856e-5,2459,1229.5,5ef5c11-d91a027d8
0.3,0.02,8,0.0,0.0,zero,hard,7,0.9956481973088586,0.9967880406869053,0.9956481973088586,0.0943560520727576,5.042856e-5,5852,2926.0,5ef5c11-d91a027d8
0.03,0.02,8,0.01,1.0,zero,soft,3,0.095660782874911,0.12194640514111214,0.095660782874911,9.047964824612244,5.271828e-5,5852,2926.0,5ef5c11-d91a027d8
0.03,0.05,8,0.0,0.0,zero,hard,4,0.6984592518868565,0.6984592518868565,0.840686250924251,0.8291791344144627,1.708457e-5,2459,1229.5,5ef5c11-d91a027d8
0.003,0.02,8,0.02,0.0,zero,soft,1,0.00678687997484798,0.00678687997484798,0.06933687890007384,30.52550163929414,0.00011610375,5852,2926.0,5ef5c11-d91a027d8
0.3,0.05,8,0.0,0.0,zero,hard,4,0.851946050417632,0.9229503238329815,0.851946050417632,0.3951329128842547,1.708457e-5,2459,1229.5,5ef5c11-d91a027d8
0.03,0.05,8,0.02,0.25,zero,hard,7,0.0926811965630647,0.0926811965630647,0.2515908177386726,9.979522105831856,5.042856e-5,2459,1229.5,5ef5c11-d91a027d8
0.003,0.05,8,0.005,0.0,zero,hard,4,-0.0009864921384248634,0.04803603574751939,-0.0009864921384248634,20.597068904581583,1.708457e-5,2459,1229.5,5ef5c11-d91a027d8
0.3,0.05,8,0.02,0.25,zero,hard,7,0.6258956449003465,0.6258956449003465,0.8628820137756883,1.079878225847626,5.042856e-5,2459,1229.5,5ef5c11-d91a027d8
0.003,0.02,8,0.005,0.0,zero,hard,7,-0.06642902355072794,-0.06642902355072794,0.049146073835983364,17.808473713951155,5.042856e-5,5852,2926.0,5ef5c11-d91a027d8
0.03,0.02,8,0.02,0.0,zero,soft,1,0.07752139216374389,0.07752139216374389,0.14767843930331,15.894981683588675,0.00011610375,5852,2926.0,5ef5c11-d91a027d8
0.3,0.02,8,0.01,1.0,zero,soft,3,0.7154620384000024,0.7154620384000024,0.8217234605225097,0.9141011595047643,5.271828e-5,5852,2926.0,5ef5c11-d91a027d8
0.03,0.05,8,0.005,0.0,zero,hard,4,0.10010028068355933,0.10010028068355933,0.1296765107124245,6.435048488554677,1.708457e-5,2459,1229.5,5ef5c11-d91a027d8
0.003,0.05,8,0.0,1.0,zero,hard,7,-0.012628561474343988,0.001546128617431611,-0.012628561474343988,2049.499945407843,5.042856e-5,2459,1229.5,5ef5c11-d91a027d8
0.3,0.05,8,0.005,0.0,zero,hard,4,0.356126464395101,0.356126464395101,0.5946831604413644,1.8769104950076465,1.708457e-5,2459,1229.5,5ef5c11-d91a027d8
0.03,0.02,8,0.005,0.0,zero,hard,7,0.1196760169896447,0.1196760169896447,0.3719948901770798,5.817282494001299,5.042856e-5,5852,2926.0,5ef5c11-d91a027d8
0.003,0.05,8,0.01,0.0,zero,hard,4,0.0008630944041972933,0.0008630944041972933,0.20778918943832378,20.253211104050443,1.708457e-5,2459,1229.5,5ef5c11-d91a027d8
0.3,0.02,8,0.02,0.0,zero,soft,1,0.1567369454417567,0.1567369454417567,0.35865592729959145,4.33444410038334,0.00011610375,5852,2926.0,5ef5c11-d91a027d8
0.03,0.05,8,0.0,1.0,zero,hard,7,-0.012631142884063602,0.0015459411823068893,-0.012631142884063602,204.94839155144493,5.042856e-5,2459,1229.5,5ef5c11-d91a027d8
0.003,0.02,8,0.02,1.0,zero,soft,3,-0.06304190034545633,0.02951582884840023,-0.06304190034545633,178.20554766969923,5.271828e-5,5852,2926.0,5ef5c11-d91a027d8
0.03,0.05,8,0.01,0.0,zero,hard,4,0.10815890974919404,0.10815890974919404,0.2500689185436303,10.240348472978235,1.708457e-5,2459,1229.5,5ef5c11-d91a027d8
0.3,0.05,8,0.0,1.0,zero,hard,7,-0.01265118725855979,0.0015441953717418315,-0.01265118725855979,20.518027810340985,5.042856e-5,2459,1229.5,5ef5c11-d91a027d8
0.3,0.05,8,0.01,0.0,zero,hard,4,0.32009172646364675,0.32009172646364675,0.4757425194311857,2.8210373218886935,1.708457e-5,2459,1229.5,5ef5c11-d91a027d8
0.3,0.02,8,0.005,0.0,zero,hard,7,0.44261724079578324,0.44261724079578324,0.8284942927296349,1.8700338086317478,5.042856e-5,5852,2926.0,5ef5c11-d91a027d8
0.003,0.05,8,0.02,0.0,zero,hard,4,0.003328304176037514,0.014754594240501006,0.003328304176037514,7.674423623726674,1.708457e-5,2459,1229.5,5ef5c11-d91a027d8
0.003,0.05,8,0.005,1.0,zero,hard,7,0.011206134349557272,0.011206134349557272,0.15373925617223244,66.98412966870663,5.042856e-5,2459,1229.5,5ef5c11-d91a027d8
0.003,0.02,8,0.0,0.25,zero,soft,1,0.013920627845915476,0.013920627845915476,0.02691886858048585,1311.5004285020177,0.00011610375,5852,2926.0,5ef5c11-d91a027d8
0.03,0.02,8,0.02,1.0,zero,soft,3,0.016424663122684577,0.07436606667215068,0.016424663122684577,17.800634517155828,5.271828e-5,5852,2926.0,5ef5c11-d91a027d8
0.03,0.05,8,0.02,0.0,zero,hard,4,0.08449812776620588,0.08449812776620588,0.09687249273093558,9.81506887369022,1.708457e-5,2459,1229.5,5ef5c11-d91a027d8
0.03,0.05,8,0.005,1.0,zero,hard,7,0.11842007762375298,0.11842007762375298,0.3960732119549009,6.727824638842985,5.042856e-5,2459,1229.5,5ef5c11-d91a027d8
0.003,0.02,8,0.01,0.0,zero,hard,7,0.0038202706938647527,0.0038202706938647527,0.3983844678497273,16.291872534608537,5.042856e-5,5852,2926.0,5ef5c11-d91a027d8
0.3,0.05,8,0.02,0.0,zero,hard,4,0.2095488285726857,0.2147766336903217,0.2095488285726857,3.804730277960146,1.708457e-5,2459,1229.5,5ef5c11-d91a027d8
0.3,0.05,8,0.005,1.0,zero,hard,7,0.7722378773548014,0.7722378773548014,0.9367976224986977,0.7071232396750671,5.042856e-5,2459,1229.5,5ef5c11-d91a027d8
0.003,0.05,8,0.0,0.25,zero,hard,4,0.0027837590346436922,0.0027837590346436922,0.0035984451279039834,2058.591580920966,1.708457e-5,2459,1229.5,5ef5c11-d91a027d8
0.003,0.05,8,0.01,1.0,zero,hard,7,-0.009335119694055755,-0.009335119694055755,0.12823815582076714,133.1090853395526,5.042856e-5,2459,1229.5,5ef5c11-d91a027d8
0.3,0.02,8,0.02,1.0,zero,soft,3,0.462733190011438,0.462733190011438,0.588842029302819,1.797909632099935,5.271828e-5,5852,2926.0,5ef5c11-d91a027d8
0.03,0.02,8,0.0,0.25,zero,soft,1,0.014460352880705555,0.014460352880705555,0.028455411100914572,131.14286519332404,0.00011610375,5852,2926.0,5ef5c11-d91a027d8
0.03,0.02,8,0.01,0.0,zero,hard,7,0.10159544677176681,0.10159544677176681,0.44638491802023345,7.999137803875993,5.042856e-5,5852,2926.0,5ef5c11-d91a027d8
0.03,0.05,8,0.01,1.0,zero,hard,7,0.048007470999035025,0.048007470999035025,0.27694598636671225,13.315523257382864,5.042856e-5,2459,1229.5,5ef5c11-d91a027d8
0.03,0.05,8,0.0,0.25,zero,hard,4,0.003065259739431402,0.003065259739431402,0.0043240683907766414,205.85734776638887,1.708457e-5,2459,1229.5,5ef5c11-d91a027d8
0.3,0.05,8,0.01,1.0,zero,hard,7,0.5238603054008719,0.5238603054008719,0.845649454801285,1.3493460378062918,5.042856e-5,2459,1229.5,5ef5c11-d91a027d8
0.3,0.05,8,0.0,0.25,zero,hard,4,0.005878174275661875,0.005878174275661875,0.01158308759241469,20.604124570658268,1.708457e-5,2459,1229.5,5ef5c11-d91a027d8
0.3,0.02,8,0.01,0.0,zero,hard,7,0.34284022448751617,0.34284022448751617,0.6073350763057485,2.569761639309555,5.042856e-5,5852,2926.0,5ef5c11-d91a027d8
0.003,0.05,8,0.02,1.0,zero,hard,7,-0.021506533640770424,-0.021506533640770424,0.11903903058261547,272.204392926785,5.042856e-5,2459,1229.5,5ef5c11-d91a027d8
0.003,0.02,8,0.0,4.0,zero,soft,3,-0.003308734162156165,-0.003308734162156165,0.0001741595495161634,1362.6524519056281,5.271828e-5,5852,2926.0,5ef5c11-d91a027d8
0.003,0.05,8,0.005,0.25,zero,hard,4,0.03948300863675208,0.03948300863675208,0.06547563615760589,25.8322065991917,1.708457e-5,2459,1229.5,5ef5c11-d91a027d8
0.3,0.02,8,0.0,0.25,zero,soft,1,0.019862621637968862,0.019862621637968862,0.04379485710318287,13.137680161012122,0.00011610375,5852,2926.0,5ef5c11-d91a027d8
0.03,0.05,8,0.02,1.0,zero,hard,7,0.004573723862608015,0.004573723862608015,0.18946287359754152,27.22320963543091,5.042856e-5,2459,1229.5,5ef5c11-d91a027d8
0.03,0.05,8,0.005,0.25,zero,hard,4,0.29453469358566126,0.29453469358566126,0.48317639505067894,2.6497053735863982,1.708457e-5,2459,1229.5,5ef5c11-d91a027d8
0.003,0.02,8,0.02,0.0,zero,hard,7,0.02134069884167025,0.02134069884167025,0.22447503805610886,48.613390942607005,5.042856e-5,5852,2926.0,5ef5c11-d91a027d8
0.3,0.05,8,0.02,1.0,zero,hard,7,0.26811381751594693,0.26811381751594693,0.6849192453035319,2.722820306508994,5.042856e-5,2459,1229.5,5ef5c11-d91a027d8
0.3,0.05,8,0.005,0.25,zero,hard,4,0.839433965320772,0.839433965320772,0.8394340399876565,0.5471557611437263,1.708457e-5,2459,1229.5,5ef5c11-d91a027d8
0.003,0.02,8,0.005,0.25,zero,soft,1,0.07335464576464663,0.07335464576464663,0.11799238793276134,16.28331020722956,0.00011610375,5852,2926.0,5ef5c11-d91a027d8
0.003,0.05,8,0.01,0.25,zero,hard,4,0.05436676084246002,0.05436676084246002,0.07389315233986192,53.43481475878067,1.708457e-5,2459,1229.5,5ef5c11-d91a027d8
0.03,0.02,8,0.0,4.0,zero,soft,3,-0.0033093348196990076,-0.0033093348196990076,0.00017368716062108537,136.27248601396127,5.271828e-5,5852,2926.0,5ef5c11-d91a027d8
0.003,0.05,8,0.0,4.0,zero,hard,7,0.004377891335183467,0.004377891335183467,0.012130771712911272,2062.4158905696636,5.042856e-5,2459,1229.5,5ef5c11-d91a027d8
0.03,0.02,8,0.02,0.0,zero,hard,7,0.04820793619673938,0.04820793619673938,0.16669756064733132,13.96204893268841,5.042856e-5,5852,2926.0,5ef5c11-d91a027d8
0.03,0.05,8,0.01,0.25,zero,hard,4,0.18907126629739393,0.18907126629739393,0.3120744273568294,5.369601277402187,1.708457e-5,2459,1229.5,5ef5c11-d91a027d8
0.03,0.05,8,0.0,4.0,zero,hard,7,0.004378562921980418,0.004378562921980418,0.012121290637818749,206.24023123070242,5.042856e-5,2459,1229.5,5ef5c11-d91a027d8
0.03,0.02,8,0.005,0.25,zero,soft,1,0.48973596827572446,0.48973596827572446,0.7092581765297367,1.6984837990648858,0.00011610375,5852,2926.0,5ef5c11-d91a027d8
0.3,0.02,8,0.02,0.0,zero,hard,7,0.24243430986176295,0.24243430986176295,0.35193929191229334,4.173391290424096,5.042856e-5,5852,2926.0,5ef5c11-d91a027d8
0.3,0.05,8,0.0,4.0,zero,hard,7,0.00438524757355502,0.00438524757355502,0.012027007513966154,20.64413120993041,5.042856e-5,2459,1229.5,5ef5c11-d91a027d8
0.3,0.02,8,0.0,4.0,zero,soft,3,-0.003315405142521491,-0.003315405142521491,0.00016943882613006277,13.6664864477121,5.271828e-5,5852,2926.0,5ef5c11-d91a027d8
0.3,0.02,8,0.005,0.25,zero,soft,1,0.9242735272666965,0.9242735272666965,0.9564897574199384,0.3941484915741877,0.00011610375,5852,2926.0,5ef5c11-d91a027d8
0.003,0.02,8,0.0,0.25,zero,hard,7,0.005480534091980458,0.007082583549612239,0.005480534091980458,1254.0844902057736,5.042856e-5,5852,2926.0,5ef5c11-d91a027d8
0.003,0.02,8,0.005,4.0,zero,soft,3,-0.06727266515069619,0.0270188388771398,-0.06727266515069619,173.157394126001,5.271828e-5,5852,2926.0,5ef5c11-d91a027d8
0.003,0.02,8,0.01,0.25,zero,soft,1,0.06252280270861572,0.06252280270861572,0.06718024025295781,32.67383691315605,0.00011610375,5852,2926.0,5ef5c11-d91a027d8
0.03,0.02,8,0.005,4.0,zero,soft,3,0.012767457819342232,0.0746184534693403,0.012767457819342232,17.308658548113907,5.271828e-5,5852,2926.0,5ef5c11-d91a027d8
0.03,0.02,8,0.0,0.25,zero,hard,7,0.007476983906415139,0.007679643912551283,0.007476983906415139,125.40762678133974,5.042856e-5,5852,2926.0,5ef5c11-d91a027d8
0.03,0.02,8,0.01,0.25,zero,soft,1,0.30331925600525644,0.30331925600525644,0.5319007272026811,3.3037042641381613,0.00011610375,5852,2926.0,5ef5c11-d91a027d8
0.3,0.02,8,0.005,4.0,zero,soft,3,0.47821578855895625,0.47821578855895625,0.6148210302776365,1.7333084411267714,5.271828e-5,5852,2926.0,5ef5c11-d91a027d8
0.3,0.02,8,0.01,0.25,zero,soft,1,0.8764513158325,0.8764513158325,0.9013300030029027,0.5179245266850011,0.00011610375,5852,2926.0,5ef5c11-d91a027d8
0.3,0.02,8,0.0,0.25,zero,hard,7,0.013655653143822912,0.013655653143822912,0.027425665786651877,12.571369637965903,5.042856e-5,5852,2926.0,5ef5c11-d91a027d8
0.003,0.02,8,0.01,4.0,zero,soft,3,-0.07158737742274356,0.02590263475188314,-0.07158737742274356,340.778103720204,5.271828e-5,5852,2926.0,5ef5c11-d91a027d8
0.003,0.02,8,0.02,0.25,zero,soft,1,0.05525859645213427,0.05525859645213427,0.08457286151536082,66.17725413694797,0.00011610375,5852,2926.0,5ef5c11-d91a027d8
0.003,0.02,8,0.005,0.25,zero,hard,7,0.001845070134940523,0.001845070134940523,0.009680444694393471,14.973287685424657,5.042856e-5,5852,2926.0,5ef5c11-d91a027d8
0.03,0.02,8,0.01,4.0,zero,soft,3,-0.032086571922188556,0.04808447454919895,-0.032086571922188556,34.07796608865262,5.271828e-5,5852,2926.0,5ef5c11-d91a027d8
0.03,0.02,8,0.02,0.25,zero,soft,1,0.17280677377174639,0.17280677377174639,0.29324272001483515,6.626925024684999,0.00011610375,5852,2926.0,5ef5c11-d91a027d8
0.03,0.02,8,0.005,0.25,zero,hard,7,0.4755372603756126,0.4755372603756126,0.7727965353275269,1.541569064305676,5.042856e-5,5852,2926.0,5ef5c11-d91a027d8
0.3,0.02,8,0.01,4.0,zero,soft,3,0.2652718395027654,0.2652718395027654,0.324629861133512,3.4171668696866977,5.271828e-5,5852,2926.0,5ef5c11-d91a027d8
0.3,0.02,8,0.02,0.25,zero,soft,1,0.7605521551405523,0.7605521551405523,0.8560109481125762,0.7956140346759607,0.00011610375,5852,2926.0,5ef5c11-d91a027d8
0.3,0.02,8,0.005,0.25,zero,hard,7,0.937818784866809,0.937818784866809,0.9848410935690011,0.35455317482411713,5.042856e-5,5852,2926.0,5ef5c11-d91a027d8
0.003,0.02,8,0.02,4.0,zero,soft,3,-0.0700996528152167,0.016270224713411708,-0.0700996528152167,655.1033055220698,5.271828e-5,5852,2926.0,5ef5c11-d91a027d8
0.003,0.02,8,0.01,0.25,zero,hard,7,-0.0061933509605316605,-0.0061933509605316605,0.023993540153640476,31.55755608355384,5.042856e-5,5852,2926.0,5ef5c11-d91a027d8
0.003,0.02,8,0.0,1.0,zero,soft,1,-0.004524519539572439,0.0020310540290428545,-0.004524519539572439,1355.2088916128391,0.00011610375,5852,2926.0,5ef5c11-d91a027d8
0.03,0.02,8,0.02,4.0,zero,soft,3,-0.051360629337566854,0.02628170392948658,-0.051360629337566854,65.5000951781888,5.271828e-5,5852,2926.0,5ef5c11-d91a027d8
0.03,0.02,8,0.01,0.25,zero,hard,7,0.2636177002161459,0.2636177002161459,0.5536890887351746,3.202848724208523,5.042856e-5,5852,2926.0,5ef5c11-d91a027d8
0.03,0.02,8,0.0,1.0,zero,soft,1,-0.004531281273365415,0.0020310394278646427,-0.004531281273365415,135.52229201260036,0.00011610375,5852,2926.0,5ef5c11-d91a027d8
0.3,0.02,8,0.02,4.0,zero,soft,3,0.11584463165656375,0.12177579143206568,0.11584463165656375,6.56891798384234,5.271828e-5,5852,2926.0,5ef5c11-d91a027d8
0.3,0.02,8,0.01,0.25,zero,hard,7,0.8982614219982504,0.8982614219982504,0.9593643714122054,0.4702363333728842,5.042856e-5,5852,2926.0,5ef5c11-d91a027d8
0.003,0.02,8,0.0,0.0,zero,hard,4,0.6406046278434929,0.6406046278434929,0.9172589240814453,1.1227247520286285,1.708457e-5,5852,2926.0,5ef5c11-d91a027d8
0.3,0.02,8,0.0,1.0,zero,soft,1,-0.00460804008980773,0.0020310010924132755,-0.00460804008980773,13.586813023229595,0.00011610375,5852,2926.0,5ef5c11-d91a027d8
0.03,0.02,8,0.0,0.0,zero,hard,4,0.9617541381915206,0.9833597022113789,0.9617541381915206,0.18787737121899398,1.708457e-5,5852,2926.0,5ef5c11-d91a027d8
0.003,0.02,8,0.02,0.25,zero,hard,7,0.0025620503865826007,0.0025620503865826007,0.005280004793238843,59.87436747838071,5.042856e-5,5852,2926.0,5ef5c11-d91a027d8
0.3,0.02,8,0.0,0.0,zero,hard,4,0.9603830834090635,0.9892413223574565,0.9603830834090635,0.15782221744960268,1.708457e-5,5852,2926.0,5ef5c11-d91a027d8
0.003,0.02,8,0.005,1.0,zero,soft,1,0.05438152242412981,0.07551046813402493,0.05438152242412981,46.42064398323422,0.00011610375,5852,2926.0,5ef5c11-d91a027d8
0.03,0.02,8,0.02,0.25,zero,hard,7,0.1427091036950257,0.1427091036950257,0.3381031541677929,5.997118449847338,5.042856e-5,5852,2926.0,5ef5c11-d91a027d8
0.003,0.02,8,0.005,0.0,zero,hard,4,0.02117708925864509,0.03954039296855374,0.02117708925864509,20.031937236113013,1.708457e-5,5852,2926.0,5ef5c11-d91a027d8
0.03,0.02,8,0.005,1.0,zero,soft,1,0.2446799402646327,0.2446799402646327,0.40243854162494647,4.640268240503277,0.00011610375,5852,2926.0,5ef5c11-d91a027d8
0.3,0.02,8,0.02,0.25,zero,hard,7,0.8092217634129723,0.8092217634129723,0.9344953009111675,0.6955967444565859,5.042856e-5,5852,2926.0,5ef5c11-d91a027d8
0.03,0.02,8,0.005,0.0,zero,hard,4,0.10901293009819946,0.10901293009819946,0.14104704228878087,6.772309816827033,1.708457e-5,5852,2926.0,5ef5c11-d91a027d8
0.3,0.02,8,0.005,1.0,zero,soft,1,0.8844895740217833,0.8844895740217833,0.9506137464285134,0.4994339135618697,0.00011610375,5852,2926.0,5ef5c11-d91a027d8
0.3,0.02,8,0.005,0.0,zero,hard,4,0.40733531361645126,0.40733531361645126,0.655466048828799,1.952539716816281,1.708457e-5,5852,2926.0,5ef5c11-d91a027d8
0.003,0.02,8,0.0,1.0,zero,hard,7,-0.003267695512612425,-0.0004267460993057307,-0.003267695512612425,1302.3147054054998,5.042856e-5,5852,2926.0,5ef5c11-d91a027d8
0.003,0.02,8,0.01,1.0,zero,soft,1,0.036866610596679325,0.0795582252292408,0.036866610596679325,93.17488361830102,0.00011610375,5852,2926.0,5ef5c11-d91a027d8
0.003,0.02,8,0.01,0.0,zero,hard,4,-0.015809215448645466,-0.015809215448645466,0.2094173351133195,25.047313341092657,1.708457e-5,5852,2926.0,5ef5c11-d91a027d8
0.03,0.02,8,0.01,1.0,zero,soft,1,0.16819138895709115,0.16819138895709115,0.22766362268926052,9.323345614796505,0.00011610375,5852,2926.0,5ef5c11-d91a027d8
0.03,0.02,8,0.01,0.0,zero,hard,4,0.11431896373590278,0.11431896373590278,0.24814843419221755,11.030276332096767,1.708457e-5,5852,2926.0,5ef5c11-d91a027d8
0.03,0.02,8,0.0,1.0,zero,hard,7,-0.0032576585490056167,-0.0004262512723855772,-0.0032576585490056167,130.23634928575112,5.042856e-5,5852,2926.0,5ef5c11-d91a027d8
0.3,0.02,8,0.01,1.0,zero,soft,1,0.7193625820165535,0.7193625820165535,0.8936733632949756,0.9484081781698527,0.00011610375,5852,2926.0,5ef5c11-d91a027d8
0.3,0.02,8,0.01,0.0,zero,hard,4,0.34109132985955687,0.34109132985955687,0.5221710484635128,3.0010449720572376,1.708457e-5,5852,2926.0,5ef5c11-d91a027d8
0.3,0.02,8,0.0,1.0,zero,hard,7,-0.0031536211119935873,-0.0004210788899250869,-0.0031536211119935873,13.061917378537956,5.042856e-5,5852,2926.0,5ef5c11-d91a027d8
0.003,0.02,8,0.02,0.0,zero,hard,4,0.0010196525646137549,0.0687063907997085,0.0010196525646137549,3.0367531078542274,1.708457e-5,5852,2926.0,5ef5c11-d91a027d8
0.003,0.02,8,0.02,1.0,zero,soft,1,0.03638395884476612,0.06490517174242873,0.03638395884476612,181.71732900872897,0.00011610375,5852,2926.0,5ef5c11-d91a027d8
0.003,0.02,8,0.005,1.0,zero,hard,7,-0.14726320549042007,0.004073273600553488,-0.14726320549042007,42.37726265691786,5.042856e-5,5852,2926.0,5ef5c11-d91a027d8
0.03,0.02,8,0.02,0.0,zero,hard,4,0.09860865075743337,0.09860865075743337,0.10124149329962687,10.39941872182567,1.708457e-5,5852,2926.0,5ef5c11-d91a027d8
0.03,0.02,8,0.02,1.0,zero,soft,1,0.1097951591446349,0.1097951591446349,0.12697860527288557,18.169723027422506,0.00011610375,5852,2926.0,5ef5c11-d91a027d8
0.3,0.02,8,0.02,0.0,zero,hard,4,0.228399624028237,0.228399624028237,0.22988206483432447,4.165985401605572,1.708457e-5,5852,2926.0,5ef5c11-d91a027d8
0.03,0.02,8,0.005,1.0,zero,hard,7,0.19997910253880954,0.19997910253880954,0.3309550342704122,4.240243901889518,5.042856e-5,5852,2926.0,5ef5c11-d91a027d8
0.3,0.02,8,0.02,1.0,zero,soft,1,0.48225463359022047,0.48225463359022047,0.7221737732851665,1.8242551672415714,0.00011610375,5852,2926.0,5ef5c11-d91a027d8
0.3,0.02,8,0.005,1.0,zero,hard,7,0.9080851469314618,0.9080851469314618,0.9772028906112645,0.4364363896838616,5.042856e-5,5852,2926.0,5ef5c11-d91a027d8
0.003,0.02,8,0.0,0.25,zero,hard,4,-0.0035583669010763133,-0.0035583669010763133,0.007352185528020454,1295.9946978387213,1.708457e-5,5852,2926.0,5ef5c11-d91a027d8
0.003,0.02,8,0.0,4.0,zero,soft,1,-0.0026180314605756955,-0.0026180314605756955,-0.0015353551953426053,1377.4890399869744,0.00011610375,5852,2926.0,5ef5c11-d91a027d8
0.003,0.02,8,0.01,1.0,zero,hard,7,-0.17425835142059773,-0.024257030299901318,-0.17425835142059773,83.82236815428797,5.042856e-5,5852,2926.0,5ef5c11-d91a027d8
0.03,0.02,8,0.0,0.25,zero,hard,4,-0.0030320891158378284,-0.0030320891158378284,0.008517513825474943,129.61181683215128,1.708457e-5,5852,2926.0,5ef5c11-d91a027d8
0.03,0.02,8,0.0,4.0,zero,soft,1,-0.002617556028144142,-0.002617556028144142,-0.0015278485268477471,137.75397140054088,0.00011610375,5852,2926.0,5ef5c11-d91a027d8
0.03,0.02,8,0.01,1.0,zero,hard,7,0.0765665523127733,0.0765665523127733,0.08177935099063827,8.38702881061864,5.042856e-5,5852,2926.0,5ef5c11-d91a027d8
0.3,0.02,8,0.0,0.25,zero,hard,4,0.002237141291976623,0.002237141291976623,0.02017084354405264,13.00572568768205,1.708457e-5,5852,2926.0,5ef5c11-d91a027d8
0.3,0.02,8,0.01,1.0,zero,hard,7,0.7345505422965547,0.7345505422965547,0.9238213597609898,0.853895551393072,5.042856e-5,5852,2926.0,5ef5c11-d91a027d8
0.3,0.02,8,0.0,4.0,zero,soft,1,-0.0026126202826937017,-0.0026126202826937017,-0.0014516019685237756,13.813403899308966,0.00011610375,5852,2926.0,5ef5c11-d91a027d8
0.003,0.02,8,0.005,0.25,zero,hard,4,0.03913664291567333,0.03913664291567333,0.10391060326982239,16.444181241308666,1.708457e-5,5852,2926.0,5ef5c11-d91a027d8
0.003,0.02,8,0.02,1.0,zero,hard,7,-0.15400043042570996,-0.024679768121037098,-0.15400043042570996,166.67290987755308,5.042856e-5,5852,2926.0,5ef5c11-d91a027d8
0.003,0.02,8,0.005,4.0,zero,soft,1,0.0440497660170472,0.06492501744757366,0.0440497660170472,179.51407529412572,0.00011610375,5852,2926.0,5ef5c11-d91a027d8
0.03,0.02,8,0.005,0.25,zero,hard,4,0.4670612350926535,0.4670612350926535,0.6452188627811674,1.7137244919703454,1.708457e-5,5852,2926.0,5ef5c11-d91a027d8
0.03,0.02,8,0.005,4.0,zero,soft,1,0.10855650756819188,0.10855650756819188,0.14103190891345813,17.93648903262683,0.00011610375,5852,2926.0,5ef5c11-d91a027d8
0.03,0.02,8,0.02,1.0,zero,hard,7,-0.03506427281807456,0.024943145126397646,-0.03506427281807456,16.675560998344153,5.042856e-5,5852,2926.0,5ef5c11-d91a027d8
0.3,0.02,8,0.005,0.25,zero,hard,4,0.9186664932381527,0.9186664932381527,0.9341436206531143,0.4012683545498635,1.708457e-5,5852,2926.0,5ef5c11-d91a027d8
0.3,0.02,8,0.005,4.0,zero,soft,1,0.4890103134464724,0.4890103134464724,0.739642757947446,1.8029559947825475,0.00011610375,5852,2926.0,5ef5c11-d91a027d8
0.3,0.02,8,0.02,1.0,zero,hard,7,0.4630517676797782,0.4630517676797782,0.7494405382147269,1.67645118786547,5.042856e-5,5852,2926.0,5ef5c11-d91a027d8
0.003,0.02,8,0.01,0.25,zero,hard,4,0.042772810960550765,0.042772810960550765,0.07351197495949184,34.54055898266842,1.708457e-5,5852,2926.0,5ef5c11-d91a027d8
0.003,0.02,8,0.01,4.0,zero,soft,1,0.03838947913958809,0.06180539975931474,0.03838947913958809,354.1851651017162,0.00011610375,5852,2926.0,5ef5c11-d91a027d8
0.03,0.02,8,0.01,0.25,zero,hard,4,0.2738283918800055,0.2738283918800055,0.45189654441306704,3.488229714453612,1.708457e-5,5852,2926.0,5ef5c11-d91a027d8
0.003,0.02,8,0.0,4.0,zero,hard,7,-0.016901827402810182,-0.0028484035021668014,-0.016901827402810182,1312.9514637484951,5.042856e-5,5852,2926.0,5ef5c11-d91a027d8
0.03,0.02,8,0.01,4.0,zero,soft,1,0.08370917698639178,0.08370917698639178,0.08587673084178775,35.408704521702454,0.00011610375,5852,2926.0,5ef5c11-d91a027d8
0.3,0.02,8,0.01,0.25,zero,hard,4,0.8678256771225519,0.8678256771225519,0.8885667271456421,0.5410816218528076,1.708457e-5,5852,2926.0,5ef5c11-d91a027d8
0.03,0.02,8,0.0,4.0,zero,hard,7,-0.01689348885596073,-0.0028475127936973205,-0.01689348885596073,131.30248806602387,5.042856e-5,5852,2926.0,5ef5c11-d91a027d8
0.3,0.02,8,0.01,4.0,zero,soft,1,0.28966275898605803,0.28966275898605803,0.4900219509522117,3.5488501653759292,0.00011610375,5852,2926.0,5ef5c11-d91a027d8
0.003,0.02,8,0.02,0.25,zero,hard,4,0.03876079593969074,0.03876079593969074,0.04736859025777974,64.44619434688309,1.708457e-5,5852,2926.0,5ef5c11-d91a027d8
0.3,0.02,8,0.0,4.0,zero,hard,7,-0.016804917538819658,-0.0028386489632664714,-0.016804917538819658,13.170444471488528,5.042856e-5,5852,2926.0,5ef5c11-d91a027d8
0.003,0.02,8,0.02,4.0,zero,soft,1,0.04044638408641129,0.05745158617451697,0.04044638408641129,671.7291291366313,0.00011610375,5852,2926.0,5ef5c11-d91a027d8
0.03,0.02,8,0.02,0.25,zero,hard,4,0.16064920706663532,0.16064920706663532,0.21554690658047604,6.500925045929474,1.708457e-5,5852,2926.0,5ef5c11-d91a027d8
0.003,0.02,8,0.005,4.0,zero,hard,7,-0.1676379282683877,-0.012798509427643498,-0.1676379282683877,161.84380076983044,5.042856e-5,5852,2926.0,5ef5c11-d91a027d8
0.03,0.02,8,0.02,4.0,zero,soft,1,0.06338710416285323,0.06692830653274796,0.06338710416285323,67.15980801070467,0.00011610375,5852,2926.0,5ef5c11-d91a027d8
0.3,0.02,8,0.02,0.25,zero,hard,4,0.7716586566885967,0.7716586566885967,0.8506672432288104,0.7691745179861008,1.708457e-5,5852,2926.0,5ef5c11-d91a027d8
0.03,0.02,8,0.005,4.0,zero,hard,7,-0.035885149206034576,0.039594871149028314,-0.035885149206034576,16.191234270811254,5.042856e-5,5852,2926.0,5ef5c11-d91a027d8
0.3,0.02,8,0.02,4.0,zero,soft,1,0.15816617566935107,0.15816617566935107,0.2707365429068175,6.718556846580928,0.00011610375,5852,2926.0,5ef5c11-d91a027d8
0.003,0.02,8,0.0,1.0,zero,hard,4,-0.00799351410657783,0.0008425323404416708,-0.00799351410657783,1343.4912965134577,1.708457e-5,5852,2926.0,5ef5c11-d91a027d8
0.003,0.02,8,0.0,0.0,zero,hard,2,0.6330487460900566,0.6330487460900566,0.9240039473083216,1.130990964591653,9.048635e-6,5852,2926.0,5ef5c11-d91a027d8
0.3,0.02,8,0.005,4.0,zero,hard,7,0.4871225448587924,0.4871225448587924,0.7735586674660376,1.627399861414013,5.042856e-5,5852,2926.0,5ef5c11-d91a027d8
0.03,0.02,8,0.0,0.0,zero,hard,2,0.9815186410051622,0.9815186410051622,0.9864442464523048,0.1959385542206299,9.048635e-6,5852,2926.0,5ef5c11-d91a027d8
0.3,0.02,8,0.0,0.0,zero,hard,2,0.9866325603608544,0.9876719809258807,0.9866325603608544,0.16547877959055204,9.048635e-6,5852,2926.0,5ef5c11-d91a027d8
0.03,0.02,8,0.0,1.0,zero,hard,4,-0.007989007002723678,0.0008427329032935967,-0.007989007002723678,134.35236237582382,1.708457e-5,5852,2926.0,5ef5c11-d91a027d8
0.003,0.02,8,0.01,4.0,zero,hard,7,-0.17027893972634972,-0.01742856480073752,-0.17027893972634972,317.5228439969704,5.042856e-5,5852,2926.0,5ef5c11-d91a027d8
0.003,0.02,8,0.005,0.0,zero,hard,2,0.025041524034618227,0.025041524034618227,0.05780003435811416,20.986768622057603,9.048635e-6,5852,2926.0,5ef5c11-d91a027d8
0.03,0.02,8,0.01,4.0,zero,hard,7,-0.11112434288092886,0.00838032886632506,-0.11112434288092886,31.747823846126487,5.042856e-5,5852,2926.0,5ef5c11-d91a027d8
0.3,0.02,8,0.0,1.0,zero,hard,4,-0.007944666213771644,0.000844843874434408,-0.007944666213771644,13.471320055148258,1.708457e-5,5852,2926.0,5ef5c11-d91a027d8
0.03,0.02,8,0.005,0.0,zero,hard,2,0.08992170025943498,0.08992170025943498,0.2144358369898318,7.193119948442951,9.048635e-6,5852,2926.0,5ef5c11-d91a027d8
0.3,0.02,8,0.01,4.0,zero,hard,7,0.24965961393786112,0.24965961393786112,0.4641906233411157,3.1903498273687263,5.042856e-5,5852,2926.0,5ef5c11-d91a027d8
0.003,0.02,8,0.005,1.0,zero,hard,4,0.025104714083007157,0.025104714083007157,0.06871630523959443,48.33088649343975,1.708457e-5,5852,2926.0,5ef5c11-d91a027d8
0.3,0.02,8,0.005,0.0,zero,hard,2,0.4022089439313774,0.4022089439313774,0.5865135425763232,2.077574962680238,9.048635e-6,5852,2926.0,5ef5c11-d91a027d8
0.003,0.02,8,0.01,0.0,zero,hard,2,0.04078005359698983,0.04078005359698983,0.14688419280119921,18.928258236961753,9.048635e-6,5852,2926.0,5ef5c11-d91a027d8
0.03,0.02,8,0.005,1.0,zero,hard,4,0.1907682042809626,0.1907682042809626,0.33432914798642777,4.835831628308759,1.708457e-5,5852,2926.0,5ef5c11-d91a027d8
0.003,0.02,8,0.02,4.0,zero,hard,7,-0.14974446946275732,-0.00720607774346069,-0.14974446946275732,605.1064109392602,5.042856e-5,5852,2926.0,5ef5c11-d91a027d8
0.03,0.02,8,0.01,0.0,zero,hard,2,0.046954847841392144,0.046954847841392144,0.14219210597192045,9.572249583774784,9.048635e-6,5852,2926.0,5ef5c11-d91a027d8
0.3,0.02,8,0.005,1.0,zero,hard,4,0.8779366201087879,0.8779366201087879,0.9264233485910622,0.5101973936451923,1.708457e-5,5852,2926.0,5ef5c11-d91a027d8
0.03,0.02,8,0.02,4.0,zero,hard,7,-0.12132486482328544,0.00388913587556676,-0.12132486482328544,60.51383764325572,5.042856e-5,5852,2926.0,5ef5c11-d91a027d8
0.3,0.02,8,0.01,0.0,zero,hard,2,0.26363503060280863,0.26363503060280863,0.4423032276944691,3.0415732170003853,9.048635e-6,5852,2926.0,5ef5c11-d91a027d8
0.003,0.02,8,0.01,1.0,zero,hard,4,0.015754245390299987,0.015754245390299987,0.024659013315772305,94.55851346079436,1.708457e-5,5852,2926.0,5ef5c11-d91a027d8
0.3,0.02,8,0.02,4.0,zero,hard,7,0.11255904307292236,0.11255904307292236,0.15778156024280382,6.074640075101537,5.042856e-5,5852,2926.0,5ef5c11-d91a027d8
0.003,0.02,8,0.02,0.0,zero,hard,2,-0.0006611489875785935,-0.0006611489875785935,0.004822650572404748,1.5188439031347045,9.048635e-6,5852,2926.0,5ef5c11-d91a027d8
0.003,0.02,8,0.0,0.0,zero,soft,7,0.6752217117723969,0.6752217117723969,0.9750940150169872,0.9824922526317963,0.000232274,5852,2926.0,5ef5c11-d91a027d8
0.03,0.02,8,0.01,1.0,zero,hard,4,0.10071684600398283,0.10071684600398283,0.16602396894318427,9.462201690451822,1.708457e-5,5852,2926.0,5ef5c11-d91a027d8
0.03,0.02,8,0.02,0.0,zero,hard,2,0.12212739301263732,0.12281712787294356,0.12212739301263732,10.895158764644767,9.048635e-6,5852,2926.0,5ef5c11-d91a027d8
0.03,0.02,8,0.0,0.0,zero,soft,7,0.9853432043928539,0.9853432043928539,0.9917157733046851,0.17995857550471936,0.000232274,5852,2926.0,5ef5c11-d91a027d8
0.3,0.02,8,0.0,0.0,zero,soft,7,0.9881844163283864,0.9881844163283864,0.9911564908725217,0.1619671378002119,0.000232274,5852,2926.0,5ef5c11-d91a027d8
0.3,0.02,8,0.01,1.0,zero,hard,4,0.6929813113686484,0.6929813113686484,0.8300582374995896,0.9664769379829339,1.708457e-5,5852,2926.0,5ef5c11-d91a027d8
0.3,0.02,8,0.02,0.0,zero,hard,2,0.2761140379025917,0.2761140379025917,0.34730677833898627,3.9989419950376224,9.048635e-6,5852,2926.0,5ef5c11-d91a027d8
0.003,0.02,8,0.005,0.0,zero,soft,7,0.02335195585757621,0.13164386395605593,0.02335195585757621,22.902438544662246,0.000232274,5852,2926.0,5ef5c11-d91a027d8
0.003,0.02,8,0.02,1.0,zero,hard,4,0.01983739722126289,0.01983739722126289,0.03977166270649021,187.61228184227525,1.708457e-5,5852,2926.0,5ef5c11-d91a027d8
0.003,0.02,8,0.0,0.25,zero,hard,2,-0.008477226587631611,-0.008477226587631611,0.04768174305232896,1297.319643349771,9.048635e-6,5852,2926.0,5ef5c11-d91a027d8
0.03,0.02,8,0.005,0.0,zero,soft,7,0.1668593536923342,0.167240148340747,0.1668593536923342,6.03997287371868,0.000232274,5852,2926.0,5ef5c11-d91a027d8
0.03,0.02,8,0.02,1.0,zero,hard,4,0.06167642516981185,0.06167642516981185,0.10699751125431425,18.775336822443833,1.708457e-5,5852,2926.0,5ef5c11-d91a027d8
0.3,0.02,8,0.005,0.0,zero,soft,7,0.412118093505461,0.412118093505461,0.8316116414276831,1.6824690514473197,0.000232274,5852,2926.0,5ef5c11-d91a027d8
0.03,0.02,8,0.0,0.25,zero,hard,2,-0.007920801483611073,-0.007920801483611073,0.04882663834790819,129.74230061818474,9.048635e-6,5852,2926.0,5ef5c11-d91a027d8
0.003,0.02,8,0.01,0.0,zero,soft,7,0.0074244872553123455,0.0074244872553123455,0.4701879348714443,19.091030191612575,0.000232274,5852,2926.0,5ef5c11-d91a027d8
0.3,0.02,8,0.02,1.0,zero,hard,4,0.44272353779460133,0.44272353779460133,0.6305026645400581,1.8862866205108033,1.708457e-5,5852,2926.0,5ef5c11-d91a027d8
0.3,0.02,8,0.0,0.25,zero,hard,2,-0.0023545198453454254,-0.0023545198453454254,0.06028304390658193,13.016414943716327,9.048635e-6,5852,2926.0,5ef5c11-d91a027d8
0.03,0.02,8,0.01,0.0,zero,soft,7,0.028788236768801212,0.028788236768801212,0.3473119706803762,9.942371672474279,0.000232274,5852,2926.0,5ef5c11-d91a027d8
0.003,0.02,8,0.0,4.0,zero,hard,4,-0.0014580582387654071,-0.0014580582387654071,0.014391512966329161,1360.1154156074747,1.708457e-5,5852,2926.0,5ef5c11-d91a027d8
0.3,0.02,8,0.01,0.0,zero,soft,7,0.379012732518667,0.379012732518667,0.6188668234394745,2.6335765812948155,0.000232274,5852,2926.0,5ef5c11-d91a027d8
0.003,0.02,8,0.005,0.25,zero,hard,2,0.06223180004739478,0.06223180004739478,0.07216786685638445,16.62549597829042,9.048635e-6,5852,2926.0,5ef5c11-d91a027d8
0.003,0.02,8,0.02,0.0,zero,soft,7,-0.022978633984862704,-0.022978633984862704,-0.013601037850845234,38.173826232541806,0.000232274,5852,2926.0,5ef5c11-d91a027d8
0.03,0.02,8,0.005,0.25,zero,hard,2,0.4738203100133552,0.4738203100133552,0.6094107351339326,1.7195601361312776,9.048635e-6,5852,2926.0,5ef5c11-d91a027d8
0.03,0.02,8,0.0,4.0,zero,hard,4,-0.0014574913175666878,-0.0014574913175666878,0.014387550089454644,136.01663751006103,1.708457e-5,5852,2926.0,5ef5c11-d91a027d8
0.03,0.02,8,0.02,0.0,zero,soft,7,0.02534625111830229,0.054432796290509226,0.02534625111830229,12.101938323333853,0.000232274,5852,2926.0,5ef5c11-d91a027d8
0.3,0.02,8,0.005,0.25,zero,hard,2,0.9170281871759176,0.9170281871759176,0.938466168423157,0.41096332983691125,9.048635e-6,5852,2926.0,5ef5c11-d91a027d8
0.3,0.02,8,0.02,0.0,zero,soft,7,0.2169850354035334,0.2169850354035334,0.447828208773035,3.805125192171143,0.000232274,5852,2926.0,5ef5c11-d91a027d8
0.3,0.02,8,0.0,4.0,zero,hard,4,-0.0014515149811796183,-0.0014515149811796183,0.014339935332278533,13.639153558816556,1.708457e-5,5852,2926.0,5ef5c11-d91a027d8
0.003,0.02,8,0.01,0.25,zero,hard,2,0.04311518065062857,0.04311518065062857,0.06627463496094597,32.90078430693482,9.048635e-6,5852,2926.0,5ef5c11-d91a027d8
0.003,0.02,8,0.005,4.0,zero,hard,4,0.017751861972362223,0.017751861972362223,0.02547069701325198,182.71292136151803,1.708457e-5,5852,2926.0,5ef5c11-d91a027d8
0.003,0.02,8,0.0,0.25,zero,soft,7,0.003713296637317597,0.00553884008685995,0.003713296637317597,1161.7450623193824,0.000232274,5852,2926.0,5ef5c11-d91a027d8
0.03,0.02,8,0.01,0.25,zero,hard,2,0.26354271862586626,0.26354271862586626,0.41465825307384735,3.3281822602923508,9.048635e-6,5852,2926.0,5ef5c11-d91a027d8
0.03,0.02,8,0.005,4.0,zero,hard,4,0.06169640738190645,0.06169640738190645,0.10021666648572597,18.277256023007045,1.708457e-5,5852,2926.0,5ef5c11-d91a027d8
0.03,0.02,8,0.0,0.25,zero,soft,7,0.005740551246150025,0.006178535789060665,0.005740551246150025,116.17491463877064,0.000232274,5852,2926.0,5ef5c11-d91a027d8
0.3,0.02,8,0.01,0.25,zero,hard,2,0.8715203618842126,0.8715203618842126,0.9058171018089485,0.5220735680063556,9.048635e-6,5852,2926.0,5ef5c11-d91a027d8
0.3,0.02,8,0.005,4.0,zero,hard,4,0.44942640740812606,0.44942640740812606,0.6465474255953775,1.845861645816313,1.708457e-5,5852,2926.0,5ef5c11-d91a027d8
0.003,0.02,8,0.02,0.25,zero,hard,2,0.022935032788862775,0.022935032788862775,0.06389180163378487,64.75553261243476,9.048635e-6,5852,2926.0,5ef5c11-d91a027d8
0.3,0.02,8,0.0,0.25,zero,soft,7,0.012649989371226562,0.012649989371226562,0.025906977393085586,11.653035180915522,0.000232274,5852,2926.0,5ef5c11-d91a027d8
0.003,0.02,8,0.01,4.0,zero,hard,4,0.008167275791646156,0.008167275791646156,0.03105115071722801,358.81521504949274,1.708457e-5,5852,2926.0,5ef5c11-d91a027d8
0.03,0.02,8,0.02,0.25,zero,hard,2,0.155476390854585,0.155476390854585,0.24833151749140356,6.490729131459442,9.048635e-6,5852,2926.0,5ef5c11-d91a027d8
0.003,0.02,8,0.005,0.25,zero,soft,7,-0.014267038948215315,0.06411862829565511,-0.014267038948215315,13.987861394148396,0.000232274,5852,2926.0,5ef5c11-d91a027d8
0.03,0.02,8,0.01,4.0,zero,hard,4,0.02978553396692886,0.02978553396692886,0.06833793901880326,35.88654300363849,1.708457e-5,5852,2926.0,5ef5c11-d91a027d8
0.03,0.02,8,0.005,0.25,zero,soft,7,0.5327714129170057,0.5327714129170057,0.7498558724568574,1.455894853941275,0.000232274,5852,2926.0,5ef5c11-d91a027d8
0.3,0.02,8,0.02,0.25,zero,hard,2,0.7912154162507397,0.7912154162507397,0.8394549501516683,0.7646732331351456,9.048635e-6,5852,2926.0,5ef5c11-d91a027d8
0.3,0.02,8,0.01,4.0,zero,hard,4,0.23948717088039057,0.23948717088039057,0.3963665171248688,3.6060150716502313,1.708457e-5,5852,2926.0,5ef5c11-d91a027d8
0.3,0.02,8,0.005,0.25,zero,soft,7,0.9378068391727648,0.9378068391727648,0.9804142131073503,0.35060033576307864,0.000232274,5852,2926.0,5ef5c11-d91a027d8
0.003,0.02,8,0.0,1.0,zero,hard,2,-0.0010126141662744133,0.0005548613505430845,-0.0010126141662744133,1377.5777078259382,9.048635e-6,5852,2926.0,5ef5c11-d91a027d8
0.003,0.02,8,0.02,4.0,zero,hard,4,0.003601779178513521,0.003601779178513521,0.035281207149280354,670.6571801288388,1.708457e-5,5852,2926.0,5ef5c11-d91a027d8
0.003,0.02,8,0.01,0.25,zero,soft,7,-0.061738737498779575,0.005400893991760158,-0.061738737498779575,28.465476516060107,0.000232274,5852,2926.0,5ef5c11-d91a027d8
0.03,0.02,8,0.0,1.0,zero,hard,2,-0.0010099680264112044,0.0005557934176460734,-0.0010099680264112044,137.76126090492832,9.048635e-6,5852,2926.0,5ef5c11-d91a027d8
0.03,0.02,8,0.02,4.0,zero,hard,4,0.012806232418972592,0.012806232418972592,0.0511513358334479,67.06522526730436,1.708457e-5,5852,2926.0,5ef5c11-d91a027d8
0.03,0.02,8,0.01,0.25,zero,soft,7,0.2973013574061307,0.2973013574061307,0.5365295367782635,2.8909135943599122,0.000232274,5852,2926.0,5ef5c11-d91a027d8
0.3,0.02,8,0.01,0.25,zero,soft,7,0.896295028286215,0.896295028286215,0.9542005515101158,0.47080577419157926,0.000232274,5852,2926.0,5ef5c11-d91a027d8
0.3,0.02,8,0.02,4.0,zero,hard,4,0.1078508532216483,0.1078508532216483,0.21383867488255215,6.736354328626798,1.708457e-5,5852,2926.0,5ef5c11-d91a027d8
0.3,0.02,8,0.0,1.0,zero,hard,2,-0.0009841768226851848,0.0005645557863878059,-0.0009841768226851848,13.811591008031362,9.048635e-6,5852,2926.0,5ef5c11-d91a027d8
0.003,0.02,8,0.0,0.0,zero,soft,4,0.6392286097892471,0.6392286097892471,0.8978930027487233,1.116289656833153,3.2716056e-5,5852,2926.0,5ef5c11-d91a027d8
0.003,0.02,8,0.02,0.25,zero,soft,7,-0.024699976926003512,-0.024699976926003512,-0.023126139284754772,56.07842577417055,0.000232274,5852,2926.0,5ef5c11-d91a027d8
0.003,0.02,8,0.005,1.0,zero,hard,2,0.0455037534182445,0.0455037534182445,0.05566771548874607,46.24987371864002,9.048635e-6,5852,2926.0,5ef5c11-d91a027d8
0.03,0.02,8,0.0,0.0,zero,soft,4,0.9454627356851141,0.9806222130710146,0.9454627356851141,0.20379685790436075,3.2716056e-5,5852,2926.0,5ef5c11-d91a027d8
0.3,0.02,8,0.0,0.0,zero,soft,4,0.9426408394934417,0.9864738820405528,0.9426408394934417,0.17761297459768194,3.2716056e-5,5852,2926.0,5ef5c11-d91a027d8
0.03,0.02,8,0.02,0.25,zero,soft,7,0.12021591703652437,0.12021591703652437,0.2895023745660764,5.618396241257884,0.000232274,5852,2926.0,5ef5c11-d91a027d8
0.03,0.02,8,0.005,1.0,zero,hard,2,0.21793734132768988,0.21793734132768988,0.3250454065369202,4.633018473635646,9.048635e-6,5852,2926.0,5ef5c11-d91a027d8
0.003,0.02,8,0.005,0.0,zero,soft,4,0.032291328576041306,0.032291328576041306,0.04851090773246328,27.718842685673398,3.2716056e-5,5852,2926.0,5ef5c11-d91a027d8
0.3,0.02,8,0.02,0.25,zero,soft,7,0.7985923947274172,0.7985923947274172,0.8967955271275088,0.6804618809500939,0.000232274,5852,2926.0,5ef5c11-d91a027d8
0.3,0.02,8,0.005,1.0,zero,hard,2,0.8848738321978799,0.8848738321978799,0.9453329481842176,0.49591887067548257,9.048635e-6,5852,2926.0,5ef5c11-d91a027d8
0.03,0.02,8,0.005,0.0,zero,soft,4,0.07102397000279065,0.07102397000279065,0.16426727336029973,6.482610079594703,3.2716056e-5,5852,2926.0,5ef5c11-d91a027d8
0.3,0.02,8,0.005,0.0,zero,soft,4,0.41200659224831443,0.41200659224831443,0.6610957532650827,1.956801402829849,3.2716056e-5,5852,2926.0,5ef5c11-d91a027d8
0.003,0.02,8,0.01,1.0,zero,hard,2,0.027776502572227108,0.036457732290468836,0.027776502572227108,92.48589539807104,9.048635e-6,5852,2926.0,5ef5c11-d91a027d8
0.003,0.02,8,0.0,1.0,zero,soft,7,-0.0015999587104218455,-0.00017937323979125164,-0.0015999587104218455,1205.8503244493254,0.000232274,5852,2926.0,5ef5c11-d91a027d8
0.003,0.02,8,0.01,0.0,zero,soft,4,0.02256725115386877,0.02475568104861703,0.02256725115386877,31.368591891534965,3.2716056e-5,5852,2926.0,5ef5c11-d91a027d8
0.03,0.02,8,0.01,1.0,zero,hard,2,0.12359919554262114,0.12359919554262114,0.16755647756126385,9.251810878355894,9.048635e-6,5852,2926.0,5ef5c11-d91a027d8
0.03,0.02,8,0.0,1.0,zero,soft,7,-0.0015837430116354828,-0.00017883660233194903,-0.0015837430116354828,120.5894228183808,0.000232274,5852,2926.0,5ef5c11-d91a027d8
0.03,0.02,8,0.01,0.0,zero,soft,4,0.10276209005838195,0.10276209005838195,0.11221325536063335,10.871548563490034,3.2716056e-5,5852,2926.0,5ef5c11-d91a027d8
0.3,0.02,8,0.01,1.0,zero,hard,2,0.7053618754630799,0.7053618754630799,0.845189267416068,0.9468813116525681,9.048635e-6,5852,2926.0,5ef5c11-d91a027d8
0.3,0.02,8,0.01,0.0,zero,soft,4,0.27191745871086587,0.27191745871086587,0.3572525860659219,3.0751275886029794,3.2716056e-5,5852,2926.0,5ef5c11-d91a027d8
0.3,0.02,8,0.0,1.0,zero,soft,7,-0.0014263838477274818,-0.00017248117499397652,-0.0014263838477274818,12.100157044611734,0.000232274,5852,2926.0,5ef5c11-d91a027d8
0.003,0.02,8,0.02,1.0,zero,hard,2,0.009235433307122556,0.03737119266923229,0.009235433307122556,182.76540249816316,9.048635e-6,5852,2926.0,5ef5c11-d91a027d8
0.003,0.02,8,0.02,0.0,zero,soft,4,0.01141453317958093,0.022584472316244532,0.01141453317958093,91.44618857114178,3.2716056e-5,5852,2926.0,5ef5c11-d91a027d8
0.003,0.02,8,0.005,1.0,zero,soft,7,-0.148130245769761,0.007814571173268977,-0.148130245769761,38.60511352961126,0.000232274,5852,2926.0,5ef5c11-d91a027d8
0.03,0.02,8,0.02,0.0,zero,soft,4,0.083643679731619,0.083643679731619,0.2677542046879426,16.160345179238437,3.2716056e-5,5852,2926.0,5ef5c11-d91a027d8
0.03,0.02,8,0.02,1.0,zero,hard,2,0.07767287344324778,0.08221018717723941,0.07767287344324778,18.290532041805236,9.048635e-6,5852,2926.0,5ef5c11-d91a027d8
0.03,0.02,8,0.005,1.0,zero,soft,7,0.21759411668348455,0.21759411668348455,0.3427099448880653,3.85529723437435,0.000232274,5852,2926.0,5ef5c11-d91a027d8
0.3,0.02,8,0.02,0.0,zero,soft,4,0.1502378587267061,0.1502378587267061,0.3318694463850888,4.081443073499948,3.2716056e-5,5852,2926.0,5ef5c11-d91a027d8
0.3,0.02,8,0.02,1.0,zero,hard,2,0.4634564860404286,0.4634564860404286,0.6168952712007186,1.851371254826368,9.048635e-6,5852,2926.0,5ef5c11-d91a027d8
0.3,0.02,8,0.005,1.0,zero,soft,7,0.9136736485842764,0.9136736485842764,0.9718866552607158,0.4182466025798262,0.000232274,5852,2926.0,5ef5c11-d91a027d8
0.003,0.02,8,0.0,0.25,zero,soft,4,-0.005317826378313053,-0.005317826378313053,0.0077749251404016975,1287.4838653879274,3.2716056e-5,5852,2926.0,5ef5c11-d91a027d8
0.003,0.02,8,0.0,4.0,zero,hard,2,0.0009388131452671505,0.0009388131452671505,0.0030872273488005875,1368.299740132085,9.048635e-6,5852,2926.0,5ef5c11-d91a027d8
0.003,0.02,8,0.01,1.0,zero,soft,7,-0.152732601216587,-0.004503182384485013,-0.152732601216587,77.22092133295877,0.000232274,5852,2926.0,5ef5c11-d91a027d8
0.03,0.02,8,0.0,0.25,zero,soft,4,-0.004795746368733768,-0.004795746368733768,0.008879126970668104,128.76112558401107,3.2716056e-5,5852,2926.0,5ef5c11-d91a027d8
0.03,0.02,8,0.01,1.0,zero,soft,7,0.09533228454283547,0.09991285620700925,0.09533228454283547,7.724212064019643,0.000232274,5852,2926.0,5ef5c11-d91a027d8
0.03,0.02,8,0.0,4.0,zero,hard,2,0.0009390977989697325,0.0009390977989697325,0.003088209133052103,136.83307568689898,9.048635e-6,5852,2926.0,5ef5c11-d91a027d8
0.3,0.02,8,0.0,0.25,zero,soft,4,0.0004309215908148159,0.0004309215908148159,0.01993025928330625,12.921361033015756,3.2716056e-5,5852,2926.0,5ef5c11-d91a027d8
0.3,0.02,8,0.01,1.0,zero,soft,7,0.7536288151840516,0.7536288151840516,0.9199334415403886,0.7960324464466838,0.000232274,5852,2926.0,5ef5c11-d91a027d8
0.3,0.02,8,0.0,4.0,zero,hard,2,0.0009418083827910184,0.0009418083827910184,0.003101858696488467,13.71863322640364,9.048635e-6,5852,2926.0,5ef5c11-d91a027d8
0.003,0.02,8,0.005,0.25,zero,soft,4,0.06662633424732044,0.06662633424732044,0.0900610390160267,16.272916486869494,3.2716056e-5,5852,2926.0,5ef5c11-d91a027d8
0.003,0.02,8,0.02,1.0,zero,soft,7,-0.17862903759626012,0.005780146331203703,-0.17862903759626012,153.94275895448308,0.000232274,5852,2926.0,5ef5c11-d91a027d8
0.003,0.02,8,0.005,4.0,zero,hard,2,0.02494454319694404,0.02494454319694404,0.026686517559346017,175.80812953829522,9.048635e-6,5852,2926.0,5ef5c11-d91a027d8
0.03,0.02,8,0.005,0.25,zero,soft,4,0.47220068100449786,0.47220068100449786,0.5920533398085099,1.7052503473863652,3.2716056e-5,5852,2926.0,5ef5c11-d91a027d8
0.03,0.02,8,0.02,1.0,zero,soft,7,-0.06305608918988793,0.05837931331477011,-0.06305608918988793,15.404015386185762,0.000232274,5852,2926.0,5ef5c11-d91a027d8
0.03,0.02,8,0.005,4.0,zero,hard,2,0.07092732937536911,0.07092732937536911,0.10138642616165566,17.582239319503945,9.048635e-6,5852,2926.0,5ef5c11-d91a027d8
0.3,0.02,8,0.005,0.25,zero,soft,4,0.9178023797072128,0.9178023797072128,0.9317799533962517,0.4051950070126728,3.2716056e-5,5852,2926.0,5ef5c11-d91a027d8
0.3,0.02,8,0.02,1.0,zero,soft,7,0.5069710092249546,0.5069710092249546,0.7473262829294869,1.5502616424998898,0.000232274,5852,2926.0,5ef5c11-d91a027d8
0.3,0.02,8,0.005,4.0,zero,hard,2,0.46884595354144565,0.46884595354144565,0.6456654297366008,1.778209627008606,9.048635e-6,5852,2926.0,5ef5c11-d91a027d8
0.003,0.02,8,0.01,0.25,zero,soft,4,0.05712600478863548,0.05712600478863548,0.05769772206979336,34.144378154761974,3.2716056e-5,5852,2926.0,5ef5c11-d91a027d8
0.003,0.02,8,0.0,4.0,zero,soft,7,-0.015650038511820747,-0.002735574031615038,-0.015650038511820747,1215.9230452356503,0.000232274,5852,2926.0,5ef5c11-d91a027d8
0.03,0.02,8,0.01,0.25,zero,soft,4,0.27149427670462717,0.27149427670462717,0.305910309081991,3.442582174933866,3.2716056e-5,5852,2926.0,5ef5c11-d91a027d8
0.003,0.02,8,0.01,4.0,zero,hard,2,0.015078281297144084,0.017088755684171248,0.015078281297144084,345.84367560813297,9.048635e-6,5852,2926.0,5ef5c11-d91a027d8
0.3,0.02,8,0.01,0.25,zero,soft,4,0.8627330339996656,0.8627330339996656,0.8650026428823421,0.5401785543228309,3.2716056e-5,5852,2926.0,5ef5c11-d91a027d8
0.03,0.02,8,0.0,4.0,zero,soft,7,-0.015640650359685208,-0.00273491819001785,-0.015640650359685208,121.59934954142386,0.000232274,5852,2926.0,5ef5c11-d91a027d8
0.03,0.02,8,0.01,4.0,zero,hard,2,0.04010849102875455,0.04010849102875455,0.0521784823547143,34.585842975523356,9.048635e-6,5852,2926.0,5ef5c11-d91a027d8
0.003,0.02,8,0.02,0.25,zero,soft,4,0.03309954970966628,0.03309954970966628,0.08957506484613689,64.53633361633153,3.2716056e-5,5852,2926.0,5ef5c11-d91a027d8
0.3,0.02,8,0.01,4.0,zero,hard,2,0.2553997571893148,0.2553997571893148,0.3899736200040386,3.4820446484777903,9.048635e-6,5852,2926.0,5ef5c11-d91a027d8
0.3,0.02,8,0.0,4.0,zero,soft,7,-0.01552204579285025,-0.002728054253175206,-0.01552204579285025,12.203043219498355,0.000232274,5852,2926.0,5ef5c11-d91a027d8
0.03,0.02,8,0.02,0.25,zero,soft,4,0.15960895361802854,0.15960895361802854,0.2500825930107365,6.464533959986585,3.2716056e-5,5852,2926.0,5ef5c11-d91a027d8
0.003,0.02,8,0.02,4.0,zero,hard,2,0.009370367650754401,0.009370367650754401,0.033223581115885754,650.9409419708745,9.048635e-6,5852,2926.0,5ef5c11-d91a027d8
0.003,0.02,8,0.005,4.0,zero,soft,7,-0.16073169662756825,-0.002811561668625937,-0.16073169662756825,149.3592724479688,0.000232274,5852,2926.0,5ef5c11-d91a027d8
0.3,0.02,8,0.02,0.25,zero,soft,4,0.7595363421598926,0.7595363421598926,0.8223618358233536,0.7822802901955083,3.2716056e-5,5852,2926.0,5ef5c11-d91a027d8
0.03,0.02,8,0.005,4.0,zero,soft,7,-0.03263620057500006,0.05149160820779936,-0.03263620057500006,14.929514201303686,0.000232274,5852,2926.0,5ef5c11-d91a027d8
0.03,0.02,8,0.02,4.0,zero,hard,2,0.019151648647903707,0.019151648647903707,0.04941351264525908,65.10378076543111,9.048635e-6,5852,2926.0,5ef5c11-d91a027d8
0.003,0.02,8,0.0,1.0,zero,soft,4,-0.003733400450834252,0.0013527034024406641,-0.003733400450834252,1334.4080423280495,3.2716056e-5,5852,2926.0,5ef5c11-d91a027d8
0.3,0.02,8,0.005,4.0,zero,soft,7,0.5138581747873308,0.5138581747873308,0.7723126166031783,1.5083450680122934,0.000232274,5852,2926.0,5ef5c11-d91a027d8
0.3,0.02,8,0.02,4.0,zero,hard,2,0.11632082657947143,0.11632082657947143,0.21087629310431025,6.5399630252672285,9.048635e-6,5852,2926.0,5ef5c11-d91a027d8
0.003,0.02,8,0.0,0.0,zero,soft,2,0.6230779938859814,0.6230779938859814,0.921299336765816,1.1649178536643225,8.953138e-5,5852,2926.0,5ef5c11-d91a027d8
0.003,0.02,8,0.01,4.0,zero,soft,7,-0.1703321477481431,-0.0030969882043474983,-0.1703321477481431,294.52825558806177,0.000232274,5852,2926.0,5ef5c11-d91a027d8
0.03,0.02,8,0.0,0.0,zero,soft,2,0.9842861900417724,0.9842861900417724,0.9867303269356288,0.1820517074209124,8.953138e-5,5852,2926.0,5ef5c11-d91a027d8
0.03,0.02,8,0.0,1.0,zero,soft,4,-0.003732454645476574,0.0013528333619732302,-0.003732454645476574,133.4429993346835,3.2716056e-5,5852,2926.0,5ef5c11-d91a027d8
0.3,0.02,8,0.0,0.0,zero,soft,2,0.9879207731095659,0.9912257441865311,0.9879207731095659,0.14400106238475652,8.953138e-5,5852,2926.0,5ef5c11-d91a027d8
0.03,0.02,8,0.01,4.0,zero,soft,7,-0.10618511009275455,0.023092593112627374,-0.10618511009275455,29.46435248957572,0.000232274,5852,2926.0,5ef5c11-d91a027d8
0.003,0.02,8,0.005,0.0,zero,soft,2,0.028944368983046257,0.028944368983046257,0.12842939241013435,22.01100596487858,8.953138e-5,5852,2926.0,5ef5c11-d91a027d8
0.3,0.02,8,0.0,1.0,zero,soft,4,-0.0037214976921583647,0.0013543692315824453,-0.0037214976921583647,13.380175823285889,3.2716056e-5,5852,2926.0,5ef5c11-d91a027d8
0.3,0.02,8,0.01,4.0,zero,soft,7,0.2767763486337918,0.2767763486337918,0.45146294737925025,2.958197299716562,0.000232274,5852,2926.0,5ef5c11-d91a027d8
0.03,0.02,8,0.005,0.0,zero,soft,2,0.1017775258132294,0.1017775258132294,0.20221966738099734,6.497913053923968,8.953138e-5,5852,2926.0,5ef5c11-d91a027d8
0.003,0.02,8,0.005,1.0,zero,soft,4,0.0248664583786897,0.0248664583786897,0.04420471377356517,47.18588251797465,3.2716056e-5,5852,2926.0,5ef5c11-d91a027d8
0.3,0.02,8,0.005,0.0,zero,soft,2,0.3769565876087678,0.3769565876087678,0.5582450412172095,2.1557269680600286,8.953138e-5,5852,2926.0,5ef5c11-d91a027d8
0.003,0.02,8,0.02,4.0,zero,soft,7,-0.14985086107022416,-4.716400054863229e-5,-0.14985086107022416,559.7078328803271,0.000232274,5852,2926.0,5ef5c11-d91a027d8
0.03,0.02,8,0.005,1.0,zero,soft,4,0.1934118376299386,0.1934118376299386,0.30450143411433844,4.73440496373306,3.2716056e-5,5852,2926.0,5ef5c11-d91a027d8
0.003,0.02,8,0.01,0.0,zero,soft,2,0.011999501726340032,0.011999501726340032,0.05159130593902017,32.405573856447006,8.953138e-5,5852,2926.0,5ef5c11-d91a027d8
0.03,0.02,8,0.02,4.0,zero,soft,7,-0.1220677251625615,0.011314457019431883,-0.1220677251625615,55.97877538725289,0.000232274,5852,2926.0,5ef5c11-d91a027d8
0.3,0.02,8,0.005,1.0,zero,soft,4,0.8760028991570191,0.8760028991570191,0.9032946407318659,0.5088097481808194,3.2716056e-5,5852,2926.0,5ef5c11-d91a027d8
0.03,0.02,8,0.01,0.0,zero,soft,2,0.14263548569717752,0.14263548569717752,0.31254568460474647,9.642642767101309,8.953138e-5,5852,2926.0,5ef5c11-d91a027d8
0.3,0.02,8,0.02,4.0,zero,soft,7,0.1267278977028698,0.1267278977028698,0.1638237701659518,5.626447753109929,0.000232274,5852,2926.0,5ef5c11-d91a027d8
0.003,0.02,8,0.01,1.0,zero,soft,4,0.0014915526743426192,0.0014915526743426192,0.01776550129963633,93.9700260822252,3.2716056e-5,5852,2926.0,5ef5c11-d91a027d8
0.3,0.02,8,0.01,0.0,zero,soft,2,0.2546540494902635,0.2546540494902635,0.4488587123536239,3.3588242324694595,8.953138e-5,5852,2926.0,5ef5c11-d91a027d8
0.003,0.02,8,0.0,0.0,zero,hard,8,0.6540392975589752,0.6540392975589752,0.8608432051029414,0.9731189730419716,0.00089239184,5852,2926.0,5ef5c11-d91a027d8
0.003,0.02,8,0.02,0.0,zero,soft,2,-0.014504836157466354,-0.014504836157466354,-0.007497884389137271,50.079489603361665,8.953138e-5,5852,2926.0,5ef5c11-d91a027d8
0.03,0.02,8,0.0,0.0,zero,hard,8,0.8860218989485846,0.9321891502275027,0.8860218989485846,0.3748581545385576,0.00089239184,5852,2926.0,5ef5c11-d91a027d8
0.03,0.02,8,0.01,1.0,zero,soft,4,0.0882010515757378,0.0882010515757378,0.15075376945319807,9.411667884764217,3.2716056e-5,5852,2926.0,5ef5c11-d91a027d8
0.3,0.02,8,0.0,0.0,zero,hard,8,0.8521816387083906,0.9288245538858437,0.8521816387083906,0.383790285225314,0.00089239184,5852,2926.0,5ef5c11-d91a027d8
0.3,0.02,8,0.01,1.0,zero,soft,4,0.6827485298190065,0.6827485298190065,0.8012313624007062,0.9688793519986283,3.2716056e-5,5852,2926.0,5ef5c11-d91a027d8
0.003,0.02,8,0.005,0.0,zero,hard,8,0.04381564215651998,0.04381564215651998,0.12214016846633226,19.806595748266652,0.00089239184,5852,2926.0,5ef5c11-d91a027d8
0.003,0.02,8,0.02,1.0,zero,soft,4,0.023487283973944995,0.023487283973944995,0.03906625900319585,185.02233216347096,3.2716056e-5,5852,2926.0,5ef5c11-d91a027d8
0.03,0.02,8,0.005,0.0,zero,hard,8,0.12553036165866355,0.12553036165866355,0.21277630953119248,6.0395429977940704,0.00089239184,5852,2926.0,5ef5c11-d91a027d8
0.3,0.02,8,0.005,0.0,zero,hard,8,0.3778468185787733,0.3778468185787733,0.5748586602070335,1.7089838957470411,0.00089239184,5852,2926.0,5ef5c11-d91a027d8
0.03,0.02,8,0.02,1.0,zero,soft,4,0.06623367945065613,0.06623367945065613,0.10850983257288405,18.53291511063387,3.2716056e-5,5852,2926.0,5ef5c11-d91a027d8
0.003,0.02,8,0.01,0.0,zero,hard,8,0.026508311522785696,0.05850232712735901,0.026508311522785696,1.3339590629509919,0.00089239184,5852,2926.0,5ef5c11-d91a027d8
0.3,0.02,8,0.02,1.0,zero,soft,4,0.4420132726451647,0.4420132726451647,0.6142670229958278,1.8713465734358228,3.2716056e-5,5852,2926.0,5ef5c11-d91a027d8
0.03,0.02,8,0.01,0.0,zero,hard,8,0.10707640937181342,0.10707640937181342,0.18239480118401358,8.378741288820114,0.00089239184,5852,2926.0,5ef5c11-d91a027d8
0.003,0.02,8,0.0,4.0,zero,soft,4,-0.0015907724277429388,-0.0015907724277429388,0.015001333192772704,1351.460707945693,3.2716056e-5,5852,2926.0,5ef5c11-d91a027d8
0.3,0.02,8,0.01,0.0,zero,hard,8,0.2600463781018048,0.2600463781018048,0.4220107247843782,2.563741885869776,0.00089239184,5852,2926.0,5ef5c11-d91a027d8
0.003,0.02,8,0.02,0.0,zero,hard,8,0.057111022476370406,0.057111022476370406,0.06364681750885433,1.3459512371755065,0.00089239184,5852,2926.0,5ef5c11-d91a027d8
0.03,0.02,8,0.0,4.0,zero,soft,4,-0.0015902138560879428,-0.0015902138560879428,0.015001510771215339,135.15110834740585,3.2716056e-5,5852,2926.0,5ef5c11-d91a027d8
0.03,0.02,8,0.02,0.0,zero,hard,8,0.05222370994343646,0.05222370994343646,0.2045334600840108,8.405729979236105,0.00089239184,5852,2926.0,5ef5c11-d91a027d8
0.3,0.02,8,0.0,4.0,zero,soft,4,-0.0015843421633360637,-0.0015843421633360637,0.014997214754204083,13.552910135989686,3.2716056e-5,5852,2926.0,5ef5c11-d91a027d8
0.3,0.02,8,0.02,0.0,zero,hard,8,0.15006070943208094,0.15006070943208094,0.2519047659395381,3.8063388256266775,0.00089239184,5852,2926.0,5ef5c11-d91a027d8
0.003,0.02,8,0.005,4.0,zero,soft,4,0.012894108589893913,0.012894108589893913,0.030419862016880538,181.0717372812476,3.2716056e-5,5852,2926.0,5ef5c11-d91a027d8
0.003,0.02,8,0.0,0.25,zero,hard,8,-0.05269166228805482,0.001894518927973809,-0.05269166228805482,1102.4133673248293,0.00089239184,5852,2926.0,5ef5c11-d91a027d8
0.03,0.02,8,0.005,4.0,zero,soft,4,0.056479906136734495,0.056479906136734495,0.10146202653033246,18.114475041075572,3.2716056e-5,5852,2926.0,5ef5c11-d91a027d8
0.03,0.02,8,0.0,0.25,zero,hard,8,-0.05148760052240199,0.0024485091318002987,-0.05148760052240199,110.2444439484935,0.00089239184,5852,2926.0,5ef5c11-d91a027d8
0.3,0.02,8,0.005,4.0,zero,soft,4,0.44271279773608047,0.44271279773608047,0.6127481654478537,1.8311421190183281,3.2716056e-5,5852,2926.0,5ef5c11-d91a027d8
0.3,0.02,8,0.0,0.25,zero,hard,8,-0.03930101882641444,0.007946070025441523,-0.03930101882641444,11.065677991097505,0.00089239184,5852,2926.0,5ef5c11-d91a027d8
0.003,0.02,8,0.01,4.0,zero,soft,4,0.004941861213850706,0.004941861213850706,0.037358101795139466,354.93361438163913,3.2716056e-5,5852,2926.0,5ef5c11-d91a027d8
0.003,0.02,8,0.005,0.25,zero,hard,8,0.04360648596207754,0.04360648596207754,0.06602093910280972,13.95851184294989,0.00089239184,5852,2926.0,5ef5c11-d91a027d8
0.03,0.02,8,0.01,4.0,zero,soft,4,0.026343858377907214,0.026343858377907214,0.07125637087468002,35.510260191633755,3.2716056e-5,5852,2926.0,5ef5c11-d91a027d8
0.03,0.02,8,0.005,0.25,zero,hard,8,0.46043781359234814,0.46043781359234814,0.6229457916527197,1.4805183592082323,0.00089239184,5852,2926.0,5ef5c11-d91a027d8
0.3,0.02,8,0.01,4.0,zero,soft,4,0.2327730422938338,0.2327730422938338,0.3782550046858709,3.584004041018372,3.2716056e-5,5852,2926.0,5ef5c11-d91a027d8
0.3,0.02,8,0.005,0.25,zero,hard,8,0.8502340483794074,0.8647071901246396,0.8502340483794074,0.5026391325502616,0.00089239184,5852,2926.0,5ef5c11-d91a027d8
0.003,0.02,8,0.02,4.0,zero,soft,4,-0.003889079889308588,-0.003889079889308588,0.03811090362733243,666.403426902476,3.2716056e-5,5852,2926.0,5ef5c11-d91a027d8
0.003,0.02,8,0.01,0.25,zero,hard,8,-0.015712369605078238,-0.015712369605078238,0.0033023552154461044,28.635695456027197,0.00089239184,5852,2926.0,5ef5c11-d91a027d8
0.03,0.02,8,0.02,4.0,zero,soft,4,0.005665883150317672,0.005665883150317672,0.053308948865947316,66.6600848755074,3.2716056e-5,5852,2926.0,5ef5c11-d91a027d8
0.03,0.02,8,0.01,0.25,zero,hard,8,0.21716028753258218,0.21716028753258218,0.3729922010688782,2.9095335633064017,0.00089239184,5852,2926.0,5ef5c11-d91a027d8
0.3,0.02,8,0.02,4.0,zero,soft,4,0.1006850324998974,0.1006850324998974,0.206243566956457,6.692153175893623,3.2716056e-5,5852,2926.0,5ef5c11-d91a027d8
0.003,0.02,8,0.0,0.0,zero,hard,5,0.6665438995577206,0.6665438995577206,0.9645499963475761,1.065708323781115,0.00036867431,5852,2926.0,5ef5c11-d91a027d8
0.3,0.02,8,0.01,0.25,zero,hard,8,0.8145789702509248,0.8145789702509248,0.821894931344198,0.5879512712935671,0.00089239184,5852,2926.0,5ef5c11-d91a027d8
0.03,0.02,8,0.0,0.0,zero,hard,5,0.9883864763500104,0.9883864763500104,0.9912778705044305,0.15907490129759405,0.00036867431,5852,2926.0,5ef5c11-d91a027d8
0.3,0.02,8,0.0,0.0,zero,hard,5,0.9913520789154677,0.9935153934121986,0.9913520789154677,0.12754111008096172,0.00036867431,5852,2926.0,5ef5c11-d91a027d8
0.003,0.02,8,0.02,0.25,zero,hard,8,-0.07092075653387031,0.012906038152978982,-0.07092075653387031,57.46922399629389,0.00089239184,5852,2926.0,5ef5c11-d91a027d8
0.003,0.02,8,0.005,0.0,zero,hard,5,-0.2031984035182417,0.03504377514870178,-0.2031984035182417,19.02946254248047,0.00036867431,5852,2926.0,5ef5c11-d91a027d8
0.03,0.02,8,0.02,0.25,zero,hard,8,0.13197494372144267,0.13393024566368092,0.13197494372144267,5.729351512983764,0.00089239184,5852,2926.0,5ef5c11-d91a027d8
0.03,0.02,8,0.005,0.0,zero,hard,5,0.23342319686739435,0.23342319686739435,0.3253324048743976,7.061954078888221,0.00036867431,5852,2926.0,5ef5c11-d91a027d8
0.3,0.02,8,0.02,0.25,zero,hard,8,0.7094855481538731,0.7094855481538731,0.7652390827214287,0.7706524891171427,0.00089239184,5852,2926.0,5ef5c11-d91a027d8
0.3,0.02,8,0.005,0.0,zero,hard,5,0.4512740553594052,0.4512740553594052,0.6843898751208513,1.8776499340295258,0.00036867431,5852,2926.0,5ef5c11-d91a027d8
0.003,0.02,8,0.01,0.0,zero,hard,5,0.0014698597313756918,0.008463309807743931,0.0014698597313756918,20.48648793446639,0.00036867431,5852,2926.0,5ef5c11-d91a027d8
0.003,0.02,8,0.0,1.0,zero,hard,8,-0.0010976927340185416,-0.0010976927340185416,0.0050050575000852955,1162.5120980636975,0.00089239184,5852,2926.0,5ef5c11-d91a027d8
0.03,0.02,8,0.01,0.0,zero,hard,5,0.09926910635596499,0.09926910635596499,0.284490662859261,8.094967665327534,0.00036867431,5852,2926.0,5ef5c11-d91a027d8
0.03,0.02,8,0.0,1.0,zero,hard,8,-0.0010936323663792936,-0.0010936323663792936,0.005019812994750735,116.25597476411134,0.00089239184,5852,2926.0,5ef5c11-d91a027d8
0.3,0.02,8,0.01,0.0,zero,hard,5,0.2870784933763334,0.2870784933763334,0.7086388602251587,2.5777985632997504,0.00036867431,5852,2926.0,5ef5c11-d91a027d8
0.003,0.02,8,0.02,0.0,zero,hard,5,0.010727871613589667,0.010727871613589667,0.0225762001667794,56.29826910371177,0.00036867431,5852,2926.0,5ef5c11-d91a027d8
0.3,0.02,8,0.0,1.0,zero,hard,8,-0.001050049619813942,-0.001050049619813942,0.00515918867377709,11.669136081076848,0.00089239184,5852,2926.0,5ef5c11-d91a027d8
0.03,0.02,8,0.02,0.0,zero,hard,5,-0.021051865933344596,0.03012876999950123,-0.021051865933344596,12.675840741232298,0.00036867431,5852,2926.0,5ef5c11-d91a027d8
0.003,0.02,8,0.005,1.0,zero,hard,8,-0.03288153705999477,0.023363503710674607,-0.03288153705999477,39.6709479238646,0.00089239184,5852,2926.0,5ef5c11-d91a027d8
0.3,0.02,8,0.02,0.0,zero,hard,5,0.16495340345114737,0.16495340345114737,0.3357942337125563,4.136855667267693,0.00036867431,5852,2926.0,5ef5c11-d91a027d8
0.03,0.02,8,0.005,1.0,zero,hard,8,0.19601443499812007,0.19601443499812007,0.24795268692023364,3.95766234481091,0.00089239184,5852,2926.0,5ef5c11-d91a027d8
0.003,0.02,8,0.0,0.25,zero,hard,5,-0.008555409936101621,-0.008555409936101621,-0.004753598171272279,1223.9364363544987,0.00036867431,5852,2926.0,5ef5c11-d91a027d8
0.3,0.02,8,0.005,1.0,zero,hard,8,0.8324539975992967,0.8497762101371832,0.8324539975992967,0.5304072185025136,0.00089239184,5852,2926.0,5ef5c11-d91a027d8
0.003,0.02,8,0.01,1.0,zero,hard,8,-0.035761063665898894,0.018766521849875824,-0.035761063665898894,78.77412350379,0.00089239184,5852,2926.0,5ef5c11-d91a027d8
0.03,0.02,8,0.0,0.25,zero,hard,5,-0.007993256459642313,-0.007993256459642313,-0.002945056194525158,122.40394159020565,0.00036867431,5852,2926.0,5ef5c11-d91a027d8
0.03,0.02,8,0.01,1.0,zero,hard,8,0.09835957931507694,0.10616195798734503,0.09835957931507694,7.870065883984318,0.00089239184,5852,2926.0,5ef5c11-d91a027d8
0.3,0.02,8,0.0,0.25,zero,hard,5,-0.002368716579752458,-0.002368716579752458,0.015120632099834257,12.283627309221254,0.00036867431,5852,2926.0,5ef5c11-d91a027d8
0.3,0.02,8,0.01,1.0,zero,hard,8,0.6828373164165599,0.6828373164165599,0.7776403322871339,0.8560048130337266,0.00089239184,5852,2926.0,5ef5c11-d91a027d8
0.003,0.02,8,0.005,0.25,zero,hard,5,0.03279606688866539,0.03279606688866539,0.05669341484251896,15.471973113258791,0.00036867431,5852,2926.0,5ef5c11-d91a027d8
0.003,0.02,8,0.02,1.0,zero,hard,8,-0.04947427003034672,-0.004391275325657326,-0.04947427003034672,156.92920559946663,0.00089239184,5852,2926.0,5ef5c11-d91a027d8
0.03,0.02,8,0.005,0.25,zero,hard,5,0.49753113192636933,0.49753113192636933,0.7610801504846737,1.5892830113138923,0.00036867431,5852,2926.0,5ef5c11-d91a027d8
0.03,0.02,8,0.02,1.0,zero,hard,8,0.02518962000882517,0.03779607350628936,0.02518962000882517,15.644036913901713,0.00089239184,5852,2926.0,5ef5c11-d91a027d8
0.3,0.02,8,0.005,0.25,zero,hard,5,0.9372776245136544,0.9372776245136544,0.9764073476129044,0.3544785993223372,0.00036867431,5852,2926.0,5ef5c11-d91a027d8
0.003,0.02,8,0.01,0.25,zero,hard,5,-0.003933573080483097,-0.003933573080483097,0.09281606559180912,29.97520715927988,0.00036867431,5852,2926.0,5ef5c11-d91a027d8
0.3,0.02,8,0.02,1.0,zero,hard,8,0.424788641481642,0.424788641481642,0.5938444612244362,1.5996310180952245,0.00089239184,5852,2926.0,5ef5c11-d91a027d8
0.03,0.02,8,0.01,0.25,zero,hard,5,0.25254167193207216,0.25254167193207216,0.6058360698880114,3.0108586558273682,0.00036867431,5852,2926.0,5ef5c11-d91a027d8
0.003,0.02,8,0.0,4.0,zero,hard,8,-0.001879819887405304,-0.001879819887405304,0.015205302230244848,1166.8107382630328,0.00089239184,5852,2926.0,5ef5c11-d91a027d8
0.3,0.02,8,0.01,0.25,zero,hard,5,0.8921004812396447,0.8921004812396447,0.9638996079410489,0.4653369575061983,0.00036867431,5852,2926.0,5ef5c11-d91a027d8
0.03,0.02,8,0.0,4.0,zero,hard,8,-0.0018800834041719726,-0.0018800834041719726,0.015205226205701564,116.686937226894,0.00089239184,5852,2926.0,5ef5c11-d91a027d8
0.003,0.02,8,0.02,0.25,zero,hard,5,-0.03880885144461676,-0.03880885144461676,0.01729545845005355,59.069521953437,0.00036867431,5852,2926.0,5ef5c11-d91a027d8
0.3,0.02,8,0.0,4.0,zero,hard,8,-0.0018844293010978062,-0.0018844293010978062,0.015204431056756257,11.712471247072683,0.00089239184,5852,2926.0,5ef5c11-d91a027d8
0.03,0.02,8,0.02,0.25,zero,hard,5,0.09649235350882036,0.09649235350882036,0.3140350778183534,5.947457995137583,0.00036867431,5852,2926.0,5ef5c11-d91a027d8
0.003,0.02,8,0.005,4.0,zero,hard,8,-0.05682375678471931,0.005822004918320062,-0.05682375678471931,150.6592971757496,0.00089239184,5852,2926.0,5ef5c11-d91a027d8
0.3,0.02,8,0.02,0.25,zero,hard,5,0.7795520681745952,0.7795520681745952,0.9348059615201046,0.7109425279561871,0.00036867431,5852,2926.0,5ef5c11-d91a027d8
0.03,0.02,8,0.005,4.0,zero,hard,8,0.018058283766913322,0.05071176818073939,0.018058283766913322,15.049564556709647,0.00089239184,5852,2926.0,5ef5c11-d91a027d8
0.003,0.02,8,0.0,1.0,zero,hard,5,-0.0043233885748282085,-0.001496408965398879,-0.0043233885748282085,1279.3090650321542,0.00036867431,5852,2926.0,5ef5c11-d91a027d8
0.3,0.02,8,0.005,4.0,zero,hard,8,0.4470247866987481,0.4470247866987481,0.5952936041441161,1.537281999532108,0.00089239184,5852,2926.0,5ef5c11-d91a027d8
0.03,0.02,8,0.0,1.0,zero,hard,5,-0.004315458811741609,-0.0014972242024608143,-0.004315458811741609,127.93549142550066,0.00036867431,5852,2926.0,5ef5c11-d91a027d8
0.003,0.02,8,0.01,4.0,zero,hard,8,-0.07236319253466228,0.009399224713368745,-0.07236319253466228,299.1027630334435,0.00089239184,5852,2926.0,5ef5c11-d91a027d8
0.3,0.02,8,0.0,1.0,zero,hard,5,-0.004233919562732305,-0.0015053676536772817,-0.004233919562732305,12.833331288466846,0.00036867431,5852,2926.0,5ef5c11-d91a027d8
0.03,0.02,8,0.01,4.0,zero,hard,8,-0.03569551860662516,0.031199629336843095,-0.03569551860662516,29.882375603039858,0.00089239184,5852,2926.0,5ef5c11-d91a027d8
0.003,0.02,8,0.005,1.0,zero,hard,5,-0.018105412389494185,-0.018105412389494185,0.033380143944920886,41.65035306792455,0.00036867431,5852,2926.0,5ef5c11-d91a027d8
0.3,0.02,8,0.01,4.0,zero,hard,8,0.24087983572404295,0.24087983572404295,0.3211613431779624,2.999687966223417,0.00089239184,5852,2926.0,5ef5c11-d91a027d8
0.03,0.02,8,0.005,1.0,zero,hard,5,0.1828046506634048,0.1828046506634048,0.427605390183352,4.153986401424238,0.00036867431,5852,2926.0,5ef5c11-d91a027d8
0.003,0.02,8,0.02,4.0,zero,hard,8,-0.08318022041481199,0.01199386747877877,-0.08318022041481199,568.7471699784224,0.00089239184,5852,2926.0,5ef5c11-d91a027d8
0.3,0.02,8,0.005,1.0,zero,hard,5,0.9085986079530481,0.9085986079530481,0.974120647414228,0.42900257075612214,0.00036867431,5852,2926.0,5ef5c11-d91a027d8
0.03,0.02,8,0.02,4.0,zero,hard,8,-0.06573019223124338,0.021579177055986897,-0.06573019223124338,56.863803951340316,0.00089239184,5852,2926.0,5ef5c11-d91a027d8
0.003,0.02,8,0.01,1.0,zero,hard,5,-0.03286410644987637,-0.03286410644987637,0.057768221043776345,83.88245415924824,0.00036867431,5852,2926.0,5ef5c11-d91a027d8
0.3,0.02,8,0.02,4.0,zero,hard,8,0.10305210480701815,0.11475821767999031,0.10305210480701815,5.69296349413585,0.00089239184,5852,2926.0,5ef5c11-d91a027d8
0.03,0.02,8,0.01,1.0,zero,hard,5,0.06853183597000598,0.06853183597000598,0.2772088903531574,8.37725307868472,0.00036867431,5852,2926.0,5ef5c11-d91a027d8
0.003,0.02,8,0.0,0.0,zero,soft,8,0.6749260885537973,0.6749260885537973,0.912933206377584,1.0473961397890885,7.821367e-5,5852,2926.0,5ef5c11-d91a027d8
0.03,0.02,8,0.0,0.0,zero,soft,8,0.9447933377254709,0.9764451718910938,0.9447933377254709,0.22744250440647532,7.821367e-5,5852,2926.0,5ef5c11-d91a027d8
0.3,0.02,8,0.01,1.0,zero,hard,5,0.7291898977925086,0.7291898977925086,0.9286986735009465,0.8438353771622362,0.00036867431,5852,2926.0,5ef5c11-d91a027d8
0.3,0.02,8,0.0,0.0,zero,soft,8,0.946157406245489,0.9804710458596844,0.946157406245489,0.21497619667728846,7.821367e-5,5852,2926.0,5ef5c11-d91a027d8
0.003,0.02,8,0.005,0.0,zero,soft,8,0.1374061534604093,0.1374061534604093,0.2633301344578148,25.626493282926923,7.821367e-5,5852,2926.0,5ef5c11-d91a027d8
0.003,0.02,8,0.02,1.0,zero,hard,5,-0.04544168303263296,-0.04544168303263296,0.015038995621507107,167.5917145982851,0.00036867431,5852,2926.0,5ef5c11-d91a027d8
0.03,0.02,8,0.005,0.0,zero,soft,8,0.1598897484619166,0.1598897484619166,0.22498209343147565,6.448586030374283,7.821367e-5,5852,2926.0,5ef5c11-d91a027d8
0.03,0.02,8,0.02,1.0,zero,hard,5,0.0031546502744056563,0.0031546502744056563,0.12263633620474865,16.753717455952824,0.00036867431,5852,2926.0,5ef5c11-d91a027d8
0.3,0.02,8,0.005,0.0,zero,soft,8,0.4147335198783886,0.4147335198783886,0.64181545485947,1.8514811791604417,7.821367e-5,5852,2926.0,5ef5c11-d91a027d8
0.3,0.02,8,0.02,1.0,zero,hard,5,0.4404896620810355,0.4404896620810355,0.7826902399530985,1.6891799153193796,0.00036867431,5852,2926.0,5ef5c11-d91a027d8
0.003,0.02,8,0.01,0.0,zero,soft,8,-0.046582106009819504,0.029301742343302233,-0.046582106009819504,33.52387249744745,7.821367e-5,5852,2926.0,5ef5c11-d91a027d8
0.03,0.02,8,0.01,0.0,zero,soft,8,0.058830084070466936,0.058830084070466936,0.18636948846562218,7.477269007530144,7.821367e-5,5852,2926.0,5ef5c11-d91a027d8
0.003,0.02,8,0.0,4.0,zero,hard,5,-0.008983895930691137,-0.0009279965288200649,-0.008983895930691137,1279.2372525485298,0.00036867431,5852,2926.0,5ef5c11-d91a027d8
0.3,0.02,8,0.01,0.0,zero,soft,8,0.2667610097413971,0.2667610097413971,0.5319256347678584,2.878221140428612,7.821367e-5,5852,2926.0,5ef5c11-d91a027d8
0.003,0.02,8,0.02,0.0,zero,soft,8,0.02577947655262682,0.02577947655262682,0.16791448695287664,48.71416251118351,7.821367e-5,5852,2926.0,5ef5c11-d91a027d8
0.03,0.02,8,0.0,4.0,zero,hard,5,-0.008981699190238359,-0.0009283829331321325,-0.008981699190238359,127.92913535163949,0.00036867431,5852,2926.0,5ef5c11-d91a027d8
0.03,0.02,8,0.02,0.0,zero,soft,8,0.025633796431839325,0.025633796431839325,0.21563639217314834,10.67085203634245,7.821367e-5,5852,2926.0,5ef5c11-d91a027d8
0.3,0.02,8,0.0,4.0,zero,hard,5,-0.008963294121208094,-0.0009325982995051993,-0.008963294121208094,12.832363706316562,0.00036867431,5852,2926.0,5ef5c11-d91a027d8
0.3,0.02,8,0.02,0.0,zero,soft,8,0.2119693759623233,0.2119693759623233,0.3769937481169823,4.368887977461001,7.821367e-5,5852,2926.0,5ef5c11-d91a027d8
0.003,0.02,8,0.005,4.0,zero,hard,5,-0.03907349382966873,-0.03907349382966873,0.00881761394873744,159.2204122079028,0.00036867431,5852,2926.0,5ef5c11-d91a027d8
0.003,0.02,8,0.0,0.25,zero,soft,8,-0.06678630226432698,-0.0004738491748299234,-0.06678630226432698,1241.1131427338812,7.821367e-5,5852,2926.0,5ef5c11-d91a027d8
0.03,0.02,8,0.005,4.0,zero,hard,5,0.012298612137463246,0.012298612137463246,0.1246897346012218,15.928655626308386,0.00036867431,5852,2926.0,5ef5c11-d91a027d8
0.03,0.02,8,0.0,0.25,zero,soft,8,-0.06553341786714352,6.255500151243352e-5,-0.06553341786714352,124.11710159245062,7.821367e-5,5852,2926.0,5ef5c11-d91a027d8
0.3,0.02,8,0.005,4.0,zero,hard,5,0.46699555002646986,0.46699555002646986,0.7897751260118332,1.6003233791925482,0.00036867431,5852,2926.0,5ef5c11-d91a027d8
0.3,0.02,8,0.0,0.25,zero,soft,8,-0.05302208694926453,0.005423923566585342,-0.05302208694926453,12.450724286059105,7.821367e-5,5852,2926.0,5ef5c11-d91a027d8
0.003,0.02,8,0.01,4.0,zero,hard,5,-0.031018319418377828,-0.031018319418377828,0.003922670281544276,312.97854091758836,0.00036867431,5852,2926.0,5ef5c11-d91a027d8
0.003,0.02,8,0.005,0.25,zero,soft,8,-0.0010554806673370633,0.06014438922374425,-0.0010554806673370633,15.35291182081638,7.821367e-5,5852,2926.0,5ef5c11-d91a027d8
0.03,0.02,8,0.01,4.0,zero,hard,5,-0.00597666857103196,-0.00597666857103196,0.059905477854314194,31.29843905498919,0.00036867431,5852,2926.0,5ef5c11-d91a027d8
0.03,0.02,8,0.005,0.25,zero,soft,8,0.4870935694745149,0.4870935694745149,0.6150567472106889,1.5766427955799776,7.821367e-5,5852,2926.0,5ef5c11-d91a027d8
0.3,0.02,8,0.01,4.0,zero,hard,5,0.23645092540507376,0.23645092540507376,0.5275350875511943,3.1384810571832986,0.00036867431,5852,2926.0,5ef5c11-d91a027d8
0.3,0.02,8,0.005,0.25,zero,soft,8,0.9152927894504944,0.9152927894504944,0.9321004480710777,0.40502640502941406,7.821367e-5,5852,2926.0,5ef5c11-d91a027d8
0.003,0.02,8,0.02,4.0,zero,hard,5,-0.02805112857801896,-0.02805112857801896,-0.000886857541717737,591.7606610616023,0.00036867431,5852,2926.0,5ef5c11-d91a027d8
0.003,0.02,8,0.01,0.25,zero,soft,8,0.01122668789487953,0.01122668789487953,0.06811638278473925,31.54173001527976,7.821367e-5,5852,2926.0,5ef5c11-d91a027d8
0.03,0.02,8,0.02,4.0,zero,hard,5,-0.01674942744882686,-0.01674942744882686,0.024293013146711152,59.16111353532687,0.00036867431,5852,2926.0,5ef5c11-d91a027d8
0.03,0.02,8,0.01,0.25,zero,soft,8,0.24662131067539977,0.24662131067539977,0.4535804999123855,3.202432708900459,7.821367e-5,5852,2926.0,5ef5c11-d91a027d8
0.3,0.02,8,0.02,4.0,zero,hard,5,0.09221497985718373,0.09221497985718373,0.2651858853530301,5.937460420626777,0.00036867431,5852,2926.0,5ef5c11-d91a027d8
0.3,0.02,8,0.01,0.25,zero,soft,8,0.8625519935813932,0.8625519935813932,0.9193101413900482,0.521712312720752,7.821367e-5,5852,2926.0,5ef5c11-d91a027d8
0.003,0.02,8,0.0,0.0,zero,soft,5,0.665588715250914,0.665588715250914,0.952993241995335,1.0456267833298614,0.00077848433,5852,2926.0,5ef5c11-d91a027d8
0.03,0.02,8,0.0,0.0,zero,soft,5,0.9790289665010253,0.9811873988866078,0.9790289665010253,0.2062884124881348,0.00077848433,5852,2926.0,5ef5c11-d91a027d8
0.003,0.02,8,0.02,0.25,zero,soft,8,-0.06794902495311929,0.011864306929901258,-0.06794902495311929,64.11093791194139,7.821367e-5,5852,2926.0,5ef5c11-d91a027d8
0.3,0.02,8,0.0,0.0,zero,soft,5,0.979016934479491,0.9855670822909547,0.979016934479491,0.18952626834824565,0.00077848433,5852,2926.0,5ef5c11-d91a027d8
0.03,0.02,8,0.02,0.25,zero,soft,8,0.12774894279148127,0.12774894279148127,0.16322963742585261,6.429594006911002,7.821367e-5,5852,2926.0,5ef5c11-d91a027d8
0.003,0.02,8,0.005,0.0,zero,soft,5,0.04483706024463688,0.04483706024463688,0.2794092391100187,21.230662883316686,0.00077848433,5852,2926.0,5ef5c11-d91a027d8
0.3,0.02,8,0.02,0.25,zero,soft,8,0.7456785680142157,0.7456785680142157,0.8371962895070478,0.7698474821118908,7.821367e-5,5852,2926.0,5ef5c11-d91a027d8
0.03,0.02,8,0.005,0.0,zero,soft,5,0.12079234868150697,0.12079234868150697,0.41156883398218685,5.708568320830869,0.00077848433,5852,2926.0,5ef5c11-d91a027d8
0.3,0.02,8,0.005,0.0,zero,soft,5,0.4634457148999888,0.4634457148999888,0.7705634501071463,1.8332153485204798,0.00077848433,5852,2926.0,5ef5c11-d91a027d8
0.003,0.02,8,0.0,1.0,zero,soft,8,-0.0003575788162926646,-0.0003575788162926646,0.006215238102510219,1308.5555396173816,7.821367e-5,5852,2926.0,5ef5c11-d91a027d8
0.003,0.02,8,0.01,0.0,zero,soft,5,0.03930007215306582,0.03930007215306582,0.34814761862841787,15.212334235872516,0.00077848433,5852,2926.0,5ef5c11-d91a027d8
0.03,0.02,8,0.01,0.0,zero,soft,5,0.11749010029141893,0.11749010029141893,0.25058542185406363,8.168518779459177,0.00077848433,5852,2926.0,5ef5c11-d91a027d8
0.03,0.02,8,0.0,1.0,zero,soft,8,-0.00035803914968278086,-0.00035803914968278086,0.0062214425739612325,130.85930923794143,7.821367e-5,5852,2926.0,5ef5c11-d91a027d8
0.3,0.02,8,0.01,0.0,zero,soft,5,0.34868257392759544,0.34868257392759544,0.554660631610179,2.6182017125694115,0.00077848433,5852,2926.0,5ef5c11-d91a027d8
0.3,0.02,8,0.0,1.0,zero,soft,8,-0.0003626607646129067,-0.0003626607646129067,0.006281171867981699,13.12409701583614,7.821367e-5,5852,2926.0,5ef5c11-d91a027d8
0.003,0.02,8,0.02,0.0,zero,soft,5,0.05137587444046147,0.05137587444046147,0.33485429792379856,1.4363249287893725,0.00077848433,5852,2926.0,5ef5c11-d91a027d8
0.003,0.02,8,0.005,1.0,zero,soft,8,-0.04150991071465217,0.02583796455194522,-0.04150991071465217,44.685813869182525,7.821367e-5,5852,2926.0,5ef5c11-d91a027d8
0.03,0.02,8,0.02,0.0,zero,soft,5,-0.015501947925340265,-0.015501947925340265,0.27459080106673583,9.145223957873847,0.00077848433,5852,2926.0,5ef5c11-d91a027d8
0.3,0.02,8,0.02,0.0,zero,soft,5,0.12321153703197699,0.12321153703197699,0.408227653233205,3.753561222645591,0.00077848433,5852,2926.0,5ef5c11-d91a027d8
0.03,0.02,8,0.005,1.0,zero,soft,8,0.19699324649379135,0.19699324649379135,0.2653708791716493,4.4860777334317925,7.821367e-5,5852,2926.0,5ef5c11-d91a027d8
0.3,0.02,8,0.005,1.0,zero,soft,8,0.8783114909459689,0.8783114909459689,0.9244109912335037,0.4933475496497706,7.821367e-5,5852,2926.0,5ef5c11-d91a027d8
0.003,0.02,8,0.0,0.25,zero,soft,5,-0.007100482322117919,-0.006305662448107165,-0.007100482322117919,1205.9295615887934,0.00077848433,5852,2926.0,5ef5c11-d91a027d8
0.003,0.02,8,0.01,1.0,zero,soft,8,-0.07715310407073267,0.0003235402404314357,-0.07715310407073267,89.31458375847534,7.821367e-5,5852,2926.0,5ef5c11-d91a027d8
0.03,0.02,8,0.0,0.25,zero,soft,5,-0.005770912457917396,-0.005770912457917396,-0.00533767681198977,120.60077090747293,0.00077848433,5852,2926.0,5ef5c11-d91a027d8
0.03,0.02,8,0.01,1.0,zero,soft,8,0.0824304273454756,0.08836400285182826,0.0824304273454756,8.95307766297942,7.821367e-5,5852,2926.0,5ef5c11-d91a027d8
0.3,0.02,8,0.0,0.25,zero,soft,5,-0.0004266319358070216,-0.0004266319358070216,0.012277898435395986,12.102089668184858,0.00077848433,5852,2926.0,5ef5c11-d91a027d8
0.3,0.02,8,0.01,1.0,zero,soft,8,0.6863040129870696,0.6863040129870696,0.8320012359680046,0.9217083885633457,7.821367e-5,5852,2926.0,5ef5c11-d91a027d8
0.003,0.02,8,0.005,0.25,zero,soft,5,0.03572651189491944,0.03572651189491944,0.11439116077634658,15.8086170836959,0.00077848433,5852,2926.0,5ef5c11-d91a027d8
0.003,0.02,8,0.02,1.0,zero,soft,8,-0.09552912891115937,-0.01046887967061996,-0.09552912891115937,175.39940123435306,7.821367e-5,5852,2926.0,5ef5c11-d91a027d8
0.03,0.02,8,0.005,0.25,zero,soft,5,0.4771624856780204,0.4771624856780204,0.762131073458908,1.606689706197002,0.00077848433,5852,2926.0,5ef5c11-d91a027d8
0.03,0.02,8,0.02,1.0,zero,soft,8,-0.020735249605970573,0.034830039617113374,-0.020735249605970573,17.542447532793616,7.821367e-5,5852,2926.0,5ef5c11-d91a027d8
0.3,0.02,8,0.005,0.25,zero,soft,5,0.9275101871163959,0.9275101871163959,0.9681915717259982,0.3753425205539295,0.00077848433,5852,2926.0,5ef5c11-d91a027d8
0.3,0.02,8,0.02,1.0,zero,soft,8,0.4266731453305943,0.4266731453305943,0.5972836202279922,1.7734941180053023,7.821367e-5,5852,2926.0,5ef5c11-d91a027d8
0.003,0.02,8,0.01,0.25,zero,soft,5,0.04074760672610074,0.04074760672610074,0.08082961763626381,28.159510078857135,0.00077848433,5852,2926.0,5ef5c11-d91a027d8
0.03,0.02,8,0.01,0.25,zero,soft,5,0.304466215627774,0.304466215627774,0.5728753024179182,2.849234155928396,0.00077848433,5852,2926.0,5ef5c11-d91a027d8
0.003,0.02,8,0.0,4.0,zero,soft,8,-0.0028706320022947145,-0.0028706320022947145,0.01320909377823238,1313.9802171849988,7.821367e-5,5852,2926.0,5ef5c11-d91a027d8
0.3,0.02,8,0.01,0.25,zero,soft,5,0.8924849448568972,0.8924849448568972,0.9449035766180514,0.4638785562569444,0.00077848433,5852,2926.0,5ef5c11-d91a027d8
0.03,0.02,8,0.0,4.0,zero,soft,8,-0.0028701360590577154,-0.0028701360590577154,0.013212535283309852,131.4044533438348,7.821367e-5,5852,2926.0,5ef5c11-d91a027d8
0.003,0.02,8,0.02,0.25,zero,soft,5,-0.009306220381885557,-0.009306220381885557,0.003195094388651201,59.010559814406925,0.00077848433,5852,2926.0,5ef5c11-d91a027d8
0.3,0.02,8,0.0,4.0,zero,soft,8,-0.002865211107899987,-0.002865211107899987,0.013247047052007778,13.180347526832648,7.821367e-5,5852,2926.0,5ef5c11-d91a027d8
0.03,0.02,8,0.02,0.25,zero,soft,5,0.12198042188498719,0.12198042188498719,0.27510249204511417,5.918301364733901,0.00077848433,5852,2926.0,5ef5c11-d91a027d8
0.003,0.02,8,0.005,4.0,zero,soft,8,-0.08797512515033154,-0.0034979830523477625,-0.08797512515033154,169.21240259747302,7.821367e-5,5852,2926.0,5ef5c11-d91a027d8
0.3,0.02,8,0.02,0.25,zero,soft,5,0.7874295738823711,0.7874295738823711,0.9151182800145351,0.6907059662621947,0.00077848433,5852,2926.0,5ef5c11-d91a027d8
0.03,0.02,8,0.005,4.0,zero,soft,8,-0.00957995044925559,0.04171424669385036,-0.00957995044925559,16.93028389889824,7.821367e-5,5852,2926.0,5ef5c11-d91a027d8
0.003,0.02,8,0.0,1.0,zero,soft,5,-0.0033605119306723773,-0.0020980698855055167,-0.0033605119306723773,1260.1921495681954,0.00077848433,5852,2926.0,5ef5c11-d91a027d8
0.3,0.02,8,0.005,4.0,zero,soft,8,0.44442878415175263,0.44442878415175263,0.6204161714337629,1.7144019816425786,7.821367e-5,5852,2926.0,5ef5c11-d91a027d8
0.03,0.02,8,0.0,1.0,zero,soft,5,-0.003360484322032745,-0.0020984833812907836,-0.003360484322032745,126.02540586154953,0.00077848433,5852,2926.0,5ef5c11-d91a027d8
0.003,0.02,8,0.01,4.0,zero,soft,8,-0.10194986237931476,-0.003317575957892345,-0.10194986237931476,336.509652455912,7.821367e-5,5852,2926.0,5ef5c11-d91a027d8
0.03,0.02,8,0.01,4.0,zero,soft,8,-0.06286965059902236,0.018381307942675205,-0.06286965059902236,33.64490390573976,7.821367e-5,5852,2926.0,5ef5c11-d91a027d8
0.3,0.02,8,0.0,1.0,zero,soft,5,-0.0033589942033669475,-0.002102381151745942,-0.0033589942033669475,12.643408630460247,0.00077848433,5852,2926.0,5ef5c11-d91a027d8
0.003,0.02,8,0.005,1.0,zero,soft,5,-0.0025964689386456293,-0.0025964689386456293,0.03745299873360222,41.42549790936662,0.00077848433,5852,2926.0,5ef5c11-d91a027d8
0.3,0.02,8,0.01,4.0,zero,soft,8,0.232945044015639,0.232945044015639,0.3147757965883023,3.3804652068720373,7.821367e-5,5852,2926.0,5ef5c11-d91a027d8
0.03,0.02,8,0.005,1.0,zero,soft,5,0.18890739835905226,0.18890739835905226,0.4470259874088459,4.138283625570289,0.00077848433,5852,2926.0,5ef5c11-d91a027d8
0.003,0.02,8,0.02,4.0,zero,soft,8,-0.11609125303498016,0.001303525872225861,-0.11609125303498016,639.2651286638218,7.821367e-5,5852,2926.0,5ef5c11-d91a027d8
0.03,0.02,8,0.02,4.0,zero,soft,8,-0.09913622910257679,0.010253085871766909,-0.09913622910257679,63.94232696353055,7.821367e-5,5852,2926.0,5ef5c11-d91a027d8
0.3,0.02,8,0.02,4.0,zero,soft,8,0.08027977336969545,0.10499957018254402,0.08027977336969545,6.413383294455502,7.821367e-5,5852,2926.0,5ef5c11-d91a027d8
