gitrev,input,layer,neuron,chi_abs,chi_arg,h2_ratio,sign_ok
ddbaa3d,1,1,1,0.704835832118988,1.0978564023971558,0.004158315998682642,true
ddbaa3d,1,1,2,0.300620436668396,-2.0211009979248047,0.027712584121894514,true
ddbaa3d,1,1,3,0.965213418006897,-2.806192636489868,0.0038307465709897385,true
ddbaa3d,1,1,4,1.169796109199524,1.1114178895950317,0.009844359955420184,true
ddbaa3d,1,1,5,0.0362161248922348,1.9427324533462524,0.07070610110873704,true
ddbaa3d,1,1,6,3.5606863498687744,-1.8119198083877563,0.011605189519291476,true
ddbaa3d,1,1,7,0.2421787977218628,-1.3633323907852173,0.02355069521048779,true
ddbaa3d,1,1,8,0.5271403193473816,1.1485029458999634,0.009491920187049968,true
ddbaa3d,1,1,9,0.03627081960439682,1.70203697681427,0.1307243718246649,true
ddbaa3d,1,1,10,1.3840388059616089,-1.8219856023788452,0.005735739170324885,true
ddbaa3d,1,1,11,0.2998802959918976,1.773245930671692,0.004270349157668819,true
ddbaa3d,1,1,12,1.1776036024093628,1.2701917886734009,0.007547962807696143,true
ddbaa3d,1,1,13,0.878473162651062,1.2985260486602783,0.0224982878831488,true
ddbaa3d,1,1,14,0.66562420129776,-1.144863247871399,0.0032070835297024237,true
ddbaa3d,1,1,15,0.21439895033836365,1.7907724380493164,0.12108964232172904,true
ddbaa3d,1,1,16,0.46894189715385437,-1.8056933879852295,0.007600350107870447,true
ddbaa3d,1,1,17,0.5146355032920837,1.3233219385147095,0.0068047747977768745,true
ddbaa3d,1,1,18,0.3295300304889679,1.5571070909500122,0.026098429773270666,false
ddbaa3d,1,1,19,0.1811905801296234,1.1855947971343994,0.019421429049596966,true
ddbaa3d,1,1,20,0.017474766820669174,2.771188974380493,0.761229528483875,true
ddbaa3d,1,1,21,0.5015662312507629,1.5711958408355713,0.01769922620748828,true
ddbaa3d,1,1,22,0.9403690695762634,1.6056146621704102,0.009633144487704236,true
ddbaa3d,1,1,23,1.294421911239624,-2.4403672218322754,0.0009329194548024027,true
ddbaa3d,1,1,24,0.19735173881053925,1.1179213523864746,0.034167972850602885,true
ddbaa3d,1,1,25,0.31805843114852905,1.759398341178894,0.03341195511826444,true
ddbaa3d,1,1,26,0.892601728439331,1.5632076263427734,0.015488735647101121,false
ddbaa3d,1,1,27,0.007639660499989986,2.9985945224761963,0.14943487906836297,true
ddbaa3d,1,1,28,0.1263827532529831,1.1655099391937256,0.11380864698918328,true
ddbaa3d,1,1,29,0.021745217964053154,1.252884864807129,0.4448471545585952,false
ddbaa3d,1,1,30,0.5763339400291443,1.606006383895874,0.0011574236453863313,true
ddbaa3d,1,1,31,0.5103006958961487,1.7821677923202515,0.013200677384313943,true
ddbaa3d,1,1,32,0.23922015726566315,-1.6214576959609985,0.003577587406057248,false
ddbaa3d,1,1,33,0.2627289593219757,-2.3234872817993164,0.007467085470093711,true
ddbaa3d,1,1,34,0.5030557513237,1.2706108093261719,0.025378441623839215,true
ddbaa3d,1,1,35,0.14821945130825043,-1.825392723083496,0.11496917513191879,true
ddbaa3d,1,1,36,0.014287079684436321,-1.2518807649612427,0.121390933295786,true
ddbaa3d,1,1,37,0.09171386808156967,1.5552825927734375,0.022767515620091494,false
ddbaa3d,1,1,38,0.04534849897027016,-2.078352451324463,0.035978916089474004,true
ddbaa3d,1,1,39,0.8102445006370544,1.723426342010498,0.0038878142281280367,true
ddbaa3d,1,1,40,0.11284295469522476,1.1147810220718384,0.08779849163366737,true
ddbaa3d,1,1,41,0.31740230321884155,1.2925307750701904,0.049587854899986426,true
ddbaa3d,1,1,42,0.14107868075370789,-1.9432789087295532,0.13614477699276376,true
ddbaa3d,1,1,43,0.42480897903442383,1.8329123258590698,0.0010660491321730318,true
ddbaa3d,1,1,44,0.2585422992706299,-2.159431219100952,0.007865059785089518,true
ddbaa3d,1,1,45,0.6144341826438904,-2.250729560852051,0.018971708830920517,true
ddbaa3d,1,1,46,0.28636932373046875,0.3204353451728821,0.10258087243572665,true
ddbaa3d,1,1,47,0.6313785910606384,-2.063321590423584,0.02670313019959359,true
ddbaa3d,1,1,48,0.5238728523254395,0.8798994421958923,0.03323456121016784,true
ddbaa3d,1,1,49,0.5382806658744812,-2.1535420417785645,0.02580888417935364,true
ddbaa3d,1,1,50,0.1014157384634018,-1.4078915119171143,0.08402953432281868,true
ddbaa3d,1,1,51,0.3764948546886444,1.281821370124817,0.025950449815409095,true
ddbaa3d,1,1,52,0.3786260485649109,-2.0105810165405273,0.05175934753303965,true
ddbaa3d,1,1,53,0.5435607433319092,-3.102569580078125,0.00651777432082971,true
ddbaa3d,1,1,54,0.712355375289917,1.1082319021224976,0.009033169868399695,true
ddbaa3d,1,1,55,1.628667950630188,2.1068286895751953,0.018439477093718848,true
ddbaa3d,1,1,56,0.4211595952510834,-2.173675060272217,0.022669312377762135,true
ddbaa3d,1,1,57,0.8954252600669861,2.0643131732940674,0.013934414307693342,true
ddbaa3d,1,1,58,0.4138799011707306,-1.296093225479126,0.00276685459564191,true
ddbaa3d,1,1,59,0.3081326186656952,2.0617074966430664,0.014435594844482874,true
ddbaa3d,1,1,60,0.836897611618042,-1.340470790863037,0.009409123516147071,true
ddbaa3d,1,1,61,0.1694806069135666,-2.8302907943725586,0.03343711377287733,true
ddbaa3d,1,1,62,0.4385705590248108,-1.4118369817733765,0.09867533680719728,true
ddbaa3d,1,1,63,0.22834759950637817,0.8626903891563416,0.006419674808348236,true
ddbaa3d,1,1,64,0.03706642985343933,-1.954360842704773,0.06593756959838167,false
ddbaa3d,1,1,65,0.9666674137115479,1.1405470371246338,0.03297113674026642,true
ddbaa3d,1,1,66,0.23057164251804352,-2.3318090438842773,0.012893598020241316,true
ddbaa3d,1,1,67,0.7395809888839722,1.2567700147628784,0.029811120005383576,true
ddbaa3d,1,1,68,0.08489135652780533,1.7052288055419922,0.04986740192690403,true
ddbaa3d,1,1,69,0.12040860205888748,1.8496726751327515,0.03803915625356376,true
ddbaa3d,1,1,70,0.10845966637134552,-1.9839982986450195,0.010592894131155627,true
ddbaa3d,1,1,71,0.8046901226043701,1.922547459602356,0.009939500441096082,true
ddbaa3d,1,1,72,1.1301461458206177,1.3227827548980713,0.005072136092928186,true
ddbaa3d,1,1,73,0.254459023475647,1.0685218572616577,0.009062435510623516,true
ddbaa3d,1,1,74,0.14027385413646698,1.6974238157272339,0.06886415707922745,true
ddbaa3d,1,1,75,0.153582364320755,1.699975848197937,0.07431332178037318,true
ddbaa3d,1,1,76,0.19965361058712006,-1.903964877128601,0.037786562750517276,true
ddbaa3d,1,1,77,0.1770339012145996,1.522271752357483,0.12006554582012406,false
ddbaa3d,1,1,78,0.37073564529418945,1.0304590463638306,0.020779151246432426,true
ddbaa3d,1,1,79,0.18602101504802704,1.1128586530685425,0.1320143697452806,true
ddbaa3d,1,1,80,0.6562634110450745,-1.8635693788528442,0.019389697183257854,true
ddbaa3d,1,1,81,1.0925644636154175,1.2211010456085205,0.008740782453700698,true
ddbaa3d,1,1,82,0.19222591817378998,1.3757553100585938,0.011138167503523045,true
ddbaa3d,1,1,83,0.18515659868717194,1.384431004524231,0.03008975124760083,false
ddbaa3d,1,1,84,0.4088670313358307,-2.078521490097046,0.023735333709785943,true
ddbaa3d,1,1,85,0.47006556391716003,-1.5711650848388672,0.0166162139870941,false
ddbaa3d,1,1,86,1.1883758306503296,2.0973758697509766,0.008121174979453433,true
ddbaa3d,1,1,87,0.31059539318084717,-1.9278085231781006,0.0007753519734904123,true
ddbaa3d,1,1,88,0.2860252559185028,-1.6811959743499756,0.047419239972430076,true
ddbaa3d,1,1,89,0.31833332777023315,1.0654884576797485,0.019897276600539214,true
ddbaa3d,1,1,90,0.394735723733902,1.9204703569412231,0.04130586117934792,true
ddbaa3d,1,1,91,0.08757496625185013,-1.5864115953445435,0.04165849488174905,false
ddbaa3d,1,1,92,0.031246546655893326,-2.370540142059326,0.6283053087021311,true
ddbaa3d,1,1,93,0.5513436794281006,1.6921334266662598,0.012184034024766671,true
ddbaa3d,1,1,94,0.059359680861234665,0.7980908751487732,0.2573307687098785,true
ddbaa3d,1,1,95,0.2462591528892517,-2.0077590942382812,0.04781783782112397,true
ddbaa3d,1,1,96,0.25091785192489624,-1.870338797569275,0.026980122989080226,true
ddbaa3d,1,1,97,0.5734730958938599,-1.196618914604187,0.004453602668282667,true
ddbaa3d,1,1,98,0.02969406358897686,1.2846877574920654,0.151855452547344,true
ddbaa3d,1,1,99,0.7087024450302124,-1.7738056182861328,0.002794588206874418,true
ddbaa3d,1,1,100,0.34455597400665283,1.396167516708374,0.07269257649173369,true
ddbaa3d,1,1,101,0.2007117122411728,-2.6203413009643555,0.06006210960512,true
ddbaa3d,1,1,102,0.33407241106033325,-1.6020581722259521,0.025546941419014577,false
ddbaa3d,1,1,103,0.1493537873029709,-1.5225834846496582,0.009762653113405687,true
ddbaa3d,1,1,104,0.4513576030731201,1.3253347873687744,0.003497567272071373,true
ddbaa3d,1,1,105,0.297458678483963,-1.2498925924301147,0.013016536130642275,true
ddbaa3d,1,1,106,0.31283923983573914,-2.300693988800049,0.02919755761162823,true
ddbaa3d,1,1,107,0.06479956954717636,-1.7856682538986206,0.1647902164718484,false
ddbaa3d,1,1,108,1.173746943473816,1.2102463245391846,0.12503370622874857,true
ddbaa3d,1,1,109,0.7276210784912109,1.9737846851348877,0.001275359143215425,true
ddbaa3d,1,1,110,0.37249690294265747,0.8263574838638306,0.03441116261866423,true
ddbaa3d,1,1,111,0.07493835687637329,1.446150779724121,0.16139157507176338,false
ddbaa3d,1,1,112,0.17278115451335907,-1.4190289974212646,0.015304216550682799,true
ddbaa3d,1,1,113,0.3389666676521301,1.457857370376587,0.02195015797883106,true
ddbaa3d,1,1,114,0.2955988049507141,1.4374759197235107,0.06283663225338125,false
ddbaa3d,1,1,115,0.10637998580932617,1.0358197689056396,0.012116356856103901,true
ddbaa3d,1,1,116,0.358160138130188,-1.5129224061965942,0.0007979348028683976,true
ddbaa3d,1,1,117,0.5929166078567505,1.3347564935684204,0.02965076177508095,true
ddbaa3d,1,1,118,0.22336842119693756,2.0126428604125977,0.030895007111740685,true
ddbaa3d,1,1,119,0.6498170495033264,1.7123148441314697,0.01389962186027838,true
ddbaa3d,1,1,120,0.1307326853275299,-2.5418834686279297,0.09710901127303888,true
ddbaa3d,1,1,121,0.07825101912021637,-2.086839199066162,0.020511560615420414,true
ddbaa3d,1,1,122,0.10303494334220886,1.0307624340057373,0.11720013412281739,true
ddbaa3d,1,1,123,0.19733379781246185,1.242049217224121,0.01631975595957576,true
ddbaa3d,1,1,124,0.07478109747171402,1.3855974674224854,0.1183999490283352,false
ddbaa3d,1,1,125,0.5191643238067627,-1.921866536140442,0.015727658820210762,true
ddbaa3d,1,1,126,0.20286820828914642,2.0717735290527344,0.05836105244098924,true
ddbaa3d,1,1,127,0.12759551405906677,1.6266099214553833,0.07791798876300832,true
ddbaa3d,1,1,128,0.3425407111644745,-2.4898855686187744,0.028490295798789585,true
ddbaa3d,1,1,129,0.7257862091064453,1.4459805488586426,0.05193448484939071,false
ddbaa3d,1,1,130,0.28492632508277893,1.29338800907135,0.025142471017069012,true
ddbaa3d,1,1,131,0.060904718935489655,0.9564825892448425,0.07586462854638203,true
ddbaa3d,1,1,132,0.7681289315223694,-1.6271604299545288,0.0012566515187661038,false
ddbaa3d,1,1,133,0.4143170416355133,-2.755842924118042,0.0013823025915175274,true
ddbaa3d,1,1,134,0.35277506709098816,-1.5746259689331055,0.011511462951819469,false
ddbaa3d,1,1,135,0.05999968200922012,-2.0713748931884766,0.16475596549419155,false
ddbaa3d,1,1,136,0.7499616146087646,-2.3716397285461426,0.00733174903364004,true
ddbaa3d,1,1,137,0.3740656077861786,-1.8354356288909912,0.020035804167832856,false
ddbaa3d,1,1,138,0.2979249358177185,-2.4320194721221924,0.00546747504827092,true
ddbaa3d,1,1,139,0.26005539298057556,-2.095132827758789,0.03227098842758736,true
ddbaa3d,1,1,140,0.8429001569747925,-1.5222243070602417,0.022893148741174745,true
ddbaa3d,1,1,141,0.4745877981185913,1.4593069553375244,0.004411947513313428,false
ddbaa3d,1,1,142,0.05970095098018646,1.6377662420272827,0.022536935555750797,true
ddbaa3d,1,1,143,0.11046517640352249,-1.7167879343032837,0.03739999247962332,true
ddbaa3d,1,1,144,0.29638850688934326,-1.5992043018341064,0.03720523440174043,false
ddbaa3d,1,1,145,0.6894997358322144,-1.5805134773254395,0.01909764049585205,false
ddbaa3d,1,1,146,0.005474371835589409,-2.703625202178955,0.12924160845870628,true
ddbaa3d,1,1,147,0.5326818227767944,1.6343318223953247,0.028507377347537485,true
ddbaa3d,1,1,148,0.2345741093158722,0.9473178386688232,0.023060666775420305,true
ddbaa3d,1,1,149,0.03828994184732437,2.595130443572998,0.053683354756947056,true
ddbaa3d,1,1,150,1.801767110824585,1.7445400953292847,0.0018917327265444593,true
ddbaa3d,1,1,151,0.10531605035066605,-1.5445315837860107,0.03264507086912528,true
ddbaa3d,1,1,152,0.0870087519288063,-1.6044039726257324,0.07160821603345813,true
ddbaa3d,1,1,153,1.1517959833145142,0.9113779067993164,0.009423453523687987,true
ddbaa3d,1,1,154,0.35846254229545593,1.7055444717407227,0.009662824075925463,true
ddbaa3d,1,1,155,0.2231617420911789,-1.6744638681411743,0.01192873179327825,true
ddbaa3d,1,1,156,1.0301073789596558,1.9891093969345093,0.016301114913066718,true
ddbaa3d,1,1,157,0.9031091332435608,-1.5291173458099365,0.00023471463707422396,true
ddbaa3d,1,1,158,0.6039386987686157,-1.666491150856018,0.00524100194018501,false
ddbaa3d,1,1,159,0.21337579190731049,1.672812581062317,0.016141589129703485,true
ddbaa3d,1,1,160,0.5917423963546753,1.1195391416549683,0.0030839679654913127,true
ddbaa3d,1,1,161,0.19687193632125854,1.9575282335281372,0.0014728190997560372,true
ddbaa3d,1,1,162,0.15025724470615387,-2.505038261413574,0.01982489029456068,true
ddbaa3d,1,1,163,0.6535020470619202,-2.5511553287506104,0.02340794788053023,true
ddbaa3d,1,1,164,0.7421860694885254,-2.148496150970459,0.010782615212511974,true
ddbaa3d,1,1,165,0.1416967660188675,1.2084336280822754,0.05479785882147318,true
ddbaa3d,1,1,166,0.26704704761505127,1.676493763923645,0.01734726657063156,true
ddbaa3d,1,1,167,0.921576738357544,-1.3583507537841797,0.00011465292756130036,true
ddbaa3d,1,1,168,0.5925533175468445,0.9428887367248535,0.0039013317233144843,true
ddbaa3d,1,1,169,0.25049299001693726,1.3899650573730469,0.029094558098308774,true
ddbaa3d,1,1,170,0.5988126397132874,1.3897807598114014,0.03608644205606202,false
ddbaa3d,1,1,171,0.6868380904197693,1.1495460271835327,0.0060404662112562004,true
ddbaa3d,1,1,172,0.46838846802711487,-2.5519320964813232,0.0014909728790200802,true
ddbaa3d,1,1,173,0.14550970494747162,-1.7833198308944702,0.08794188852811026,true
ddbaa3d,1,1,174,0.6392641663551331,1.5020272731781006,0.05127625937837439,false
ddbaa3d,1,1,175,0.05162709206342697,-1.8433586359024048,0.12057917961355531,false
ddbaa3d,1,1,176,0.1771857887506485,0.7927221059799194,0.07875045928608126,true
ddbaa3d,1,1,177,0.4795704483985901,-1.6414040327072144,0.018203920430726026,false
ddbaa3d,1,1,178,1.3587673902511597,1.4541950225830078,0.0012536711152218599,false
ddbaa3d,1,1,179,0.19510385394096375,1.6942107677459717,0.014982503940213842,true
ddbaa3d,1,1,180,0.41697680950164795,1.278206706047058,0.0005415689649553977,true
ddbaa3d,1,1,181,0.3498101234436035,-1.2976224422454834,0.012532648594100367,true
ddbaa3d,1,1,182,0.826403021812439,-1.6254310607910156,0.0020445566170650704,false
ddbaa3d,1,1,183,0.5031615495681763,1.1527525186538696,0.015176918537845089,true
ddbaa3d,1,1,184,0.2365659475326538,1.7312417030334473,0.029441663162353065,true
ddbaa3d,1,1,185,0.9163442850112915,1.5068624019622803,0.008283264722409808,false
ddbaa3d,1,1,186,0.4150870144367218,-2.092951774597168,0.009771752911704753,true
ddbaa3d,1,1,187,0.12623707950115204,1.6935231685638428,0.06464980841342519,true
ddbaa3d,1,1,188,0.08998707681894302,-1.83260977268219,0.10065754813704182,true
ddbaa3d,1,1,189,0.14074936509132385,1.5315380096435547,0.08370266147055803,false
ddbaa3d,1,1,190,0.33901724219322205,-1.5946905612945557,0.07240868030687975,false
ddbaa3d,1,1,191,0.14094893634319305,-1.511266827583313,0.25716059323032864,false
ddbaa3d,1,1,192,0.3398762047290802,-1.060645341873169,0.02970367433382674,true
ddbaa3d,1,1,193,0.6080576181411743,-1.901694416999817,0.008222232381389664,true
ddbaa3d,1,1,194,0.31712207198143005,0.5644010901451111,0.02366477197171542,true
ddbaa3d,1,1,195,0.5520431399345398,-1.24216628074646,0.027262987277130328,true
ddbaa3d,1,1,196,0.7026332020759583,1.1298803091049194,0.024288858402733777,true
ddbaa3d,1,1,197,0.19029827415943146,1.1533410549163818,0.014744804092978138,true
ddbaa3d,1,1,198,0.3872400224208832,1.5674549341201782,0.0034209342605974516,false
ddbaa3d,1,1,199,0.06908407807350159,-1.7812788486480713,0.07182479540153325,false
ddbaa3d,1,1,200,0.23387236893177032,-1.484705924987793,0.055072973822275745,true
ddbaa3d,1,1,201,0.14009493589401245,-1.997086524963379,0.026813849183522996,true
ddbaa3d,1,1,202,2.1793339252471924,-2.2006518840789795,0.003763458117510425,true
ddbaa3d,1,1,203,0.6051338315010071,-2.0395212173461914,0.0070532382801076505,true
ddbaa3d,1,1,204,0.7294921875,0.29585760831832886,0.03474997452783138,true
ddbaa3d,1,1,205,0.6334815621376038,-1.4410386085510254,0.02394609116934544,true
ddbaa3d,1,1,206,0.48020973801612854,-1.578891396522522,0.009488848094089522,false
ddbaa3d,1,1,207,0.5150262117385864,3.0014898777008057,0.027882847116312025,true
ddbaa3d,1,1,208,0.2859645187854767,0.6310544013977051,0.036691536455524365,true
ddbaa3d,1,1,209,0.21489492058753967,-1.4945454597473145,0.059125507563298145,true
ddbaa3d,1,1,210,0.74627286195755,-2.236851930618286,0.007156878352983028,true
ddbaa3d,1,1,211,0.1519799828529358,-1.754285454750061,0.06002773598802416,false
ddbaa3d,1,1,212,0.7169075608253479,-2.0832114219665527,0.009775189337740266,true
ddbaa3d,1,1,213,0.12499520927667618,2.5689585208892822,0.009058858072503843,true
ddbaa3d,1,1,214,0.209946408867836,2.11391544342041,0.007114744142082643,true
ddbaa3d,1,1,215,0.057787347584962845,-2.9177167415618896,0.46282316474938745,true
ddbaa3d,1,1,216,1.6691778898239136,-1.551147222518921,0.0003033901795382493,true
ddbaa3d,1,1,217,0.06787709146738052,-1.5728580951690674,0.08560867693949788,true
ddbaa3d,1,1,218,0.6521292328834534,1.5297267436981201,0.025920760109325428,false
ddbaa3d,1,1,219,0.6355679035186768,1.3856748342514038,0.005128615460758919,true
ddbaa3d,1,1,220,0.29494717717170715,-1.736925482749939,0.12773687364128855,false
ddbaa3d,1,1,221,0.03578927740454674,-2.647005319595337,1.9203323454886698,false
ddbaa3d,1,1,222,0.704965353012085,1.3660969734191895,0.006009569705393158,true
ddbaa3d,1,1,223,1.1590279340744019,1.0505863428115845,0.031463692800847834,true
ddbaa3d,1,1,224,0.03422333300113678,-1.7399024963378906,0.2890068594398284,true
ddbaa3d,1,1,225,1.1536380052566528,1.7654345035552979,0.02293838615459063,true
ddbaa3d,1,1,226,0.14780627191066742,1.427498459815979,0.03993470596810541,true
ddbaa3d,1,1,227,0.1775083839893341,-2.027189254760742,0.014996392200521373,true
ddbaa3d,1,1,228,0.30145519971847534,-2.1751461029052734,0.03485935723890818,true
ddbaa3d,1,1,229,1.45792818069458,-1.4334871768951416,0.0005458386066588945,true
ddbaa3d,1,1,230,0.5730378031730652,1.548831582069397,0.008536993534362828,false
ddbaa3d,1,1,231,0.2016647607088089,-1.4495408535003662,0.016176205396492983,true
ddbaa3d,1,1,232,0.6434181928634644,0.8757874965667725,0.00563934902572228,true
ddbaa3d,1,1,233,0.7852849364280701,2.436563491821289,0.005176660682115493,true
ddbaa3d,1,1,234,0.10197839885950089,-2.0379996299743652,0.02194848664189579,true
ddbaa3d,1,1,235,0.5336926579475403,1.2855390310287476,0.04262510390750286,true
ddbaa3d,1,1,236,0.13502384722232819,-1.1183878183364868,0.02066629506791357,true
ddbaa3d,1,1,237,0.19635885953903198,-2.0518078804016113,0.023182594259726106,true
ddbaa3d,1,1,238,0.8007578253746033,1.2637420892715454,0.0038710107031812973,true
ddbaa3d,1,1,239,0.5006471872329712,0.6124848127365112,0.01378558991131103,true
ddbaa3d,1,1,240,0.19448691606521606,-1.4071846008300781,0.03915359139079403,true
ddbaa3d,1,1,241,0.7479066252708435,-1.814252257347107,0.006536831612432818,true
ddbaa3d,1,1,242,0.8065884709358215,1.8418834209442139,0.02401118547100868,true
ddbaa3d,1,1,243,0.21251286566257477,1.6105271577835083,0.02647428509784071,true
ddbaa3d,1,1,244,1.7925269603729248,-1.0316386222839355,0.0181964611533859,true
ddbaa3d,1,1,245,0.4209382236003876,-1.2109683752059937,0.03472738740839131,true
ddbaa3d,1,1,246,1.1214498281478882,1.930833339691162,0.03217262112614927,true
ddbaa3d,1,1,247,0.046385399997234344,-2.2421340942382812,0.15850108171827845,true
ddbaa3d,1,1,248,0.5798099637031555,2.542853593826294,0.011874728992679282,true
ddbaa3d,1,1,249,0.332783967256546,-2.389611005783081,0.004337243572825815,true
ddbaa3d,1,1,250,0.07730437070131302,0.6963196396827698,0.013266631215762879,true
ddbaa3d,1,1,251,0.3166157007217407,0.9120005965232849,0.011466169958470837,true
ddbaa3d,1,1,252,0.04564856365323067,-1.0198756456375122,0.07898768252966677,true
ddbaa3d,1,1,253,0.19757364690303802,1.6216355562210083,0.012830769202341392,true
ddbaa3d,1,1,254,0.6118239164352417,-1.9441739320755005,0.00660912391806406,true
ddbaa3d,1,1,255,1.4800997972488403,-1.7241264581680298,0.002066106946567717,false
ddbaa3d,1,1,256,0.3274161219596863,-1.482620120048523,0.02009620486704213,true
ddbaa3d,1,2,1,1.752718448638916,1.9110532999038696,0.0025696915688490163,true
ddbaa3d,1,2,2,0.45823001861572266,-1.4578516483306885,0.013822861522649322,true
ddbaa3d,1,2,3,2.342768430709839,1.5125150680541992,0.006312311837548338,false
ddbaa3d,1,2,4,4.989690780639648,-1.4041820764541626,0.0007120188138519983,true
ddbaa3d,1,2,5,1.1872684955596924,1.3144967555999756,0.0042139542635295036,true
ddbaa3d,1,2,6,0.5617197751998901,0.45964065194129944,0.06833993803542282,true
ddbaa3d,1,2,7,2.154815673828125,-1.7326815128326416,0.005115199736345137,true
ddbaa3d,1,2,8,0.9971591830253601,-1.5746170282363892,0.007756300806417146,false
ddbaa3d,1,2,9,2.659684658050537,1.556242823600769,0.0071924849733665626,false
ddbaa3d,1,2,10,1.8250539302825928,1.3909419775009155,0.014590658296375191,true
ddbaa3d,1,2,11,3.8058927059173584,1.4324933290481567,0.0035662685241611715,true
ddbaa3d,1,2,12,1.9213248491287231,-1.7225472927093506,0.00979305910670443,true
ddbaa3d,1,2,13,3.5552494525909424,-2.6776020526885986,0.003759248623338287,true
ddbaa3d,1,2,14,1.0685323476791382,-1.6072607040405273,0.022433144551028565,false
ddbaa3d,1,2,15,2.357720136642456,1.7446062564849854,0.0005059048593916773,true
ddbaa3d,1,2,16,1.393791675567627,1.0810096263885498,0.011583230998158394,true
ddbaa3d,1,2,17,1.9211654663085938,-1.5804357528686523,0.004111444237009603,false
ddbaa3d,1,2,18,1.0910762548446655,1.6041905879974365,0.0028951408135066596,true
ddbaa3d,1,2,19,1.784988522529602,-1.7688913345336914,0.003984169591180967,true
ddbaa3d,1,2,20,5.2786054611206055,-0.2650773823261261,0.005827446191354537,true
ddbaa3d,1,2,21,1.8845949172973633,1.0606567859649658,0.002779288085576257,true
ddbaa3d,1,2,22,0.5708746910095215,1.3685609102249146,0.0160932171208751,true
ddbaa3d,1,2,23,2.2325217723846436,1.4952112436294556,0.006965295066812618,false
ddbaa3d,1,2,24,2.0072290897369385,1.7380281686782837,0.0003565949375434215,true
ddbaa3d,1,2,25,3.9297590255737305,-2.084749698638916,0.014403373967790527,true
ddbaa3d,1,2,26,0.5644347667694092,-1.5721161365509033,0.0013726868157609726,false
ddbaa3d,1,2,27,1.3962410688400269,1.5301133394241333,0.0049365631632059676,true
ddbaa3d,1,2,28,2.1210334300994873,-1.5643564462661743,0.006575536501494617,true
ddbaa3d,1,2,29,2.9732916355133057,-1.2959060668945312,0.006092456099160213,true
ddbaa3d,1,2,30,1.9184523820877075,0.8862188458442688,0.007637766732357162,true
ddbaa3d,1,2,31,2.0413572788238525,1.8164163827896118,0.005806237085487358,true
ddbaa3d,1,2,32,0.6574013233184814,1.6800181865692139,0.05420458174197533,true
ddbaa3d,1,2,33,0.10895222425460815,1.8788820505142212,0.01867987014918637,true
ddbaa3d,1,2,34,0.9773278832435608,-1.8905904293060303,0.001663931170873097,true
ddbaa3d,1,2,35,5.471765041351318,2.136378765106201,0.026553993691396598,true
ddbaa3d,1,2,36,0.5639238953590393,1.3538117408752441,0.013872215854903561,true
ddbaa3d,1,2,37,0.8818778395652771,1.6886204481124878,0.01657425899541447,true
ddbaa3d,1,2,38,2.092233180999756,-1.8669029474258423,0.00598311803982514,true
ddbaa3d,1,2,39,2.4113612174987793,1.8399553298950195,0.0012201945179084756,true
ddbaa3d,1,2,40,1.4916706085205078,-1.6503009796142578,0.002422683906149105,true
ddbaa3d,1,2,41,3.766077995300293,-0.9007982611656189,0.005474390641384607,true
ddbaa3d,1,2,42,1.5485970973968506,-1.809280514717102,0.003547476039165013,true
ddbaa3d,1,2,43,1.4004466533660889,-1.4137932062149048,0.005737821302766697,true
ddbaa3d,1,2,44,1.90855073928833,-1.4179178476333618,0.006680589363241317,true
ddbaa3d,1,2,45,2.8718481063842773,2.1641077995300293,0.001456517668481688,true
ddbaa3d,1,2,46,2.206576347351074,-1.7088075876235962,0.006594499685144935,true
ddbaa3d,1,2,47,1.6067174673080444,1.6105753183364868,0.001884080096408825,true
ddbaa3d,1,2,48,4.313508033752441,-1.9114280939102173,0.002603399400218238,true
ddbaa3d,1,2,49,1.6635006666183472,-1.7802612781524658,0.02529282539160433,true
ddbaa3d,1,2,50,1.992165207862854,1.5868308544158936,0.0037346558910834595,true
ddbaa3d,1,2,51,1.6326968669891357,1.8268018960952759,0.01058914943676478,true
ddbaa3d,1,2,52,0.12669964134693146,-1.6287257671356201,0.02252089167530807,false
ddbaa3d,1,2,53,5.052547454833984,1.3954460620880127,0.031988518501391096,true
ddbaa3d,1,2,54,2.184725522994995,-2.024580955505371,0.009489984745568867,true
ddbaa3d,1,2,55,0.8837021589279175,1.8472164869308472,0.002341135252655088,true
ddbaa3d,1,2,56,2.0346665382385254,1.6910226345062256,0.007076307309664507,true
ddbaa3d,1,2,57,1.6215988397598267,-1.180821418762207,0.0009956931491991042,true
ddbaa3d,1,2,58,1.5911809206008911,1.656294345855713,0.004324442671908382,true
ddbaa3d,1,2,59,4.233908176422119,-1.6305824518203735,0.004758583494319107,false
ddbaa3d,1,2,60,0.38189393281936646,-1.42756986618042,0.012058466828762453,true
ddbaa3d,1,2,61,2.216911554336548,-1.6560845375061035,0.013696275406653252,false
ddbaa3d,1,2,62,1.4021435976028442,-1.977289080619812,0.0038957604097863015,true
ddbaa3d,1,2,63,2.1610164642333984,-1.563879370689392,0.010982171251583192,true
ddbaa3d,1,2,64,5.778862953186035,-2.072417736053467,0.006525466448606891,true
ddbaa3d,2,1,1,0.21804097294807434,-1.8371680974960327,0.13441175769086885,true
ddbaa3d,2,1,2,0.0871439203619957,1.4217960834503174,0.6674316548564801,true
ddbaa3d,2,1,3,1.1518763303756714,-1.9790617227554321,0.0507304442140496,true
ddbaa3d,2,1,4,0.2768266201019287,1.0216670036315918,0.4824280097666427,true
ddbaa3d,2,1,5,0.5440393686294556,1.8462241888046265,0.04568447584466488,true
ddbaa3d,2,1,6,0.04072462022304535,-1.2779231071472168,1.4761208723215622,true
ddbaa3d,2,1,7,0.017498256638646126,2.8586859703063965,9.255532580643273,false
ddbaa3d,2,1,8,0.05385156720876694,2.512205123901367,0.7870775273646949,true
ddbaa3d,2,1,9,0.838283360004425,0.5414695739746094,0.11844818505835548,true
ddbaa3d,2,1,10,0.4364485740661621,-2.543837070465088,0.5127555995363264,true
ddbaa3d,2,1,11,0.4839831590652466,1.6016595363616943,0.08475884525529287,true
ddbaa3d,2,1,12,0.15040400624275208,-2.266517162322998,0.43433028098838833,false
ddbaa3d,2,1,13,0.284709632396698,-2.2916460037231445,0.3770081605565424,true
ddbaa3d,2,1,14,0.5847018957138062,0.5286632776260376,0.071734363898072,true
ddbaa3d,2,1,15,0.24060684442520142,-1.5151649713516235,0.3548107086136666,false
ddbaa3d,2,1,16,1.7780694961547852,1.0328489542007446,0.08193398349693018,true
ddbaa3d,2,1,17,0.38259294629096985,-1.388790488243103,0.5801719842255098,true
ddbaa3d,2,1,18,0.5974259376525879,-1.8958306312561035,0.029280405304962197,true
ddbaa3d,2,1,19,0.6788777112960815,1.2981641292572021,0.086158630867352,false
ddbaa3d,2,1,20,0.26178207993507385,-1.403615117073059,0.892980252959119,false
ddbaa3d,2,1,21,0.26019716262817383,-1.9621241092681885,0.030733135389693095,true
ddbaa3d,2,1,22,0.06664809584617615,0.9866805076599121,1.1071181515861415,true
ddbaa3d,2,1,23,0.5472515225410461,-1.6000986099243164,0.3202815498841838,true
ddbaa3d,2,1,24,0.7188727259635925,1.6319961547851562,0.05440039651983225,true
ddbaa3d,2,1,25,0.060060713440179825,-1.940898060798645,0.45492489498322985,true
ddbaa3d,2,1,26,0.04594747722148895,1.7618006467819214,0.4927181777879106,true
ddbaa3d,2,1,27,0.9752405285835266,-0.5014238953590393,0.002620478777240015,true
ddbaa3d,2,1,28,0.6092696785926819,1.457504153251648,0.10838051413203227,true
ddbaa3d,2,1,29,1.2376253604888916,1.6881846189498901,0.12643102878321363,true
ddbaa3d,2,1,30,0.8372836709022522,1.7079966068267822,0.0854111868133417,true
ddbaa3d,2,1,31,0.19932326674461365,1.300166368484497,0.23460879635548032,false
ddbaa3d,2,1,32,0.05075081065297127,1.3398277759552002,1.191945397732432,false
ddbaa3d,2,1,33,0.02430339716374874,2.266202211380005,4.827298912834797,false
ddbaa3d,2,1,34,0.1487555205821991,-2.4893064498901367,0.5963509888093678,true
ddbaa3d,2,1,35,0.38977983593940735,-1.2879695892333984,0.6338658754242826,false
ddbaa3d,2,1,36,0.6882375478744507,-1.5836232900619507,0.07041101967573447,false
ddbaa3d,2,1,37,0.34196820855140686,1.8715041875839233,0.079955980187108,true
ddbaa3d,2,1,38,0.35572823882102966,1.0126917362213135,0.0908074820594962,true
ddbaa3d,2,1,39,0.23141254484653473,0.6136231422424316,0.01945657995807167,true
ddbaa3d,2,1,40,0.45034319162368774,1.8590757846832275,0.2172837553545395,true
ddbaa3d,2,1,41,1.1661536693572998,-0.6301848888397217,1.1603751674179132,false
ddbaa3d,2,1,42,0.6663743853569031,1.8854637145996094,0.5185264063466718,false
ddbaa3d,2,1,43,0.7244446873664856,-1.634514570236206,0.10576558529524653,false
ddbaa3d,2,1,44,0.04460035264492035,1.382798433303833,0.1576116204249871,true
ddbaa3d,2,1,45,0.1168704405426979,1.1612130403518677,0.3518684872611617,true
ddbaa3d,2,1,46,0.6300539970397949,2.590111494064331,0.0026698617167178213,true
ddbaa3d,2,1,47,0.0870257243514061,-1.9880777597427368,0.773582057798559,false
ddbaa3d,2,1,48,0.9984173774719238,-1.352834939956665,0.13894056677394998,true
ddbaa3d,2,1,49,0.18734443187713623,-2.378352165222168,0.033733595708147136,true
ddbaa3d,2,1,50,0.17186303436756134,1.1941901445388794,0.3297155563694143,true
ddbaa3d,2,1,51,0.5873039960861206,-1.8207674026489258,0.3962314095768272,false
ddbaa3d,2,1,52,0.18742887675762177,-1.5431607961654663,0.2825931960204924,false
ddbaa3d,2,1,53,0.4221949875354767,-1.9055403470993042,0.18092319189626974,false
ddbaa3d,2,1,54,0.11924993246793747,-1.4739007949829102,1.7964415257173258,true
ddbaa3d,2,1,55,0.40107303857803345,-1.9150525331497192,0.1307307473046442,true
ddbaa3d,2,1,56,0.45553532242774963,-2.352395534515381,0.02544666038369461,true
ddbaa3d,2,1,57,0.4982818067073822,-2.202977180480957,0.10827759822430766,true
ddbaa3d,2,1,58,0.09600582718849182,-1.748595118522644,1.074505164025441,true
ddbaa3d,2,1,59,1.1780692338943481,2.685882091522217,0.008729901595630842,true
ddbaa3d,2,1,60,0.7144200205802917,0.42822009325027466,0.010464760403593232,true
ddbaa3d,2,1,61,0.3441024422645569,1.1558477878570557,0.0791585820898754,true
ddbaa3d,2,1,62,0.38241609930992126,-1.458954930305481,0.44491965440424946,false
ddbaa3d,2,1,63,0.5769322514533997,2.151959180831909,0.10325841559895187,true
ddbaa3d,2,1,64,0.09166625142097473,-1.0509402751922607,1.2820939954333965,true
ddbaa3d,2,1,65,0.9159936308860779,1.4899553060531616,0.07986737126006722,true
ddbaa3d,2,1,66,0.22251781821250916,-1.8122138977050781,0.11245018388234637,false
ddbaa3d,2,1,67,1.3761212825775146,-2.581367015838623,0.606090512071389,true
ddbaa3d,2,1,68,0.04806457459926605,2.02573823928833,1.084042176875388,true
ddbaa3d,2,1,69,0.461288183927536,-1.7519493103027344,0.36408936842590156,true
ddbaa3d,2,1,70,0.5402613282203674,1.5754419565200806,0.17997592640665944,false
ddbaa3d,2,1,71,0.04191221669316292,-1.622186303138733,1.6806801339469235,false
ddbaa3d,2,1,72,0.01687583327293396,-2.0603718757629395,3.7184676093448403,true
ddbaa3d,2,1,73,0.2251676321029663,2.869263172149658,0.13791273282109737,true
ddbaa3d,2,1,74,0.08079250901937485,-1.8356671333312988,0.935693314521947,false
ddbaa3d,2,1,75,0.05849650129675865,-1.7585288286209106,0.5067947627564594,true
ddbaa3d,2,1,76,0.08735156059265137,0.9394387006759644,0.3399211438155571,true
ddbaa3d,2,1,77,0.4869002103805542,1.5771933794021606,0.09250751025544662,true
ddbaa3d,2,1,78,0.4076961576938629,-1.4504166841506958,0.25985342630887853,false
ddbaa3d,2,1,79,0.2826705276966095,1.0159661769866943,0.15705134051158853,true
ddbaa3d,2,1,80,0.4258471429347992,-2.350555419921875,0.1265391408909432,true
ddbaa3d,2,1,81,0.26281431317329407,1.0238827466964722,0.11892968089551782,true
ddbaa3d,2,1,82,0.10244031995534897,1.3837810754776,0.26324394022185993,false
ddbaa3d,2,1,83,0.1569531261920929,1.5545988082885742,0.6681430817171189,false
ddbaa3d,2,1,84,0.2758858799934387,-1.127907395362854,0.6012310533839952,true
ddbaa3d,2,1,85,0.08584679663181305,1.2108170986175537,0.9687777345952956,true
ddbaa3d,2,1,86,0.5231980681419373,1.5328905582427979,0.0350454561144942,false
ddbaa3d,2,1,87,0.13766708970069885,1.0660643577575684,0.002701225740316638,true
ddbaa3d,2,1,88,0.24957598745822906,-1.6104227304458618,0.42616877749942217,true
ddbaa3d,2,1,89,0.2861427068710327,1.1268160343170166,0.3986772545461287,true
ddbaa3d,2,1,90,0.4830639660358429,-2.5613081455230713,0.2562241280844018,true
ddbaa3d,2,1,91,0.18605956435203552,-1.906082272529602,0.547272054386883,true
ddbaa3d,2,1,92,0.3137495219707489,1.1568603515625,0.2997151938502731,false
ddbaa3d,2,1,93,0.27119019627571106,-1.8707183599472046,0.2158796678942986,false
ddbaa3d,2,1,94,0.5506071448326111,1.2400245666503906,0.10619511932411418,true
ddbaa3d,2,1,95,0.2414700984954834,-1.5867196321487427,0.2701109746356385,true
ddbaa3d,2,1,96,0.28372934460639954,1.1384611129760742,0.4100458154125619,false
ddbaa3d,2,1,97,0.5169517397880554,-1.6024632453918457,0.5249441629902234,true
ddbaa3d,2,1,98,0.354098379611969,-1.74537193775177,0.04287525764692713,true
ddbaa3d,2,1,99,0.5421739816665649,-1.9808229207992554,0.2111703607122558,false
ddbaa3d,2,1,100,0.745956301689148,-1.497864007949829,0.3613892291453424,true
ddbaa3d,2,1,101,0.02684354968369007,-3.0674872398376465,3.1632311398637243,false
ddbaa3d,2,1,102,0.25283125042915344,-1.7870594263076782,0.05061673929102579,true
ddbaa3d,2,1,103,0.032055340707302094,-1.8607439994812012,0.6032204737128971,true
ddbaa3d,2,1,104,0.4614638686180115,1.628841757774353,0.16699543817623147,true
ddbaa3d,2,1,105,0.21332517266273499,-1.6745496988296509,0.1723110699140333,false
ddbaa3d,2,1,106,1.5098206996917725,2.229830741882324,0.0046517592436069784,true
ddbaa3d,2,1,107,0.047976188361644745,1.132489562034607,1.6718013186308043,true
ddbaa3d,2,1,108,0.33760395646095276,0.7260248064994812,0.5275013243604912,true
ddbaa3d,2,1,109,0.02002800814807415,-0.49349433183670044,5.856751039646294,false
ddbaa3d,2,1,110,1.2597074508666992,-1.4371732473373413,0.18283132832260454,false
ddbaa3d,2,1,111,1.0202107429504395,-1.717883825302124,0.12537971124126387,false
ddbaa3d,2,1,112,0.5985581278800964,-2.3089048862457275,0.054340309121393364,true
ddbaa3d,2,1,113,0.18795087933540344,-2.160337209701538,0.25538296478997746,false
ddbaa3d,2,1,114,0.061397649347782135,2.0298337936401367,0.2493012689649716,true
ddbaa3d,2,1,115,1.0511255264282227,1.9332692623138428,0.2027209588227022,true
ddbaa3d,2,1,116,0.11810684204101562,0.9351139068603516,0.7275353090379832,true
ddbaa3d,2,1,117,0.32359057664871216,-0.5133422017097473,0.2522764074593443,true
ddbaa3d,2,1,118,0.18574433028697968,1.5956323146820068,0.4698120134060794,true
ddbaa3d,2,1,119,0.5646061897277832,-1.947654128074646,0.0682115939053177,true
ddbaa3d,2,1,120,0.9535912275314331,1.4483250379562378,0.14075821668462865,true
ddbaa3d,2,1,121,0.4319382607936859,1.1200131177902222,0.005184973991342154,true
ddbaa3d,2,1,122,0.8423503637313843,-1.2876108884811401,0.30290039960957504,true
ddbaa3d,2,1,123,0.5059893131256104,1.9025498628616333,0.24458443258713652,true
ddbaa3d,2,1,124,0.030948491767048836,-2.1247215270996094,0.8734660038657036,true
ddbaa3d,2,1,125,0.3310876190662384,-1.3587884902954102,0.35208433229454866,false
ddbaa3d,2,1,126,0.4340488612651825,2.3629934787750244,0.38056295742530877,true
ddbaa3d,2,1,127,0.7627658843994141,1.4590860605239868,0.026875481847901648,false
ddbaa3d,2,1,128,0.6910689473152161,-1.4354243278503418,1.0385524226612017,false
ddbaa3d,2,1,129,0.6048333048820496,2.2407567501068115,0.5619771392114586,true
ddbaa3d,2,1,130,0.11375387758016586,2.19258713722229,0.9382899433952019,false
ddbaa3d,2,1,131,0.768866240978241,1.8730412721633911,0.12124935123127485,true
ddbaa3d,2,1,132,0.6512867212295532,1.4717305898666382,0.0017180552761070097,false
ddbaa3d,2,1,133,0.3689815402030945,-1.8027074337005615,0.024809705882400453,true
ddbaa3d,2,1,134,0.15147742629051208,1.0896610021591187,0.41204247847469644,false
ddbaa3d,2,1,135,0.28090351819992065,1.5146691799163818,0.1808404075387367,false
ddbaa3d,2,1,136,0.4213413894176483,-1.4620962142944336,0.19601262806825723,false
ddbaa3d,2,1,137,0.015542048960924149,-0.6023539304733276,1.8012410963757033,true
ddbaa3d,2,1,138,0.25773191452026367,-2.18485426902771,0.3454135835046244,true
ddbaa3d,2,1,139,0.2589333653450012,-2.216308355331421,0.18148416525462452,true
ddbaa3d,2,1,140,0.01463782787322998,1.6028318405151367,0.5238074120863907,true
ddbaa3d,2,1,141,0.26329469680786133,1.1191046237945557,0.4416481016228727,true
ddbaa3d,2,1,142,0.01649865321815014,3.0672054290771484,1.0318289947657657,false
ddbaa3d,2,1,143,0.373058021068573,1.4024955034255981,0.0021905629942980966,true
ddbaa3d,2,1,144,0.11606748402118683,-0.9616711139678955,1.1090981989450206,false
ddbaa3d,2,1,145,0.5012532472610474,-1.419809103012085,0.02367683116470943,true
ddbaa3d,2,1,146,0.4428907334804535,2.299933433532715,0.08978100453490616,true
ddbaa3d,2,1,147,0.19801145792007446,-0.7612130045890808,0.6230223992130234,true
ddbaa3d,2,1,148,0.8092260956764221,1.0198969841003418,0.06119838632183806,true
ddbaa3d,2,1,149,0.33909210562705994,0.9947435855865479,0.1680539329127162,true
ddbaa3d,2,1,150,0.5472129583358765,1.168154001235962,0.0287452747390997,true
ddbaa3d,2,1,151,0.22191056609153748,-1.774936318397522,0.40762132922772953,false
ddbaa3d,2,1,152,0.24450068175792694,1.378585696220398,0.2100290111696233,false
ddbaa3d,2,1,153,0.12658141553401947,-1.3633564710617065,0.6523464239908602,true
ddbaa3d,2,1,154,0.19996614754199982,2.151066541671753,0.3519757925425096,true
ddbaa3d,2,1,155,0.7279874682426453,1.2597496509552002,0.11697533070298748,false
ddbaa3d,2,1,156,0.5869017839431763,-2.205608367919922,0.1171161696987522,true
ddbaa3d,2,1,157,0.1646718531847,0.9959859251976013,0.12817391523491076,true
ddbaa3d,2,1,158,0.1650669276714325,1.9030457735061646,0.8187621451644033,true
ddbaa3d,2,1,159,0.32276302576065063,-2.405475378036499,0.06683926577981981,true
ddbaa3d,2,1,160,0.1559969186782837,-1.6525465250015259,0.17627168161779372,false
ddbaa3d,2,1,161,0.3380343019962311,-1.3524142503738403,0.03697196117468834,true
ddbaa3d,2,1,162,0.2626025378704071,-1.5926004648208618,0.260901716953533,false
ddbaa3d,2,1,163,0.19689834117889404,1.0355676412582397,1.0140769103162008,true
ddbaa3d,2,1,164,0.038443710654973984,-3.0095980167388916,2.7611706011489727,false
ddbaa3d,2,1,165,0.6065269112586975,-1.7435885667800903,0.008802805136444358,true
ddbaa3d,2,1,166,0.5847850441932678,1.998733401298523,0.22187593803526937,true
ddbaa3d,2,1,167,0.040228791534900665,-1.8588966131210327,0.30684650768777444,false
ddbaa3d,2,1,168,0.5931675434112549,1.607128381729126,0.2705139825356472,false
ddbaa3d,2,1,169,0.38222476840019226,1.386364221572876,0.08800718460765353,true
ddbaa3d,2,1,170,0.8671383857727051,-1.8436657190322876,0.09307683964056505,true
ddbaa3d,2,1,171,0.4124506413936615,-1.101516842842102,0.10735569054391737,true
ddbaa3d,2,1,172,0.22742512822151184,-1.817603349685669,0.3733630353915237,false
ddbaa3d,2,1,173,0.02005331963300705,-1.7898250818252563,1.0288518233809931,true
ddbaa3d,2,1,174,0.6196860671043396,-1.7530492544174194,0.08015837522761031,false
ddbaa3d,2,1,175,0.16445188224315643,-1.8410272598266602,0.5355206272025852,true
ddbaa3d,2,1,176,0.5634024143218994,1.1977055072784424,0.14758486907558396,true
ddbaa3d,2,1,177,0.1979909986257553,-1.6971057653427124,0.41920170398761913,false
ddbaa3d,2,1,178,0.5024248957633972,-1.172411322593689,0.34030098142299275,true
ddbaa3d,2,1,179,1.2382246255874634,1.638816237449646,0.06757545816248244,true
ddbaa3d,2,1,180,0.18372893333435059,1.9560104608535767,0.07013440056805278,true
ddbaa3d,2,1,181,0.31470951437950134,1.5014864206314087,0.4528758750438806,false
ddbaa3d,2,1,182,0.3121989071369171,-1.8067340850830078,0.34232953121699194,false
ddbaa3d,2,1,183,0.1986587792634964,-1.7858250141143799,0.09782126560136636,false
ddbaa3d,2,1,184,1.2317438125610352,-2.361096143722534,0.09387473244916873,true
ddbaa3d,2,1,185,0.7644200921058655,1.7070482969284058,0.20911426894103405,true
ddbaa3d,2,1,186,0.3405073881149292,-1.9555765390396118,0.15143778425372229,true
ddbaa3d,2,1,187,0.1958545595407486,-1.7300174236297607,0.37260549392300135,false
ddbaa3d,2,1,188,0.8628376722335815,1.5772342681884766,0.08955461600133849,true
ddbaa3d,2,1,189,0.683555006980896,-1.390979290008545,0.04594564075286772,true
ddbaa3d,2,1,190,0.02299860492348671,-2.6531786918640137,2.522005409773584,false
ddbaa3d,2,1,191,0.38982364535331726,-1.051949143409729,0.07230202229136601,true
ddbaa3d,2,1,192,0.46933743357658386,1.1279027462005615,0.02031770262804023,true
ddbaa3d,2,1,193,0.49431824684143066,1.1800421476364136,0.14959027388908905,false
ddbaa3d,2,1,194,4.855463981628418,-1.2820277214050293,0.38425589478412586,true
ddbaa3d,2,1,195,0.01363093126565218,-1.8078981637954712,2.702537513235253,false
ddbaa3d,2,1,196,0.03291492164134979,-1.7495671510696411,2.3002182551090304,false
ddbaa3d,2,1,197,0.24014514684677124,1.7938218116760254,0.27808126748121786,true
ddbaa3d,2,1,198,0.049298446625471115,-0.9654667377471924,0.9059533299363862,true
ddbaa3d,2,1,199,0.8212450742721558,1.8505795001983643,0.18117656246393762,true
ddbaa3d,2,1,200,0.05370530113577843,0.8286128044128418,1.5682512293111592,true
ddbaa3d,2,1,201,1.1831482648849487,-1.3133677244186401,0.03881967567247327,true
ddbaa3d,2,1,202,0.8232975006103516,-1.8497792482376099,0.14509575106569056,true
ddbaa3d,2,1,203,0.20037372410297394,-2.340407371520996,0.22644735165915772,false
ddbaa3d,2,1,204,0.06707745045423508,-2.8070855140686035,5.256848757795055,true
ddbaa3d,2,1,205,1.0204838514328003,-1.6391016244888306,0.08225452135106623,true
ddbaa3d,2,1,206,0.395696759223938,-2.1978254318237305,0.25908191224473504,false
ddbaa3d,2,1,207,0.31322991847991943,-2.216414213180542,0.05711324761765941,true
ddbaa3d,2,1,208,0.23918212950229645,-1.8259351253509521,0.48186168284433584,false
ddbaa3d,2,1,209,0.32766979932785034,-1.9123936891555786,0.3534919180694392,false
ddbaa3d,2,1,210,0.4984584152698517,1.6977413892745972,0.05445229060268432,true
ddbaa3d,2,1,211,0.22724950313568115,1.6162537336349487,0.24235960550950084,true
ddbaa3d,2,1,212,0.49372610449790955,-1.4364062547683716,0.20791571090897468,true
ddbaa3d,2,1,213,0.24773845076560974,1.3305739164352417,0.4518278787829211,false
ddbaa3d,2,1,214,0.6965824365615845,-1.686812400817871,0.12714802681061588,true
ddbaa3d,2,1,215,0.04205494746565819,-1.7195603847503662,1.0924240761326096,true
ddbaa3d,2,1,216,0.39810147881507874,-1.9347513914108276,0.20319946692894011,false
ddbaa3d,2,1,217,0.3855699896812439,1.7700518369674683,0.5735789346108106,true
ddbaa3d,2,1,218,0.7709032893180847,1.4160696268081665,0.09495837048137601,false
ddbaa3d,2,1,219,0.7509423494338989,-1.9623823165893555,0.1667244701486389,true
ddbaa3d,2,1,220,0.20732907950878143,1.444503664970398,0.37109813054389373,true
ddbaa3d,2,1,221,0.44463351368904114,-0.3821921944618225,0.1807839611781285,true
ddbaa3d,2,1,222,0.46603015065193176,1.76593816280365,0.27292192290305467,true
ddbaa3d,2,1,223,0.3716554343700409,1.2642011642456055,1.182068157111152,false
ddbaa3d,2,1,224,0.26711171865463257,1.4552150964736938,0.09178352073050533,false
ddbaa3d,2,1,225,0.06013995781540871,2.104884147644043,4.04111895806766,true
ddbaa3d,2,1,226,0.03464384004473686,-1.7086035013198853,0.1893619077522935,false
ddbaa3d,2,1,227,0.40038996934890747,-1.9637888669967651,0.07352849393718937,true
ddbaa3d,2,1,228,0.06414087861776352,0.5295243859291077,2.8476816222574857,true
ddbaa3d,2,1,229,0.35339561104774475,-2.0354204177856445,0.19638951849255384,false
ddbaa3d,2,1,230,0.274974524974823,1.3162388801574707,0.29922686155506234,true
ddbaa3d,2,1,231,0.8227114081382751,1.4671294689178467,0.17937737229825787,false
ddbaa3d,2,1,232,0.9616091251373291,1.4400880336761475,0.057052864497911256,false
ddbaa3d,2,1,233,0.5679482221603394,-1.9438308477401733,0.20345549551402672,true
ddbaa3d,2,1,234,0.16032275557518005,-1.7197293043136597,0.14706479728095662,false
ddbaa3d,2,1,235,0.7671670317649841,-1.6747605800628662,0.1307989024411373,true
ddbaa3d,2,1,236,0.5705123543739319,1.5331076383590698,0.0546664587688444,false
ddbaa3d,2,1,237,1.9144200086593628,-1.7210513353347778,0.08238123297756275,false
ddbaa3d,2,1,238,0.24132032692432404,-1.406164288520813,0.0730847800948617,true
ddbaa3d,2,1,239,0.4286806881427765,1.4165199995040894,0.1357758463368362,false
ddbaa3d,2,1,240,0.30096235871315,2.3002660274505615,0.08411170074607216,true
ddbaa3d,2,1,241,0.11040599644184113,-1.6455392837524414,0.13917476108486979,true
ddbaa3d,2,1,242,0.06302686035633087,-2.2827720642089844,2.008286716122167,true
ddbaa3d,2,1,243,0.23610368371009827,-1.8828527927398682,0.043946975004181224,true
ddbaa3d,2,1,244,0.49941888451576233,-2.0369644165039062,0.43761793447162284,true
ddbaa3d,2,1,245,0.5137565732002258,-2.034409523010254,0.09044594000397939,true
ddbaa3d,2,1,246,0.7028469443321228,-2.3113420009613037,0.42195603475800797,true
ddbaa3d,2,1,247,0.1941724717617035,0.762130618095398,0.1108345514828297,true
ddbaa3d,2,1,248,1.0824815034866333,-0.8137913942337036,0.14294760934762166,true
ddbaa3d,2,1,249,0.37157106399536133,1.3878939151763916,0.08696075131121181,true
ddbaa3d,2,1,250,0.47420766949653625,-1.4006822109222412,0.2647989673555467,false
ddbaa3d,2,1,251,0.16131527721881866,1.4907573461532593,0.7462455262646197,false
ddbaa3d,2,1,252,0.1250617653131485,-0.8872387409210205,0.2535411503233802,true
ddbaa3d,2,1,253,0.1224299743771553,-2.1120667457580566,0.34851575311583494,false
ddbaa3d,2,1,254,0.11965306848287582,-1.8137990236282349,0.2631330317020457,true
ddbaa3d,2,1,255,0.2765656113624573,-1.735037922859192,0.021585281245090248,true
ddbaa3d,2,1,256,0.44772934913635254,-1.8286988735198975,0.18772143930522872,false
ddbaa3d,2,2,1,0.9093781113624573,-1.780422568321228,0.06995666302436424,true
ddbaa3d,2,2,2,0.7316701412200928,-1.6890244483947754,0.10545760345823692,false
ddbaa3d,2,2,3,2.4082696437835693,1.5866245031356812,0.014995349477255504,true
ddbaa3d,2,2,4,3.0412566661834717,0.979251503944397,0.04402194406455651,true
ddbaa3d,2,2,5,0.4650099277496338,1.6329227685928345,0.18144820684856847,true
ddbaa3d,2,2,6,4.243344783782959,-0.1109914630651474,0.5620827943645866,false
ddbaa3d,2,2,7,2.306518793106079,-1.7668007612228394,0.05629490080927279,false
ddbaa3d,2,2,8,2.663384437561035,1.3016612529754639,0.011339781950997597,true
ddbaa3d,2,2,9,3.1806936264038086,1.6691604852676392,0.049031243150708545,true
ddbaa3d,2,2,10,2.9650990962982178,-1.444457769393921,0.03672728527827745,true
ddbaa3d,2,2,11,2.9797303676605225,-1.8916233777999878,0.07200934637392938,true
ddbaa3d,2,2,12,0.05846332013607025,-0.437256783246994,2.480689869799386,true
ddbaa3d,2,2,13,3.2299609184265137,-0.3291054368019104,0.057404405541475814,true
ddbaa3d,2,2,14,0.0451371967792511,-1.4504947662353516,6.454051459407495,true
ddbaa3d,2,2,15,0.43297120928764343,-2.0998175144195557,0.11271789062894172,true
ddbaa3d,2,2,16,3.4261510372161865,1.5348167419433594,0.06042147968322763,true
ddbaa3d,2,2,17,1.0046586990356445,1.0257161855697632,0.0026903070402434213,true
ddbaa3d,2,2,18,0.574544370174408,1.2891260385513306,0.051365869950530406,true
ddbaa3d,2,2,19,1.42375648021698,-1.3537704944610596,0.011741949066152795,true
ddbaa3d,2,2,20,4.031774044036865,2.9597299098968506,0.0028363773537466636,true
ddbaa3d,2,2,21,3.1544997692108154,1.9792886972427368,0.0034875093894564183,true
ddbaa3d,2,2,22,2.0129854679107666,1.553128957748413,0.028298001657690273,false
ddbaa3d,2,2,23,2.646389961242676,1.454571008682251,0.05390949640911284,false
ddbaa3d,2,2,24,1.6557587385177612,-1.952129602432251,0.04633318264408301,true
ddbaa3d,2,2,25,3.4328737258911133,1.531639814376831,0.03762686376846058,false
ddbaa3d,2,2,26,0.7047272324562073,-1.6249220371246338,0.024176672880917703,true
ddbaa3d,2,2,27,1.555728793144226,-1.6498281955718994,0.027659776915633,true
ddbaa3d,2,2,28,1.1356959342956543,1.3472906351089478,0.07803690084967757,false
ddbaa3d,2,2,29,2.3445396423339844,0.8628032803535461,0.05994367259281134,true
ddbaa3d,2,2,30,3.8405144214630127,2.3750009536743164,0.006012410209249464,true
ddbaa3d,2,2,31,0.13523437082767487,0.6681017279624939,0.6925169895624723,true
ddbaa3d,2,2,32,1.8310023546218872,1.5097508430480957,0.09396264645845022,false
ddbaa3d,2,2,33,0.6262187361717224,-1.6579279899597168,0.025364428618244433,true
ddbaa3d,2,2,34,0.17560900747776031,0.8765609860420227,1.0779086257769568,false
ddbaa3d,2,2,35,5.033541679382324,-0.4124429523944855,0.03922443092630215,true
ddbaa3d,2,2,36,0.9535064101219177,1.3536498546600342,0.01307521318753433,true
ddbaa3d,2,2,37,1.1933491230010986,-1.5851949453353882,0.04446601983329967,true
ddbaa3d,2,2,38,0.3577762544155121,-1.3862584829330444,0.03293397837264022,true
ddbaa3d,2,2,39,1.8360923528671265,1.7699124813079834,0.02136942623156772,true
ddbaa3d,2,2,40,1.2516506910324097,-1.400032877922058,0.1157746904241273,true
ddbaa3d,2,2,41,2.3539514541625977,-0.5075721144676208,0.1933991077653945,true
ddbaa3d,2,2,42,1.3072773218154907,1.380562663078308,0.006534130195480911,true
ddbaa3d,2,2,43,0.771427571773529,-1.552119255065918,0.024681107424608113,true
ddbaa3d,2,2,44,1.2661588191986084,-1.326387643814087,0.01085653438111683,true
ddbaa3d,2,2,45,2.1728668212890625,1.9891432523727417,0.05748632287189872,true
ddbaa3d,2,2,46,2.025775671005249,1.7100844383239746,0.05996871410011323,true
ddbaa3d,2,2,47,0.60987788438797,-1.7184569835662842,0.03705462689159253,true
ddbaa3d,2,2,48,3.0375123023986816,-2.159043073654175,0.0572947646239281,true
ddbaa3d,2,2,49,0.9794580936431885,-1.750022530555725,0.4332319088055558,false
ddbaa3d,2,2,50,1.0625731945037842,1.2435070276260376,0.07379477192486461,true
ddbaa3d,2,2,51,4.229533672332764,-1.6584821939468384,0.07601164321207218,false
ddbaa3d,2,2,52,1.4036149978637695,-1.4923747777938843,0.017570717494922873,true
ddbaa3d,2,2,53,2.7424516677856445,0.32608121633529663,0.4929667670375137,true
ddbaa3d,2,2,54,1.5843921899795532,2.3329925537109375,0.036778135626440604,true
ddbaa3d,2,2,55,0.8965020179748535,-1.7454193830490112,0.13406268632642607,false
ddbaa3d,2,2,56,2.068718671798706,1.8559379577636719,0.0097004615954435,true
ddbaa3d,2,2,57,2.2578234672546387,-1.5631026029586792,0.03162732650524319,true
ddbaa3d,2,2,58,2.1244049072265625,-1.6869271993637085,0.00191381919232021,false
ddbaa3d,2,2,59,3.688222885131836,2.09745454788208,0.07783464692652549,true
ddbaa3d,2,2,60,1.4264768362045288,1.3854560852050781,0.019910508795431783,true
ddbaa3d,2,2,61,0.8853253126144409,0.8172027468681335,0.06594920123441979,true
ddbaa3d,2,2,62,0.19922231137752533,0.7130658626556396,0.9560889819824597,true
ddbaa3d,2,2,63,1.0996555089950562,1.2910656929016113,0.02180152679596543,true
ddbaa3d,2,2,64,1.2454558610916138,-1.8920531272888184,0.13280829375741376,false
ddbaa3d,3,1,1,1.0038044452667236,1.1969629526138306,0.004889698810388477,true
ddbaa3d,3,1,2,1.0484001636505127,0.9031923413276672,0.020065235138695053,true
ddbaa3d,3,1,3,0.18941140174865723,0.4158187806606293,0.00967226663837924,true
ddbaa3d,3,1,4,2.262511730194092,0.937900185585022,0.0023561995263240145,true
ddbaa3d,3,1,5,0.3566007912158966,1.7234820127487183,0.003489668848021614,true
ddbaa3d,3,1,6,0.9870526790618896,1.1604119539260864,0.003659290965408446,true
ddbaa3d,3,1,7,0.9501472115516663,-1.9958057403564453,0.01639478940079952,true
ddbaa3d,3,1,8,0.8088473677635193,1.2164208889007568,0.0026310213179688417,true
ddbaa3d,3,1,9,0.11111641675233841,0.5222254395484924,0.15296175828643993,true
ddbaa3d,3,1,10,2.1428561210632324,-2.128385066986084,0.01535512345081494,true
ddbaa3d,3,1,11,0.7743798494338989,1.0449644327163696,0.004154769504942219,true
ddbaa3d,3,1,12,0.4565100371837616,1.4591455459594727,0.01928881283606439,false
ddbaa3d,3,1,13,0.1027638390660286,1.4334158897399902,0.059837682412233285,false
ddbaa3d,3,1,14,0.34520024061203003,-1.7405388355255127,0.0036778815407936703,true
ddbaa3d,3,1,15,0.7207300066947937,-1.6383156776428223,0.020718719222537044,false
ddbaa3d,3,1,16,0.4614638388156891,-1.7133781909942627,0.009689186865323052,true
ddbaa3d,3,1,17,1.5298892259597778,1.0513242483139038,0.004310800772068504,true
ddbaa3d,3,1,18,0.029445035383105278,1.3516149520874023,0.20784865028447608,true
ddbaa3d,3,1,19,0.1454956829547882,-1.67084538936615,0.027575528981314105,false
ddbaa3d,3,1,20,1.2432888746261597,-0.4191339910030365,0.02327294289984058,true
ddbaa3d,3,1,21,1.4124202728271484,0.7754308581352234,0.005479572084651391,true
ddbaa3d,3,1,22,0.07446202635765076,2.2085471153259277,0.016958547655102137,true
ddbaa3d,3,1,23,1.742990255355835,-2.493709087371826,0.003185629117975589,true
ddbaa3d,3,1,24,0.34306055307388306,-1.7460823059082031,0.01769296795634374,false
ddbaa3d,3,1,25,0.879483699798584,-1.735731601715088,0.005527158826889722,false
ddbaa3d,3,1,26,0.44230014085769653,1.036462664604187,0.010656886259671601,true
ddbaa3d,3,1,27,0.45193853974342346,-2.3033957481384277,0.006276855515277383,true
ddbaa3d,3,1,28,1.5453487634658813,1.2858128547668457,0.002458734545342341,true
ddbaa3d,3,1,29,1.782716989517212,-2.1155076026916504,0.0028662933103342576,true
ddbaa3d,3,1,30,0.040720634162425995,1.9745045900344849,0.007513632902418858,true
ddbaa3d,3,1,31,0.23752212524414062,1.0405555963516235,0.011080573111147915,true
ddbaa3d,3,1,32,0.32950326800346375,-2.0596048831939697,0.009358381921792065,true
ddbaa3d,3,1,33,0.1626623123884201,-1.743648648262024,0.009393718367201861,false
ddbaa3d,3,1,34,1.2233606576919556,-1.8109445571899414,0.0006649936679143005,false
ddbaa3d,3,1,35,1.044583797454834,-2.819183111190796,0.005058034207782299,true
ddbaa3d,3,1,36,0.4251401722431183,-2.078403949737549,0.005821425849420872,true
ddbaa3d,3,1,37,0.24020034074783325,-2.4835190773010254,0.009842128950446078,true
ddbaa3d,3,1,38,0.02963058464229107,3.117966890335083,0.2517496606538717,true
ddbaa3d,3,1,39,0.6644597053527832,-1.485616683959961,0.0010821973711602683,true
ddbaa3d,3,1,40,0.8297494053840637,1.429909586906433,0.025201504789386594,true
ddbaa3d,3,1,41,1.370957612991333,0.9970483183860779,0.002620946389290275,true
ddbaa3d,3,1,42,1.5355846881866455,-0.5143490433692932,0.017828493823428444,true
ddbaa3d,3,1,43,1.0599433183670044,1.1353169679641724,0.0022172837334359114,true
ddbaa3d,3,1,44,0.4436489939689636,-1.088917851448059,0.020176563122422563,true
ddbaa3d,3,1,45,0.643213152885437,1.1307448148727417,0.00039504809450085186,true
ddbaa3d,3,1,46,0.5212200880050659,-0.8265098929405212,0.005588732762691171,true
ddbaa3d,3,1,47,0.681309163570404,1.8186944723129272,0.0036923866698056447,true
ddbaa3d,3,1,48,1.3528614044189453,-2.630547523498535,0.0037449694341798617,true
ddbaa3d,3,1,49,0.38968703150749207,1.4004181623458862,0.0075204028330508885,false
ddbaa3d,3,1,50,0.4103894829750061,1.2427347898483276,0.004879674396926855,true
ddbaa3d,3,1,51,0.8826988935470581,0.5449352264404297,0.003311581273975757,true
ddbaa3d,3,1,52,0.48543208837509155,-2.042508125305176,0.005663225271601295,true
ddbaa3d,3,1,53,0.3628377318382263,-1.6414209604263306,0.029407800398429086,false
ddbaa3d,3,1,54,0.6206316947937012,2.170037031173706,0.017452278323053353,true
ddbaa3d,3,1,55,0.6947117447853088,-1.8825762271881104,0.004563097141015925,true
ddbaa3d,3,1,56,0.5040877461433411,-2.039522171020508,0.007476372320637507,true
ddbaa3d,3,1,57,0.4071061313152313,0.4114373028278351,0.013162245936465861,true
ddbaa3d,3,1,58,0.8415401577949524,-1.4037524461746216,0.01222553047727266,true
ddbaa3d,3,1,59,1.3852440118789673,-1.8575817346572876,0.020940417235607883,false
ddbaa3d,3,1,60,1.1116583347320557,-1.1493545770645142,0.004786651746046708,true
ddbaa3d,3,1,61,0.7240366339683533,-1.2747535705566406,0.003642595821966971,true
ddbaa3d,3,1,62,2.5996811389923096,-1.9426876306533813,0.009458226314588064,true
ddbaa3d,3,1,63,1.0908008813858032,-1.838152289390564,0.0244756036577376,true
ddbaa3d,3,1,64,0.14778749644756317,-0.05452430248260498,0.005463836038548069,true
ddbaa3d,3,1,65,0.15144750475883484,1.624267339706421,0.020871707079373483,true
ddbaa3d,3,1,66,1.3706685304641724,-1.5823496580123901,0.01285055441376288,false
ddbaa3d,3,1,67,0.7650673985481262,-2.714254140853882,0.011589850789995809,true
ddbaa3d,3,1,68,1.3919552564620972,-1.8918943405151367,0.0033503489697571213,true
ddbaa3d,3,1,69,0.878637433052063,-2.136064052581787,0.00943904398351818,true
ddbaa3d,3,1,70,0.05839864909648895,-0.841273844242096,0.10187154397972782,true
ddbaa3d,3,1,71,1.8113840818405151,0.7530757188796997,0.003548892053473411,true
ddbaa3d,3,1,72,0.09565502405166626,2.992208957672119,0.08753218808904398,true
ddbaa3d,3,1,73,0.0635058581829071,1.04912531375885,0.14421031248254848,false
ddbaa3d,3,1,74,1.6326713562011719,0.469625324010849,0.005503394986178285,true
ddbaa3d,3,1,75,0.5338379740715027,-1.5898791551589966,0.005367006146640666,false
ddbaa3d,3,1,76,0.3277713656425476,-1.6175457239151,0.03846718143962338,false
ddbaa3d,3,1,77,1.8618900775909424,1.3041777610778809,0.012439169540791767,true
ddbaa3d,3,1,78,1.3638553619384766,-1.1684755086898804,0.0034950923491423014,true
ddbaa3d,3,1,79,0.8385627865791321,2.289081335067749,0.011276723369291754,true
ddbaa3d,3,1,80,0.4946015477180481,1.3261052370071411,0.042905926877645884,true
ddbaa3d,3,1,81,1.841814398765564,-2.2378032207489014,0.0017083872439047785,true
ddbaa3d,3,1,82,0.6641780138015747,-2.248427152633667,0.005358831789038521,true
ddbaa3d,3,1,83,0.07704223692417145,3.020505428314209,0.062113477296987726,true
ddbaa3d,3,1,84,0.6154606938362122,1.3295482397079468,0.003501388965289287,true
ddbaa3d,3,1,85,1.1310595273971558,0.779891848564148,0.0021189841210200447,true
ddbaa3d,3,1,86,0.8281646966934204,-2.105548858642578,0.012874135715600745,true
ddbaa3d,3,1,87,0.08366384357213974,1.7837458848953247,0.05163126022392926,true
ddbaa3d,3,1,88,2.360239267349243,-2.0091259479522705,0.002789530854890939,true
ddbaa3d,3,1,89,1.0744825601577759,-2.6190972328186035,0.012403703583204275,true
ddbaa3d,3,1,90,0.8190391063690186,-2.028177261352539,0.02055284843837465,false
ddbaa3d,3,1,91,0.8164249658584595,-1.8005919456481934,0.0026285772986510227,true
ddbaa3d,3,1,92,0.8818780183792114,-1.9461883306503296,0.003638829723537453,true
ddbaa3d,3,1,93,1.1193352937698364,0.5079699754714966,0.0071570927317428255,true
ddbaa3d,3,1,94,1.1914640665054321,0.7373071908950806,0.007244816171780614,true
ddbaa3d,3,1,95,1.2164090871810913,-2.2744433879852295,0.0043831392574896514,true
ddbaa3d,3,1,96,0.6293935775756836,-2.016110897064209,0.003926395198192675,true
ddbaa3d,3,1,97,1.016542673110962,-1.8280681371688843,0.004888352331162052,false
ddbaa3d,3,1,98,0.41936370730400085,-1.0545895099639893,0.026162846424239727,true
ddbaa3d,3,1,99,0.5553470253944397,-1.776136040687561,0.006161022371636816,false
ddbaa3d,3,1,100,1.5825800895690918,0.9067831635475159,0.0024073888030403646,true
ddbaa3d,3,1,101,1.138247013092041,-1.3596746921539307,0.0020029409677217156,true
ddbaa3d,3,1,102,0.6112489700317383,-1.757554292678833,0.005977770105545986,true
ddbaa3d,3,1,103,0.7033804655075073,-2.3064465522766113,0.00969491156866427,true
ddbaa3d,3,1,104,0.23117581009864807,-1.8824585676193237,0.00500544246205962,true
ddbaa3d,3,1,105,0.04922584444284439,-2.011899709701538,0.26710109730904324,true
ddbaa3d,3,1,106,0.46010372042655945,1.3470344543457031,0.004050974252695482,false
ddbaa3d,3,1,107,0.8089484572410583,0.9156718254089355,0.0013399770881430556,true
ddbaa3d,3,1,108,3.2541120052337646,0.30555588006973267,0.002331375913683576,true
ddbaa3d,3,1,109,1.4409698247909546,0.9605838060379028,0.007652008625522855,true
ddbaa3d,3,1,110,1.3067207336425781,-2.1452677249908447,0.005644675304436373,true
ddbaa3d,3,1,111,1.009049892425537,1.7665959596633911,0.003887808601966277,true
ddbaa3d,3,1,112,0.17629331350326538,2.982997417449951,0.045996723691057034,true
ddbaa3d,3,1,113,0.6549912691116333,1.6854486465454102,0.006228050353856108,true
ddbaa3d,3,1,114,1.2816375494003296,-1.6755110025405884,0.003475433642362146,false
ddbaa3d,3,1,115,0.1666509062051773,-1.427596092224121,0.06937241349124931,true
ddbaa3d,3,1,116,0.1403421014547348,-1.142081379890442,0.10313203856703389,true
ddbaa3d,3,1,117,1.5031037330627441,-2.3950750827789307,0.003183989791912061,true
ddbaa3d,3,1,118,0.8100135922431946,-1.7914648056030273,0.01032432394198196,false
ddbaa3d,3,1,119,0.399211585521698,-1.7832118272781372,0.018910816917522975,false
ddbaa3d,3,1,120,1.3500598669052124,0.9765846729278564,0.002637059003961811,true
ddbaa3d,3,1,121,0.1353347897529602,-1.8821228742599487,0.004271004668463375,false
ddbaa3d,3,1,122,2.6536998748779297,0.4628749489784241,0.004521864884706997,true
ddbaa3d,3,1,123,0.26089489459991455,-1.894431710243225,0.018673013563234933,true
ddbaa3d,3,1,124,0.7790564298629761,-2.6420586109161377,0.005353982310829402,true
ddbaa3d,3,1,125,2.835787296295166,-2.4307479858398438,0.004183449924748746,true
ddbaa3d,3,1,126,1.02555251121521,-1.465782880783081,0.012147848413010967,true
ddbaa3d,3,1,127,0.8095287084579468,1.1999671459197998,0.009440220410086029,true
ddbaa3d,3,1,128,0.5783910155296326,-2.2869465351104736,0.017783375203567348,true
ddbaa3d,3,1,129,0.6893556714057922,-2.854909658432007,0.00418514088685033,true
ddbaa3d,3,1,130,1.4323385953903198,1.4633046388626099,0.0057800016075301155,false
ddbaa3d,3,1,131,0.5859622359275818,0.6845816373825073,0.010473065114642072,true
ddbaa3d,3,1,132,0.11466198414564133,1.6883339881896973,0.018904000205722398,true
ddbaa3d,3,1,133,0.3915553092956543,-1.827370524406433,0.013735481411914496,false
ddbaa3d,3,1,134,0.33673909306526184,-0.9474532604217529,0.011598171625827533,true
ddbaa3d,3,1,135,0.7140705585479736,1.38539719581604,0.015863603699663675,true
ddbaa3d,3,1,136,0.945078432559967,-2.1952967643737793,0.00535576851366867,true
ddbaa3d,3,1,137,0.8833580613136292,1.5686761140823364,0.02761357462394964,false
ddbaa3d,3,1,138,1.0379027128219604,-1.9023022651672363,0.011822400754132602,true
ddbaa3d,3,1,139,0.5323624014854431,-1.3972041606903076,0.011171939404699672,true
ddbaa3d,3,1,140,0.6262044906616211,-2.2087087631225586,0.007992561347036275,true
ddbaa3d,3,1,141,0.31829380989074707,1.2905418872833252,0.08144219969198986,false
ddbaa3d,3,1,142,1.5862091779708862,1.5803565979003906,0.004666327711520299,true
ddbaa3d,3,1,143,0.5098374485969543,0.7365068793296814,0.02420650532293045,true
ddbaa3d,3,1,144,1.755423665046692,3.1129508018493652,0.0052805686613569425,true
ddbaa3d,3,1,145,0.31424620747566223,1.3655955791473389,0.01606396274384972,false
ddbaa3d,3,1,146,0.7333747744560242,-1.4931868314743042,0.002079935870076098,true
ddbaa3d,3,1,147,0.5732888579368591,-2.257035255432129,0.013826753843316275,true
ddbaa3d,3,1,148,0.5485753417015076,-1.7065657377243042,0.01697659043499113,true
ddbaa3d,3,1,149,0.41508689522743225,2.609236717224121,0.028238746773138004,true
ddbaa3d,3,1,150,0.3888024687767029,1.1797770261764526,0.0517926609717611,true
ddbaa3d,3,1,151,0.06503551453351974,-0.8352174758911133,0.06218977401439972,true
ddbaa3d,3,1,152,0.25615301728248596,-1.4186514616012573,0.015193513498844511,true
ddbaa3d,3,1,153,1.234075665473938,1.0772567987442017,0.008313141978493992,true
ddbaa3d,3,1,154,0.8769162893295288,-1.5682575702667236,0.010207530627273366,true
ddbaa3d,3,1,155,0.40561985969543457,-0.6375663876533508,0.02175578047476243,true
ddbaa3d,3,1,156,1.1619703769683838,0.9632816910743713,0.00506059044188994,true
ddbaa3d,3,1,157,0.10415478050708771,2.141239643096924,0.014233445287207236,true
ddbaa3d,3,1,158,0.23097766935825348,1.2871133089065552,0.018284546908326225,true
ddbaa3d,3,1,159,0.13590364158153534,1.5403506755828857,0.05513718431957409,false
ddbaa3d,3,1,160,0.09249035269021988,-0.7451601028442383,0.0430742600298296,true
ddbaa3d,3,1,161,0.19766148924827576,1.4291986227035522,0.006208547364091443,true
ddbaa3d,3,1,162,0.9194790124893188,1.0064857006072998,0.004156735404858638,true
ddbaa3d,3,1,163,1.1166917085647583,1.2609277963638306,0.016943281171720618,false
ddbaa3d,3,1,164,0.2079855054616928,2.6161446571350098,0.007919798188394039,true
ddbaa3d,3,1,165,0.2815820276737213,1.0253376960754395,0.037588200157170716,true
ddbaa3d,3,1,166,0.46655821800231934,0.6982027888298035,0.00175626493084105,true
ddbaa3d,3,1,167,0.18934307992458344,1.0617713928222656,0.01575014412786616,false
ddbaa3d,3,1,168,0.11488151550292969,-1.0136572122573853,0.08167039158354916,true
ddbaa3d,3,1,169,0.8458741307258606,1.206733226776123,0.002776158051967764,true
ddbaa3d,3,1,170,1.6816160678863525,-1.8885929584503174,0.003221086195039024,true
ddbaa3d,3,1,171,1.7301193475723267,-1.6013991832733154,0.017270545311460328,false
ddbaa3d,3,1,172,0.39084726572036743,-1.9295529127120972,0.011113665478352543,true
ddbaa3d,3,1,173,1.4229472875595093,-1.8898075819015503,0.0060316025909754305,true
ddbaa3d,3,1,174,0.7083128094673157,1.0653337240219116,0.0023437837915534603,true
ddbaa3d,3,1,175,0.6404039859771729,-1.5065147876739502,0.017304078057585697,true
ddbaa3d,3,1,176,0.2435840368270874,-1.126827359199524,0.022222260413878123,true
ddbaa3d,3,1,177,0.6224828362464905,1.1978967189788818,0.005899857417090526,true
ddbaa3d,3,1,178,1.4269936084747314,1.328171968460083,0.003128333392680667,true
ddbaa3d,3,1,179,1.6023480892181396,1.0236544609069824,0.006915842235819446,true
ddbaa3d,3,1,180,0.14682261645793915,1.5379812717437744,0.02962050315337337,false
ddbaa3d,3,1,181,0.4473196566104889,0.003285112790763378,0.011362329431175084,true
ddbaa3d,3,1,182,0.4254235327243805,1.3547310829162598,0.03773160934497012,false
ddbaa3d,3,1,183,0.5354364514350891,2.142979860305786,0.007242164200257304,true
ddbaa3d,3,1,184,1.0665781497955322,1.222443699836731,0.01653745286464696,true
ddbaa3d,3,1,185,0.10344552993774414,2.517807722091675,0.058080019452293484,true
ddbaa3d,3,1,186,0.7116789817810059,1.457282304763794,0.009318927019590967,false
ddbaa3d,3,1,187,1.1379978656768799,1.0410221815109253,0.003961508712795999,true
ddbaa3d,3,1,188,0.830655038356781,-1.966493010520935,0.00693320070964724,true
ddbaa3d,3,1,189,0.16579313576221466,0.7527949810028076,0.0760998779546168,true
ddbaa3d,3,1,190,0.5964066386222839,-1.3001006841659546,0.008202798517605811,true
ddbaa3d,3,1,191,1.295782208442688,-2.316194772720337,0.0031418420191421945,true
ddbaa3d,3,1,192,0.1643793135881424,-1.2141121625900269,0.026413394140260237,true
ddbaa3d,3,1,193,2.6765191555023193,-1.9305511713027954,0.009156908883823329,true
ddbaa3d,3,1,194,0.7557525634765625,2.1056461334228516,0.0344378567591083,true
ddbaa3d,3,1,195,0.9120261073112488,1.3922053575515747,0.001397701316195615,false
ddbaa3d,3,1,196,0.7516182661056519,0.6484989523887634,0.005084283400529672,true
ddbaa3d,3,1,197,0.10602352768182755,-2.904561996459961,0.0172598363962596,true
ddbaa3d,3,1,198,0.07605993747711182,-0.5118216276168823,0.031344494544399464,true
ddbaa3d,3,1,199,0.3927411139011383,-1.7867594957351685,0.023438987422793923,true
ddbaa3d,3,1,200,0.6526860594749451,1.355993628501892,0.001529605681842569,false
ddbaa3d,3,1,201,1.3653889894485474,-1.992287516593933,0.0057253288464186244,true
ddbaa3d,3,1,202,0.6235684752464294,2.5963032245635986,0.0071182517399347315,true
ddbaa3d,3,1,203,0.2602595090866089,1.7972911596298218,0.008332071337454167,true
ddbaa3d,3,1,204,4.3285746574401855,2.8801491260528564,0.017810467094617467,true
ddbaa3d,3,1,205,1.3177834749221802,-2.328157424926758,0.01129841456803188,true
ddbaa3d,3,1,206,1.4473965167999268,2.521367073059082,0.012668041779274995,true
ddbaa3d,3,1,207,1.4901444911956787,0.5258343815803528,0.002823023437133757,true
ddbaa3d,3,1,208,0.7320379018783569,1.485909104347229,0.010771854535882175,false
ddbaa3d,3,1,209,0.4467052221298218,1.013840675354004,0.02022714122879937,true
ddbaa3d,3,1,210,0.02832365781068802,-1.8668537139892578,0.006013227244500053,true
ddbaa3d,3,1,211,0.05838418006896973,1.8062547445297241,0.11431028138412126,true
ddbaa3d,3,1,212,3.63596773147583,-2.6706132888793945,0.0485320988286567,true
ddbaa3d,3,1,213,0.8738556504249573,-1.5850516557693481,0.016095852802682515,false
ddbaa3d,3,1,214,0.2776738703250885,-3.1155166625976562,0.009133373508630124,true
ddbaa3d,3,1,215,1.4375061988830566,-1.8850852251052856,0.004659929018637701,true
ddbaa3d,3,1,216,0.9852046966552734,-2.005448818206787,0.013376717482227591,true
ddbaa3d,3,1,217,1.5915844440460205,-1.4284042119979858,0.008662884934198315,true
ddbaa3d,3,1,218,1.0269826650619507,-2.020618200302124,0.004283358578918869,true
ddbaa3d,3,1,219,0.6551167964935303,1.045479416847229,0.0030997550668790457,true
ddbaa3d,3,1,220,0.7293140888214111,2.105259895324707,0.0022302832488889216,true
ddbaa3d,3,1,221,2.57909893989563,-2.026933431625366,0.003787253640504644,true
ddbaa3d,3,1,222,0.4538388252258301,-1.4463996887207031,0.008299671063993732,true
ddbaa3d,3,1,223,3.6448121070861816,-2.296776056289673,0.006144039412230294,true
ddbaa3d,3,1,224,0.48851755261421204,-2.0135483741760254,0.0022532080136053543,true
ddbaa3d,3,1,225,0.72100430727005,-1.1453943252563477,0.016835147640484455,true
ddbaa3d,3,1,226,0.6504314541816711,0.5975876450538635,0.0033437441924020765,true
ddbaa3d,3,1,227,0.15492525696754456,2.3440208435058594,0.0007348148474279441,true
ddbaa3d,3,1,228,0.038601964712142944,1.8747621774673462,0.40490300455427336,true
ddbaa3d,3,1,229,0.7666910886764526,1.229699969291687,0.003366189598188346,true
ddbaa3d,3,1,230,0.6479239463806152,0.8187010288238525,0.0022885939236373036,true
ddbaa3d,3,1,231,0.1996920108795166,-1.382965326309204,0.06391378743870654,true
ddbaa3d,3,1,232,1.091753602027893,0.5987769961357117,0.010138243011006527,true
ddbaa3d,3,1,233,0.6071171164512634,-1.4914554357528687,0.01766043393039383,true
ddbaa3d,3,1,234,0.8560258746147156,1.790188193321228,0.007081935427038705,true
ddbaa3d,3,1,235,1.4725160598754883,-2.137937068939209,0.006640251210092646,true
ddbaa3d,3,1,236,0.06752166152000427,0.3647606670856476,0.07207762801949638,true
ddbaa3d,3,1,237,1.2365121841430664,1.7194267511367798,0.004720180626926708,true
ddbaa3d,3,1,238,0.1875893920660019,0.7004972696304321,0.015434758167326784,true
ddbaa3d,3,1,239,0.4093928933143616,-1.3314467668533325,0.0019093912925132704,true
ddbaa3d,3,1,240,1.1236668825149536,-1.9394389390945435,0.0073293003244429954,true
ddbaa3d,3,1,241,0.49056246876716614,-2.063002347946167,0.004562339445625889,true
ddbaa3d,3,1,242,1.2880138158798218,-2.362194299697876,0.005324772472815622,true
ddbaa3d,3,1,243,0.7091192603111267,0.8657902479171753,0.013286021470285861,true
ddbaa3d,3,1,244,0.635215163230896,-0.5633718371391296,0.0156992679768178,true
ddbaa3d,3,1,245,0.7580715417861938,-1.712546706199646,0.0061579244778992214,false
ddbaa3d,3,1,246,0.35682886838912964,-1.6023904085159302,0.028150656278736075,false
ddbaa3d,3,1,247,0.2813894748687744,-1.8976223468780518,0.02757980640792962,true
ddbaa3d,3,1,248,3.5687172412872314,-2.031132698059082,0.005785874934904032,true
ddbaa3d,3,1,249,1.6525888442993164,-1.4351732730865479,0.012520535897199148,true
ddbaa3d,3,1,250,0.06749464571475983,1.4483433961868286,0.04969564102595238,false
ddbaa3d,3,1,251,1.3825128078460693,-1.9374375343322754,0.0038374449298064265,true
ddbaa3d,3,1,252,0.7296752333641052,-2.0148353576660156,0.008176052325824081,true
ddbaa3d,3,1,253,0.9295525550842285,-0.8395186066627502,0.0047320910472473,true
ddbaa3d,3,1,254,0.023966537788510323,-1.2601631879806519,0.06899414464374855,true
ddbaa3d,3,1,255,2.50170636177063,-1.7524646520614624,0.005104706882271155,false
ddbaa3d,3,1,256,0.7659934163093567,1.4227086305618286,0.007210265901834975,true
ddbaa3d,3,2,1,4.6190080642700195,1.2417654991149902,0.0007084889025771718,true
ddbaa3d,3,2,2,0.30333787202835083,1.5842236280441284,0.01948381850215114,true
ddbaa3d,3,2,3,2.0785515308380127,-1.3495334386825562,0.0033593977526523338,true
ddbaa3d,3,2,4,1.8087488412857056,1.9127647876739502,0.017597681241899612,true
ddbaa3d,3,2,5,1.0114673376083374,-1.8108948469161987,0.0012016136471436048,true
ddbaa3d,3,2,6,7.387240409851074,1.9170235395431519,0.02112648418562001,true
ddbaa3d,3,2,7,0.6369836330413818,1.9238237142562866,0.015296864841451313,true
ddbaa3d,3,2,8,1.690958023071289,-1.5589934587478638,0.0016659167966093103,true
ddbaa3d,3,2,9,1.8399516344070435,-1.1146175861358643,0.013838540694488817,true
ddbaa3d,3,2,10,0.19713512063026428,1.9458613395690918,0.03149080627602798,true
ddbaa3d,3,2,11,1.303604006767273,1.5972672700881958,0.004164615134229376,true
ddbaa3d,3,2,12,1.6715999841690063,-1.4932557344436646,0.003408079889533152,true
ddbaa3d,3,2,13,3.987938404083252,0.31523093581199646,0.0026776012314139144,true
ddbaa3d,3,2,14,3.5762457847595215,1.1183606386184692,0.0013758652621270783,true
ddbaa3d,3,2,15,0.40435588359832764,2.111475944519043,0.0024462912462451906,true
ddbaa3d,3,2,16,1.0028250217437744,-1.4225395917892456,0.01769228392904395,true
ddbaa3d,3,2,17,2.105360984802246,-1.6341887712478638,0.0008967245716746254,false
ddbaa3d,3,2,18,0.6124727129936218,1.4999545812606812,0.010542863329851618,true
ddbaa3d,3,2,19,1.6418342590332031,-1.8048015832901,0.004742788877460083,true
ddbaa3d,3,2,20,4.456491470336914,0.17140479385852814,0.004625007958001014,true
ddbaa3d,3,2,21,0.2636435925960541,-1.8121596574783325,0.03544449410048889,true
ddbaa3d,3,2,22,0.3861897885799408,1.7720234394073486,0.014336936211311616,true
ddbaa3d,3,2,23,1.6137479543685913,1.3536392450332642,0.0005138202610609186,true
ddbaa3d,3,2,24,2.0451648235321045,1.197910189628601,0.004868790621881937,true
ddbaa3d,3,2,25,4.966615200042725,1.4752368927001953,0.00884359428325208,false
ddbaa3d,3,2,26,1.007432460784912,-1.5935604572296143,0.004107872899231755,false
ddbaa3d,3,2,27,0.6784574389457703,1.3586162328720093,0.007255854689782948,true
ddbaa3d,3,2,28,2.471661329269409,1.1432987451553345,0.003734676272890283,true
ddbaa3d,3,2,29,3.438007116317749,1.151006817817688,0.012613360414151216,true
ddbaa3d,3,2,30,4.300928115844727,0.9613685011863708,0.0007035387536274765,true
ddbaa3d,3,2,31,2.745758533477783,1.2566032409667969,0.004355216466920725,true
ddbaa3d,3,2,32,0.8091695308685303,-1.358648419380188,0.032542543017581825,true
ddbaa3d,3,2,33,2.0957233905792236,-1.65834379196167,0.0042383312063194725,true
ddbaa3d,3,2,34,2.791489362716675,-0.9998316764831543,0.004026684163253505,true
ddbaa3d,3,2,35,8.77646255493164,-1.6020945310592651,0.006909040346659077,false
ddbaa3d,3,2,36,0.5310297012329102,1.5987846851348877,0.004107942842791721,true
ddbaa3d,3,2,37,0.9704251885414124,-1.688921332359314,0.003538074987318065,true
ddbaa3d,3,2,38,2.1835579872131348,1.7174071073532104,0.010929831752853577,true
ddbaa3d,3,2,39,2.6595404148101807,1.3932955265045166,0.0019786879191591765,true
ddbaa3d,3,2,40,1.5011448860168457,1.2729244232177734,0.011781722671624955,true
ddbaa3d,3,2,41,2.525423526763916,-2.7331812381744385,0.016263767602961145,true
ddbaa3d,3,2,42,2.045743942260742,-1.4004565477371216,0.0017237611835703793,true
ddbaa3d,3,2,43,1.254473328590393,-1.7785884141921997,0.009800856208398804,true
ddbaa3d,3,2,44,0.6308476328849792,-2.02116322517395,0.02261926985193597,true
ddbaa3d,3,2,45,1.5780657529830933,0.8567464351654053,0.017070931954199252,true
ddbaa3d,3,2,46,0.5700197815895081,-2.066856861114502,0.012540509492233105,false
ddbaa3d,3,2,47,1.3790202140808105,1.501094102859497,0.0023388401987887338,true
ddbaa3d,3,2,48,2.9894168376922607,1.9975727796554565,0.005221597247738031,true
ddbaa3d,3,2,49,0.9107305407524109,1.2239450216293335,0.0030420925218837,true
ddbaa3d,3,2,50,1.195050597190857,1.1317124366760254,0.003931252809279895,true
ddbaa3d,3,2,51,2.2070090770721436,1.2612072229385376,0.010704799609846398,true
ddbaa3d,3,2,52,1.7033401727676392,-1.7575485706329346,0.004799967520556347,true
ddbaa3d,3,2,53,21.188966751098633,0.8054258823394775,0.002338029018283715,true
ddbaa3d,3,2,54,1.130235195159912,-1.6228892803192139,0.03137376926200546,false
ddbaa3d,3,2,55,0.4638661742210388,-1.5727604627609253,0.013710777719048266,true
ddbaa3d,3,2,56,2.1898624897003174,1.485259771347046,0.003595326083873737,false
ddbaa3d,3,2,57,2.4555399417877197,-1.582743763923645,0.0018324047253274283,false
ddbaa3d,3,2,58,1.7121795415878296,1.5530701875686646,0.0011901308703026142,false
ddbaa3d,3,2,59,4.292777061462402,-1.9119716882705688,0.001735395401585663,true
ddbaa3d,3,2,60,0.5713194608688354,-1.7642046213150024,0.003934629674548651,true
ddbaa3d,3,2,61,1.6910498142242432,-1.104677677154541,0.0007015607793895466,true
ddbaa3d,3,2,62,0.6587838530540466,1.4764453172683716,0.02483590282123805,false
ddbaa3d,3,2,63,2.2458724975585938,1.33648681640625,0.009204823357737769,true
ddbaa3d,3,2,64,2.6969282627105713,1.1469111442565918,0.007790921196497054,true
ddbaa3d,4,1,1,0.5142250061035156,1.9122506380081177,0.005152276188024384,true
ddbaa3d,4,1,2,0.5992230176925659,-2.4959187507629395,0.015490892835721307,true
ddbaa3d,4,1,3,0.7094954252243042,1.355905294418335,0.007203900729105182,false
ddbaa3d,4,1,4,1.1711864471435547,2.704350709915161,0.006657195370148516,true
ddbaa3d,4,1,5,0.6207005977630615,0.9663153886795044,0.004351068258823918,true
ddbaa3d,4,1,6,0.3276050090789795,2.5888736248016357,0.011772996720521078,true
ddbaa3d,4,1,7,0.8610584735870361,0.5997540354728699,0.003267128939471406,true
ddbaa3d,4,1,8,1.4582574367523193,-2.590552806854248,0.0031700027845333223,true
ddbaa3d,4,1,9,2.019315481185913,-1.897337555885315,0.003995080787539186,true
ddbaa3d,4,1,10,0.8803418874740601,1.465469241142273,0.006606513164870262,false
ddbaa3d,4,1,11,0.6034464836120605,-0.7877230644226074,0.01293239948639649,true
ddbaa3d,4,1,12,1.622241497039795,-1.8306418657302856,0.004831026445127652,true
ddbaa3d,4,1,13,0.4497275650501251,-1.15529465675354,0.018740617350038135,true
ddbaa3d,4,1,14,0.6832149028778076,-1.8546603918075562,0.008689981113539138,true
ddbaa3d,4,1,15,0.6697595119476318,0.5402965545654297,0.008336477791522422,true
ddbaa3d,4,1,16,2.514495611190796,0.6451071500778198,0.002612023630468004,true
ddbaa3d,4,1,17,1.4799461364746094,-2.1013102531433105,0.0025500401721734772,true
ddbaa3d,4,1,18,0.48850253224372864,-1.2863216400146484,0.008957837329579338,true
ddbaa3d,4,1,19,0.757951557636261,0.4837471544742584,0.0025755932749140335,true
ddbaa3d,4,1,20,6.481693744659424,-1.0358341932296753,0.018355609330603616,true
ddbaa3d,4,1,21,0.0072228084318339825,-3.0095648765563965,0.5283532257360535,false
ddbaa3d,4,1,22,0.24142895638942719,-2.2076668739318848,0.003412251117885094,true
ddbaa3d,4,1,23,2.311877965927124,0.07152760028839111,0.0042695300950507074,true
ddbaa3d,4,1,24,0.40421226620674133,-2.0180211067199707,0.007717951278036244,true
ddbaa3d,4,1,25,0.19858874380588531,-0.9165947437286377,0.023344663191032684,true
ddbaa3d,4,1,26,0.42545345425605774,2.0363845825195312,0.025142635562340285,true
ddbaa3d,4,1,27,0.7456874847412109,-2.320068359375,0.0050672616773349876,true
ddbaa3d,4,1,28,0.6722272634506226,2.8600752353668213,0.00731152779519107,true
ddbaa3d,4,1,29,2.05039644241333,0.34790125489234924,0.003858134460189819,true
ddbaa3d,4,1,30,0.24848538637161255,0.3276596963405609,0.009533062231688365,true
ddbaa3d,4,1,31,0.6520038843154907,-1.0638644695281982,0.0022736408970674142,true
ddbaa3d,4,1,32,0.4958670437335968,1.818676233291626,0.012583996830670869,true
ddbaa3d,4,1,33,0.703170657157898,1.7409303188323975,0.012293541857141913,true
ddbaa3d,4,1,34,1.2236690521240234,-1.6856740713119507,0.008893050259720522,false
ddbaa3d,4,1,35,1.0863218307495117,0.3030596971511841,0.004412558062333255,true
ddbaa3d,4,1,36,1.2255433797836304,-3.0123190879821777,0.006013500770577368,true
ddbaa3d,4,1,37,1.8305901288986206,-2.5683531761169434,0.006085899731526938,true
ddbaa3d,4,1,38,0.4079637825489044,2.93931245803833,0.005559479772361634,true
ddbaa3d,4,1,39,1.3322862386703491,-1.5650662183761597,0.0012283245276642138,true
ddbaa3d,4,1,40,0.3547131419181824,0.032303664833307266,0.010803645915863608,true
ddbaa3d,4,1,41,2.6696524620056152,2.748046398162842,0.005624629180704979,true
ddbaa3d,4,1,42,2.6071324348449707,-1.9934933185577393,0.003054746837273457,true
ddbaa3d,4,1,43,0.1145513728260994,2.6759817600250244,0.03764304634361692,true
ddbaa3d,4,1,44,0.1771848201751709,1.5539352893829346,0.011041357145332073,false
ddbaa3d,4,1,45,1.0331432819366455,-2.838315725326538,0.010506059431493242,true
ddbaa3d,4,1,46,1.2354507446289062,0.14647623896598816,0.0051259124596235404,true
ddbaa3d,4,1,47,0.8258104920387268,2.4279580116271973,0.011633400806334208,true
ddbaa3d,4,1,48,1.9671512842178345,-0.853157103061676,0.010985346793271296,true
ddbaa3d,4,1,49,0.7428356409072876,1.4425932168960571,0.004324888435717132,true
ddbaa3d,4,1,50,0.5131082534790039,-2.319974660873413,0.005218115904949139,true
ddbaa3d,4,1,51,1.427939534187317,2.7570135593414307,0.005576863976274009,true
ddbaa3d,4,1,52,0.6549736857414246,0.3135747015476227,0.008066014767757779,true
ddbaa3d,4,1,53,0.6736208200454712,-2.7401092052459717,0.003169117692927352,true
ddbaa3d,4,1,54,2.3725779056549072,-2.687969446182251,0.0054062354007958545,true
ddbaa3d,4,1,55,2.3430871963500977,0.08506299555301666,0.008716787323634817,true
ddbaa3d,4,1,56,1.2444580793380737,2.631477117538452,0.032944933966174456,true
ddbaa3d,4,1,57,0.24429425597190857,-2.1036505699157715,0.03669408776581631,false
ddbaa3d,4,1,58,0.8625009655952454,0.9873161315917969,0.0074937866546559125,true
ddbaa3d,4,1,59,1.130515694618225,-0.24125798046588898,0.00465424116550691,true
ddbaa3d,4,1,60,0.6393260955810547,0.2014736831188202,0.014248883938560403,true
ddbaa3d,4,1,61,0.8541717529296875,1.6135247945785522,0.009015913337932807,true
ddbaa3d,4,1,62,2.1119236946105957,0.16402021050453186,0.0034424568700927405,true
ddbaa3d,4,1,63,0.8403618931770325,2.341820478439331,0.018301804957509906,true
ddbaa3d,4,1,64,0.585782527923584,2.5892553329467773,0.0015086375272823013,true
ddbaa3d,4,1,65,1.1403363943099976,-2.885435104370117,0.008138513751021212,true
ddbaa3d,4,1,66,0.41175466775894165,1.4074316024780273,0.020657884779990785,false
ddbaa3d,4,1,67,2.112794876098633,0.951045572757721,0.003968201526901598,true
ddbaa3d,4,1,68,0.3676219880580902,-0.7139618396759033,0.013652235522843418,true
ddbaa3d,4,1,69,3.272554397583008,0.9056398868560791,0.0037767210489070154,true
ddbaa3d,4,1,70,0.30293411016464233,2.190070867538452,0.0032415126592237786,true
ddbaa3d,4,1,71,1.7148123979568481,-2.348655939102173,0.0020109266766848185,true
ddbaa3d,4,1,72,1.1849818229675293,1.0817060470581055,0.0017588280894441522,true
ddbaa3d,4,1,73,2.284717082977295,-2.379793167114258,0.004861493170496759,true
ddbaa3d,4,1,74,0.9658010005950928,-2.9138505458831787,0.005216985842738942,true
ddbaa3d,4,1,75,0.46803751587867737,0.07673782110214233,0.011740989762449321,true
ddbaa3d,4,1,76,0.7062485218048096,-2.107150077819824,0.0009000474320777805,true
ddbaa3d,4,1,77,1.148120641708374,-0.3638989329338074,0.02376838490669946,true
ddbaa3d,4,1,78,2.593280792236328,0.5822227001190186,0.003327751571824715,true
ddbaa3d,4,1,79,0.6118565201759338,2.4776687622070312,0.010835479063878528,true
ddbaa3d,4,1,80,0.26862484216690063,1.2899829149246216,0.004237914142273958,true
ddbaa3d,4,1,81,0.6644377112388611,0.7602928876876831,0.007582450869775639,true
ddbaa3d,4,1,82,0.1961546689271927,-0.9504309892654419,0.029690813677474226,true
ddbaa3d,4,1,83,1.0249470472335815,-0.38884875178337097,0.02091145095203131,true
ddbaa3d,4,1,84,1.4029065370559692,-2.876167058944702,0.007653168172432133,true
ddbaa3d,4,1,85,0.8686825037002563,-2.1350042819976807,0.001838923517327756,true
ddbaa3d,4,1,86,0.026390576735138893,-2.2250516414642334,0.16675063326080775,true
ddbaa3d,4,1,87,0.27244189381599426,0.0188077874481678,0.01771972455577685,true
ddbaa3d,4,1,88,0.7938591241836548,0.2753344774246216,0.004122940292670947,true
ddbaa3d,4,1,89,1.1178574562072754,-2.0979180335998535,0.018578035601627255,true
ddbaa3d,4,1,90,1.9975206851959229,1.626948356628418,0.0016458909253830383,true
ddbaa3d,4,1,91,0.9269973039627075,0.007466682232916355,0.006762873800814715,true
ddbaa3d,4,1,92,1.631554126739502,1.0442711114883423,0.0031699296432797707,true
ddbaa3d,4,1,93,1.7247096300125122,-2.696206569671631,0.00456101978910158,true
ddbaa3d,4,1,94,1.3141298294067383,-2.2727081775665283,0.004234132100484228,true
ddbaa3d,4,1,95,1.5063621997833252,-0.2015477418899536,0.004839310996501978,true
ddbaa3d,4,1,96,0.6684366464614868,0.49368107318878174,0.0031943929641216474,true
ddbaa3d,4,1,97,0.6053286790847778,1.9625070095062256,0.011071619174594047,true
ddbaa3d,4,1,98,0.5876779556274414,1.1646761894226074,0.0028356985593355716,true
ddbaa3d,4,1,99,0.8260316252708435,-1.9900966882705688,0.004691189576120408,true
ddbaa3d,4,1,100,4.241555213928223,-2.648287296295166,0.006197623706238408,true
ddbaa3d,4,1,101,2.154714345932007,0.6769649386405945,0.0027322283950714614,true
ddbaa3d,4,1,102,0.42092421650886536,-1.6659858226776123,0.011146225613894998,false
ddbaa3d,4,1,103,1.4454686641693115,1.6554944515228271,0.008224322954079306,true
ddbaa3d,4,1,104,0.6902827024459839,-1.2150828838348389,0.007109524072011952,true
ddbaa3d,4,1,105,0.49380117654800415,1.3128199577331543,0.008926407616219425,true
ddbaa3d,4,1,106,0.08324144780635834,2.5603368282318115,0.007772453909732469,true
ddbaa3d,4,1,107,0.551476776599884,-2.540069580078125,0.006794084165518747,true
ddbaa3d,4,1,108,1.7614415884017944,-3.1274847984313965,0.004397464002202755,true
ddbaa3d,4,1,109,1.513970136642456,-1.3817812204360962,0.004604768627055121,true
ddbaa3d,4,1,110,0.8006049990653992,-0.12986306846141815,0.009793327340396457,true
ddbaa3d,4,1,111,1.3213284015655518,-2.4101037979125977,0.004382103456855248,true
ddbaa3d,4,1,112,0.09747926890850067,0.8161121010780334,0.05655613398794171,false
ddbaa3d,4,1,113,2.943063497543335,2.9037561416625977,0.006384512355818807,true
ddbaa3d,4,1,114,0.2696729898452759,0.03680559620261192,0.0437433982404591,true
ddbaa3d,4,1,115,4.978997707366943,0.1561034619808197,0.015245231207229848,true
ddbaa3d,4,1,116,0.3587190806865692,-1.9117096662521362,0.011933056708634445,true
ddbaa3d,4,1,117,0.35179048776626587,1.0538960695266724,0.016054316105888363,false
ddbaa3d,4,1,118,0.8525562286376953,0.6398717164993286,0.002840453018732452,true
ddbaa3d,4,1,119,0.4215462803840637,1.3296501636505127,0.008827339604578266,true
ddbaa3d,4,1,120,0.9543359875679016,-2.721585750579834,0.00798087878216495,true
ddbaa3d,4,1,121,0.6557168960571289,-2.5057485103607178,0.014473734863337352,true
ddbaa3d,4,1,122,1.4234583377838135,-2.6072652339935303,0.0037438797721331693,true
ddbaa3d,4,1,123,0.4794791340827942,-0.3470015823841095,0.00937787081265364,true
ddbaa3d,4,1,124,0.7048361301422119,0.33129099011421204,0.008432392364501943,true
ddbaa3d,4,1,125,1.3722517490386963,1.095129132270813,0.007195314046037618,true
ddbaa3d,4,1,126,2.0938832759857178,0.13874077796936035,0.004303353568017929,true
ddbaa3d,4,1,127,0.4337504506111145,1.012136459350586,0.0015013184776353986,true
ddbaa3d,4,1,128,0.9234259724617004,1.2995678186416626,0.001008542278729628,true
ddbaa3d,4,1,129,1.7455589771270752,-0.0443715825676918,0.013289407267116079,true
ddbaa3d,4,1,130,0.9880885481834412,-3.082592248916626,0.007451329089346172,true
ddbaa3d,4,1,131,2.5716421604156494,1.7667216062545776,0.0004089397778162965,true
ddbaa3d,4,1,132,0.7420164942741394,-2.3359909057617188,0.005783877262827587,true
ddbaa3d,4,1,133,0.412936270236969,-2.221363067626953,0.003545294118989665,true
ddbaa3d,4,1,134,0.7377699017524719,0.6424654722213745,0.006821978847082157,true
ddbaa3d,4,1,135,0.5307603478431702,0.5362576246261597,0.00240755264351974,true
ddbaa3d,4,1,136,2.0986030101776123,1.2180427312850952,0.0018236434561047328,true
ddbaa3d,4,1,137,2.2664098739624023,2.860865354537964,0.010804668929515343,true
ddbaa3d,4,1,138,0.9060087203979492,0.23641017079353333,0.004305770946669883,true
ddbaa3d,4,1,139,0.5808278918266296,0.7836102843284607,0.0019048512392665737,true
ddbaa3d,4,1,140,0.25826266407966614,-3.123155355453491,0.020878815346826056,true
ddbaa3d,4,1,141,0.7404323816299438,3.1266517639160156,0.005207930519974652,true
ddbaa3d,4,1,142,0.2636120915412903,-0.6857113242149353,0.01917948606127013,true
ddbaa3d,4,1,143,1.1987419128417969,0.8995190858840942,0.0019424707532516635,true
ddbaa3d,4,1,144,0.27736592292785645,-0.45373421907424927,0.02093749657510549,true
ddbaa3d,4,1,145,0.20548225939273834,-2.4269821643829346,0.018544589156921035,true
ddbaa3d,4,1,146,0.430794894695282,0.7904590964317322,0.014384243334764433,true
ddbaa3d,4,1,147,1.091435194015503,0.7166134715080261,0.003041261065468845,true
ddbaa3d,4,1,148,0.37025904655456543,-2.933598518371582,0.016296319394450923,true
ddbaa3d,4,1,149,0.4882260262966156,-2.754789352416992,0.01847943641025807,true
ddbaa3d,4,1,150,2.035729169845581,-0.175170436501503,0.00997214100318008,true
ddbaa3d,4,1,151,0.9194135665893555,-2.1721596717834473,0.002870827343405596,true
ddbaa3d,4,1,152,0.45424574613571167,-1.3077189922332764,0.026123638855979,true
ddbaa3d,4,1,153,2.420772075653076,-2.789785623550415,0.0038005324345784203,true
ddbaa3d,4,1,154,0.9302640557289124,0.6821216344833374,0.0027794157672550836,true
ddbaa3d,4,1,155,1.0401402711868286,-2.013155460357666,0.002689628388582826,true
ddbaa3d,4,1,156,0.7653769254684448,-1.9553931951522827,0.005076004029587036,true
ddbaa3d,4,1,157,0.6332941651344299,1.0604043006896973,0.008640281042771833,true
ddbaa3d,4,1,158,0.9832947254180908,0.4680122137069702,0.01497977175081112,true
ddbaa3d,4,1,159,0.8177457451820374,-0.04872609302401543,0.006982430163984875,true
ddbaa3d,4,1,160,1.4982268810272217,-1.471600890159607,0.002121184153554835,true
ddbaa3d,4,1,161,0.9799796938896179,-2.224398136138916,0.004209379683889339,true
ddbaa3d,4,1,162,0.6333694458007812,2.1042754650115967,0.015941870810346075,true
ddbaa3d,4,1,163,2.145481824874878,-2.157961368560791,0.00357788341057694,true
ddbaa3d,4,1,164,0.6953767538070679,-0.014017747715115547,0.00527361057187657,true
ddbaa3d,4,1,165,0.20342959463596344,-1.5255101919174194,0.01461014456272077,true
ddbaa3d,4,1,166,0.41038835048675537,-1.3613229990005493,0.0073227491917778696,true
ddbaa3d,4,1,167,0.06208144873380661,2.052539825439453,0.04770035749470953,false
ddbaa3d,4,1,168,0.7917162179946899,-2.2996926307678223,0.00536541154293291,true
ddbaa3d,4,1,169,0.2912192940711975,-3.0254483222961426,0.007385244899351167,true
ddbaa3d,4,1,170,1.0482765436172485,0.2413182109594345,0.004928891366185175,true
ddbaa3d,4,1,171,0.4533986747264862,1.1010016202926636,0.013259766508901448,true
ddbaa3d,4,1,172,0.7139937281608582,3.1354594230651855,0.003807118058700572,true
ddbaa3d,4,1,173,0.477655827999115,1.2794246673583984,0.012508883186179728,false
ddbaa3d,4,1,174,0.44935888051986694,-3.111392021179199,0.0041184217013423945,true
ddbaa3d,4,1,175,0.5276303291320801,1.7465101480484009,0.008366469166084512,true
ddbaa3d,4,1,176,3.7142186164855957,-1.5527904033660889,0.007795378113204543,true
ddbaa3d,4,1,177,1.5861998796463013,-2.5220117568969727,0.004066555568991424,true
ddbaa3d,4,1,178,1.242249608039856,-1.8766679763793945,0.00142295057389131,true
ddbaa3d,4,1,179,0.5525624752044678,-1.148427963256836,0.005756545437739875,true
ddbaa3d,4,1,180,0.7914161682128906,1.0678387880325317,0.0005509351772131557,true
ddbaa3d,4,1,181,2.369809865951538,0.9619048833847046,0.003871140251876741,true
ddbaa3d,4,1,182,1.1884840726852417,-2.3958921432495117,0.006643131063167527,true
ddbaa3d,4,1,183,0.7410656809806824,2.1036367416381836,0.01817342066114433,true
ddbaa3d,4,1,184,1.7255191802978516,0.12918125092983246,0.007199392147328194,true
ddbaa3d,4,1,185,2.205760955810547,0.20761173963546753,0.012027085802267103,true
ddbaa3d,4,1,186,1.0414512157440186,1.605498194694519,0.004866899015243936,true
ddbaa3d,4,1,187,0.8624238967895508,-2.263643264770508,0.003911936968469713,true
ddbaa3d,4,1,188,0.8136624097824097,1.225406289100647,0.0018266550917277794,true
ddbaa3d,4,1,189,0.3004996180534363,0.09841010719537735,0.0067406354574796185,true
ddbaa3d,4,1,190,1.4745556116104126,1.274610996246338,0.008966767793346667,true
ddbaa3d,4,1,191,0.26643237471580505,-0.15778522193431854,0.013446943491081139,true
ddbaa3d,4,1,192,0.2661174237728119,-1.1802666187286377,0.0024993896754368903,true
ddbaa3d,4,1,193,1.0932044982910156,1.014432668685913,0.0053788717779165805,true
ddbaa3d,4,1,194,1.9936153888702393,-2.2295966148376465,0.0036416012890989518,true
ddbaa3d,4,1,195,0.9538578391075134,-2.7737877368927,0.005434060240063803,true
ddbaa3d,4,1,196,1.2866312265396118,-2.0373241901397705,0.0028161750011813165,true
ddbaa3d,4,1,197,0.4762057662010193,0.6159776449203491,0.008267529273449205,true
ddbaa3d,4,1,198,1.0914156436920166,-1.4247522354125977,0.02994186637085769,true
ddbaa3d,4,1,199,1.5404022932052612,2.8853251934051514,0.010992783501424836,true
ddbaa3d,4,1,200,1.8183567523956299,-1.779577374458313,0.0020172247341213633,true
ddbaa3d,4,1,201,0.8195002675056458,2.3565621376037598,0.02374825422816447,true
ddbaa3d,4,1,202,2.650367259979248,0.26836174726486206,0.004063135727574263,true
ddbaa3d,4,1,203,1.5759613513946533,2.4314708709716797,0.021332083773508294,true
ddbaa3d,4,1,204,0.3034491539001465,0.640975296497345,0.011682439213699698,true
ddbaa3d,4,1,205,1.0423572063446045,0.7469345331192017,0.0038845175032073695,true
ddbaa3d,4,1,206,0.551415205001831,-1.8160266876220703,0.007505511507573278,true
ddbaa3d,4,1,207,0.1308659464120865,-0.4869000315666199,0.007309689346227881,true
ddbaa3d,4,1,208,1.0270520448684692,-2.972325563430786,0.004384982673598871,true
ddbaa3d,4,1,209,0.7636910676956177,-2.398684024810791,0.005983676066976205,true
ddbaa3d,4,1,210,0.2844134271144867,2.526787519454956,0.005308917999255187,true
ddbaa3d,4,1,211,0.5562341809272766,-0.008187404833734035,0.01257719807955606,true
ddbaa3d,4,1,212,1.8043725490570068,-2.133741855621338,0.004442246063965702,true
ddbaa3d,4,1,213,3.4029617309570312,0.3184095323085785,0.009929142233099906,true
ddbaa3d,4,1,214,1.7487530708312988,1.0225430727005005,0.004493308919586377,true
ddbaa3d,4,1,215,1.1481796503067017,0.5080277919769287,0.004392355952326445,true
ddbaa3d,4,1,216,0.7198498845100403,3.012951135635376,0.014759878362951565,true
ddbaa3d,4,1,217,1.5509238243103027,-0.006485645659267902,0.008589051604131624,true
ddbaa3d,4,1,218,0.7282836437225342,1.0282831192016602,0.0020931140917592496,true
ddbaa3d,4,1,219,0.3451313078403473,0.2433307021856308,0.004194426498195055,true
ddbaa3d,4,1,220,0.929807722568512,2.9967892169952393,0.005144141254398755,true
ddbaa3d,4,1,221,0.45138075947761536,1.5195941925048828,0.0054697540411301464,false
ddbaa3d,4,1,222,1.1102402210235596,0.10659386962652206,0.008810521694885954,true
ddbaa3d,4,1,223,2.0911054611206055,0.21868015825748444,0.004202341306860135,true
ddbaa3d,4,1,224,0.5257676243782043,-1.7008724212646484,0.0023848119776691016,false
ddbaa3d,4,1,225,1.6855378150939941,-0.1838473528623581,0.009257104445505001,true
ddbaa3d,4,1,226,1.3876967430114746,1.161353349685669,0.0031394993245335134,true
ddbaa3d,4,1,227,0.1178235113620758,-1.095029354095459,0.04511266564748561,true
ddbaa3d,4,1,228,0.5454683899879456,2.506439208984375,0.013561977903261356,true
ddbaa3d,4,1,229,0.2559041380882263,2.6994845867156982,0.010798265887210922,true
ddbaa3d,4,1,230,0.8281518816947937,-2.4506049156188965,0.007165920242811275,true
ddbaa3d,4,1,231,1.8737419843673706,0.6223753094673157,0.00812557284722371,true
ddbaa3d,4,1,232,1.4679436683654785,1.2833809852600098,0.0035171782366645323,true
ddbaa3d,4,1,233,0.7372177839279175,0.6543169021606445,0.0031314757697844726,true
ddbaa3d,4,1,234,0.10935807228088379,1.668686032295227,0.037640896532666494,true
ddbaa3d,4,1,235,0.9357392191886902,1.1422733068466187,0.0028371054924871803,true
ddbaa3d,4,1,236,0.3887445628643036,-1.8641237020492554,0.0025908327957660255,true
ddbaa3d,4,1,237,1.5246503353118896,1.8223004341125488,0.010285053536073655,true
ddbaa3d,4,1,238,0.11386026442050934,-0.8920688033103943,0.030381823455676738,true
ddbaa3d,4,1,239,1.9492878913879395,0.7647448182106018,0.006171842281913466,true
ddbaa3d,4,1,240,0.9995819330215454,1.747768759727478,0.011278946953053995,true
ddbaa3d,4,1,241,0.16805100440979004,1.8464460372924805,0.036040699124077646,true
ddbaa3d,4,1,242,0.9265673160552979,0.4350782036781311,0.0033706319269685473,true
ddbaa3d,4,1,243,0.7699606418609619,-1.8151565790176392,0.009310713564256628,true
ddbaa3d,4,1,244,2.4891319274902344,0.6382479071617126,0.003920791556219934,true
ddbaa3d,4,1,245,0.5885746479034424,1.1889140605926514,0.012167047015821532,true
ddbaa3d,4,1,246,3.590426445007324,0.5590950846672058,0.0033053477422483324,true
ddbaa3d,4,1,247,0.4099362790584564,1.862415075302124,0.024400148209630716,true
ddbaa3d,4,1,248,1.1103006601333618,0.1141228973865509,0.02471872749661607,true
ddbaa3d,4,1,249,0.3350604176521301,2.949341297149658,0.006282029912889733,true
ddbaa3d,4,1,250,0.5631133913993835,-0.09392890334129333,0.019707271321173118,true
ddbaa3d,4,1,251,0.722739040851593,1.4051345586776733,0.03683490949564428,false
ddbaa3d,4,1,252,1.1999287605285645,-2.938365936279297,0.01389897208916351,true
ddbaa3d,4,1,253,1.1719474792480469,-1.7338093519210815,0.009552863087640657,false
ddbaa3d,4,1,254,0.38881534337997437,-1.1988155841827393,0.018687864456598938,true
ddbaa3d,4,1,255,0.24993887543678284,-2.38680100440979,0.022568811611248813,true
ddbaa3d,4,1,256,0.6509590744972229,2.7794032096862793,0.011701117782108162,true
ddbaa3d,4,2,1,0.4552529454231262,-1.294646978378296,0.05109351721689155,false
ddbaa3d,4,2,2,1.5838016271591187,-2.0039710998535156,0.0015622646704688454,true
ddbaa3d,4,2,3,1.544531226158142,-1.222656488418579,0.002578901271368962,true
ddbaa3d,4,2,4,2.6885831356048584,-1.2457247972488403,0.0022451447465733653,true
ddbaa3d,4,2,5,0.8316029906272888,-1.2536835670471191,0.009509012312084956,true
ddbaa3d,4,2,6,25.228349685668945,-2.9444453716278076,0.006059160045637228,true
ddbaa3d,4,2,7,0.8074586987495422,-1.4895254373550415,0.0004106215544838494,true
ddbaa3d,4,2,8,2.038320302963257,1.2350177764892578,0.003935676630843218,true
ddbaa3d,4,2,9,1.565842866897583,-1.8525983095169067,0.008599202174006386,true
ddbaa3d,4,2,10,3.369140863418579,0.9691882729530334,0.0015206235003043973,true
ddbaa3d,4,2,11,3.560377836227417,-1.6381434202194214,0.0020986713469176655,true
ddbaa3d,4,2,12,2.014989137649536,1.1299484968185425,0.001157065227326537,true
ddbaa3d,4,2,13,4.584314346313477,0.16470129787921906,0.028097993172251645,true
ddbaa3d,4,2,14,2.290916681289673,2.3150196075439453,0.006319490898890507,true
ddbaa3d,4,2,15,0.44139018654823303,-0.7446193695068359,0.016116247711013946,true
ddbaa3d,4,2,16,2.046562433242798,-1.2828688621520996,0.006076223649085119,true
ddbaa3d,4,2,17,1.7285020351409912,-1.3149607181549072,0.0013532215572125293,true
ddbaa3d,4,2,18,1.5845035314559937,1.3522807359695435,0.003268357761778916,true
ddbaa3d,4,2,19,0.4379064738750458,1.1485531330108643,0.004564459517114236,true
ddbaa3d,4,2,20,2.2703850269317627,-0.2555428445339203,0.010841755765311989,true
ddbaa3d,4,2,21,1.9165000915527344,-1.7941327095031738,0.0036793214691068503,true
ddbaa3d,4,2,22,1.230130672454834,1.5394268035888672,0.0035864231323729898,true
ddbaa3d,4,2,23,1.8410619497299194,-0.9868989586830139,0.0065518407470577305,true
ddbaa3d,4,2,24,1.8584314584732056,1.5201160907745361,0.0005687897832980952,false
ddbaa3d,4,2,25,2.5427134037017822,1.8619688749313354,0.006870962637013541,true
ddbaa3d,4,2,26,1.282581090927124,-1.717858910560608,0.0007054701416310843,true
ddbaa3d,4,2,27,0.5941624641418457,-2.4319305419921875,0.016570142092626375,true
ddbaa3d,4,2,28,0.12835273146629333,-0.8352975845336914,0.11372049783795544,true
ddbaa3d,4,2,29,2.0144126415252686,-1.0401601791381836,0.003861863816358129,true
ddbaa3d,4,2,30,6.793034076690674,1.6666821241378784,0.0022712436177372286,true
ddbaa3d,4,2,31,2.102195978164673,1.181364893913269,0.0009168304494158269,true
ddbaa3d,4,2,32,3.4370062351226807,1.3424514532089233,0.0059147894055702165,true
ddbaa3d,4,2,33,1.9305886030197144,-2.052926540374756,0.001769715334427378,true
ddbaa3d,4,2,34,0.8171167373657227,-0.34813249111175537,0.05194181988051012,true
ddbaa3d,4,2,35,4.526297569274902,-0.6562569737434387,0.006922758999525301,true
ddbaa3d,4,2,36,1.004688024520874,-1.3319469690322876,0.001964447095664252,true
ddbaa3d,4,2,37,1.121864914894104,0.8973155617713928,0.004964171392355767,true
ddbaa3d,4,2,38,0.5467897057533264,2.539442777633667,0.013778884794686584,true
ddbaa3d,4,2,39,2.4097702503204346,-1.5324150323867798,0.009153987444877762,true
ddbaa3d,4,2,40,0.7535396218299866,0.2917596101760864,0.011571756155151236,true
ddbaa3d,4,2,41,0.9882563948631287,1.271644115447998,0.011836566373089429,false
ddbaa3d,4,2,42,0.0795852392911911,0.802321195602417,0.06982844571348328,false
ddbaa3d,4,2,43,1.3235241174697876,-1.3828506469726562,0.0019339046396540426,true
ddbaa3d,4,2,44,0.8552074432373047,-1.4868457317352295,0.002801650818058266,true
ddbaa3d,4,2,45,2.279756546020508,-1.069838523864746,0.0010176675227230373,true
ddbaa3d,4,2,46,1.073054552078247,-1.083209753036499,0.0032022501914694924,true
ddbaa3d,4,2,47,1.435945987701416,-1.7087748050689697,0.0011326034893439823,true
ddbaa3d,4,2,48,3.624074935913086,2.351682424545288,0.005266414897346609,true
ddbaa3d,4,2,49,1.7749338150024414,2.534132480621338,0.007056942553722074,true
ddbaa3d,4,2,50,1.6946285963058472,-1.8762789964675903,0.0015938218292260425,true
ddbaa3d,4,2,51,2.819443464279175,-1.9716817140579224,0.010103535391599059,true
ddbaa3d,4,2,52,0.9406735897064209,-0.41076338291168213,0.005052033671962106,true
ddbaa3d,4,2,53,17.386816024780273,-2.2887229919433594,0.0037494879026830526,true
ddbaa3d,4,2,54,0.7647190690040588,2.6807806491851807,0.010234487853216135,true
ddbaa3d,4,2,55,0.5081219673156738,-2.7723135948181152,0.0060298133178715175,true
ddbaa3d,4,2,56,1.6329944133758545,-1.7039874792099,0.0051848102764526175,false
ddbaa3d,4,2,57,3.254420757293701,-1.9346567392349243,0.0013951006712531035,true
ddbaa3d,4,2,58,0.2307407408952713,-1.3570996522903442,0.064045000019051,false
ddbaa3d,4,2,59,1.8737754821777344,-0.9843738675117493,0.0031691098194799867,true
ddbaa3d,4,2,60,0.8243682384490967,-0.8099035024642944,0.008550120872342235,true
ddbaa3d,4,2,61,1.786320686340332,2.365286111831665,0.001267298171518646,true
ddbaa3d,4,2,62,1.1912745237350464,1.9881850481033325,0.0027528108984317735,true
ddbaa3d,4,2,63,1.3776133060455322,1.8233716487884521,0.004620746868817744,true
ddbaa3d,4,2,64,3.6215269565582275,-1.8838492631912231,0.0009207110778929722,true
ddbaa3d,5,1,1,0.23761773109436035,0.5307673811912537,0.015779228992686432,true
ddbaa3d,5,1,2,1.1299090385437012,-2.622284412384033,0.011247157044981602,true
ddbaa3d,5,1,3,1.040528655052185,1.732819676399231,0.01628203289089059,true
ddbaa3d,5,1,4,1.2682104110717773,0.36254945397377014,0.01031290507279208,true
ddbaa3d,5,1,5,1.0131458044052124,-2.207691192626953,0.024265140930872914,true
ddbaa3d,5,1,6,0.13312846422195435,-1.2137413024902344,0.0190253302654996,true
ddbaa3d,5,1,7,0.9114459753036499,1.8589071035385132,0.005407351001953631,true
ddbaa3d,5,1,8,0.07870526611804962,-1.9725388288497925,0.05251691367428014,true
ddbaa3d,5,1,9,0.6873048543930054,-1.7095129489898682,0.007803371124879911,false
ddbaa3d,5,1,10,0.3707057535648346,-0.9577748775482178,0.035162107104041454,true
ddbaa3d,5,1,11,1.4116352796554565,-1.9758168458938599,0.017124527779267342,true
ddbaa3d,5,1,12,0.38085049390792847,0.7856458425521851,0.021976413646308045,true
ddbaa3d,5,1,13,0.4940033257007599,1.730593204498291,0.005484210651893662,true
ddbaa3d,5,1,14,0.3301890790462494,1.0776549577713013,0.014382232740278791,true
ddbaa3d,5,1,15,0.4928271472454071,-1.6447021961212158,0.0035515444003988744,false
ddbaa3d,5,1,16,0.8305640816688538,-2.8400187492370605,0.0061980554964698184,true
ddbaa3d,5,1,17,0.19479316473007202,-1.8492376804351807,0.006702256884149657,true
ddbaa3d,5,1,18,0.44977688789367676,1.426753044128418,0.008289997655547228,true
ddbaa3d,5,1,19,0.6653086543083191,0.8586007356643677,0.008238817756846494,true
ddbaa3d,5,1,20,0.7852350473403931,2.159649133682251,0.011826917719657831,true
ddbaa3d,5,1,21,1.0151755809783936,1.2756247520446777,0.003540974380967507,true
ddbaa3d,5,1,22,0.7277810573577881,-1.3457249402999878,0.0025848826710320274,true
ddbaa3d,5,1,23,0.5328259468078613,0.7131348252296448,0.002140680439660172,true
ddbaa3d,5,1,24,0.6389039158821106,0.914042055606842,0.014387935989817734,true
ddbaa3d,5,1,25,0.22409965097904205,1.065669298171997,0.06216928646466441,false
ddbaa3d,5,1,26,1.3552881479263306,1.1793897151947021,0.008373817621605665,true
ddbaa3d,5,1,27,0.5576750636100769,1.3119655847549438,0.01976816796499874,true
ddbaa3d,5,1,28,0.8488733768463135,0.8796439170837402,0.011382401338193978,true
ddbaa3d,5,1,29,0.8050764203071594,0.9134004712104797,0.006748559175982186,true
ddbaa3d,5,1,30,0.6920850872993469,-1.7192085981369019,0.020763603970318126,false
ddbaa3d,5,1,31,0.18153367936611176,0.8189240097999573,0.01731832923880521,true
ddbaa3d,5,1,32,0.4717381000518799,1.2253859043121338,0.03193692374405707,false
ddbaa3d,5,1,33,0.9862967729568481,1.510022759437561,0.0015844671697926322,false
ddbaa3d,5,1,34,0.17672473192214966,0.7532393336296082,0.00680467675202845,true
ddbaa3d,5,1,35,0.04333193600177765,-2.8637661933898926,0.22906900359943425,true
ddbaa3d,5,1,36,0.5156855583190918,1.6875101327896118,0.01711553349558148,true
ddbaa3d,5,1,37,0.28942954540252686,1.802788257598877,0.020386375236777624,true
ddbaa3d,5,1,38,0.12720078229904175,-1.6808570623397827,0.023979093327905533,false
ddbaa3d,5,1,39,0.6047891974449158,1.465137004852295,0.010255213491527622,false
ddbaa3d,5,1,40,0.9773972034454346,0.9861024618148804,0.006839252261281312,true
ddbaa3d,5,1,41,0.14703932404518127,-1.3374552726745605,0.014116830355722268,true
ddbaa3d,5,1,42,1.4514826536178589,-2.078780174255371,0.005424336450497083,true
ddbaa3d,5,1,43,1.3681389093399048,1.2685469388961792,0.018093089157578245,true
ddbaa3d,5,1,44,0.018552584573626518,-2.7331292629241943,0.036980682417262135,true
ddbaa3d,5,1,45,0.2748245894908905,1.6339627504348755,0.03937788189403056,true
ddbaa3d,5,1,46,0.8293858766555786,0.8967713713645935,0.022110210228888896,true
ddbaa3d,5,1,47,0.5475730895996094,1.09113609790802,0.009889244758375975,true
ddbaa3d,5,1,48,0.7772387266159058,-1.566163420677185,0.005077253696001703,true
ddbaa3d,5,1,49,1.471258521080017,-2.2530252933502197,0.0069860416959877285,true
ddbaa3d,5,1,50,0.1959124505519867,1.6702700853347778,0.004660190071285241,true
ddbaa3d,5,1,51,0.21857552230358124,1.385783076286316,0.023100283313977607,false
ddbaa3d,5,1,52,0.35865020751953125,1.5778039693832397,0.005216199302011982,true
ddbaa3d,5,1,53,1.0359470844268799,2.3559422492980957,0.08918517151709855,true
ddbaa3d,5,1,54,0.2506471574306488,-1.2239054441452026,0.03601747073209911,true
ddbaa3d,5,1,55,0.33817699551582336,1.8331636190414429,0.026227070391052983,true
ddbaa3d,5,1,56,1.3330490589141846,0.9853294491767883,0.028181999594721216,true
ddbaa3d,5,1,57,0.29122254252433777,2.268275499343872,0.010960394466959898,true
ddbaa3d,5,1,58,0.03786933794617653,2.226335287094116,0.0688029777365008,true
ddbaa3d,5,1,59,0.8046183586120605,2.1476731300354004,0.05030649466903954,true
ddbaa3d,5,1,60,1.74913489818573,-2.5374231338500977,0.01028875217945687,true
ddbaa3d,5,1,61,0.019230183213949203,-1.795654535293579,0.1546902251096122,true
ddbaa3d,5,1,62,0.8509832620620728,1.2760967016220093,0.00658503483805919,true
ddbaa3d,5,1,63,0.23418183624744415,1.4478448629379272,0.048812170961518235,false
ddbaa3d,5,1,64,0.6031448245048523,1.3895714282989502,0.013888766046278268,false
ddbaa3d,5,1,65,2.016596794128418,-1.855167031288147,0.013801765287199907,true
ddbaa3d,5,1,66,0.30120110511779785,1.428545594215393,0.029589654595121303,false
ddbaa3d,5,1,67,0.19545845687389374,-1.1648497581481934,0.038526833413445684,true
ddbaa3d,5,1,68,0.024889502674341202,2.342125654220581,0.04382606202455388,true
ddbaa3d,5,1,69,0.039839692413806915,1.6275893449783325,0.2014059526185047,false
ddbaa3d,5,1,70,0.3370230793952942,-1.4408104419708252,0.01528277759050664,true
ddbaa3d,5,1,71,0.3210931122303009,1.0478837490081787,0.014852720951927573,true
ddbaa3d,5,1,72,0.9435651898384094,1.1904211044311523,0.004531868242944255,true
ddbaa3d,5,1,73,0.5581945180892944,-1.6332679986953735,0.008452357594007443,false
ddbaa3d,5,1,74,1.693039059638977,-1.3680974245071411,0.01508221044129585,true
ddbaa3d,5,1,75,0.32796257734298706,1.3852624893188477,0.021429658879860945,false
ddbaa3d,5,1,76,0.3696339726448059,-1.9867290258407593,0.016578764547655063,true
ddbaa3d,5,1,77,0.29061630368232727,1.765086054801941,0.05299368479505387,true
ddbaa3d,5,1,78,0.4101618528366089,1.0362812280654907,0.0004886997540389463,true
ddbaa3d,5,1,79,0.1863727867603302,-0.9417916536331177,0.012974739293543449,true
ddbaa3d,5,1,80,0.6287444233894348,-2.055989980697632,0.0058636385696095045,true
ddbaa3d,5,1,81,0.1501886546611786,1.848038673400879,0.02405520202173035,true
ddbaa3d,5,1,82,0.2911299467086792,1.5006365776062012,0.027317938927390543,false
ddbaa3d,5,1,83,0.6841878294944763,-1.7170907258987427,0.021305859766994138,false
ddbaa3d,5,1,84,0.11231566220521927,1.0418986082077026,0.027625118882544875,true
ddbaa3d,5,1,85,0.09751720726490021,-1.6716328859329224,0.018912661884008742,false
ddbaa3d,5,1,86,1.038693904876709,-2.0805060863494873,0.009348282980779957,true
ddbaa3d,5,1,87,0.5569438934326172,-2.333937168121338,0.011724371942412474,true
ddbaa3d,5,1,88,0.8486082553863525,-2.0478243827819824,0.006573144059639465,true
ddbaa3d,5,1,89,0.7320816516876221,-0.03610355034470558,0.009640734196842088,true
ddbaa3d,5,1,90,1.540853500366211,0.7919911742210388,0.013457010965666935,true
ddbaa3d,5,1,91,0.12981383502483368,1.8959389925003052,0.0730003536065863,true
ddbaa3d,5,1,92,0.5122307538986206,1.3680968284606934,0.022653096020552477,true
ddbaa3d,5,1,93,0.10940176248550415,-0.6569074392318726,0.13404640165909634,true
ddbaa3d,5,1,94,1.908058524131775,1.4698498249053955,0.0056367702286430265,false
ddbaa3d,5,1,95,0.8072128891944885,1.1240298748016357,0.018992811485968358,true
ddbaa3d,5,1,96,0.5206575393676758,1.9348626136779785,0.005566446407282319,true
ddbaa3d,5,1,97,0.17056873440742493,-1.1204148530960083,0.04010547900202277,true
ddbaa3d,5,1,98,1.6258715391159058,1.160949945449829,0.002632529092645914,true
ddbaa3d,5,1,99,0.5053672790527344,1.6105536222457886,0.023968078637699182,true
ddbaa3d,5,1,100,0.5363765954971313,-0.7142433524131775,0.018431688390788837,true
ddbaa3d,5,1,101,0.064664326608181,1.4754809141159058,0.12567505567110135,true
ddbaa3d,5,1,102,0.8061720728874207,-1.8221622705459595,0.0075560481762616686,true
ddbaa3d,5,1,103,0.22554242610931396,1.0272026062011719,0.06496245332948905,false
ddbaa3d,5,1,104,0.7745001912117004,-1.576469898223877,0.012879781588087447,false
ddbaa3d,5,1,105,1.3694496154785156,-1.5829647779464722,0.00785632239651957,false
ddbaa3d,5,1,106,0.44513756036758423,0.9782735705375671,0.005958175834331012,true
ddbaa3d,5,1,107,0.7186402082443237,1.017114281654358,0.018010161728892502,true
ddbaa3d,5,1,108,0.40636134147644043,2.3310484886169434,0.013988107886969806,true
ddbaa3d,5,1,109,1.002448320388794,-1.7914289236068726,0.0070535644315130215,true
ddbaa3d,5,1,110,0.23923414945602417,1.1670246124267578,0.02022711863081863,true
ddbaa3d,5,1,111,0.20761023461818695,1.9392575025558472,0.0071573304940101504,true
ddbaa3d,5,1,112,0.26001012325286865,1.7215229272842407,0.02252178049449756,true
ddbaa3d,5,1,113,0.8520978093147278,1.2853496074676514,0.01133934983763446,true
ddbaa3d,5,1,114,0.014903048984706402,2.1231417655944824,0.22151799893850949,true
ddbaa3d,5,1,115,2.7011518478393555,-2.203505277633667,0.027973037663251498,true
ddbaa3d,5,1,116,0.4291347861289978,-1.40713632106781,0.017581011681480043,true
ddbaa3d,5,1,117,0.05583740770816803,1.4143253564834595,0.05070836924918305,false
ddbaa3d,5,1,118,0.1726602166891098,1.176832914352417,0.0017350995560251803,true
ddbaa3d,5,1,119,0.5879802107810974,0.7349629402160645,0.03258055628515132,true
ddbaa3d,5,1,120,1.131116271018982,1.3469669818878174,0.01771499414395819,false
ddbaa3d,5,1,121,0.19981665909290314,1.371084451675415,0.02036923264821299,false
ddbaa3d,5,1,122,0.38726168870925903,-1.4388408660888672,0.03348782183805172,true
ddbaa3d,5,1,123,0.456667423248291,-2.8171229362487793,0.02318852117923548,true
ddbaa3d,5,1,124,0.8808062672615051,0.3353736400604248,0.03380939537243063,true
ddbaa3d,5,1,125,0.9078336954116821,0.9586808681488037,0.01680368972410206,true
ddbaa3d,5,1,126,0.6178986430168152,0.9349575042724609,0.004876987482008358,true
ddbaa3d,5,1,127,0.08407625555992126,1.2204867601394653,0.08788761825487722,true
ddbaa3d,5,1,128,0.28561919927597046,1.8730885982513428,0.06310003010291336,true
ddbaa3d,5,1,129,1.1929689645767212,-2.0490520000457764,0.0424526171966222,true
ddbaa3d,5,1,130,1.545971393585205,1.7237169742584229,0.015323868803585413,true
ddbaa3d,5,1,131,0.9681352972984314,1.3777458667755127,0.012221484002114192,true
ddbaa3d,5,1,132,0.06913553923368454,-2.300746202468872,0.013239547674560833,true
ddbaa3d,5,1,133,0.19326192140579224,-1.8957390785217285,0.008145578477512162,true
ddbaa3d,5,1,134,0.4935917556285858,1.4575142860412598,0.0033484815750675742,false
ddbaa3d,5,1,135,0.8616164922714233,0.9673775434494019,0.0077156506835171544,true
ddbaa3d,5,1,136,0.2440100908279419,1.8815134763717651,0.01377201666204587,true
ddbaa3d,5,1,137,5.435702323913574,-2.259927272796631,0.005363100573806171,true
ddbaa3d,5,1,138,0.09663279354572296,1.1924755573272705,0.00956366748313818,false
ddbaa3d,5,1,139,0.5025704503059387,1.6569520235061646,0.007931352531561424,true
ddbaa3d,5,1,140,0.5678613185882568,-1.1499289274215698,0.036077918701031955,true
ddbaa3d,5,1,141,2.1560556888580322,-2.6050899028778076,0.01635027593528496,true
ddbaa3d,5,1,142,0.006838577799499035,-2.1587777137756348,0.7763522068423683,false
ddbaa3d,5,1,143,0.019073154777288437,2.018033504486084,0.7255101700010019,false
ddbaa3d,5,1,144,0.07285147160291672,-1.0077153444290161,0.0727418996643369,true
ddbaa3d,5,1,145,0.09376318752765656,1.428796410560608,0.03170457545133044,false
ddbaa3d,5,1,146,1.7969017028808594,1.5023859739303589,0.004877423801891053,false
ddbaa3d,5,1,147,0.22811566293239594,-1.5456496477127075,0.042174788483035956,true
ddbaa3d,5,1,148,0.29632827639579773,1.4748616218566895,0.008185871129876949,false
ddbaa3d,5,1,149,0.9104741215705872,1.060587763786316,0.02240555349411966,true
ddbaa3d,5,1,150,0.22869716584682465,1.170620322227478,0.04596768734044337,true
ddbaa3d,5,1,151,0.17187654972076416,-1.2686738967895508,0.007296211254079088,true
ddbaa3d,5,1,152,1.6764036417007446,-2.54996919631958,0.0125693163820045,true
ddbaa3d,5,1,153,0.2986752688884735,-3.0540244579315186,0.005206969780192916,true
ddbaa3d,5,1,154,0.04595470800995827,-0.14048874378204346,0.06096765506583928,true
ddbaa3d,5,1,155,0.47495272755622864,-1.5771592855453491,0.002396298390611673,false
ddbaa3d,5,1,156,0.26568683981895447,1.3668735027313232,0.03365780368214322,false
ddbaa3d,5,1,157,0.15265026688575745,1.2007017135620117,0.00282398539431293,true
ddbaa3d,5,1,158,1.0401439666748047,1.1616370677947998,0.012704445360993702,true
ddbaa3d,5,1,159,0.7824100852012634,1.67194402217865,0.0041481151878622925,true
ddbaa3d,5,1,160,0.2608150541782379,-1.671814203262329,0.011437587963481922,true
ddbaa3d,5,1,161,0.1931367814540863,0.8950384259223938,0.04349941054795123,true
ddbaa3d,5,1,162,0.6847478747367859,1.1184196472167969,0.009374583402716343,true
ddbaa3d,5,1,163,1.0134987831115723,-1.7909727096557617,0.0063886558573351855,false
ddbaa3d,5,1,164,0.14576107263565063,-2.470722198486328,0.030421943014927632,true
ddbaa3d,5,1,165,0.16607433557510376,1.5699191093444824,0.005739174604039817,false
ddbaa3d,5,1,166,1.124289631843567,1.241546630859375,0.004104899052084963,true
ddbaa3d,5,1,167,0.6053184270858765,-1.791500449180603,0.009504009097776803,true
ddbaa3d,5,1,168,0.10154864192008972,-1.3550132513046265,0.05839119838780633,true
ddbaa3d,5,1,169,0.08009404689073563,-2.58852481842041,0.12769171066417329,true
ddbaa3d,5,1,170,0.4549486041069031,-1.5384970903396606,0.0018448524051750013,true
ddbaa3d,5,1,171,0.6234377026557922,-1.5722514390945435,0.020730234759644035,false
ddbaa3d,5,1,172,0.34540268778800964,-1.7876968383789062,0.019045180042504647,false
ddbaa3d,5,1,173,0.7646690607070923,-1.2063268423080444,0.026521208599130503,true
ddbaa3d,5,1,174,0.030938170850276947,2.3506455421447754,0.14661387635880593,true
ddbaa3d,5,1,175,0.8076719641685486,1.146978735923767,0.0034351137965557992,true
ddbaa3d,5,1,176,0.6278409361839294,-1.8209809064865112,0.025158909644091954,false
ddbaa3d,5,1,177,0.7138320803642273,-1.7968322038650513,0.004528908294760029,true
ddbaa3d,5,1,178,0.7108097672462463,0.9469997882843018,0.006110535312667264,true
ddbaa3d,5,1,179,0.7953547239303589,0.6551772952079773,0.002903152107081186,true
ddbaa3d,5,1,180,0.06151924654841423,0.04484501853585243,0.08983424737889736,true
ddbaa3d,5,1,181,0.38828834891319275,-2.570591449737549,0.05733215351074294,true
ddbaa3d,5,1,182,1.3914704322814941,-1.9911534786224365,0.004409827786999358,true
ddbaa3d,5,1,183,1.744684100151062,0.9268759489059448,0.008403365422096767,true
ddbaa3d,5,1,184,0.6535770893096924,1.419857144355774,0.012514049841206784,true
ddbaa3d,5,1,185,2.474877119064331,-2.1428093910217285,0.021339252874194383,true
ddbaa3d,5,1,186,0.5545530319213867,1.2410882711410522,0.014465411908245355,false
ddbaa3d,5,1,187,0.04956159368157387,-0.9375525116920471,0.13802250947058456,true
ddbaa3d,5,1,188,0.17252826690673828,1.7049736976623535,0.006190450464736414,true
ddbaa3d,5,1,189,2.1475250720977783,1.557814598083496,0.004923669545493453,false
ddbaa3d,5,1,190,0.1347779482603073,-0.7960903644561768,0.12166999086214779,true
ddbaa3d,5,1,191,0.34977826476097107,-1.2783458232879639,0.009585067028718938,true
ddbaa3d,5,1,192,0.13204115629196167,-1.8296239376068115,0.02655419230014856,true
ddbaa3d,5,1,193,1.3238455057144165,1.3573700189590454,0.010260257033606085,true
ddbaa3d,5,1,194,0.6059972643852234,1.503397822380066,0.023738649739198994,false
ddbaa3d,5,1,195,0.5813982486724854,-1.3891329765319824,0.001278722942130369,true
ddbaa3d,5,1,196,2.031292676925659,1.615477204322815,0.010306124380990343,true
ddbaa3d,5,1,197,0.2729416489601135,1.0121026039123535,0.01593363394618406,true
ddbaa3d,5,1,198,0.0853612944483757,-2.360387086868286,0.13427154877119218,false
ddbaa3d,5,1,199,0.2490273267030716,-1.304628849029541,0.031049157455737785,true
ddbaa3d,5,1,200,0.5746675133705139,-1.8060405254364014,0.010890619754025409,false
ddbaa3d,5,1,201,0.40517458319664,1.8303958177566528,0.025373197377819547,true
ddbaa3d,5,1,202,0.19172491133213043,-1.6266393661499023,0.015123692227710834,false
ddbaa3d,5,1,203,1.2416259050369263,1.874800205230713,0.016169390792369037,true
ddbaa3d,5,1,204,0.6876331567764282,0.9541357755661011,0.015720690270158287,true
ddbaa3d,5,1,205,0.959614634513855,0.8495620489120483,0.02875249415174058,true
ddbaa3d,5,1,206,0.12477534264326096,-1.640823483467102,0.042830491382279984,false
ddbaa3d,5,1,207,3.7863759994506836,1.5252175331115723,0.004375808384460833,false
ddbaa3d,5,1,208,0.2029380202293396,1.4373512268066406,0.019750949780232528,false
ddbaa3d,5,1,209,0.4378563165664673,-1.6892896890640259,0.00256720809366241,false
ddbaa3d,5,1,210,0.6681027412414551,-1.3348098993301392,0.0031487920507214623,true
ddbaa3d,5,1,211,0.05878457799553871,-1.8193565607070923,0.09401486482932522,false
ddbaa3d,5,1,212,0.8124289512634277,2.11802077293396,0.05123291618171755,true
ddbaa3d,5,1,213,0.11582035571336746,-2.2088613510131836,0.13071158229788143,false
ddbaa3d,5,1,214,0.6295700669288635,1.2711920738220215,0.01715097713519224,false
ddbaa3d,5,1,215,0.5713483095169067,2.0324149131774902,0.0029553484591499112,true
ddbaa3d,5,1,216,0.6243767142295837,-0.9340575933456421,0.02121063496922237,true
ddbaa3d,5,1,217,0.03698800131678581,2.2552413940429688,0.3005697967678364,true
ddbaa3d,5,1,218,0.2961249053478241,1.6021080017089844,0.0060629700817799136,true
ddbaa3d,5,1,219,0.26355084776878357,-1.3940696716308594,0.02014928725976584,true
ddbaa3d,5,1,220,0.09879836440086365,1.1690434217453003,0.005156472865976616,true
ddbaa3d,5,1,221,1.2507065534591675,-1.7274701595306396,0.0031763983565035823,false
ddbaa3d,5,1,222,0.5869871377944946,-2.1002697944641113,0.04611751193896026,true
ddbaa3d,5,1,223,0.05736992508172989,-1.0938801765441895,0.372339420427968,true
ddbaa3d,5,1,224,0.08409439772367477,1.073533058166504,0.037962506109927394,false
ddbaa3d,5,1,225,0.4885108470916748,-1.4469513893127441,0.019655152234325363,true
ddbaa3d,5,1,226,0.15504899621009827,1.3814855813980103,0.07872583459056187,true
ddbaa3d,5,1,227,0.22642038762569427,0.9706628322601318,0.01668436733188262,true
ddbaa3d,5,1,228,0.6567752957344055,1.5113259553909302,0.015693351551943527,false
ddbaa3d,5,1,229,0.46151408553123474,-1.152640700340271,0.0042166597743500305,true
ddbaa3d,5,1,230,0.13999372720718384,-1.9605880975723267,0.05303519652319044,true
ddbaa3d,5,1,231,0.1746985763311386,1.3034369945526123,0.09952564108141175,true
ddbaa3d,5,1,232,0.23965299129486084,1.4490214586257935,0.10881419264259297,true
ddbaa3d,5,1,233,0.5132275223731995,2.082603931427002,0.005997428410031486,true
ddbaa3d,5,1,234,0.16921494901180267,-1.9611268043518066,0.02248054808533032,true
ddbaa3d,5,1,235,0.6780956387519836,-2.0630011558532715,0.0044619129523325906,true
ddbaa3d,5,1,236,0.13850443065166473,1.517645239830017,0.08988456676394249,true
ddbaa3d,5,1,237,0.19176873564720154,1.6870712041854858,0.09384236554637977,true
ddbaa3d,5,1,238,0.6219115257263184,1.163760781288147,0.003291664491274824,true
ddbaa3d,5,1,239,0.6476784944534302,-2.6982834339141846,0.0434595080111413,true
ddbaa3d,5,1,240,0.2650752067565918,0.6104651093482971,0.0114401000489294,true
ddbaa3d,5,1,241,0.12631766498088837,-1.8753328323364258,0.013903324540950933,true
ddbaa3d,5,1,242,0.12354211509227753,2.0851802825927734,0.04848389929597621,true
ddbaa3d,5,1,243,0.9172809720039368,1.326134204864502,0.009488343283025398,true
ddbaa3d,5,1,244,0.37084320187568665,-1.9293025732040405,0.02883644278472026,true
ddbaa3d,5,1,245,0.05564368516206741,0.8982067704200745,0.13184752085763304,false
ddbaa3d,5,1,246,1.4874670505523682,1.8619756698608398,0.0041248436069707285,true
ddbaa3d,5,1,247,0.9601903557777405,1.4833770990371704,0.012924934693088554,false
ddbaa3d,5,1,248,1.9610190391540527,0.4512331485748291,0.020608709944304696,true
ddbaa3d,5,1,249,0.7132617831230164,-2.1256747245788574,0.007044191481260217,true
ddbaa3d,5,1,250,0.9286678433418274,-1.6736507415771484,0.01861591459007535,false
ddbaa3d,5,1,251,3.1220014095306396,0.14093363285064697,0.019444639127831325,true
ddbaa3d,5,1,252,1.1383136510849,0.6655470728874207,0.016472540014433126,true
ddbaa3d,5,1,253,1.0118169784545898,2.387916088104248,0.0009552887565696258,true
ddbaa3d,5,1,254,0.27616384625434875,-1.6945877075195312,0.0038121907988715505,false
ddbaa3d,5,1,255,1.7729309797286987,-1.2287647724151611,0.0099857457238138,true
ddbaa3d,5,1,256,1.6508749723434448,1.018268346786499,0.01644420847196705,true
ddbaa3d,5,2,1,3.8488054275512695,1.015167474746704,0.0005473060458139597,true
ddbaa3d,5,2,2,0.7857801914215088,1.4020379781723022,0.004626298249936055,true
ddbaa3d,5,2,3,1.2445461750030518,1.2926197052001953,0.007106160129396428,true
ddbaa3d,5,2,4,4.2823710441589355,-2.107145309448242,0.0021424587400953794,true
ddbaa3d,5,2,5,1.0471336841583252,-1.6554219722747803,0.008530536301311226,false
ddbaa3d,5,2,6,4.200874328613281,-0.8507881164550781,0.032475904587490036,true
ddbaa3d,5,2,7,1.3617109060287476,-1.4693342447280884,0.006383956859005263,true
ddbaa3d,5,2,8,2.9719021320343018,1.1722551584243774,0.007626744541202005,true
ddbaa3d,5,2,9,0.3519555330276489,1.4873651266098022,0.01775533216725483,true
ddbaa3d,5,2,10,1.56306791305542,-1.7518366575241089,0.009121533490329901,true
ddbaa3d,5,2,11,3.0001471042633057,1.5064700841903687,0.006469266540809021,false
ddbaa3d,5,2,12,1.626509428024292,-1.6943418979644775,0.00444845753491423,true
ddbaa3d,5,2,13,20.735910415649414,-2.60007905960083,0.013524601256541247,true
ddbaa3d,5,2,14,1.4802485704421997,-1.5882829427719116,0.002865906470145302,true
ddbaa3d,5,2,15,1.6962789297103882,-1.9236278533935547,0.005098568259357603,true
ddbaa3d,5,2,16,1.7575188875198364,1.742587924003601,0.001727860361824624,true
ddbaa3d,5,2,17,0.12092031538486481,-0.577580451965332,0.012885017737597546,true
ddbaa3d,5,2,18,0.19377082586288452,1.4231950044631958,0.003269319357834746,false
ddbaa3d,5,2,19,0.6586417555809021,-1.4860132932662964,0.0038817258550203956,true
ddbaa3d,5,2,20,4.752070426940918,0.13010796904563904,0.008170175091818893,true
ddbaa3d,5,2,21,3.6782894134521484,-2.1421616077423096,0.006113737719135974,true
ddbaa3d,5,2,22,1.120163917541504,-1.9549998044967651,0.011384262895812706,true
ddbaa3d,5,2,23,2.631157875061035,-1.7904740571975708,0.015334175782692737,true
ddbaa3d,5,2,24,0.6171959638595581,-1.5178951025009155,0.003991625315191075,true
ddbaa3d,5,2,25,1.4473897218704224,-2.6396074295043945,0.004638593313805405,true
ddbaa3d,5,2,26,1.0527715682983398,-1.7537122964859009,0.004271438626789207,true
ddbaa3d,5,2,27,0.8934779167175293,-1.5994539260864258,0.01815530180575517,true
ddbaa3d,5,2,28,1.1650205850601196,-1.5197277069091797,0.0027671211220956808,true
ddbaa3d,5,2,29,3.155595064163208,1.531579852104187,0.003133754847276553,false
ddbaa3d,5,2,30,3.2050797939300537,0.6770620942115784,0.008355989469562739,true
ddbaa3d,5,2,31,0.1740981787443161,-1.3712775707244873,0.027745649517256384,true
ddbaa3d,5,2,32,3.5130228996276855,-1.5689663887023926,0.00810019700284078,true
ddbaa3d,5,2,33,0.23724789917469025,1.9964276552200317,0.01630404615801953,true
ddbaa3d,5,2,34,3.153765916824341,-1.3056212663650513,0.0035647549672271077,true
ddbaa3d,5,2,35,3.934145212173462,-2.643528938293457,0.005184910827531008,true
ddbaa3d,5,2,36,0.08623667061328888,0.2897000312805176,0.04287966197646721,true
ddbaa3d,5,2,37,1.8657230138778687,1.4014551639556885,0.0005760777049830428,true
ddbaa3d,5,2,38,0.8985940217971802,-1.7269654273986816,0.004603331343734831,true
ddbaa3d,5,2,39,0.24813053011894226,-1.6022148132324219,0.018494499950095358,false
ddbaa3d,5,2,40,1.8884912729263306,1.4165985584259033,0.0027733974975749304,true
ddbaa3d,5,2,41,6.210923671722412,-1.593381404876709,0.0006228756602391962,false
ddbaa3d,5,2,42,0.9375700354576111,1.860702633857727,0.0015155813627258173,true
ddbaa3d,5,2,43,1.1089448928833008,1.552281379699707,0.0056825077184863345,false
ddbaa3d,5,2,44,1.3037998676300049,-1.6638253927230835,0.006340828032627763,false
ddbaa3d,5,2,45,0.47755035758018494,0.7651399374008179,0.049917432869624814,true
ddbaa3d,5,2,46,0.2708081901073456,1.437758445739746,0.008760152243938057,false
ddbaa3d,5,2,47,0.6283788681030273,1.5464893579483032,0.01827056676020598,false
ddbaa3d,5,2,48,4.100289821624756,1.8487257957458496,0.016488303168149622,true
ddbaa3d,5,2,49,1.6516247987747192,1.982630968093872,0.008500402440794487,true
ddbaa3d,5,2,50,1.3324902057647705,1.7839473485946655,0.010834129633383784,true
ddbaa3d,5,2,51,2.1726019382476807,-1.117790937423706,0.004867002728269454,true
ddbaa3d,5,2,52,1.1461255550384521,1.5017764568328857,0.010554082370783901,true
ddbaa3d,5,2,53,6.617222785949707,-2.558804512023926,0.01439031135654271,true
ddbaa3d,5,2,54,1.777298927307129,1.2412421703338623,0.012148804034579233,true
ddbaa3d,5,2,55,1.4733490943908691,-1.2137603759765625,0.007907689841324964,true
ddbaa3d,5,2,56,0.780970573425293,1.064929485321045,0.01875539209580575,true
ddbaa3d,5,2,57,2.358105421066284,-1.3395601511001587,0.006894592697559332,true
ddbaa3d,5,2,58,1.6545467376708984,1.4216357469558716,0.009461922786120151,false
ddbaa3d,5,2,59,5.997881889343262,-2.047182321548462,0.00543398387283986,true
ddbaa3d,5,2,60,0.7824133634567261,1.3700706958770752,0.0040965530664252865,true
ddbaa3d,5,2,61,2.6545774936676025,1.6602158546447754,0.009749045696757844,true
ddbaa3d,5,2,62,1.511081337928772,-1.9008549451828003,0.0007297247634708516,true
ddbaa3d,5,2,63,3.0885226726531982,1.668539047241211,0.008511226530107642,true
ddbaa3d,5,2,64,0.8065769076347351,-1.2757514715194702,0.016007431672728174,true
ddbaa3d,6,1,1,0.3847770392894745,0.5327996611595154,0.0035286763659406048,true
ddbaa3d,6,1,2,0.5215995907783508,-1.9480024576187134,0.07702396551978297,true
ddbaa3d,6,1,3,0.24830390512943268,-1.2100229263305664,0.2052412584879922,true
ddbaa3d,6,1,4,1.5152488946914673,-1.82174551486969,0.018005943495109564,true
ddbaa3d,6,1,5,0.5944837331771851,0.9077693819999695,0.010708708122204796,true
ddbaa3d,6,1,6,0.17569409310817719,-1.6237022876739502,0.11312770283456415,true
ddbaa3d,6,1,7,0.3056810200214386,1.0160661935806274,0.045019056219717496,true
ddbaa3d,6,1,8,0.4071839153766632,-1.707383394241333,0.0060754507440811106,false
ddbaa3d,6,1,9,0.9260569214820862,-1.6997514963150024,0.02201301855025827,false
ddbaa3d,6,1,10,1.2724419832229614,1.0329750776290894,0.05173682503972028,true
ddbaa3d,6,1,11,0.19031135737895966,0.6984577775001526,0.08200198366231772,true
ddbaa3d,6,1,12,0.9394499659538269,-1.2221589088439941,0.03100916569355871,true
ddbaa3d,6,1,13,0.26169124245643616,-0.9023112058639526,0.04158876321461773,true
ddbaa3d,6,1,14,0.12228106707334518,1.6101740598678589,0.06705528760251389,true
ddbaa3d,6,1,15,0.726389467716217,1.0712207555770874,0.02657055674942538,true
ddbaa3d,6,1,16,0.6282612681388855,2.1328349113464355,0.021236123431344414,true
ddbaa3d,6,1,17,2.3764216899871826,-1.5662808418273926,0.021398303889114904,true
ddbaa3d,6,1,18,0.04687245935201645,-0.12283624708652496,0.11956638449623,true
ddbaa3d,6,1,19,1.8434197902679443,0.9360251426696777,0.012790762313688175,true
ddbaa3d,6,1,20,3.038397789001465,2.0624661445617676,0.026341516952653035,true
ddbaa3d,6,1,21,0.27181151509284973,-1.3886387348175049,0.026899043893627978,true
ddbaa3d,6,1,22,0.6089481115341187,-1.773662805557251,0.013830159417347741,false
ddbaa3d,6,1,23,1.9798542261123657,0.6680973768234253,0.004993527565354532,true
ddbaa3d,6,1,24,0.43481704592704773,-1.3951044082641602,0.04769776917662797,true
ddbaa3d,6,1,25,0.07174702733755112,0.9845809936523438,0.06903447534264485,true
ddbaa3d,6,1,26,0.35808706283569336,1.7319198846817017,0.005603328763367835,true
ddbaa3d,6,1,27,0.06673171371221542,2.4526095390319824,0.08477876988524302,true
ddbaa3d,6,1,28,1.1479402780532837,-1.5164306163787842,0.016865328214890285,true
ddbaa3d,6,1,29,1.079403042793274,2.1621482372283936,0.04021375347623756,true
ddbaa3d,6,1,30,0.47382280230522156,1.2810554504394531,0.02744853324343168,true
ddbaa3d,6,1,31,0.4196304678916931,1.2566255331039429,0.02748946776391286,true
ddbaa3d,6,1,32,0.14739835262298584,1.3449687957763672,0.03533806843914961,true
ddbaa3d,6,1,33,0.1552356481552124,0.7146517038345337,0.11674461742375083,true
ddbaa3d,6,1,34,2.039849042892456,1.176194429397583,0.009961413765215357,true
ddbaa3d,6,1,35,1.8909337520599365,1.004936933517456,0.020018262087684372,true
ddbaa3d,6,1,36,0.09042420983314514,2.949220895767212,0.24861546115480107,true
ddbaa3d,6,1,37,0.7280703186988831,-1.7572535276412964,0.0016407666484131427,false
ddbaa3d,6,1,38,0.2514854371547699,-2.031435012817383,0.02763436863293986,true
ddbaa3d,6,1,39,0.49347570538520813,2.745730400085449,0.01324399861290083,true
ddbaa3d,6,1,40,0.24391768872737885,1.2578258514404297,0.05382783925189499,false
ddbaa3d,6,1,41,1.357822060585022,-1.6308976411819458,0.07132038275410775,false
ddbaa3d,6,1,42,1.1915910243988037,-1.6227558851242065,0.03120841061586928,false
ddbaa3d,6,1,43,0.5281128883361816,-1.1704330444335938,0.05351393522247193,true
ddbaa3d,6,1,44,0.4821098744869232,1.0496302843093872,0.0022404863880015995,true
ddbaa3d,6,1,45,0.7490426898002625,-1.8285595178604126,0.022384279582052816,true
ddbaa3d,6,1,46,0.7893655896186829,1.2092335224151611,0.025110579968507983,true
ddbaa3d,6,1,47,0.8444105982780457,2.086373805999756,0.033900508133101345,true
ddbaa3d,6,1,48,0.10905730724334717,-0.22153031826019287,0.11415955088818906,true
ddbaa3d,6,1,49,1.7089322805404663,-1.6231927871704102,0.0020498727589648904,false
ddbaa3d,6,1,50,0.20496946573257446,-1.8813585042953491,0.060431756037032505,false
ddbaa3d,6,1,51,0.4414127767086029,-2.5678489208221436,0.013481035749261292,true
ddbaa3d,6,1,52,1.1709622144699097,1.4061517715454102,0.01888690390504974,false
ddbaa3d,6,1,53,1.1179802417755127,-2.303739547729492,0.029939297754240694,true
ddbaa3d,6,1,54,0.785412609577179,-2.747870445251465,0.05628190540862866,true
ddbaa3d,6,1,55,1.8138331174850464,0.8763764500617981,0.01294533021678173,true
ddbaa3d,6,1,56,0.38569092750549316,2.2740230560302734,0.004289635468823889,true
ddbaa3d,6,1,57,0.19526557624340057,2.9160280227661133,0.06540644854785745,true
ddbaa3d,6,1,58,0.6394888758659363,1.3741140365600586,0.02080797091774015,true
ddbaa3d,6,1,59,1.4293369054794312,1.9609402418136597,0.02575693504841934,true
ddbaa3d,6,1,60,0.21953649818897247,1.4322912693023682,0.035904326353803355,false
ddbaa3d,6,1,61,0.18946830928325653,-2.360785484313965,0.0032277752411855507,true
ddbaa3d,6,1,62,2.0580921173095703,1.2003061771392822,0.02534627467081637,true
ddbaa3d,6,1,63,2.915910482406616,-1.9887737035751343,0.009231036617099536,true
ddbaa3d,6,1,64,0.2338874191045761,1.3711224794387817,0.06871822860451815,true
ddbaa3d,6,1,65,0.5084361433982849,-1.4804859161376953,0.0039040390904056354,true
ddbaa3d,6,1,66,0.5949608683586121,1.3587870597839355,0.011939155721816143,false
ddbaa3d,6,1,67,1.1481261253356934,1.665132761001587,0.026621069536650752,true
ddbaa3d,6,1,68,3.897716522216797,1.7449125051498413,0.029350940558745032,true
ddbaa3d,6,1,69,1.9241225719451904,1.2101366519927979,0.02784726670945702,true
ddbaa3d,6,1,70,0.33689484000205994,-2.0973100662231445,0.026127365413118796,true
ddbaa3d,6,1,71,0.08677913248538971,2.167300224304199,0.19232190161185883,true
ddbaa3d,6,1,72,0.8837850689888,1.4162434339523315,0.037778698404911486,false
ddbaa3d,6,1,73,1.0129061937332153,0.5967731475830078,0.020361705785763774,true
ddbaa3d,6,1,74,0.33239516615867615,2.3334951400756836,0.08761565827285141,true
ddbaa3d,6,1,75,0.10006938129663467,1.6407711505889893,0.033208379107123515,true
ddbaa3d,6,1,76,0.23838001489639282,1.1330994367599487,0.023152883650805516,true
ddbaa3d,6,1,77,0.27289798855781555,-1.6152572631835938,0.00506222939231754,false
ddbaa3d,6,1,78,1.2743099927902222,0.7014459371566772,0.014829713910238906,true
ddbaa3d,6,1,79,0.14498741924762726,-2.1076407432556152,0.06916841145285464,true
ddbaa3d,6,1,80,0.4301089346408844,-1.8735427856445312,0.0041530042144535,true
ddbaa3d,6,1,81,0.2932804822921753,2.0400805473327637,0.009771507679460941,true
ddbaa3d,6,1,82,0.44685351848602295,-1.1609094142913818,0.002492453387010438,true
ddbaa3d,6,1,83,0.24762789905071259,0.9419140815734863,0.06827341777697196,true
ddbaa3d,6,1,84,0.6808955073356628,-2.4548563957214355,0.055150652412113206,true
ddbaa3d,6,1,85,0.478475421667099,-2.1209263801574707,0.01864823907187375,true
ddbaa3d,6,1,86,0.7467487454414368,-1.6722875833511353,0.003402625948697216,false
ddbaa3d,6,1,87,0.14841240644454956,-1.9807848930358887,0.01809558471525699,true
ddbaa3d,6,1,88,1.0509099960327148,1.3351733684539795,0.0328191479617209,false
ddbaa3d,6,1,89,1.7981663942337036,-2.232081413269043,0.02512538564581159,true
ddbaa3d,6,1,90,0.3089042901992798,0.9763802886009216,0.017764637920318824,true
ddbaa3d,6,1,91,0.8143177032470703,0.8912208080291748,0.010679624524154031,true
ddbaa3d,6,1,92,0.876060426235199,0.9777452945709229,0.015811839550737165,true
ddbaa3d,6,1,93,0.48171305656433105,-0.986506462097168,0.08165985434687602,true
ddbaa3d,6,1,94,1.0520228147506714,-1.3267037868499756,0.02406461441050415,true
ddbaa3d,6,1,95,5.039272785186768,1.6217211484909058,0.007551250714294433,true
ddbaa3d,6,1,96,0.09105408191680908,-0.5295795798301697,0.1309810015029778,true
ddbaa3d,6,1,97,2.6110010147094727,1.149582862854004,0.01548508123258431,true
ddbaa3d,6,1,98,0.7086737751960754,1.5979506969451904,0.004460532284780118,true
ddbaa3d,6,1,99,0.1379050463438034,2.4442033767700195,0.037256392083288715,true
ddbaa3d,6,1,100,2.7102062702178955,-1.5664383172988892,0.03478664788669452,true
ddbaa3d,6,1,101,1.1133772134780884,1.2825497388839722,0.007497764412022461,true
ddbaa3d,6,1,102,0.2777714729309082,-1.687804102897644,0.01832498125898024,false
ddbaa3d,6,1,103,0.5050517916679382,-1.701219916343689,0.002007404935103689,false
ddbaa3d,6,1,104,0.47277605533599854,1.047305703163147,0.051946048224970016,true
ddbaa3d,6,1,105,0.2582719027996063,-2.186777353286743,0.022780252071071327,true
ddbaa3d,6,1,106,0.2928323447704315,-2.46828293800354,0.028023171061599624,true
ddbaa3d,6,1,107,1.1099110841751099,-2.275087356567383,0.017142363485567916,true
ddbaa3d,6,1,108,0.9595256447792053,-2.053323745727539,0.03197381873056495,true
ddbaa3d,6,1,109,1.4403244256973267,-1.8675769567489624,0.015402095475561517,true
ddbaa3d,6,1,110,1.1509082317352295,0.6516133546829224,0.02856164077792387,true
ddbaa3d,6,1,111,0.9775338768959045,-1.126549243927002,0.03924870994714303,true
ddbaa3d,6,1,112,0.11613471806049347,2.089959144592285,0.04391808675092566,true
ddbaa3d,6,1,113,1.4693127870559692,-0.7800114154815674,0.021769252927814873,true
ddbaa3d,6,1,114,0.3668394982814789,-1.717711329460144,0.0540885340355352,false
ddbaa3d,6,1,115,2.0774154663085938,0.6200151443481445,0.03570633503081262,true
ddbaa3d,6,1,116,0.46736299991607666,-2.2126269340515137,0.02491160303785845,true
ddbaa3d,6,1,117,0.9181347489356995,0.7550779581069946,0.016274869358068444,true
ddbaa3d,6,1,118,0.7794526815414429,1.0553648471832275,0.019937012867814338,true
ddbaa3d,6,1,119,0.5641909241676331,-2.667776584625244,0.007213424792772276,true
ddbaa3d,6,1,120,2.3181095123291016,-1.4655935764312744,0.017641762101588257,true
ddbaa3d,6,1,121,0.11561384797096252,-1.3637585639953613,0.015123841721708005,true
ddbaa3d,6,1,122,0.7748482823371887,-1.108563780784607,0.04205515670744705,true
ddbaa3d,6,1,123,0.6753621101379395,1.1228524446487427,0.028500668118710448,true
ddbaa3d,6,1,124,0.2795961797237396,-1.156697154045105,0.00655471768762156,true
ddbaa3d,6,1,125,0.0509190708398819,-1.1410003900527954,0.20782736402954416,true
ddbaa3d,6,1,126,4.786542892456055,1.2137877941131592,0.02321225368117179,true
ddbaa3d,6,1,127,0.89411461353302,-1.6881208419799805,0.0026883687709131155,false
ddbaa3d,6,1,128,0.6434286236763,1.999327301979065,0.03753324995013868,true
ddbaa3d,6,1,129,2.6210825443267822,0.9334758520126343,0.030748049640987127,true
ddbaa3d,6,1,130,1.6044758558273315,-1.513909101486206,0.021260747850615623,true
ddbaa3d,6,1,131,0.2741626501083374,0.592959463596344,0.04195274144800319,true
ddbaa3d,6,1,132,0.14475242793560028,-1.7062058448791504,0.019621731939349223,false
ddbaa3d,6,1,133,0.27453166246414185,1.4650280475616455,0.00848821363852096,true
ddbaa3d,6,1,134,0.4380795657634735,-2.8647122383117676,0.024043452874044587,true
ddbaa3d,6,1,135,0.8077186346054077,-1.0050212144851685,0.006140757471439946,true
ddbaa3d,6,1,136,0.08499971777200699,1.4091802835464478,0.14168628805495287,false
ddbaa3d,6,1,137,1.3215100765228271,-1.5965503454208374,0.02482720591883366,false
ddbaa3d,6,1,138,6.334946155548096,2.0203115940093994,0.002928383857833575,true
ddbaa3d,6,1,139,0.8274655938148499,1.8266727924346924,0.001336757408021887,true
ddbaa3d,6,1,140,0.28013232350349426,-2.3910818099975586,0.028838102989878062,true
ddbaa3d,6,1,141,0.38562193512916565,1.1415612697601318,0.009123921287431919,true
ddbaa3d,6,1,142,0.21341165900230408,1.2584205865859985,0.00295933919186145,true
ddbaa3d,6,1,143,0.31588777899742126,-2.2615013122558594,0.007235774831394315,true
ddbaa3d,6,1,144,0.10895302891731262,0.8783739805221558,0.11229476255499053,false
ddbaa3d,6,1,145,0.16972488164901733,-1.6136966943740845,0.04060986013311274,false
ddbaa3d,6,1,146,0.38490450382232666,1.2425166368484497,0.0023169916661324144,true
ddbaa3d,6,1,147,1.7648555040359497,1.4230860471725464,0.03286902973458192,false
ddbaa3d,6,1,148,0.11980335414409637,2.00978684425354,0.033372889595064195,true
ddbaa3d,6,1,149,0.3680732846260071,-1.638448715209961,0.013950080371305107,false
ddbaa3d,6,1,150,0.11304350942373276,-0.37773606181144714,0.0100069497707126,true
ddbaa3d,6,1,151,0.8132505416870117,-2.005288600921631,0.017254228802894737,true
ddbaa3d,6,1,152,0.5420382618904114,0.9586470127105713,0.03077823765905317,true
ddbaa3d,6,1,153,1.1811151504516602,-1.315391182899475,0.018982834122870693,true
ddbaa3d,6,1,154,0.2822892367839813,0.8325168490409851,0.048947776512066284,true
ddbaa3d,6,1,155,0.1263282597064972,2.5150399208068848,0.09197187406888577,true
ddbaa3d,6,1,156,1.636892318725586,-1.559297800064087,0.01676829443143114,true
ddbaa3d,6,1,157,0.20268088579177856,-1.674920916557312,0.002663385456076615,false
ddbaa3d,6,1,158,0.28397253155708313,-2.320887327194214,0.005235408253124273,true
ddbaa3d,6,1,159,0.06559235602617264,-0.635062575340271,0.08551101973872903,true
ddbaa3d,6,1,160,0.27020183205604553,1.3438740968704224,0.012459457928163654,true
ddbaa3d,6,1,161,0.1666473001241684,1.6873620748519897,0.027014269043058124,true
ddbaa3d,6,1,162,0.5162893533706665,-2.084500312805176,0.0515655965355399,true
ddbaa3d,6,1,163,0.2774572968482971,1.3924328088760376,0.07030984658088435,true
ddbaa3d,6,1,164,0.9119491577148438,0.9428502917289734,0.027853781703987876,true
ddbaa3d,6,1,165,0.005761418957263231,0.9727336764335632,0.814757309990913,false
ddbaa3d,6,1,166,0.07643923163414001,-3.075223445892334,0.03223268068619328,true
ddbaa3d,6,1,167,1.2755225896835327,1.6965441703796387,0.005108682244083777,true
ddbaa3d,6,1,168,0.5295706391334534,-2.187567710876465,0.02285068060944176,true
ddbaa3d,6,1,169,0.19165420532226562,-1.7458387613296509,0.01775087024876035,false
ddbaa3d,6,1,170,0.9323241710662842,1.0986356735229492,0.017382242163371947,true
ddbaa3d,6,1,171,1.0563491582870483,0.933846652507782,0.031352609109567345,true
ddbaa3d,6,1,172,0.5314381718635559,-1.4581985473632812,0.015163050567330635,true
ddbaa3d,6,1,173,0.04335206001996994,-2.0524580478668213,0.10652488822511887,false
ddbaa3d,6,1,174,1.6420096158981323,-2.55645751953125,0.009886827387121188,true
ddbaa3d,6,1,175,0.1839820295572281,0.0817643404006958,0.06776801424657757,true
ddbaa3d,6,1,176,0.3573211431503296,-1.601676344871521,0.01076367239823522,false
ddbaa3d,6,1,177,0.08886419981718063,1.9825739860534668,0.16703010215935055,true
ddbaa3d,6,1,178,0.9442834854125977,-1.991309642791748,0.02381752728492465,true
ddbaa3d,6,1,179,0.1812489777803421,0.7417017817497253,0.051920038808186485,true
ddbaa3d,6,1,180,0.05537299066781998,0.6593016386032104,0.01269646762892865,true
ddbaa3d,6,1,181,0.7181980609893799,2.767854928970337,0.013438100342889467,true
ddbaa3d,6,1,182,1.2399625778198242,-1.2078168392181396,0.020615732760278265,true
ddbaa3d,6,1,183,0.763248860836029,-1.4909440279006958,0.01700413796053491,true
ddbaa3d,6,1,184,0.17575900256633759,0.7097653746604919,0.0591058514943679,true
ddbaa3d,6,1,185,1.3512707948684692,1.4018298387527466,0.044416918292541664,false
ddbaa3d,6,1,186,0.37773746252059937,1.139776349067688,0.009731646007310904,true
ddbaa3d,6,1,187,0.5999412536621094,-1.8877415657043457,0.03304951934578689,true
ddbaa3d,6,1,188,0.14856572449207306,0.8258376717567444,0.1048159093956847,true
ddbaa3d,6,1,189,0.38075655698776245,1.3571040630340576,0.0018313643140554958,false
ddbaa3d,6,1,190,0.6921650171279907,1.5728118419647217,0.019156006390729657,true
ddbaa3d,6,1,191,0.86200350522995,1.9600374698638916,0.03268952065060902,true
ddbaa3d,6,1,192,0.2927422821521759,0.8532145023345947,0.02200635987128315,true
ddbaa3d,6,1,193,1.12046480178833,-2.793843984603882,0.020967771054053883,true
ddbaa3d,6,1,194,1.6566439867019653,-1.3796048164367676,0.026913423889739156,true
ddbaa3d,6,1,195,0.26682212948799133,1.5541309118270874,0.029632223015246734,false
ddbaa3d,6,1,196,0.4621378183364868,-1.653615117073059,0.04350149405691913,false
ddbaa3d,6,1,197,0.07145393639802933,0.783206582069397,0.08887284634558466,true
ddbaa3d,6,1,198,0.45027855038642883,1.0937433242797852,0.03464036180869201,true
ddbaa3d,6,1,199,1.8395068645477295,-0.8100597858428955,0.014017229841781121,true
ddbaa3d,6,1,200,0.34033843874931335,-1.4467289447784424,0.02948975011784292,true
ddbaa3d,6,1,201,0.07603973150253296,-2.8789000511169434,0.10350653250871067,true
ddbaa3d,6,1,202,0.7288101315498352,1.3875012397766113,0.01820841431603844,false
ddbaa3d,6,1,203,0.16584105789661407,2.5256149768829346,0.13533548064788728,true
ddbaa3d,6,1,204,0.8204177618026733,1.9207438230514526,0.02551150615729386,true
ddbaa3d,6,1,205,0.6350947618484497,1.0363901853561401,0.009863130555896028,true
ddbaa3d,6,1,206,0.7079336643218994,-1.6690994501113892,0.01638228750847425,false
ddbaa3d,6,1,207,0.17250068485736847,-1.8542741537094116,0.1102550032069763,true
ddbaa3d,6,1,208,0.8629459738731384,-1.4931304454803467,0.040590511278933976,true
ddbaa3d,6,1,209,0.2767229378223419,-2.400289535522461,0.04646584941801977,true
ddbaa3d,6,1,210,0.6167176961898804,-1.3050405979156494,0.035062224154004624,true
ddbaa3d,6,1,211,0.9459351897239685,1.0686454772949219,0.014108955012675046,true
ddbaa3d,6,1,212,1.0417588949203491,-1.4933991432189941,0.02372884167608146,true
ddbaa3d,6,1,213,0.38991451263427734,0.5039700269699097,0.08972907188978978,true
ddbaa3d,6,1,214,0.28298473358154297,1.070051908493042,0.013804417908707718,true
ddbaa3d,6,1,215,0.6659466028213501,2.064237594604492,0.027586341923594323,true
ddbaa3d,6,1,216,0.6846133470535278,-2.7956478595733643,0.050768709494923604,true
ddbaa3d,6,1,217,0.7370530962944031,0.9741733074188232,0.035693230928554864,true
ddbaa3d,6,1,218,0.48340561985969543,-1.7832591533660889,0.0160064004814061,true
ddbaa3d,6,1,219,0.4304244816303253,0.9000815749168396,0.02338802035208361,true
ddbaa3d,6,1,220,0.8934714198112488,-1.625583291053772,0.012061264344014725,false
ddbaa3d,6,1,221,0.8259685635566711,1.182897925376892,0.007861435196641115,true
ddbaa3d,6,1,222,1.1138418912887573,1.0411138534545898,0.021080778112636235,true
ddbaa3d,6,1,223,1.8222345113754272,1.1560434103012085,0.03667157671154365,true
ddbaa3d,6,1,224,0.4033539891242981,-1.4747951030731201,0.006489038135771048,true
ddbaa3d,6,1,225,1.574491262435913,0.6918453574180603,0.0208719484864614,true
ddbaa3d,6,1,226,0.8097806572914124,1.73701012134552,0.0041283736695271155,true
ddbaa3d,6,1,227,0.04521466791629791,0.6076246500015259,0.05637452913434872,true
ddbaa3d,6,1,228,0.40300464630126953,-2.378636121749878,0.074151958995731,true
ddbaa3d,6,1,229,0.18631720542907715,2.247279644012451,0.033396830204671706,true
ddbaa3d,6,1,230,0.11890461295843124,1.643356204032898,0.05799108543479281,true
ddbaa3d,6,1,231,0.7358404397964478,0.9370140433311462,0.037631750474713,true
ddbaa3d,6,1,232,0.2803252041339874,0.5136443376541138,0.088580660977979,true
ddbaa3d,6,1,233,1.1793138980865479,2.381201982498169,0.0201469257016364,true
ddbaa3d,6,1,234,0.1819591373205185,-1.4226744174957275,0.03537090440306178,true
ddbaa3d,6,1,235,1.0173544883728027,1.128334403038025,0.008532207274728422,true
ddbaa3d,6,1,236,0.4664420187473297,0.9610698819160461,0.03807991890332733,true
ddbaa3d,6,1,237,1.2252336740493774,-1.6376949548721313,0.04608872295742218,false
ddbaa3d,6,1,238,0.583833634853363,1.6594152450561523,0.0018850393198392094,true
ddbaa3d,6,1,239,0.6380332112312317,1.7110834121704102,0.05084706940244596,true
ddbaa3d,6,1,240,0.3127859830856323,1.3504574298858643,0.0382393978584433,true
ddbaa3d,6,1,241,0.22875595092773438,1.5578752756118774,0.03663211462267789,true
ddbaa3d,6,1,242,0.9244329929351807,1.4416766166687012,0.021469031998118303,false
ddbaa3d,6,1,243,0.7073599100112915,-1.835462212562561,0.002032727541293344,true
ddbaa3d,6,1,244,1.6018335819244385,1.6000704765319824,0.023270975944757348,true
ddbaa3d,6,1,245,0.6313662528991699,1.895837664604187,0.007312499522070569,true
ddbaa3d,6,1,246,0.4887715280056,0.8966400027275085,0.03600754637784046,true
ddbaa3d,6,1,247,0.5731701254844666,-1.6169650554656982,0.0021765328126269017,false
ddbaa3d,6,1,248,1.1496028900146484,-2.440044403076172,0.013131863188500357,true
ddbaa3d,6,1,249,0.04083976894617081,2.368715763092041,0.07728875185832287,true
ddbaa3d,6,1,250,0.8129789233207703,1.8619132041931152,0.015188328983352277,true
ddbaa3d,6,1,251,2.7618408203125,-1.853676438331604,0.005968120090210635,true
ddbaa3d,6,1,252,1.0821712017059326,-1.6372648477554321,0.007586008405293729,false
ddbaa3d,6,1,253,0.3091545104980469,0.9255987405776978,0.0028382496165230186,true
ddbaa3d,6,1,254,0.7521713972091675,1.5281869173049927,0.004779460643629438,false
ddbaa3d,6,1,255,0.20662643015384674,2.0439984798431396,0.004612949355243027,true
ddbaa3d,6,1,256,0.9671697020530701,-2.1838769912719727,0.020192100735128494,true
ddbaa3d,6,2,1,1.2856446504592896,1.1807069778442383,0.003748730037704099,true
ddbaa3d,6,2,2,0.5337465405464172,1.2903931140899658,0.010337780734112872,true
ddbaa3d,6,2,3,2.1008386611938477,-1.7171672582626343,0.012470256920287404,true
ddbaa3d,6,2,4,0.6226907968521118,1.87598717212677,0.05921513919091553,true
ddbaa3d,6,2,5,1.2891429662704468,1.2562792301177979,0.009392785638260737,true
ddbaa3d,6,2,6,17.159290313720703,-1.46232271194458,0.021651494179344873,true
ddbaa3d,6,2,7,1.34696626663208,1.6701455116271973,0.01148565493338804,true
ddbaa3d,6,2,8,2.002415895462036,1.1058685779571533,0.0011218055070694524,true
ddbaa3d,6,2,9,2.1888914108276367,1.2676974534988403,0.0031512796613852533,true
ddbaa3d,6,2,10,3.5322651863098145,0.9789915084838867,0.00681606176825267,true
ddbaa3d,6,2,11,2.4926133155822754,1.4215582609176636,0.004251531348274444,true
ddbaa3d,6,2,12,1.512620210647583,-1.2845547199249268,0.02571306511943073,true
ddbaa3d,6,2,13,3.5000483989715576,2.061941146850586,0.02765268804375288,true
ddbaa3d,6,2,14,1.0081299543380737,1.8764127492904663,0.0670294355777541,true
ddbaa3d,6,2,15,1.7181363105773926,-1.7825837135314941,0.010183017925004294,true
ddbaa3d,6,2,16,2.7239248752593994,-1.15579092502594,0.0017058009221950624,true
ddbaa3d,6,2,17,2.637028932571411,-1.8553261756896973,0.003769554395072158,true
ddbaa3d,6,2,18,0.3288514316082001,1.4966024160385132,0.005805801351710914,false
ddbaa3d,6,2,19,1.075884222984314,1.3454160690307617,0.006064180027032175,true
ddbaa3d,6,2,20,3.609199285507202,-0.27708616852760315,0.0069610926401229645,true
ddbaa3d,6,2,21,4.49560546875,-1.2655072212219238,0.0024854695873357865,true
ddbaa3d,6,2,22,1.4105712175369263,-1.7688243389129639,0.006568305956723931,true
ddbaa3d,6,2,23,0.4174525737762451,0.436948299407959,0.09929432576418266,true
ddbaa3d,6,2,24,0.3085104525089264,2.942042350769043,0.06574822232996419,true
ddbaa3d,6,2,25,2.352693557739258,-2.1648900508880615,0.009188181254808515,true
ddbaa3d,6,2,26,0.7677454352378845,1.6737580299377441,0.0044269706803377875,true
ddbaa3d,6,2,27,0.4972255527973175,-1.9412723779678345,0.035152803375137355,true
ddbaa3d,6,2,28,0.6216168999671936,-1.4867465496063232,0.011552213570120474,true
ddbaa3d,6,2,29,0.47300708293914795,-0.8263014554977417,0.021752343306397814,true
ddbaa3d,6,2,30,0.7770053148269653,0.9252995848655701,0.011253277082377965,true
ddbaa3d,6,2,31,0.12202530354261398,1.9186933040618896,0.0026942376202828446,true
ddbaa3d,6,2,32,4.340135097503662,1.1590690612792969,0.008190022385928775,true
ddbaa3d,6,2,33,0.4154626131057739,-1.7876673936843872,0.03575612390618145,true
ddbaa3d,6,2,34,0.7228683233261108,0.7467514872550964,0.04179066807951834,true
ddbaa3d,6,2,35,5.53008508682251,0.7256824970245361,0.01006946574645984,true
ddbaa3d,6,2,36,0.6304032802581787,1.2147910594940186,0.008906148299631293,true
ddbaa3d,6,2,37,1.1574137210845947,1.4807730913162231,0.004852858088399634,true
ddbaa3d,6,2,38,0.7035001516342163,1.3706328868865967,0.00532954854776089,true
ddbaa3d,6,2,39,0.8557574152946472,1.4012701511383057,0.04423931846309876,true
ddbaa3d,6,2,40,1.812159538269043,-1.5872344970703125,0.020147807327647226,false
ddbaa3d,6,2,41,4.525853157043457,0.7597171068191528,0.020245206200833133,true
ddbaa3d,6,2,42,1.932356357574463,1.4405674934387207,0.004171440019543757,true
ddbaa3d,6,2,43,1.616896390914917,1.4590497016906738,0.009998128710783566,false
ddbaa3d,6,2,44,1.5859787464141846,1.0723845958709717,0.0024149412281307026,true
ddbaa3d,6,2,45,4.741917133331299,-1.878915548324585,0.008663629795492412,true
ddbaa3d,6,2,46,0.748856246471405,1.0417718887329102,0.017185859239335348,true
ddbaa3d,6,2,47,1.1618390083312988,-1.4166510105133057,0.007752121574258799,true
ddbaa3d,6,2,48,3.0890696048736572,-1.7874739170074463,0.031065338783314658,true
ddbaa3d,6,2,49,6.834023952484131,-1.638383388519287,0.014473731250593515,false
ddbaa3d,6,2,50,1.4520537853240967,-1.2187641859054565,0.007256365161595671,true
ddbaa3d,6,2,51,3.690474510192871,-1.5596987009048462,0.017917779843519326,true
ddbaa3d,6,2,52,0.24261803925037384,1.2832986116409302,0.05566894974462623,true
ddbaa3d,6,2,53,9.584053993225098,-0.8638744354248047,0.024149586939153554,true
ddbaa3d,6,2,54,3.5381391048431396,0.9103352427482605,0.007944008211640529,true
ddbaa3d,6,2,55,2.468508005142212,-1.4970030784606934,0.025304021336196345,true
ddbaa3d,6,2,56,1.7696058750152588,-2.0054962635040283,0.0076341041110766054,true
ddbaa3d,6,2,57,2.033113956451416,1.5087271928787231,0.0011852794070942613,false
ddbaa3d,6,2,58,1.139893889427185,-1.669930338859558,0.011330454054240883,true
ddbaa3d,6,2,59,1.620147705078125,-1.2657523155212402,0.032761785026529745,true
ddbaa3d,6,2,60,1.7599352598190308,1.1866787672042847,0.012275468282829296,true
ddbaa3d,6,2,61,1.1493552923202515,-1.7703739404678345,0.023269652030479517,true
ddbaa3d,6,2,62,0.7423986196517944,-1.9459642171859741,0.026411343706680374,true
ddbaa3d,6,2,63,2.7153892517089844,-1.5876470804214478,0.016400432520619592,false
ddbaa3d,6,2,64,3.653269052505493,1.4607064723968506,0.010312965132431342,false
ddbaa3d,7,1,1,1.3217270374298096,1.829769492149353,0.009000652905988301,true
ddbaa3d,7,1,2,0.8942590951919556,-1.9219965934753418,0.03421719843289202,false
ddbaa3d,7,1,3,0.24153941869735718,1.7599992752075195,0.009754643259950561,true
ddbaa3d,7,1,4,0.9591774940490723,-2.072376251220703,0.027128987334834338,true
ddbaa3d,7,1,5,0.8931055068969727,-2.29929256439209,0.0025980767659844377,true
ddbaa3d,7,1,6,0.11806215345859528,-1.914671778678894,0.07279995896765083,false
ddbaa3d,7,1,7,0.12199133634567261,-0.4510689079761505,0.0996184512685209,true
ddbaa3d,7,1,8,0.5445981025695801,-2.025266647338867,0.02129076149412707,true
ddbaa3d,7,1,9,0.1430179327726364,1.8499501943588257,0.15211076092563575,true
ddbaa3d,7,1,10,0.9896310567855835,0.05696096271276474,0.026474038613153783,true
ddbaa3d,7,1,11,0.40589866042137146,1.1710530519485474,0.032555606588662495,true
ddbaa3d,7,1,12,0.6808376908302307,-2.264343500137329,0.04553880528631014,true
ddbaa3d,7,1,13,0.6079144477844238,1.430193305015564,0.03563471996385568,false
ddbaa3d,7,1,14,0.041597407311201096,1.9558387994766235,0.13515678404659626,true
ddbaa3d,7,1,15,0.14524932205677032,-1.2057480812072754,0.006861458923334014,true
ddbaa3d,7,1,16,0.9718828797340393,-3.0956156253814697,0.011477678237678122,true
ddbaa3d,7,1,17,0.16135168075561523,2.192599058151245,0.21114219835598544,true
ddbaa3d,7,1,18,0.49228253960609436,-1.653617024421692,0.08121973311839545,false
ddbaa3d,7,1,19,0.9377385973930359,1.0501019954681396,0.017425232921766547,true
ddbaa3d,7,1,20,1.7724800109863281,-1.0447698831558228,0.018131550699996772,true
ddbaa3d,7,1,21,0.6178300380706787,0.7653228640556335,0.0026675956119998636,true
ddbaa3d,7,1,22,0.1684449315071106,-1.9851453304290771,0.04810619628299276,false
ddbaa3d,7,1,23,0.7549790740013123,0.5986359715461731,0.021331603487544693,true
ddbaa3d,7,1,24,0.27323490381240845,1.125245451927185,0.03824927327943569,true
ddbaa3d,7,1,25,0.5567111968994141,-2.04129958152771,0.01960491451129243,true
ddbaa3d,7,1,26,0.45064449310302734,1.7911288738250732,0.006618804836381167,true
ddbaa3d,7,1,27,0.2919439673423767,-2.408764123916626,0.048051534021899114,true
ddbaa3d,7,1,28,0.42909371852874756,-2.0170793533325195,0.047019625161723894,true
ddbaa3d,7,1,29,0.259488046169281,-0.2081371694803238,0.12723774643176838,true
ddbaa3d,7,1,30,0.15142586827278137,0.6665202975273132,0.05631625652503273,true
ddbaa3d,7,1,31,0.29669737815856934,1.222456932067871,0.04187902076256852,true
ddbaa3d,7,1,32,0.12056609988212585,-1.17009699344635,0.051345828985939285,true
ddbaa3d,7,1,33,0.3994349241256714,1.606292963027954,0.01813526612922721,true
ddbaa3d,7,1,34,0.7479876279830933,1.3576745986938477,0.01664519857918664,false
ddbaa3d,7,1,35,0.8480052351951599,1.6942578554153442,0.02503917768730767,true
ddbaa3d,7,1,36,0.536509096622467,1.8347786664962769,0.06674766159889499,true
ddbaa3d,7,1,37,0.07855596393346786,-2.1309566497802734,0.019460174987146233,false
ddbaa3d,7,1,38,0.12233305722475052,-2.595557689666748,0.12126353554802849,true
ddbaa3d,7,1,39,0.38107025623321533,-1.6479977369308472,0.018631930558375347,false
ddbaa3d,7,1,40,0.81373530626297,1.6732025146484375,0.014759392854477147,true
ddbaa3d,7,1,41,0.23208220303058624,1.6795010566711426,0.06919990904522333,true
ddbaa3d,7,1,42,0.6724331378936768,1.559278130531311,0.10219474600844068,false
ddbaa3d,7,1,43,0.35827380418777466,1.6620943546295166,0.012992266873565196,true
ddbaa3d,7,1,44,0.14328983426094055,1.8451074361801147,0.04561479801202535,true
ddbaa3d,7,1,45,0.1424335241317749,-2.3792715072631836,0.12331798529735466,false
ddbaa3d,7,1,46,0.29981404542922974,0.7643532156944275,0.06639074551022904,true
ddbaa3d,7,1,47,0.9146496653556824,-2.7604081630706787,0.022245835851752414,true
ddbaa3d,7,1,48,0.9295688271522522,-1.199243426322937,0.016756900450044267,true
ddbaa3d,7,1,49,0.8363988399505615,-1.6537160873413086,0.008988234582479004,false
ddbaa3d,7,1,50,0.849191427230835,-2.0024797916412354,0.011859456582575447,true
ddbaa3d,7,1,51,0.34258976578712463,-1.4011380672454834,0.041249674870089396,true
ddbaa3d,7,1,52,0.6585142016410828,1.331892490386963,0.031724674342541455,false
ddbaa3d,7,1,53,0.32802051305770874,2.6891000270843506,0.013450979029108325,true
ddbaa3d,7,1,54,0.698062539100647,-2.363501787185669,0.057015081527238165,true
ddbaa3d,7,1,55,5.459012508392334,1.1667089462280273,0.0385580460779644,false
ddbaa3d,7,1,56,0.2530442178249359,-1.6495558023452759,0.027809912811051548,false
ddbaa3d,7,1,57,0.23252330720424652,1.9091817140579224,0.04161621340169023,true
ddbaa3d,7,1,58,0.4590730667114258,-1.923007845878601,0.009716562864192632,true
ddbaa3d,7,1,59,0.9898598790168762,2.441311836242676,0.009513787836016816,true
ddbaa3d,7,1,60,1.617669939994812,0.3799538016319275,0.022493922070296393,true
ddbaa3d,7,1,61,0.8935907483100891,-2.378844976425171,0.009869666017763516,true
ddbaa3d,7,1,62,0.6257384419441223,1.2569303512573242,0.05235761680463861,false
ddbaa3d,7,1,63,0.780086874961853,-2.160383939743042,0.04961655368259905,true
ddbaa3d,7,1,64,0.25095897912979126,1.1387383937835693,0.07872465824449167,true
ddbaa3d,7,1,65,0.1379188746213913,-1.6155972480773926,0.12463558465656227,false
ddbaa3d,7,1,66,0.4567587077617645,-1.504051685333252,0.024559131003030806,true
ddbaa3d,7,1,67,0.15245802700519562,0.19030484557151794,0.28238090327852267,true
ddbaa3d,7,1,68,0.9188191890716553,1.4865609407424927,0.011961350004034971,false
ddbaa3d,7,1,69,1.4914554357528687,0.6800956726074219,0.04110884636888365,true
ddbaa3d,7,1,70,0.08117083460092545,0.8733617067337036,0.1572391486029961,true
ddbaa3d,7,1,71,0.19392934441566467,-1.708789348602295,0.05389574707296807,false
ddbaa3d,7,1,72,1.480186939239502,1.106048822402954,0.010045239421551992,true
ddbaa3d,7,1,73,0.0762164294719696,-1.9931039810180664,0.04309945378097043,false
ddbaa3d,7,1,74,0.18595243990421295,-1.6277248859405518,0.08179375052137353,false
ddbaa3d,7,1,75,1.3224278688430786,1.3808051347732544,0.009358111471768304,false
ddbaa3d,7,1,76,1.3317700624465942,-1.4027769565582275,0.008506361404851922,true
ddbaa3d,7,1,77,0.39422184228897095,0.46600398421287537,0.006839578156455792,true
ddbaa3d,7,1,78,0.22628401219844818,-1.4133130311965942,0.03638352421622948,true
ddbaa3d,7,1,79,0.13907502591609955,-2.4837021827697754,0.08429804025793174,true
ddbaa3d,7,1,80,0.2240898311138153,-2.8652875423431396,0.03154571976473051,true
ddbaa3d,7,1,81,0.34296441078186035,1.5914901494979858,0.036144132773651944,true
ddbaa3d,7,1,82,0.2274327576160431,1.9292978048324585,0.0423524319398714,true
ddbaa3d,7,1,83,0.1007283478975296,-0.6722537875175476,0.25548286441910334,true
ddbaa3d,7,1,84,0.5929087996482849,-2.3249707221984863,0.05529775541427629,true
ddbaa3d,7,1,85,0.17116178572177887,-2.8056092262268066,0.25525838087984015,true
ddbaa3d,7,1,86,0.4344783425331116,-2.254774808883667,0.03905248001292847,true
ddbaa3d,7,1,87,1.0763297080993652,-2.190567970275879,0.003863167893614599,true
ddbaa3d,7,1,88,0.895605742931366,1.7988063097000122,0.038661144243446806,true
ddbaa3d,7,1,89,1.4527894258499146,-2.8394970893859863,0.03256267436270199,true
ddbaa3d,7,1,90,0.6678640842437744,1.089676856994629,0.03765078224705263,true
ddbaa3d,7,1,91,0.16493234038352966,0.14279523491859436,0.08545607833709268,true
ddbaa3d,7,1,92,0.36314016580581665,1.21848726272583,0.06421364403926742,false
ddbaa3d,7,1,93,1.071694254875183,2.0999817848205566,0.0056477973554683895,true
ddbaa3d,7,1,94,0.9490212202072144,1.9795125722885132,0.002549671366477841,true
ddbaa3d,7,1,95,0.48110175132751465,0.8689336776733398,0.020316641863493842,true
ddbaa3d,7,1,96,0.8429976105690002,1.3229448795318604,0.016244126884224473,true
ddbaa3d,7,1,97,0.9506296515464783,-1.9535526037216187,0.05633587533424679,true
ddbaa3d,7,1,98,0.30636367201805115,0.46622616052627563,0.04240370052740996,true
ddbaa3d,7,1,99,1.1923301219940186,-1.8079955577850342,0.020941299868826105,false
ddbaa3d,7,1,100,2.1706745624542236,1.8043973445892334,0.029572842880787445,true
ddbaa3d,7,1,101,1.3690091371536255,0.7825495004653931,0.019104191108108695,true
ddbaa3d,7,1,102,0.3064371943473816,1.7698947191238403,0.03120704704849856,true
ddbaa3d,7,1,103,0.9363338351249695,-1.9907599687576294,0.005521840082882029,true
ddbaa3d,7,1,104,0.4358430504798889,1.0019922256469727,0.04793975041550235,true
ddbaa3d,7,1,105,0.8255196213722229,-1.4100749492645264,0.02742821827286957,true
ddbaa3d,7,1,106,0.1851332038640976,0.7656533122062683,0.059670137319635524,true
ddbaa3d,7,1,107,0.4954929053783417,-1.8254666328430176,0.06010070953398665,false
ddbaa3d,7,1,108,0.24824751913547516,-1.9056057929992676,0.08214368206360666,false
ddbaa3d,7,1,109,0.2609400153160095,-1.5714240074157715,0.03391993755720563,false
ddbaa3d,7,1,110,2.1459176540374756,1.059248685836792,0.02903574725760894,true
ddbaa3d,7,1,111,0.15377077460289001,-1.9662785530090332,0.08127439220682013,false
ddbaa3d,7,1,112,0.48024916648864746,1.519179344177246,0.010125686276846029,false
ddbaa3d,7,1,113,0.024480227380990982,1.2284671068191528,0.03650834754779109,false
ddbaa3d,7,1,114,0.2686362564563751,1.7850359678268433,0.07748714573887082,true
ddbaa3d,7,1,115,2.3829596042633057,0.9315828680992126,0.021063307859232,true
ddbaa3d,7,1,116,0.40227845311164856,-2.196780204772949,0.0491464711100904,true
ddbaa3d,7,1,117,0.8927181959152222,1.4542694091796875,0.198676218972599,false
ddbaa3d,7,1,118,1.1771658658981323,1.471156120300293,0.010328134394193776,false
ddbaa3d,7,1,119,0.06768979877233505,2.1397705078125,0.057566170190962836,true
ddbaa3d,7,1,120,0.6846201419830322,-2.4777092933654785,0.05410497935751461,true
ddbaa3d,7,1,121,0.12932667136192322,1.6564900875091553,0.08214942453974355,true
ddbaa3d,7,1,122,0.13323575258255005,2.1011886596679688,0.15790600919329403,true
ddbaa3d,7,1,123,0.7450473308563232,1.6111317873001099,0.011068955642961259,true
ddbaa3d,7,1,124,0.3066056966781616,-1.134965419769287,0.045995059282774656,true
ddbaa3d,7,1,125,1.1745829582214355,1.4296917915344238,0.040051111749826146,false
ddbaa3d,7,1,126,1.527134656906128,0.16850478947162628,0.042770465306130094,true
ddbaa3d,7,1,127,0.2664451003074646,0.5228791832923889,0.005547717872041496,true
ddbaa3d,7,1,128,3.1437325477600098,0.9474643468856812,0.02179092498959105,true
ddbaa3d,7,1,129,3.019646406173706,1.1010212898254395,0.03400301088050317,true
ddbaa3d,7,1,130,0.33502936363220215,1.5035598278045654,0.011599730457172034,false
ddbaa3d,7,1,131,0.17692720890045166,0.5314441919326782,0.12147861553201682,true
ddbaa3d,7,1,132,0.6943881511688232,-1.4707717895507812,0.05031971840960008,true
ddbaa3d,7,1,133,0.08292596787214279,-1.6707912683486938,0.038926145100665895,false
ddbaa3d,7,1,134,0.09866030514240265,0.6647887229919434,0.060585031696964546,true
ddbaa3d,7,1,135,0.11816760152578354,1.2563514709472656,0.12641550979190852,false
ddbaa3d,7,1,136,1.1646182537078857,-1.515383243560791,0.041313272900855166,true
ddbaa3d,7,1,137,1.4810413122177124,-0.9929731488227844,0.009943701517239991,true
ddbaa3d,7,1,138,4.989147663116455,1.1026794910430908,0.0111323753756212,true
ddbaa3d,7,1,139,0.735556960105896,1.191016435623169,0.035028618041848536,false
ddbaa3d,7,1,140,0.14524976909160614,-2.4058074951171875,0.06031627110902876,true
ddbaa3d,7,1,141,0.23655687272548676,-2.1901426315307617,0.0863869800075754,true
ddbaa3d,7,1,142,0.27399784326553345,-1.4998350143432617,0.0025334593099788968,true
ddbaa3d,7,1,143,0.18941862881183624,-0.3154093623161316,0.09541664041126306,true
ddbaa3d,7,1,144,0.28629177808761597,-1.4871629476547241,0.02892249851608695,true
ddbaa3d,7,1,145,1.3456847667694092,1.377998948097229,0.0015427634822985001,true
ddbaa3d,7,1,146,0.015653077512979507,-0.7366902232170105,0.9390675420607301,true
ddbaa3d,7,1,147,2.0094542503356934,2.1313042640686035,0.056039838047274755,true
ddbaa3d,7,1,148,0.3585253059864044,1.6693612337112427,0.0019296029718818934,true
ddbaa3d,7,1,149,0.400755912065506,2.0180416107177734,0.05716009939513519,true
ddbaa3d,7,1,150,0.7099632024765015,2.020838975906372,0.013525006672288264,true
ddbaa3d,7,1,151,1.6510919332504272,2.2163429260253906,0.008614255836652079,true
ddbaa3d,7,1,152,0.4284247159957886,-2.1002860069274902,0.018270501322801745,true
ddbaa3d,7,1,153,1.3255867958068848,-1.9258114099502563,0.021564282233052526,true
ddbaa3d,7,1,154,2.3225460052490234,2.053048610687256,0.02109476948228726,true
ddbaa3d,7,1,155,0.5478984713554382,1.3873541355133057,0.0004518860621508797,true
ddbaa3d,7,1,156,0.6952416896820068,1.606706976890564,0.0046759880991828,true
ddbaa3d,7,1,157,1.147570252418518,-2.1863932609558105,0.001836027993042551,true
ddbaa3d,7,1,158,1.5749108791351318,0.7417973279953003,0.007271226083938686,true
ddbaa3d,7,1,159,0.47164568305015564,0.756110429763794,0.030854453325369968,true
ddbaa3d,7,1,160,0.6698481440544128,1.4124250411987305,0.008529274867689958,false
ddbaa3d,7,1,161,0.12740319967269897,1.665130615234375,0.02476759114509624,true
ddbaa3d,7,1,162,0.07582150399684906,-3.0876286029815674,0.3262166157819073,true
ddbaa3d,7,1,163,0.2983059287071228,-2.7846662998199463,0.11403602542628063,true
ddbaa3d,7,1,164,0.1575673222541809,-0.9730265140533447,0.0892840854842047,true
ddbaa3d,7,1,165,0.3489989936351776,2.062436103820801,0.020454835453559778,true
ddbaa3d,7,1,166,0.42488333582878113,1.8928468227386475,0.02288043755018248,true
ddbaa3d,7,1,167,0.07166408002376556,-0.2656647562980652,0.10443178911877936,true
ddbaa3d,7,1,168,0.1697588413953781,-1.7241607904434204,0.05738624378890943,false
ddbaa3d,7,1,169,0.15409767627716064,-2.177682638168335,0.05482950314853423,true
ddbaa3d,7,1,170,1.0538604259490967,1.319737434387207,0.022792264257860087,true
ddbaa3d,7,1,171,1.0362602472305298,0.8216751217842102,0.013394719063438962,true
ddbaa3d,7,1,172,0.40037068724632263,-2.4687650203704834,0.04335380209526261,true
ddbaa3d,7,1,173,0.1715213507413864,2.5003790855407715,0.023176090883335998,true
ddbaa3d,7,1,174,0.7570391893386841,-1.481959342956543,0.002966121456581012,true
ddbaa3d,7,1,175,0.3446923494338989,-0.5508842468261719,0.10078621040923898,true
ddbaa3d,7,1,176,0.011436562985181808,3.073573589324951,1.5741312888459498,true
ddbaa3d,7,1,177,0.09271962195634842,-2.213505268096924,0.03124470654661369,true
ddbaa3d,7,1,178,0.31159260869026184,1.6131337881088257,0.050293173910718886,true
ddbaa3d,7,1,179,0.07646047323942184,-1.7575116157531738,0.03365374988148427,true
ddbaa3d,7,1,180,0.29371410608291626,1.2767599821090698,0.07536978420989081,false
ddbaa3d,7,1,181,0.23462362587451935,-0.41289734840393066,0.13077657177606686,true
ddbaa3d,7,1,182,2.280336618423462,-2.0502796173095703,0.02107374299814155,true
ddbaa3d,7,1,183,0.3528295159339905,-2.086716890335083,0.0269589919337741,true
ddbaa3d,7,1,184,0.7621212005615234,0.6269111633300781,0.029208247231874936,true
ddbaa3d,7,1,185,0.2292744666337967,-1.4164990186691284,0.07733889631646858,true
ddbaa3d,7,1,186,0.1780315637588501,0.25699955224990845,0.04059092172954065,true
ddbaa3d,7,1,187,0.7069891691207886,-2.121246337890625,0.024435272642735078,true
ddbaa3d,7,1,188,0.16631658375263214,0.7790664434432983,0.024656510069555413,true
ddbaa3d,7,1,189,0.7778669595718384,1.3425763845443726,0.023808800881993115,false
ddbaa3d,7,1,190,0.39497989416122437,-1.1821867227554321,0.053104509388813045,true
ddbaa3d,7,1,191,0.999701201915741,1.9398001432418823,0.010870668718951232,true
ddbaa3d,7,1,192,0.30893221497535706,1.1220005750656128,0.008274554687925819,true
ddbaa3d,7,1,193,0.6186791658401489,2.5383288860321045,0.015259115039200502,true
ddbaa3d,7,1,194,2.1104133129119873,-2.232180595397949,0.030380514538708037,true
ddbaa3d,7,1,195,0.5654571652412415,-1.894222378730774,0.012670298191792235,true
ddbaa3d,7,1,196,0.9435822367668152,-2.061518669128418,0.014010406049757928,true
ddbaa3d,7,1,197,0.2603071331977844,-1.3272974491119385,0.03478952987122956,true
ddbaa3d,7,1,198,0.3187848925590515,1.0041019916534424,0.043859673980984316,true
ddbaa3d,7,1,199,0.6384841799736023,-1.7504010200500488,0.025322376581487636,false
ddbaa3d,7,1,200,0.21580326557159424,-2.1750223636627197,0.09250290975639801,false
ddbaa3d,7,1,201,0.6141481995582581,-2.057338237762451,0.015539537653329674,true
ddbaa3d,7,1,202,0.9406111240386963,-1.4085395336151123,0.004742324408542107,true
ddbaa3d,7,1,203,0.45352891087532043,1.5873980522155762,0.0011772418277598,true
ddbaa3d,7,1,204,1.250706434249878,0.5489022731781006,0.024621568509103305,true
ddbaa3d,7,1,205,1.2100063562393188,1.0901802778244019,0.03931359171367774,true
ddbaa3d,7,1,206,1.3147393465042114,-1.1904640197753906,0.031438953581942895,true
ddbaa3d,7,1,207,0.32967084646224976,0.8484176993370056,0.015918289441306653,true
ddbaa3d,7,1,208,0.14543822407722473,-1.996417760848999,0.06315033287248184,true
ddbaa3d,7,1,209,1.2268682718276978,-2.19453763961792,0.017047043146444854,true
ddbaa3d,7,1,210,0.6546176075935364,-1.6383832693099976,0.010059724767522187,false
ddbaa3d,7,1,211,0.5108401775360107,1.5617693662643433,0.041356465352682864,false
ddbaa3d,7,1,212,1.3596440553665161,-2.0597805976867676,0.014808814959000997,true
ddbaa3d,7,1,213,0.19895583391189575,-0.4325123727321625,0.14503110090849855,true
ddbaa3d,7,1,214,0.3327426016330719,1.1533727645874023,0.14133280829922895,false
ddbaa3d,7,1,215,0.4936787486076355,0.8492462038993835,0.0389502733456041,true
ddbaa3d,7,1,216,3.4974145889282227,-1.9304648637771606,0.01798454945116373,true
ddbaa3d,7,1,217,1.3468722105026245,0.9986141324043274,0.025155057033382566,true
ddbaa3d,7,1,218,0.25460532307624817,1.5330907106399536,0.06029107779730092,false
ddbaa3d,7,1,219,0.19472052156925201,1.054657220840454,0.07024978643537277,true
ddbaa3d,7,1,220,1.6073890924453735,-1.922242283821106,0.008224747746492317,true
ddbaa3d,7,1,221,0.17022597789764404,-1.3788639307022095,0.07107385764402199,true
ddbaa3d,7,1,222,0.7928838133811951,1.21226167678833,0.03865690361644226,false
ddbaa3d,7,1,223,2.7974116802215576,2.3379831314086914,0.016349701370769004,true
ddbaa3d,7,1,224,0.31055739521980286,1.2798147201538086,0.022023209163465708,false
ddbaa3d,7,1,225,0.1859108805656433,-0.14093437790870667,0.10981707430459173,true
ddbaa3d,7,1,226,0.6887806057929993,1.274634599685669,0.0055439889342349625,true
ddbaa3d,7,1,227,0.19737255573272705,-1.519384503364563,0.034622047608355716,true
ddbaa3d,7,1,228,0.8016707897186279,-1.8426785469055176,0.026361506364702414,true
ddbaa3d,7,1,229,0.11259569972753525,-2.0997891426086426,0.05564884347154997,false
ddbaa3d,7,1,230,0.045472174882888794,-1.7944234609603882,0.38211703684575826,false
ddbaa3d,7,1,231,1.6750723123550415,0.6176769137382507,0.029662939164966082,true
ddbaa3d,7,1,232,1.343133807182312,1.6554456949234009,0.011460647840383392,true
ddbaa3d,7,1,233,0.3940705955028534,2.2087795734405518,0.049288062904910945,true
ddbaa3d,7,1,234,0.017135433852672577,1.0676765441894531,0.17418249231807412,true
ddbaa3d,7,1,235,0.3446778953075409,1.0083032846450806,0.04997432119279881,true
ddbaa3d,7,1,236,0.06242689862847328,-1.4549254179000854,0.04696482215554466,true
ddbaa3d,7,1,237,0.16738349199295044,2.1888017654418945,0.0821443926492462,true
ddbaa3d,7,1,238,0.9656379818916321,1.2836004495620728,0.006155060818450196,true
ddbaa3d,7,1,239,1.373345136642456,-1.8776072263717651,0.01649993432333483,true
ddbaa3d,7,1,240,0.5887179970741272,-1.9237060546875,0.01643805439762423,true
ddbaa3d,7,1,241,0.243876114487648,-2.1676573753356934,0.004737179507350768,true
ddbaa3d,7,1,242,0.22453421354293823,0.7864258885383606,0.09588601645209167,true
ddbaa3d,7,1,243,0.2696095407009125,-2.1520779132843018,0.046273794864255556,true
ddbaa3d,7,1,244,1.164494514465332,0.8235265016555786,0.03201995347181672,true
ddbaa3d,7,1,245,0.4431239664554596,-1.7196491956710815,0.01996329404585032,true
ddbaa3d,7,1,246,0.3245813250541687,1.0461674928665161,0.07870611158131993,false
ddbaa3d,7,1,247,0.23285607993602753,-2.5546302795410156,0.0032299926297651833,true
ddbaa3d,7,1,248,0.027875468134880066,1.3901121616363525,0.10120708738108004,true
ddbaa3d,7,1,249,0.6651185154914856,-1.8791556358337402,0.02121551175091096,true
ddbaa3d,7,1,250,0.15534847974777222,0.855259358882904,0.14733848364453261,false
ddbaa3d,7,1,251,0.7229176163673401,-0.9929466247558594,0.026593212025844814,true
ddbaa3d,7,1,252,0.15413963794708252,-2.6710193157196045,0.05050251115704588,true
ddbaa3d,7,1,253,0.7293003797531128,0.7300149202346802,0.009407526676190764,true
ddbaa3d,7,1,254,0.5391046404838562,1.3277791738510132,0.029998821820573986,false
ddbaa3d,7,1,255,0.4796246886253357,-1.9566093683242798,0.03655661879485264,false
ddbaa3d,7,1,256,0.27027106285095215,-2.782207489013672,0.08622972469762236,true
ddbaa3d,7,2,1,2.6028873920440674,1.0458409786224365,0.006361368671844808,true
ddbaa3d,7,2,2,0.22157058119773865,1.2756259441375732,0.016830378009126155,true
ddbaa3d,7,2,3,1.6142228841781616,-1.8512015342712402,0.006833330488595336,true
ddbaa3d,7,2,4,1.3350534439086914,2.156602382659912,0.1178658440215586,true
ddbaa3d,7,2,5,1.0547269582748413,-1.9120529890060425,0.0012189121000255887,true
ddbaa3d,7,2,6,14.154041290283203,-2.3508787155151367,0.03340504862080796,true
ddbaa3d,7,2,7,0.5815076231956482,-1.4980454444885254,0.011803102455402422,true
ddbaa3d,7,2,8,1.4873685836791992,-2.1052470207214355,0.006596708274585011,true
ddbaa3d,7,2,9,1.8140497207641602,-1.307953119277954,0.004937739003474455,true
ddbaa3d,7,2,10,3.539149761199951,1.365492582321167,0.010511509659956333,true
ddbaa3d,7,2,11,2.366131544113159,1.6124919652938843,0.014717917051875326,true
ddbaa3d,7,2,12,0.6681305170059204,-1.5258049964904785,0.045550929155697424,true
ddbaa3d,7,2,13,6.835824489593506,-0.8101381063461304,0.003818767191271926,true
ddbaa3d,7,2,14,1.755272388458252,-2.118661403656006,0.021854026156232165,true
ddbaa3d,7,2,15,2.8462486267089844,-1.5971845388412476,0.004170782386389147,false
ddbaa3d,7,2,16,3.0102968215942383,-2.158210277557373,0.0064162256159859335,true
ddbaa3d,7,2,17,0.5770411491394043,1.341139793395996,0.015456888088329231,true
ddbaa3d,7,2,18,1.083107829093933,-1.4744502305984497,0.024578836120825023,true
ddbaa3d,7,2,19,0.2804255485534668,-1.5193133354187012,0.008843187371672518,true
ddbaa3d,7,2,20,4.56431770324707,-0.32357192039489746,0.002241699821292536,true
ddbaa3d,7,2,21,3.901855945587158,2.444793701171875,0.001145800704810465,true
ddbaa3d,7,2,22,2.770991086959839,1.3390957117080688,0.004911273974114938,true
ddbaa3d,7,2,23,3.1144087314605713,1.345386028289795,0.015000006076426169,true
ddbaa3d,7,2,24,0.03064705990254879,-2.8941686153411865,0.42340873667420004,false
ddbaa3d,7,2,25,8.321595191955566,-1.9775367975234985,0.01180266353754516,true
ddbaa3d,7,2,26,0.4542049765586853,1.4246492385864258,0.018275311602109892,true
ddbaa3d,7,2,27,1.5038259029388428,-1.7665934562683105,0.007504265901657122,true
ddbaa3d,7,2,28,1.8480485677719116,-1.2913422584533691,0.00025650903416606167,true
ddbaa3d,7,2,29,2.9012160301208496,-1.9789795875549316,0.0060541366128362365,true
ddbaa3d,7,2,30,2.478424549102783,-2.483320474624634,0.005625553872911958,true
ddbaa3d,7,2,31,0.38850483298301697,1.8122600317001343,0.00534344474334613,true
ddbaa3d,7,2,32,3.6453137397766113,1.5392804145812988,0.014197387232485656,false
ddbaa3d,7,2,33,1.9563907384872437,-1.7177618741989136,0.011126408853421662,false
ddbaa3d,7,2,34,0.35656657814979553,-1.0566326379776,0.09300655679115749,true
ddbaa3d,7,2,35,1.7550263404846191,-0.5921235084533691,0.036723195021840446,true
ddbaa3d,7,2,36,0.7292429208755493,-1.8116295337677002,0.008270268166699443,true
ddbaa3d,7,2,37,0.8287802934646606,-1.5454894304275513,0.01711108028903474,true
ddbaa3d,7,2,38,0.30027416348457336,-2.1068992614746094,0.01759909144720838,true
ddbaa3d,7,2,39,1.4130388498306274,-1.0738263130187988,0.02184471393256753,true
ddbaa3d,7,2,40,0.9372556209564209,1.499391794204712,0.009070971829700583,true
ddbaa3d,7,2,41,7.694367408752441,-1.8000257015228271,0.012779778116772798,true
ddbaa3d,7,2,42,1.0067957639694214,-1.681222677230835,0.007115665570239705,true
ddbaa3d,7,2,43,1.002887487411499,1.3864154815673828,0.021967182490909717,false
ddbaa3d,7,2,44,0.6403041481971741,1.5179963111877441,0.025338296988202304,true
ddbaa3d,7,2,45,0.5063145160675049,1.7459163665771484,0.04738799080304214,true
ddbaa3d,7,2,46,1.65300714969635,1.3503267765045166,0.003071199536124261,true
ddbaa3d,7,2,47,0.7709365487098694,1.4535057544708252,0.009061552872086332,true
ddbaa3d,7,2,48,4.507848739624023,-1.6424579620361328,0.003634206671390418,false
ddbaa3d,7,2,49,1.8535335063934326,1.8531666994094849,0.005495685663230937,true
ddbaa3d,7,2,50,1.5623500347137451,1.8099786043167114,0.019250529883697028,true
ddbaa3d,7,2,51,1.442367672920227,1.9051765203475952,0.006446949954035127,true
ddbaa3d,7,2,52,0.925166130065918,-1.951850175857544,0.006468643528175243,true
ddbaa3d,7,2,53,3.3763914108276367,-2.447150707244873,0.030726090274892436,true
ddbaa3d,7,2,54,1.2866690158843994,-1.59006929397583,0.004116308578712546,false
ddbaa3d,7,2,55,0.3832795023918152,-1.3547837734222412,0.00564678645960578,true
ddbaa3d,7,2,56,1.701291561126709,1.1320178508758545,0.00031719798267249033,true
ddbaa3d,7,2,57,0.267301082611084,1.7062203884124756,0.06932745528666306,true
ddbaa3d,7,2,58,0.7743452787399292,1.7238428592681885,0.03127801140958474,true
ddbaa3d,7,2,59,5.486371040344238,2.215421199798584,0.0054548508402839134,true
ddbaa3d,7,2,60,0.7602773904800415,1.1705788373947144,0.011400266304193586,true
ddbaa3d,7,2,61,1.8107919692993164,-2.284024953842163,0.02363412370184537,true
ddbaa3d,7,2,62,2.073310375213623,-1.9482156038284302,0.021942198632512483,true
ddbaa3d,7,2,63,1.045186161994934,-1.701237440109253,0.0033848147265854492,true
ddbaa3d,7,2,64,4.522562503814697,1.2920920848846436,0.00800032205173472,true
ddbaa3d,8,1,1,1.4264458417892456,-1.1709071397781372,0.022472671287856027,true
ddbaa3d,8,1,2,0.08216556906700134,1.3471403121948242,0.268511660601541,false
ddbaa3d,8,1,3,0.5569472908973694,-1.979262113571167,0.01900377513972833,true
ddbaa3d,8,1,4,0.021241432055830956,2.6624062061309814,0.46494561030706405,true
ddbaa3d,8,1,5,0.6367388963699341,-1.346676230430603,0.005268018731630356,true
ddbaa3d,8,1,6,0.21188567578792572,-2.0482664108276367,0.005728912209559794,true
ddbaa3d,8,1,7,0.9888187050819397,-1.352826714515686,0.04149486878093989,true
ddbaa3d,8,1,8,0.3570786714553833,1.5191624164581299,0.007042144464641201,false
ddbaa3d,8,1,9,0.032342102378606796,0.6786127090454102,0.6820668534412407,false
ddbaa3d,8,1,10,0.0753319039940834,-2.029435157775879,0.18382617798634085,false
ddbaa3d,8,1,11,0.2903113067150116,1.1617696285247803,0.0010500408449083591,true
ddbaa3d,8,1,12,0.07350390404462814,1.0232362747192383,0.040047721221582996,true
ddbaa3d,8,1,13,0.4321098029613495,-2.1918671131134033,0.006596033555026039,true
ddbaa3d,8,1,14,0.21248191595077515,-1.4968386888504028,0.021329021008568372,true
ddbaa3d,8,1,15,0.36989694833755493,-1.3642030954360962,0.009896678765013477,true
ddbaa3d,8,1,16,0.04065382108092308,1.3421722650527954,0.2313254271745793,true
ddbaa3d,8,1,17,0.029529299587011337,0.8000620007514954,0.39513245153002297,false
ddbaa3d,8,1,18,0.4989030957221985,-1.71449613571167,0.03410787504607116,false
ddbaa3d,8,1,19,0.5449190735816956,-1.847511649131775,0.008257752830957452,true
ddbaa3d,8,1,20,0.32467544078826904,-1.9465948343276978,0.06070055556575457,false
ddbaa3d,8,1,21,1.1288353204727173,-1.3756073713302612,0.012632057375965443,true
ddbaa3d,8,1,22,0.2987440228462219,1.6822105646133423,0.044251046294432286,true
ddbaa3d,8,1,23,0.7834393978118896,0.9108273386955261,0.0009844373018001768,true
ddbaa3d,8,1,24,0.09503593295812607,-1.4698925018310547,0.038436841926393045,true
ddbaa3d,8,1,25,0.9322142601013184,-2.2278518676757812,0.004544224178003013,true
ddbaa3d,8,1,26,1.5582935810089111,-1.8684101104736328,0.006396042954191712,true
ddbaa3d,8,1,27,0.004666002467274666,-3.085634708404541,2.837323021858724,false
ddbaa3d,8,1,28,0.8721709251403809,-1.9074552059173584,0.0007655577673098082,true
ddbaa3d,8,1,29,0.16783878207206726,1.2109692096710205,0.002576418987110544,true
ddbaa3d,8,1,30,0.3013375997543335,-1.8043198585510254,0.026732873368692102,true
ddbaa3d,8,1,31,0.7623298168182373,-1.64298415184021,0.013738221349841108,false
ddbaa3d,8,1,32,0.2792612314224243,-1.3741661310195923,0.034855929308426105,true
ddbaa3d,8,1,33,0.7187577486038208,-1.7915328741073608,0.0029887983114797764,true
ddbaa3d,8,1,34,0.3284217119216919,1.1273235082626343,0.004295565804127657,true
ddbaa3d,8,1,35,0.49155357480049133,1.3960157632827759,0.008400754622903477,true
ddbaa3d,8,1,36,1.0385682582855225,1.495652198791504,0.0024001360597514366,false
ddbaa3d,8,1,37,0.1544226109981537,1.596077799797058,0.07167404772459585,true
ddbaa3d,8,1,38,0.1298694610595703,1.6048409938812256,0.08747093647652338,true
ddbaa3d,8,1,39,0.6467743515968323,-1.7840782403945923,0.017237314630083125,false
ddbaa3d,8,1,40,0.07151705771684647,-1.8450208902359009,0.1674711634937368,false
ddbaa3d,8,1,41,0.6198198795318604,2.278024196624756,0.01670485327370752,true
ddbaa3d,8,1,42,0.34848469495773315,1.1789209842681885,0.03949914110381704,true
ddbaa3d,8,1,43,1.3648656606674194,-1.51203191280365,0.008602862643057586,true
ddbaa3d,8,1,44,0.38281014561653137,-1.3046025037765503,0.05839477661190051,true
ddbaa3d,8,1,45,0.4408833980560303,-1.7934774160385132,0.008488413957374246,true
ddbaa3d,8,1,46,0.09732002019882202,2.8430254459381104,0.1129558350313794,true
ddbaa3d,8,1,47,0.12459477037191391,-1.1723809242248535,0.20427912696818545,true
ddbaa3d,8,1,48,0.9692896604537964,-1.1186922788619995,0.01741155575316711,true
ddbaa3d,8,1,49,1.2705986499786377,-1.114007830619812,0.0002855928520827028,true
ddbaa3d,8,1,50,0.6439006924629211,-1.7588008642196655,0.01005517340498966,true
ddbaa3d,8,1,51,1.1745569705963135,1.6018671989440918,0.013441243695509687,true
ddbaa3d,8,1,52,0.32371094822883606,-1.9884312152862549,0.004136612558146857,true
ddbaa3d,8,1,53,0.6356469392776489,1.8433703184127808,0.022072829310098116,true
ddbaa3d,8,1,54,1.6732606887817383,2.6395885944366455,0.02292995985132294,true
ddbaa3d,8,1,55,0.18624576926231384,-1.9017069339752197,0.0712899096165038,false
ddbaa3d,8,1,56,0.21191023290157318,1.1599838733673096,0.03822780728996548,true
ddbaa3d,8,1,57,1.324717402458191,0.6967437267303467,0.0003786547761716836,true
ddbaa3d,8,1,58,0.007034160662442446,-2.6413681507110596,0.36477174743781254,true
ddbaa3d,8,1,59,1.100325107574463,0.9360460638999939,0.003178601118342991,true
ddbaa3d,8,1,60,0.4242061376571655,1.313755989074707,0.01103823462504837,true
ddbaa3d,8,1,61,0.5347643494606018,1.9976180791854858,0.017756606505765753,true
ddbaa3d,8,1,62,0.2500263750553131,-2.352802038192749,0.0781144939271062,true
ddbaa3d,8,1,63,0.8901657462120056,1.5011491775512695,0.0211845558235182,false
ddbaa3d,8,1,64,0.06706316024065018,-1.1432580947875977,0.07676422873293327,true
ddbaa3d,8,1,65,0.3412913978099823,0.8862916827201843,0.012671714778735538,true
ddbaa3d,8,1,66,0.4268873333930969,-1.689324140548706,0.023631939263731642,true
ddbaa3d,8,1,67,1.0906555652618408,1.1849865913391113,0.010686657893655341,true
ddbaa3d,8,1,68,0.09474726021289825,1.9208346605300903,0.10767274130002591,true
ddbaa3d,8,1,69,0.01721850596368313,1.5270339250564575,1.1826582642037664,true
ddbaa3d,8,1,70,0.5311123132705688,1.1880947351455688,0.02029091261506258,true
ddbaa3d,8,1,71,0.45401060581207275,-2.417048692703247,0.009764270613732327,true
ddbaa3d,8,1,72,0.11163816601037979,-1.483693242073059,0.14749206827817818,true
ddbaa3d,8,1,73,0.17164906859397888,1.7574979066848755,0.10787198153270365,true
ddbaa3d,8,1,74,0.8636582493782043,0.9962876439094543,0.003837626475341484,true
ddbaa3d,8,1,75,0.14014872908592224,-1.9696608781814575,0.02930776780175949,true
ddbaa3d,8,1,76,0.3541656732559204,-1.0772058963775635,0.04526762125806601,true
ddbaa3d,8,1,77,0.09828604757785797,1.038953423500061,0.47008076272028004,true
ddbaa3d,8,1,78,0.6127719879150391,1.6627751588821411,0.006043035024655157,true
ddbaa3d,8,1,79,0.4303891658782959,-1.724591851234436,0.018247461787807662,true
ddbaa3d,8,1,80,0.23611889779567719,1.5866498947143555,0.09153954414426502,false
ddbaa3d,8,1,81,0.0511263906955719,1.2458182573318481,0.018789558273468,false
ddbaa3d,8,1,82,0.38812920451164246,-1.6877351999282837,0.03179219483232368,false
ddbaa3d,8,1,83,0.3345690071582794,1.1799798011779785,0.008478265254417026,true
ddbaa3d,8,1,84,0.3078215718269348,1.9017318487167358,0.041986973192762976,true
ddbaa3d,8,1,85,0.3780216872692108,1.6295019388198853,0.020375051599208882,true
ddbaa3d,8,1,86,0.7998027205467224,1.2883226871490479,0.019528412549932133,true
ddbaa3d,8,1,87,0.996759295463562,1.5425180196762085,0.0036812112080084934,false
ddbaa3d,8,1,88,0.343693345785141,1.2711713314056396,0.0022885122821524684,true
ddbaa3d,8,1,89,0.46616578102111816,1.8689216375350952,0.03542679888949751,true
ddbaa3d,8,1,90,0.524803638458252,1.6348997354507446,0.04132147396903306,true
ddbaa3d,8,1,91,0.6129447221755981,1.4124343395233154,0.010417648720679504,false
ddbaa3d,8,1,92,0.2986874580383301,-1.0535213947296143,0.035260629858172104,true
ddbaa3d,8,1,93,1.0418639183044434,-2.301711320877075,0.011250575922150514,true
ddbaa3d,8,1,94,0.09394891560077667,-2.3988239765167236,0.07110822618621829,true
ddbaa3d,8,1,95,0.447063684463501,-2.5416924953460693,0.011724511086551214,true
ddbaa3d,8,1,96,1.0318162441253662,-1.494619369506836,0.0041752989709608985,true
ddbaa3d,8,1,97,0.2807152569293976,-1.1431187391281128,0.026294787180835482,true
ddbaa3d,8,1,98,0.2039114385843277,-2.116041660308838,0.05405385766060508,true
ddbaa3d,8,1,99,0.6508639454841614,1.7605695724487305,0.018263343047441385,true
ddbaa3d,8,1,100,0.44886717200279236,2.741835832595825,0.048882927066345325,true
ddbaa3d,8,1,101,0.1278305947780609,-0.45808932185173035,0.09228159461616312,true
ddbaa3d,8,1,102,0.7738037109375,1.2629057168960571,0.010549650900859265,true
ddbaa3d,8,1,103,0.40228718519210815,-1.7506524324417114,0.010790989008941574,true
ddbaa3d,8,1,104,0.6044195294380188,-1.8370434045791626,0.051105445409520674,true
ddbaa3d,8,1,105,1.169758915901184,1.7522437572479248,0.023236416269959315,true
ddbaa3d,8,1,106,0.7405169606208801,-1.4892058372497559,0.008897322575202959,true
ddbaa3d,8,1,107,0.42031848430633545,-2.2158403396606445,0.004977865321548876,true
ddbaa3d,8,1,108,0.7921936511993408,-1.85122549533844,0.003089981014786615,true
ddbaa3d,8,1,109,0.06701942533254623,1.184616208076477,0.004867798516318991,true
ddbaa3d,8,1,110,0.22218215465545654,-1.7584545612335205,0.06324206214699117,false
ddbaa3d,8,1,111,0.4244055449962616,0.4621438682079315,0.006426419245082769,true
ddbaa3d,8,1,112,0.4605054259300232,1.2667548656463623,0.02095183338102943,true
ddbaa3d,8,1,113,0.3878036439418793,-1.785507321357727,0.015481019795457164,false
ddbaa3d,8,1,114,0.20592795312404633,1.4318172931671143,0.03433882603689212,false
ddbaa3d,8,1,115,0.29626160860061646,1.447516679763794,0.035570532417117585,true
ddbaa3d,8,1,116,0.04727395996451378,0.40965142846107483,0.5319047499343381,true
ddbaa3d,8,1,117,0.1254458874464035,-1.132362961769104,0.04763540025569782,true
ddbaa3d,8,1,118,1.1348659992218018,-1.635903239250183,0.0070003351384556175,false
ddbaa3d,8,1,119,0.8124518990516663,-2.747614622116089,0.01496956227828969,true
ddbaa3d,8,1,120,0.19118383526802063,-2.000405788421631,0.02943169954240526,true
ddbaa3d,8,1,121,0.6313868165016174,1.1723867654800415,0.004937273937891305,true
ddbaa3d,8,1,122,0.33084866404533386,-2.6151723861694336,0.011626952708563277,true
ddbaa3d,8,1,123,0.3888155221939087,1.0136160850524902,0.0023786242786753885,true
ddbaa3d,8,1,124,0.07666945457458496,1.0219199657440186,0.15005426173909664,true
ddbaa3d,8,1,125,0.25800400972366333,-2.1292061805725098,0.004721955872918403,true
ddbaa3d,8,1,126,0.09757370501756668,1.6557958126068115,0.14027999206788025,false
ddbaa3d,8,1,127,0.2929057776927948,1.2001943588256836,0.0047203975499494465,true
ddbaa3d,8,1,128,2.600243091583252,0.21114005148410797,0.009532728372184288,true
ddbaa3d,8,1,129,0.9010761380195618,1.5446960926055908,0.009117471894749605,false
ddbaa3d,8,1,130,0.19928114116191864,-2.0379722118377686,0.08118387918643176,false
ddbaa3d,8,1,131,0.2530888020992279,-2.1258678436279297,0.03560668867418073,true
ddbaa3d,8,1,132,0.47974008321762085,1.4600354433059692,0.027235729393294796,false
ddbaa3d,8,1,133,0.4496917426586151,2.0206542015075684,0.013315786040579751,true
ddbaa3d,8,1,134,0.5425819754600525,-1.8874092102050781,0.0046921859474580675,true
ddbaa3d,8,1,135,0.3759234547615051,-2.4729156494140625,0.03113101417975633,true
ddbaa3d,8,1,136,0.7166797518730164,1.063765287399292,0.004149231413524956,true
ddbaa3d,8,1,137,0.7064424157142639,2.2027132511138916,0.026309498552877005,true
ddbaa3d,8,1,138,0.6892750263214111,-1.1595561504364014,0.04292521419276666,true
ddbaa3d,8,1,139,0.10335352271795273,1.2747982740402222,0.05734729443568371,true
ddbaa3d,8,1,140,0.11341574043035507,1.4293922185897827,0.08130948510560389,false
ddbaa3d,8,1,141,0.5779522657394409,1.1922303438186646,0.039992721548033655,true
ddbaa3d,8,1,142,0.5188001394271851,-1.7030667066574097,0.019566030077819197,false
ddbaa3d,8,1,143,0.2151324301958084,-0.9091444611549377,0.1006235639188039,true
ddbaa3d,8,1,144,0.14582718908786774,1.5747201442718506,0.014085342366985184,true
ddbaa3d,8,1,145,0.4797936677932739,-1.5751999616622925,0.005253006220059079,false
ddbaa3d,8,1,146,0.5698286294937134,-1.0272066593170166,0.018371549330668657,true
ddbaa3d,8,1,147,0.1442704200744629,1.0191339254379272,0.07157380675376872,true
ddbaa3d,8,1,148,0.2729760706424713,-1.856600284576416,0.017986049980364772,true
ddbaa3d,8,1,149,0.031024005264043808,-1.8231786489486694,0.029955832880940707,false
ddbaa3d,8,1,150,0.35238412022590637,-2.0130887031555176,0.19118524880943913,false
ddbaa3d,8,1,151,0.813814640045166,1.57766592502594,0.024617079272604973,true
ddbaa3d,8,1,152,0.5176383256912231,0.5228220224380493,0.008946915700964819,true
ddbaa3d,8,1,153,0.4152231216430664,1.234508752822876,0.012485754159891178,true
ddbaa3d,8,1,154,0.21740679442882538,-2.363555431365967,0.03517295164957348,true
ddbaa3d,8,1,155,0.8017073273658752,1.3626244068145752,0.0017618064369305428,true
ddbaa3d,8,1,156,0.3281515836715698,-2.4709219932556152,0.018194487141878896,true
ddbaa3d,8,1,157,0.06471975892782211,2.0245275497436523,0.1490888229477816,true
ddbaa3d,8,1,158,0.5875998139381409,-1.4671125411987305,0.03894847396946874,true
ddbaa3d,8,1,159,0.08195897191762924,0.6422889232635498,0.011538307183627935,true
ddbaa3d,8,1,160,0.22483694553375244,-1.8742115497589111,0.09950408925919466,true
ddbaa3d,8,1,161,0.3601892590522766,-2.1824498176574707,0.016645605617053062,true
ddbaa3d,8,1,162,0.07040953636169434,-1.5757790803909302,0.15406984957368133,true
ddbaa3d,8,1,163,0.1196100115776062,1.3184704780578613,0.3218255583854872,false
ddbaa3d,8,1,164,0.1459876149892807,1.9020906686782837,0.06423426975002611,true
ddbaa3d,8,1,165,0.14784744381904602,1.3398692607879639,0.06402978913056143,true
ddbaa3d,8,1,166,0.13894273340702057,1.3337295055389404,0.00478945197590937,true
ddbaa3d,8,1,167,0.6076170206069946,-1.9732106924057007,0.01654318690957397,true
ddbaa3d,8,1,168,0.4561792016029358,1.8248324394226074,0.041378384484995395,true
ddbaa3d,8,1,169,0.3515976369380951,-1.9377150535583496,0.0007741324101088614,true
ddbaa3d,8,1,170,0.24978403747081757,-1.816414713859558,0.005249897533055936,true
ddbaa3d,8,1,171,0.3541882038116455,0.7541799545288086,0.012141571909458505,true
ddbaa3d,8,1,172,0.7066149711608887,1.4493180513381958,0.017954414315372577,false
ddbaa3d,8,1,173,0.16909800469875336,1.6343598365783691,0.055337631824180084,true
ddbaa3d,8,1,174,0.14935901761054993,-2.444283962249756,0.011690812789063577,true
ddbaa3d,8,1,175,0.35733020305633545,-1.9585603475570679,0.13484431875464345,false
ddbaa3d,8,1,176,0.5627886056900024,1.6609892845153809,0.004365298477122389,true
ddbaa3d,8,1,177,0.36661601066589355,-1.9702783823013306,0.05943545254142716,true
ddbaa3d,8,1,178,0.16659392416477203,-1.9091662168502808,0.019400295106972505,true
ddbaa3d,8,1,179,0.5199965238571167,-2.4618263244628906,0.06465203578732645,true
ddbaa3d,8,1,180,0.9510563015937805,-1.5574960708618164,0.003952088481711388,true
ddbaa3d,8,1,181,0.1553584784269333,2.4951119422912598,0.2350410721114498,true
ddbaa3d,8,1,182,0.3164936900138855,1.659592866897583,0.10367842615364595,true
ddbaa3d,8,1,183,0.6833103895187378,-1.8151997327804565,0.010209479734510835,true
ddbaa3d,8,1,184,0.3090475797653198,-1.470231533050537,0.055195752067808454,true
ddbaa3d,8,1,185,0.8364915251731873,1.3411091566085815,0.015267523266176662,true
ddbaa3d,8,1,186,0.4480126202106476,-1.6542887687683105,0.024580373668021724,false
ddbaa3d,8,1,187,0.5547205209732056,-2.0404744148254395,0.005031082609900259,true
ddbaa3d,8,1,188,0.15591613948345184,-2.5123844146728516,0.01605554277284867,true
ddbaa3d,8,1,189,1.7474082708358765,-1.7024734020233154,0.016208541130523595,false
ddbaa3d,8,1,190,1.1193735599517822,2.101402759552002,0.003182313051371962,true
ddbaa3d,8,1,191,0.5492765307426453,1.435767412185669,0.006626598738694247,true
ddbaa3d,8,1,192,0.8052791953086853,-1.6639740467071533,0.007223927785364147,false
ddbaa3d,8,1,193,0.7138084173202515,-1.659028172492981,0.016202439281719893,false
ddbaa3d,8,1,194,0.17260855436325073,2.0587258338928223,0.13665230752814936,true
ddbaa3d,8,1,195,0.035519205033779144,2.1944162845611572,0.2184307749637269,true
ddbaa3d,8,1,196,0.6265711784362793,-2.2800774574279785,0.011102964512629232,true
ddbaa3d,8,1,197,0.3927806615829468,-1.75801420211792,0.02035255548148447,false
ddbaa3d,8,1,198,0.08370774239301682,-1.9613921642303467,0.0777650568136556,true
ddbaa3d,8,1,199,0.1553400605916977,1.4226361513137817,0.12344298802027301,false
ddbaa3d,8,1,200,0.23764437437057495,-2.2716572284698486,0.008290908002573857,true
ddbaa3d,8,1,201,0.48400768637657166,-1.9724094867706299,0.00846935821132996,true
ddbaa3d,8,1,202,0.08666934072971344,-1.2813694477081299,0.04665388308267775,true
ddbaa3d,8,1,203,0.5812003016471863,-2.0524721145629883,0.0020700279956830754,true
ddbaa3d,8,1,204,0.3804400563240051,1.8970613479614258,0.06529891719445848,true
ddbaa3d,8,1,205,0.08569282293319702,-2.10042667388916,0.20016211369373166,false
ddbaa3d,8,1,206,2.7871155738830566,1.7216978073120117,0.06632956793877849,true
ddbaa3d,8,1,207,4.186652660369873,0.884005069732666,0.025528301556927886,true
ddbaa3d,8,1,208,0.1191527247428894,-1.3913694620132446,0.09461889666646824,true
ddbaa3d,8,1,209,0.18759150803089142,0.8981921076774597,0.07605554206499886,true
ddbaa3d,8,1,210,0.39604446291923523,1.4411780834197998,0.025408485837998766,false
ddbaa3d,8,1,211,0.4433613717556,-1.3675516843795776,0.02453535642118881,true
ddbaa3d,8,1,212,0.03563038259744644,1.8303682804107666,0.017547947764002935,true
ddbaa3d,8,1,213,0.4888033866882324,0.28392279148101807,0.018933454795653087,true
ddbaa3d,8,1,214,0.835394024848938,-1.8037399053573608,0.020019123709847025,true
ddbaa3d,8,1,215,0.06337688118219376,-2.5056471824645996,0.15562535642695927,true
ddbaa3d,8,1,216,0.02204657718539238,2.3976123332977295,2.1162116178499017,false
ddbaa3d,8,1,217,0.4681597054004669,1.0336350202560425,0.014428627909533445,true
ddbaa3d,8,1,218,1.0110063552856445,-2.0038509368896484,0.009018031920356433,true
ddbaa3d,8,1,219,0.7033148407936096,-1.501758337020874,0.019424159764281444,true
ddbaa3d,8,1,220,0.019222533330321312,-1.8916655778884888,1.030194227355589,true
ddbaa3d,8,1,221,1.629921555519104,1.806061029434204,0.006494530567244845,true
ddbaa3d,8,1,222,1.401363730430603,-1.5832024812698364,0.011927931168506701,false
ddbaa3d,8,1,223,0.21728450059890747,-1.2516019344329834,0.1421939468578321,true
ddbaa3d,8,1,224,0.687946617603302,-2.0200867652893066,0.0035492198230670374,true
ddbaa3d,8,1,225,0.6085370182991028,-1.9647799730300903,0.2387730927012798,false
ddbaa3d,8,1,226,0.3452247381210327,-1.4891761541366577,0.06387951038603845,true
ddbaa3d,8,1,227,0.16620779037475586,-2.0493674278259277,0.06403914854524147,true
ddbaa3d,8,1,228,0.1457153707742691,-2.07621169090271,0.18082667513260584,true
ddbaa3d,8,1,229,0.8370603322982788,1.9379342794418335,0.017710064259429708,true
ddbaa3d,8,1,230,0.1235991045832634,-1.726643681526184,0.04306100580793843,true
ddbaa3d,8,1,231,0.12175124138593674,-2.001216411590576,0.001353278222037277,true
ddbaa3d,8,1,232,0.4266190826892853,1.4796192646026611,0.04893964608076823,true
ddbaa3d,8,1,233,0.9698168635368347,-1.9317047595977783,0.04213729425062414,true
ddbaa3d,8,1,234,0.23796480894088745,1.0226432085037231,0.0027547664467397572,true
ddbaa3d,8,1,235,0.42141711711883545,1.9441925287246704,0.0018767831042069353,true
ddbaa3d,8,1,236,0.0800585076212883,-2.190977096557617,0.05961638845590772,true
ddbaa3d,8,1,237,0.25106731057167053,-1.4970955848693848,0.019645003644760867,true
ddbaa3d,8,1,238,2.2054357528686523,-1.5848231315612793,0.011795541694035244,false
ddbaa3d,8,1,239,0.6483713984489441,1.833892822265625,0.0024915985223711596,true
ddbaa3d,8,1,240,0.9786660075187683,1.6630264520645142,0.035216273954825454,true
ddbaa3d,8,1,241,0.08492022752761841,1.4919345378875732,0.09303062871782274,false
ddbaa3d,8,1,242,1.2676291465759277,-1.335770606994629,0.015904732716743197,true
ddbaa3d,8,1,243,0.24236053228378296,-2.0357208251953125,0.02005550495126207,true
ddbaa3d,8,1,244,0.10047730803489685,1.685707926750183,0.13571031117388643,false
ddbaa3d,8,1,245,0.47903794050216675,-1.9866582155227661,0.008588297334066781,true
ddbaa3d,8,1,246,0.33527520298957825,-2.2850136756896973,0.07044751078869639,true
ddbaa3d,8,1,247,0.13472773134708405,0.6328517198562622,0.06374086496321099,true
ddbaa3d,8,1,248,0.5334509611129761,2.3544793128967285,0.08202315364484344,true
ddbaa3d,8,1,249,0.5879950523376465,2.0271964073181152,0.09762733124039526,true
ddbaa3d,8,1,250,0.22109843790531158,-1.3928152322769165,0.08210380474286216,true
ddbaa3d,8,1,251,0.7742342948913574,1.3996515274047852,0.0009739483084062691,true
ddbaa3d,8,1,252,0.4192157983779907,1.2633860111236572,0.06401668341088375,false
ddbaa3d,8,1,253,0.19306151568889618,-2.121380090713501,0.07095212740462263,true
ddbaa3d,8,1,254,0.11078736931085587,1.1411734819412231,0.0194118494819205,true
ddbaa3d,8,1,255,0.36670246720314026,1.629572868347168,0.03957889863889556,true
ddbaa3d,8,1,256,0.0946422815322876,-1.001322865486145,0.10028783707868706,true
ddbaa3d,8,2,1,1.6673699617385864,-1.840459942817688,0.004731026290433064,true
ddbaa3d,8,2,2,1.1339964866638184,-1.6739540100097656,0.0019350717405093763,true
ddbaa3d,8,2,3,1.963416337966919,-1.8456439971923828,0.0017086994462163175,true
ddbaa3d,8,2,4,3.3009519577026367,-0.971211314201355,0.004654740667809976,true
ddbaa3d,8,2,5,1.1238009929656982,-1.6640509366989136,0.004767500107535425,true
ddbaa3d,8,2,6,10.640308380126953,2.3578169345855713,0.03286633700726313,true
ddbaa3d,8,2,7,2.083495616912842,1.8289629220962524,0.010577301486506064,true
ddbaa3d,8,2,8,0.23880954086780548,1.5330747365951538,0.0029190446129836968,false
ddbaa3d,8,2,9,2.1250860691070557,-1.4375144243240356,0.006806455979699677,true
ddbaa3d,8,2,10,1.5974555015563965,1.8065625429153442,0.017444870744053848,true
ddbaa3d,8,2,11,1.5423752069473267,-2.137631893157959,0.025971861838818937,true
ddbaa3d,8,2,12,0.9799318909645081,1.1359504461288452,0.0016613828953967965,true
ddbaa3d,8,2,13,8.377789497375488,0.5521032214164734,0.005801400547272324,true
ddbaa3d,8,2,14,3.097372055053711,-1.3847661018371582,0.008586970232816989,true
ddbaa3d,8,2,15,0.7313030958175659,1.1997390985488892,0.007560603971276111,true
ddbaa3d,8,2,16,2.182511806488037,-1.5865999460220337,0.018462148674509113,false
ddbaa3d,8,2,17,1.285662055015564,-1.9645503759384155,0.00039547344239036655,true
ddbaa3d,8,2,18,0.9520189762115479,1.5189305543899536,0.004696607703227127,false
ddbaa3d,8,2,19,0.734912633895874,1.584721565246582,0.011760952165195378,true
ddbaa3d,8,2,20,3.7693779468536377,-3.112799644470215,0.005241033997838192,true
ddbaa3d,8,2,21,1.1927450895309448,1.617051124572754,0.024448630404305803,true
ddbaa3d,8,2,22,1.0416607856750488,-1.4502017498016357,0.004521728801617151,true
ddbaa3d,8,2,23,1.3173779249191284,-2.0051121711730957,0.02823329001434897,true
ddbaa3d,8,2,24,1.191789150238037,-1.5531413555145264,0.00979128857032772,true
ddbaa3d,8,2,25,0.16706323623657227,0.2917906641960144,0.11714237861310035,true
ddbaa3d,8,2,26,0.19908259809017181,1.413103461265564,0.0025939007368111886,true
ddbaa3d,8,2,27,1.5334495306015015,-1.831060767173767,0.005349640702570458,true
ddbaa3d,8,2,28,0.45796847343444824,1.0219982862472534,0.029994777483016714,true
ddbaa3d,8,2,29,2.8226239681243896,0.7467669248580933,0.0004202831289763368,true
ddbaa3d,8,2,30,4.301097393035889,1.9644381999969482,0.0037648095341436386,true
ddbaa3d,8,2,31,2.9238343238830566,-1.6609920263290405,0.00570923850445837,false
ddbaa3d,8,2,32,2.763920545578003,-1.9678993225097656,0.014341831077996085,true
ddbaa3d,8,2,33,1.6903817653656006,1.5068124532699585,0.022730602893522193,false
ddbaa3d,8,2,34,0.3143637478351593,-1.8691781759262085,0.06586734451068263,true
ddbaa3d,8,2,35,3.819922685623169,2.0370967388153076,0.005185810474489414,true
ddbaa3d,8,2,36,0.805813193321228,-1.6845849752426147,0.014034163431662375,false
ddbaa3d,8,2,37,0.6218672394752502,1.5231242179870605,0.00036655149459134114,false
ddbaa3d,8,2,38,0.1782626509666443,1.7808107137680054,0.24348963688384623,true
ddbaa3d,8,2,39,2.0011515617370605,-2.028398036956787,0.005901750458215096,true
ddbaa3d,8,2,40,1.1304914951324463,1.1543861627578735,0.009763545264018137,true
ddbaa3d,8,2,41,1.6717950105667114,2.3455049991607666,0.000264597503520831,true
ddbaa3d,8,2,42,0.4635460078716278,1.6759051084518433,0.00016462746549658727,true
ddbaa3d,8,2,43,0.16571426391601562,1.7142162322998047,0.00193807713846753,true
ddbaa3d,8,2,44,1.6658718585968018,-1.2014390230178833,0.01114809102694323,true
ddbaa3d,8,2,45,0.8780105710029602,-2.430793285369873,0.0287287555786187,true
ddbaa3d,8,2,46,0.9895512461662292,-1.4530705213546753,0.007086775173978424,true
ddbaa3d,8,2,47,1.4724993705749512,1.1600877046585083,0.0012599501660936253,true
ddbaa3d,8,2,48,4.071089744567871,-1.6139532327651978,0.004967759096455085,false
ddbaa3d,8,2,49,0.7007173299789429,-1.8690415620803833,0.030468612172452635,true
ddbaa3d,8,2,50,0.3021978437900543,1.7792783975601196,0.006258347446474026,true
ddbaa3d,8,2,51,3.590996026992798,-1.3028564453125,0.01674764563882407,true
ddbaa3d,8,2,52,1.6102100610733032,1.6546374559402466,0.00921955813215565,true
ddbaa3d,8,2,53,1.04740571975708,-2.929710626602173,0.017665422899303413,true
ddbaa3d,8,2,54,1.5504112243652344,-1.583186388015747,0.04501679905383694,true
ddbaa3d,8,2,55,1.8346463441848755,-1.8515269756317139,0.0018513345368157733,true
ddbaa3d,8,2,56,1.9616442918777466,-1.5538432598114014,0.008265960199240798,true
ddbaa3d,8,2,57,1.7728482484817505,-1.9472655057907104,0.009226143316960657,true
ddbaa3d,8,2,58,1.7051215171813965,-1.390495777130127,0.007684716901784698,true
ddbaa3d,8,2,59,6.537014961242676,1.3086451292037964,0.011152122504050954,true
ddbaa3d,8,2,60,2.024245500564575,-1.9382940530776978,0.0011107967813435001,true
ddbaa3d,8,2,61,3.4783732891082764,-1.6472886800765991,0.0073781502420771855,false
ddbaa3d,8,2,62,0.9933773279190063,1.6746360063552856,0.022702074947801243,true
ddbaa3d,8,2,63,2.1042144298553467,-1.9179691076278687,0.009443230130646638,true
ddbaa3d,8,2,64,0.429049015045166,1.6468358039855957,0.046769761718407035,true
