kind,treatment,depth,seed,leaf,idx,grad_norm
local_self,old,1,1,log_neg_lambda,1,0.07667928
local_self,old,1,1,log_neg_lambda,2,0.0139300525
local_self,old,1,1,log_neg_lambda,3,0.0056707375
local_self,old,1,1,log_neg_lambda,4,0.011263699
local_self,old,1,1,log_neg_lambda,5,0.0030718506
local_self,old,1,1,log_neg_lambda,6,0.002780332
local_self,old,1,1,weight,1,4.0321593
local_self,old,1,1,weight,2,0.306041
local_self,old,1,1,weight,3,0.20373967
local_self,old,1,1,weight,4,0.3938607
local_self,old,1,1,weight,5,0.0838968
local_self,old,1,1,weight,6,0.1645461
local_self,old,1,1,scale,1,0.0036463789
local_self,old,2,1,log_neg_lambda,1,1.4426761
local_self,old,2,1,log_neg_lambda,2,0.13358968
local_self,old,2,1,log_neg_lambda,3,0.19356407
local_self,old,2,1,log_neg_lambda,4,0.22516221
local_self,old,2,1,log_neg_lambda,5,0.04595875
local_self,old,2,1,log_neg_lambda,6,0.05631786
local_self,old,2,1,log_neg_lambda,7,0.016549531
local_self,old,2,1,log_neg_lambda,8,0.006737193
local_self,old,2,1,log_neg_lambda,9,0.011675934
local_self,old,2,1,log_neg_lambda,10,0.0027920196
local_self,old,2,1,log_neg_lambda,11,0.0014604229
local_self,old,2,1,weight,1,64.76603
local_self,old,2,1,weight,2,5.5720887
local_self,old,2,1,weight,3,7.5613837
local_self,old,2,1,weight,4,20.530985
local_self,old,2,1,weight,5,1.4284621
local_self,old,2,1,weight,6,1.8287952
local_self,old,2,1,weight,7,0.24698384
local_self,old,2,1,weight,8,0.2182138
local_self,old,2,1,weight,9,0.6116131
local_self,old,2,1,weight,10,0.03232236
local_self,old,2,1,weight,11,0.12625079
local_self,old,2,1,scale,1,0.04869133
local_self,old,2,1,scale,2,0.0013496089
local_self,old,4,1,log_neg_lambda,1,611.71515
local_self,old,4,1,log_neg_lambda,2,83.5282
local_self,old,4,1,log_neg_lambda,3,54.698765
local_self,old,4,1,log_neg_lambda,4,583.8795
local_self,old,4,1,log_neg_lambda,5,15.854228
local_self,old,4,1,log_neg_lambda,6,19.086405
local_self,old,4,1,log_neg_lambda,7,3.1330273
local_self,old,4,1,log_neg_lambda,8,4.430454
local_self,old,4,1,log_neg_lambda,9,4.440905
local_self,old,4,1,log_neg_lambda,10,0.7793095
local_self,old,4,1,log_neg_lambda,11,1.6224456
local_self,old,4,1,log_neg_lambda,12,0.20465247
local_self,old,4,1,log_neg_lambda,13,0.5575935
local_self,old,4,1,log_neg_lambda,14,0.42928463
local_self,old,4,1,log_neg_lambda,15,0.041420124
local_self,old,4,1,log_neg_lambda,16,0.0362462
local_self,old,4,1,log_neg_lambda,17,0.0065286835
local_self,old,4,1,log_neg_lambda,18,0.006858955
local_self,old,4,1,log_neg_lambda,19,0.011011432
local_self,old,4,1,log_neg_lambda,20,0.0028693934
local_self,old,4,1,log_neg_lambda,21,0.0013032422
local_self,old,4,1,weight,1,46984.402
local_self,old,4,1,weight,2,2798.4155
local_self,old,4,1,weight,3,1616.852
local_self,old,4,1,weight,4,10207.929
local_self,old,4,1,weight,5,710.6917
local_self,old,4,1,weight,6,655.28156
local_self,old,4,1,weight,7,244.9402
local_self,old,4,1,weight,8,96.7869
local_self,old,4,1,weight,9,161.89366
local_self,old,4,1,weight,10,17.674505
local_self,old,4,1,weight,11,53.311237
local_self,old,4,1,weight,12,4.997154
local_self,old,4,1,weight,13,6.840885
local_self,old,4,1,weight,14,8.75973
local_self,old,4,1,weight,15,0.71219236
local_self,old,4,1,weight,16,2.6768856
local_self,old,4,1,weight,17,0.23326436
local_self,old,4,1,weight,18,0.86790067
local_self,old,4,1,weight,19,0.25150087
local_self,old,4,1,weight,20,0.026676202
local_self,old,4,1,weight,21,0.07675883
local_self,old,4,1,scale,1,15.101087
local_self,old,4,1,scale,2,0.60977143
local_self,old,4,1,scale,3,0.027754068
local_self,old,4,1,scale,4,0.0011373204
local_self,old,8,1,log_neg_lambda,1,3.9420984e7
local_self,old,8,1,log_neg_lambda,2,1.2235052e7
local_self,old,8,1,log_neg_lambda,3,1.8960216e7
local_self,old,8,1,log_neg_lambda,4,2.4634148e7
local_self,old,8,1,log_neg_lambda,5,2.2778372e6
local_self,old,8,1,log_neg_lambda,6,1.439363e6
local_self,old,8,1,log_neg_lambda,7,527913.3
local_self,old,8,1,log_neg_lambda,8,723285.4
local_self,old,8,1,log_neg_lambda,9,1.00929494e6
local_self,old,8,1,log_neg_lambda,10,162718.52
local_self,old,8,1,log_neg_lambda,11,146557.9
local_self,old,8,1,log_neg_lambda,12,17514.947
local_self,old,8,1,log_neg_lambda,13,36845.082
local_self,old,8,1,log_neg_lambda,14,68730.57
local_self,old,8,1,log_neg_lambda,15,5270.3755
local_self,old,8,1,log_neg_lambda,16,2765.6147
local_self,old,8,1,log_neg_lambda,17,1909.851
local_self,old,8,1,log_neg_lambda,18,10131.947
local_self,old,8,1,log_neg_lambda,19,2997.1099
local_self,old,8,1,log_neg_lambda,20,253.12947
local_self,old,8,1,log_neg_lambda,21,187.55586
local_self,old,8,1,log_neg_lambda,22,33.864136
local_self,old,8,1,log_neg_lambda,23,36.349537
local_self,old,8,1,log_neg_lambda,24,49.270424
local_self,old,8,1,log_neg_lambda,25,11.310992
local_self,old,8,1,log_neg_lambda,26,9.521161
local_self,old,8,1,log_neg_lambda,27,4.538611
local_self,old,8,1,log_neg_lambda,28,2.8920321
local_self,old,8,1,log_neg_lambda,29,3.4082828
local_self,old,8,1,log_neg_lambda,30,0.4020505
local_self,old,8,1,log_neg_lambda,31,0.22933939
local_self,old,8,1,log_neg_lambda,32,0.088726446
local_self,old,8,1,log_neg_lambda,33,0.12740101
local_self,old,8,1,log_neg_lambda,34,0.13590741
local_self,old,8,1,log_neg_lambda,35,0.027673276
local_self,old,8,1,log_neg_lambda,36,0.029103065
local_self,old,8,1,log_neg_lambda,37,0.0057161064
local_self,old,8,1,log_neg_lambda,38,0.005901736
local_self,old,8,1,log_neg_lambda,39,0.011474288
local_self,old,8,1,log_neg_lambda,40,0.0011521131
local_self,old,8,1,log_neg_lambda,41,0.0004922524
local_self,old,8,1,weight,1,1.9130728e9
local_self,old,8,1,weight,2,3.3584157e8
local_self,old,8,1,weight,3,3.2912723e8
local_self,old,8,1,weight,4,4.9865926e8
local_self,old,8,1,weight,5,2.2865104e8
local_self,old,8,1,weight,6,1.9921013e8
local_self,old,8,1,weight,7,1.274465e7
local_self,old,8,1,weight,8,1.1873362e7
local_self,old,8,1,weight,9,1.5175224e8
local_self,old,8,1,weight,10,5.2086885e6
local_self,old,8,1,weight,11,6.716797e6
local_self,old,8,1,weight,12,397629.47
local_self,old,8,1,weight,13,385830.72
local_self,old,8,1,weight,14,2.7629725e6
local_self,old,8,1,weight,15,482061.22
local_self,old,8,1,weight,16,502754.56
local_self,old,8,1,weight,17,175746.25
local_self,old,8,1,weight,18,125068.2
local_self,old,8,1,weight,19,69381.75
local_self,old,8,1,weight,20,14084.085
local_self,old,8,1,weight,21,19604.111
local_self,old,8,1,weight,22,820.5094
local_self,old,8,1,weight,23,1556.9377
local_self,old,8,1,weight,24,1392.5126
local_self,old,8,1,weight,25,166.1807
local_self,old,8,1,weight,26,447.03214
local_self,old,8,1,weight,27,70.01501
local_self,old,8,1,weight,28,65.18365
local_self,old,8,1,weight,29,60.261066
local_self,old,8,1,weight,30,6.651319
local_self,old,8,1,weight,31,11.729799
local_self,old,8,1,weight,32,3.4371266
local_self,old,8,1,weight,33,2.9680662
local_self,old,8,1,weight,34,3.9387674
local_self,old,8,1,weight,35,0.41035405
local_self,old,8,1,weight,36,2.2564723
local_self,old,8,1,weight,37,0.119833075
local_self,old,8,1,weight,38,0.14101817
local_self,old,8,1,weight,39,0.22826135
local_self,old,8,1,weight,40,0.014740592
local_self,old,8,1,weight,41,0.13552897
local_self,old,8,1,scale,1,1.785065e6
local_self,old,8,1,scale,2,193315.1
local_self,old,8,1,scale,3,1404.7432
local_self,old,8,1,scale,4,3356.374
local_self,old,8,1,scale,5,8.395265
local_self,old,8,1,scale,6,0.94088024
local_self,old,8,1,scale,7,0.043270987
local_self,old,8,1,scale,8,0.0010681322
local_self,old,16,1,log_neg_lambda,1,3.4826154e18
local_self,old,16,1,log_neg_lambda,2,4.5767793e17
local_self,old,16,1,log_neg_lambda,3,1.2133459e18
local_self,old,16,1,log_neg_lambda,4,4.291943e17
local_self,old,16,1,log_neg_lambda,5,1.5857221e16
local_self,old,16,1,log_neg_lambda,6,2.20453e16
local_self,old,16,1,log_neg_lambda,7,8.016893e15
local_self,old,16,1,log_neg_lambda,8,5.928776e15
local_self,old,16,1,log_neg_lambda,9,6.600217e15
local_self,old,16,1,log_neg_lambda,10,3.7595362e14
local_self,old,16,1,log_neg_lambda,11,2.5355002e14
local_self,old,16,1,log_neg_lambda,12,1.3961862e14
local_self,old,16,1,log_neg_lambda,13,2.2369567e14
local_self,old,16,1,log_neg_lambda,14,5.2319114e14
local_self,old,16,1,log_neg_lambda,15,2.2826407e13
local_self,old,16,1,log_neg_lambda,16,9.179226e12
local_self,old,16,1,log_neg_lambda,17,2.5912283e14
local_self,old,16,1,log_neg_lambda,18,4.3821795e13
local_self,old,16,1,log_neg_lambda,19,7.2528165e13
local_self,old,16,1,log_neg_lambda,20,1.0177182e12
local_self,old,16,1,log_neg_lambda,21,4.002467e11
local_self,old,16,1,log_neg_lambda,22,1.0524543e12
local_self,old,16,1,log_neg_lambda,23,1.2983581e12
local_self,old,16,1,log_neg_lambda,24,2.1027387e12
local_self,old,16,1,log_neg_lambda,25,9.403008e10
local_self,old,16,1,log_neg_lambda,26,4.7377244e10
local_self,old,16,1,log_neg_lambda,27,3.5486966e10
local_self,old,16,1,log_neg_lambda,28,3.989315e10
local_self,old,16,1,log_neg_lambda,29,1.0216243e11
local_self,old,16,1,log_neg_lambda,30,3.1637693e9
local_self,old,16,1,log_neg_lambda,31,2.9483622e9
local_self,old,16,1,log_neg_lambda,32,2.4028913e9
local_self,old,16,1,log_neg_lambda,33,1.8643858e9
local_self,old,16,1,log_neg_lambda,34,5.440384e9
local_self,old,16,1,log_neg_lambda,35,3.293148e8
local_self,old,16,1,log_neg_lambda,36,2.6263747e8
local_self,old,16,1,log_neg_lambda,37,1.631277e8
local_self,old,16,1,log_neg_lambda,38,1.4545504e8
local_self,old,16,1,log_neg_lambda,39,2.8888758e8
local_self,old,16,1,log_neg_lambda,40,1.5978306e7
local_self,old,16,1,log_neg_lambda,41,1.1015039e7
local_self,old,16,1,log_neg_lambda,42,1.6148249e7
local_self,old,16,1,log_neg_lambda,43,1.129972e7
local_self,old,16,1,log_neg_lambda,44,1.848236e7
local_self,old,16,1,log_neg_lambda,45,1.1572676e6
local_self,old,16,1,log_neg_lambda,46,1.1566005e6
local_self,old,16,1,log_neg_lambda,47,745215.4
local_self,old,16,1,log_neg_lambda,48,738931.3
local_self,old,16,1,log_neg_lambda,49,1.7011736e6
local_self,old,16,1,log_neg_lambda,50,111800.04
local_self,old,16,1,log_neg_lambda,51,133439.56
local_self,old,16,1,log_neg_lambda,52,41525.832
local_self,old,16,1,log_neg_lambda,53,180828.3
local_self,old,16,1,log_neg_lambda,54,65349.4
local_self,old,16,1,log_neg_lambda,55,7381.1953
local_self,old,16,1,log_neg_lambda,56,10696.262
local_self,old,16,1,log_neg_lambda,57,3464.3271
local_self,old,16,1,log_neg_lambda,58,2233.4058
local_self,old,16,1,log_neg_lambda,59,3121.055
local_self,old,16,1,log_neg_lambda,60,481.34265
local_self,old,16,1,log_neg_lambda,61,405.59442
local_self,old,16,1,log_neg_lambda,62,59.48652
local_self,old,16,1,log_neg_lambda,63,64.26781
local_self,old,16,1,log_neg_lambda,64,183.29852
local_self,old,16,1,log_neg_lambda,65,17.453028
local_self,old,16,1,log_neg_lambda,66,11.842137
local_self,old,16,1,log_neg_lambda,67,2.49647
local_self,old,16,1,log_neg_lambda,68,2.5888526
local_self,old,16,1,log_neg_lambda,69,4.664803
local_self,old,16,1,log_neg_lambda,70,0.50159967
local_self,old,16,1,log_neg_lambda,71,0.39540246
local_self,old,16,1,log_neg_lambda,72,0.11336635
local_self,old,16,1,log_neg_lambda,73,0.17460567
local_self,old,16,1,log_neg_lambda,74,0.28596172
local_self,old,16,1,log_neg_lambda,75,0.030385569
local_self,old,16,1,log_neg_lambda,76,0.04985882
local_self,old,16,1,log_neg_lambda,77,0.00561436
local_self,old,16,1,log_neg_lambda,78,0.0055894973
local_self,old,16,1,log_neg_lambda,79,0.010112204
local_self,old,16,1,log_neg_lambda,80,0.001365698
local_self,old,16,1,log_neg_lambda,81,0.001144889
local_self,old,16,1,weight,1,Inf
local_self,old,16,1,weight,2,Inf
local_self,old,16,1,weight,3,1.5356209e19
local_self,old,16,1,weight,4,1.2430122e19
local_self,old,16,1,weight,5,4.852988e18
local_self,old,16,1,weight,6,3.2638893e18
local_self,old,16,1,weight,7,2.1268443e17
local_self,old,16,1,weight,8,1.4748067e17
local_self,old,16,1,weight,9,4.6488733e17
local_self,old,16,1,weight,10,5.5949392e16
local_self,old,16,1,weight,11,7.309836e16
local_self,old,16,1,weight,12,5.8180223e15
local_self,old,16,1,weight,13,4.847516e15
local_self,old,16,1,weight,14,9.533735e15
local_self,old,16,1,weight,15,2.8052047e15
local_self,old,16,1,weight,16,2.5822825e15
local_self,old,16,1,weight,17,2.2727976e15
local_self,old,16,1,weight,18,8.258491e14
local_self,old,16,1,weight,19,1.03236236e15
local_self,old,16,1,weight,20,3.008522e14
local_self,old,16,1,weight,21,9.884662e13
local_self,old,16,1,weight,22,1.7066769e13
local_self,old,16,1,weight,23,3.909896e13
local_self,old,16,1,weight,24,3.6238132e13
local_self,old,16,1,weight,25,1.8015907e13
local_self,old,16,1,weight,26,9.724495e12
local_self,old,16,1,weight,27,7.189996e11
local_self,old,16,1,weight,28,7.409461e11
local_self,old,16,1,weight,29,2.1429482e12
local_self,old,16,1,weight,30,3.738825e11
local_self,old,16,1,weight,31,4.3916624e11
local_self,old,16,1,weight,32,6.0817576e10
local_self,old,16,1,weight,33,4.8788664e10
local_self,old,16,1,weight,34,1.3737546e11
local_self,old,16,1,weight,35,2.8251505e10
local_self,old,16,1,weight,36,3.9704707e10
local_self,old,16,1,weight,37,3.4825797e9
local_self,old,16,1,weight,38,5.541841e9
local_self,old,16,1,weight,39,9.576225e9
local_self,old,16,1,weight,40,1.7639933e9
local_self,old,16,1,weight,41,1.5793222e9
local_self,old,16,1,weight,42,2.0850981e8
local_self,old,16,1,weight,43,1.959798e8
local_self,old,16,1,weight,44,2.993422e8
local_self,old,16,1,weight,45,1.0852053e8
local_self,old,16,1,weight,46,1.324929e8
local_self,old,16,1,weight,47,1.8939302e7
local_self,old,16,1,weight,48,1.5393238e7
local_self,old,16,1,weight,49,2.037482e7
local_self,old,16,1,weight,50,4.941947e6
local_self,old,16,1,weight,51,1.2195442e7
local_self,old,16,1,weight,52,773442.25
local_self,old,16,1,weight,53,1.8281035e6
local_self,old,16,1,weight,54,1.2552436e6
local_self,old,16,1,weight,55,246095.92
local_self,old,16,1,weight,56,401214.25
local_self,old,16,1,weight,57,41602.594
local_self,old,16,1,weight,58,91353.45
local_self,old,16,1,weight,59,89282.56
local_self,old,16,1,weight,60,10237.167
local_self,old,16,1,weight,61,40385.305
local_self,old,16,1,weight,62,1656.8958
local_self,old,16,1,weight,63,1312.0646
local_self,old,16,1,weight,64,2964.8584
local_self,old,16,1,weight,65,627.3041
local_self,old,16,1,weight,66,976.71204
local_self,old,16,1,weight,67,73.92334
local_self,old,16,1,weight,68,143.78445
local_self,old,16,1,weight,69,156.97388
local_self,old,16,1,weight,70,13.947737
local_self,old,16,1,weight,71,28.362465
local_self,old,16,1,weight,72,2.7967234
local_self,old,16,1,weight,73,4.8607
local_self,old,16,1,weight,74,4.437617
local_self,old,16,1,weight,75,0.5142138
local_self,old,16,1,weight,76,0.86634654
local_self,old,16,1,weight,77,0.13606225
local_self,old,16,1,weight,78,0.14829086
local_self,old,16,1,weight,79,0.25437626
local_self,old,16,1,weight,80,0.023223175
local_self,old,16,1,weight,81,0.09213537
local_self,old,16,1,scale,1,4.16602e17
local_self,old,16,1,scale,2,1.4426782e15
local_self,old,16,1,scale,3,5.999184e12
local_self,old,16,1,scale,4,6.9737235e12
local_self,old,16,1,scale,5,1.5280056e11
local_self,old,16,1,scale,6,8.459142e9
local_self,old,16,1,scale,7,5.880419e8
local_self,old,16,1,scale,8,9.053301e6
local_self,old,16,1,scale,9,1.3247815e6
local_self,old,16,1,scale,10,327059.0
local_self,old,16,1,scale,11,3653.7217
local_self,old,16,1,scale,12,249.45447
local_self,old,16,1,scale,13,0.8140466
local_self,old,16,1,scale,14,0.34674793
local_self,old,16,1,scale,15,0.055038728
local_self,old,16,1,scale,16,0.0014226512
local_self,downscaled_ffn,1,1,log_neg_lambda,1,0.0562424
local_self,downscaled_ffn,1,1,log_neg_lambda,2,0.009412557
local_self,downscaled_ffn,1,1,log_neg_lambda,3,0.00700707
local_self,downscaled_ffn,1,1,log_neg_lambda,4,0.01073985
local_self,downscaled_ffn,1,1,log_neg_lambda,5,1.568962e-5
local_self,downscaled_ffn,1,1,log_neg_lambda,6,1.6095379e-5
local_self,downscaled_ffn,1,1,weight,1,2.5100865
local_self,downscaled_ffn,1,1,weight,2,0.21064128
local_self,downscaled_ffn,1,1,weight,3,0.2391701
local_self,downscaled_ffn,1,1,weight,4,0.2788156
local_self,downscaled_ffn,1,1,weight,5,0.006160587
local_self,downscaled_ffn,1,1,weight,6,0.0059713754
local_self,downscaled_ffn,1,1,scale,1,0.0013614218
local_self,downscaled_ffn,2,1,log_neg_lambda,1,0.7437628
local_self,downscaled_ffn,2,1,log_neg_lambda,2,0.12784785
local_self,downscaled_ffn,2,1,log_neg_lambda,3,0.104227215
local_self,downscaled_ffn,2,1,log_neg_lambda,4,0.17333397
local_self,downscaled_ffn,2,1,log_neg_lambda,5,0.0003179283
local_self,downscaled_ffn,2,1,log_neg_lambda,6,0.00021133068
local_self,downscaled_ffn,2,1,log_neg_lambda,7,0.008428882
local_self,downscaled_ffn,2,1,log_neg_lambda,8,0.005366589
local_self,downscaled_ffn,2,1,log_neg_lambda,9,0.016259728
local_self,downscaled_ffn,2,1,log_neg_lambda,10,9.0506755e-6
local_self,downscaled_ffn,2,1,log_neg_lambda,11,8.427721e-6
local_self,downscaled_ffn,2,1,weight,1,51.23413
local_self,downscaled_ffn,2,1,weight,2,4.672169
local_self,downscaled_ffn,2,1,weight,3,3.2575548
local_self,downscaled_ffn,2,1,weight,4,5.8583813
local_self,downscaled_ffn,2,1,weight,5,0.095105335
local_self,downscaled_ffn,2,1,weight,6,0.0946258
local_self,downscaled_ffn,2,1,weight,7,0.32121754
local_self,downscaled_ffn,2,1,weight,8,0.20286684
local_self,downscaled_ffn,2,1,weight,9,0.30424425
local_self,downscaled_ffn,2,1,weight,10,0.0016424077
local_self,downscaled_ffn,2,1,weight,11,0.0016102603
local_self,downscaled_ffn,2,1,scale,1,0.016838357
local_self,downscaled_ffn,2,1,scale,2,0.0006800057
local_self,downscaled_ffn,4,1,log_neg_lambda,1,2026.493
local_self,downscaled_ffn,4,1,log_neg_lambda,2,58.41359
local_self,downscaled_ffn,4,1,log_neg_lambda,3,93.12704
local_self,downscaled_ffn,4,1,log_neg_lambda,4,81.87217
local_self,downscaled_ffn,4,1,log_neg_lambda,5,0.15424027
local_self,downscaled_ffn,4,1,log_neg_lambda,6,0.16177589
local_self,downscaled_ffn,4,1,log_neg_lambda,7,3.0207953
local_self,downscaled_ffn,4,1,log_neg_lambda,8,4.7820554
local_self,downscaled_ffn,4,1,log_neg_lambda,9,8.24863
local_self,downscaled_ffn,4,1,log_neg_lambda,10,0.010160684
local_self,downscaled_ffn,4,1,log_neg_lambda,11,0.008662208
local_self,downscaled_ffn,4,1,log_neg_lambda,12,0.35001317
local_self,downscaled_ffn,4,1,log_neg_lambda,13,0.2530888
local_self,downscaled_ffn,4,1,log_neg_lambda,14,0.29674026
local_self,downscaled_ffn,4,1,log_neg_lambda,15,0.00021738335
local_self,downscaled_ffn,4,1,log_neg_lambda,16,0.000187321
local_self,downscaled_ffn,4,1,log_neg_lambda,17,0.004653647
local_self,downscaled_ffn,4,1,log_neg_lambda,18,0.0050247214
local_self,downscaled_ffn,4,1,log_neg_lambda,19,0.009414291
local_self,downscaled_ffn,4,1,log_neg_lambda,20,4.0823484e-6
local_self,downscaled_ffn,4,1,log_neg_lambda,21,4.0102304e-6
local_self,downscaled_ffn,4,1,weight,1,73692.734
local_self,downscaled_ffn,4,1,weight,2,707.35455
local_self,downscaled_ffn,4,1,weight,3,4082.641
local_self,downscaled_ffn,4,1,weight,4,1545.3726
local_self,downscaled_ffn,4,1,weight,5,45.58081
local_self,downscaled_ffn,4,1,weight,6,46.32362
local_self,downscaled_ffn,4,1,weight,7,69.463806
local_self,downscaled_ffn,4,1,weight,8,114.65058
local_self,downscaled_ffn,4,1,weight,9,284.1535
local_self,downscaled_ffn,4,1,weight,10,2.1072197
local_self,downscaled_ffn,4,1,weight,11,2.0517945
local_self,downscaled_ffn,4,1,weight,12,13.386905
local_self,downscaled_ffn,4,1,weight,13,5.2859354
local_self,downscaled_ffn,4,1,weight,14,7.7256665
local_self,downscaled_ffn,4,1,weight,15,0.037408434
local_self,downscaled_ffn,4,1,weight,16,0.03732638
local_self,downscaled_ffn,4,1,weight,17,0.13744047
local_self,downscaled_ffn,4,1,weight,18,0.11686291
local_self,downscaled_ffn,4,1,weight,19,0.29507655
local_self,downscaled_ffn,4,1,weight,20,0.0006418383
local_self,downscaled_ffn,4,1,weight,21,0.0006421984
local_self,downscaled_ffn,4,1,scale,1,30.100925
local_self,downscaled_ffn,4,1,scale,2,0.20346658
local_self,downscaled_ffn,4,1,scale,3,0.064920135
local_self,downscaled_ffn,4,1,scale,4,0.0016789588
local_self,downscaled_ffn,8,1,log_neg_lambda,1,1.4410365e6
local_self,downscaled_ffn,8,1,log_neg_lambda,2,117299.12
local_self,downscaled_ffn,8,1,log_neg_lambda,3,127580.49
local_self,downscaled_ffn,8,1,log_neg_lambda,4,325180.5
local_self,downscaled_ffn,8,1,log_neg_lambda,5,532.4614
local_self,downscaled_ffn,8,1,log_neg_lambda,6,512.8879
local_self,downscaled_ffn,8,1,log_neg_lambda,7,31306.584
local_self,downscaled_ffn,8,1,log_neg_lambda,8,43505.125
local_self,downscaled_ffn,8,1,log_neg_lambda,9,47015.867
local_self,downscaled_ffn,8,1,log_neg_lambda,10,146.49559
local_self,downscaled_ffn,8,1,log_neg_lambda,11,186.13995
local_self,downscaled_ffn,8,1,log_neg_lambda,12,981.9078
local_self,downscaled_ffn,8,1,log_neg_lambda,13,3840.2979
local_self,downscaled_ffn,8,1,log_neg_lambda,14,2929.7913
local_self,downscaled_ffn,8,1,log_neg_lambda,15,1.1800007
local_self,downscaled_ffn,8,1,log_neg_lambda,16,1.2930642
local_self,downscaled_ffn,8,1,log_neg_lambda,17,97.51798
local_self,downscaled_ffn,8,1,log_neg_lambda,18,100.78996
local_self,downscaled_ffn,8,1,log_neg_lambda,19,172.52979
local_self,downscaled_ffn,8,1,log_neg_lambda,20,0.12748638
local_self,downscaled_ffn,8,1,log_neg_lambda,21,0.11263328
local_self,downscaled_ffn,8,1,log_neg_lambda,22,6.772943
local_self,downscaled_ffn,8,1,log_neg_lambda,23,6.8505106
local_self,downscaled_ffn,8,1,log_neg_lambda,24,14.177348
local_self,downscaled_ffn,8,1,log_neg_lambda,25,0.011210428
local_self,downscaled_ffn,8,1,log_neg_lambda,26,0.010281154
local_self,downscaled_ffn,8,1,log_neg_lambda,27,0.6236807
local_self,downscaled_ffn,8,1,log_neg_lambda,28,0.8280064
local_self,downscaled_ffn,8,1,log_neg_lambda,29,1.2095313
local_self,downscaled_ffn,8,1,log_neg_lambda,30,0.0012256267
local_self,downscaled_ffn,8,1,log_neg_lambda,31,0.0010688078
local_self,downscaled_ffn,8,1,log_neg_lambda,32,0.07156547
local_self,downscaled_ffn,8,1,log_neg_lambda,33,0.07797463
local_self,downscaled_ffn,8,1,log_neg_lambda,34,0.13406767
local_self,downscaled_ffn,8,1,log_neg_lambda,35,8.757733e-5
local_self,downscaled_ffn,8,1,log_neg_lambda,36,8.511225e-5
local_self,downscaled_ffn,8,1,log_neg_lambda,37,0.0072294367
local_self,downscaled_ffn,8,1,log_neg_lambda,38,0.0063479883
local_self,downscaled_ffn,8,1,log_neg_lambda,39,0.008393313
local_self,downscaled_ffn,8,1,log_neg_lambda,40,4.878722e-6
local_self,downscaled_ffn,8,1,log_neg_lambda,41,4.2939787e-6
local_self,downscaled_ffn,8,1,weight,1,5.858962e7
local_self,downscaled_ffn,8,1,weight,2,2.7351728e6
local_self,downscaled_ffn,8,1,weight,3,4.0784938e6
local_self,downscaled_ffn,8,1,weight,4,1.1213678e7
local_self,downscaled_ffn,8,1,weight,5,139127.56
local_self,downscaled_ffn,8,1,weight,6,127246.81
local_self,downscaled_ffn,8,1,weight,7,671225.7
local_self,downscaled_ffn,8,1,weight,8,767564.9
local_self,downscaled_ffn,8,1,weight,9,1.0522929e6
local_self,downscaled_ffn,8,1,weight,10,31090.814
local_self,downscaled_ffn,8,1,weight,11,34437.793
local_self,downscaled_ffn,8,1,weight,12,22883.352
local_self,downscaled_ffn,8,1,weight,13,129351.66
local_self,downscaled_ffn,8,1,weight,14,49927.4
local_self,downscaled_ffn,8,1,weight,15,249.60725
local_self,downscaled_ffn,8,1,weight,16,265.02667
local_self,downscaled_ffn,8,1,weight,17,2313.3357
local_self,downscaled_ffn,8,1,weight,18,2477.221
local_self,downscaled_ffn,8,1,weight,19,3596.1167
local_self,downscaled_ffn,8,1,weight,20,23.415415
local_self,downscaled_ffn,8,1,weight,21,25.918188
local_self,downscaled_ffn,8,1,weight,22,155.45992
local_self,downscaled_ffn,8,1,weight,23,247.55325
local_self,downscaled_ffn,8,1,weight,24,316.37903
local_self,downscaled_ffn,8,1,weight,25,1.4877912
local_self,downscaled_ffn,8,1,weight,26,1.5583168
local_self,downscaled_ffn,8,1,weight,27,14.087678
local_self,downscaled_ffn,8,1,weight,28,25.252195
local_self,downscaled_ffn,8,1,weight,29,21.302162
local_self,downscaled_ffn,8,1,weight,30,0.17650509
local_self,downscaled_ffn,8,1,weight,31,0.1842842
local_self,downscaled_ffn,8,1,weight,32,2.1117208
local_self,downscaled_ffn,8,1,weight,33,1.5498813
local_self,downscaled_ffn,8,1,weight,34,2.4465156
local_self,downscaled_ffn,8,1,weight,35,0.015330636
local_self,downscaled_ffn,8,1,weight,36,0.015422828
local_self,downscaled_ffn,8,1,weight,37,0.16988653
local_self,downscaled_ffn,8,1,weight,38,0.12506047
local_self,downscaled_ffn,8,1,weight,39,0.20640379
local_self,downscaled_ffn,8,1,weight,40,0.0006301064
local_self,downscaled_ffn,8,1,weight,41,0.0006086402
local_self,downscaled_ffn,8,1,scale,1,9734.9375
local_self,downscaled_ffn,8,1,scale,2,3598.7998
local_self,downscaled_ffn,8,1,scale,3,483.77823
local_self,downscaled_ffn,8,1,scale,4,23.98587
local_self,downscaled_ffn,8,1,scale,5,0.4277047
local_self,downscaled_ffn,8,1,scale,6,0.14529517
local_self,downscaled_ffn,8,1,scale,7,0.015795946
local_self,downscaled_ffn,8,1,scale,8,0.0015484819
local_self,downscaled_ffn,16,1,log_neg_lambda,1,1.3229204e14
local_self,downscaled_ffn,16,1,log_neg_lambda,2,2.7696453e13
local_self,downscaled_ffn,16,1,log_neg_lambda,3,2.3902649e13
local_self,downscaled_ffn,16,1,log_neg_lambda,4,6.628631e13
local_self,downscaled_ffn,16,1,log_neg_lambda,5,7.1249715e10
local_self,downscaled_ffn,16,1,log_neg_lambda,6,9.049298e10
local_self,downscaled_ffn,16,1,log_neg_lambda,7,7.0768536e12
local_self,downscaled_ffn,16,1,log_neg_lambda,8,1.0345439e13
local_self,downscaled_ffn,16,1,log_neg_lambda,9,1.0035182e13
local_self,downscaled_ffn,16,1,log_neg_lambda,10,3.2400493e10
local_self,downscaled_ffn,16,1,log_neg_lambda,11,4.211768e10
local_self,downscaled_ffn,16,1,log_neg_lambda,12,4.291487e11
local_self,downscaled_ffn,16,1,log_neg_lambda,13,8.748912e11
local_self,downscaled_ffn,16,1,log_neg_lambda,14,4.757875e11
local_self,downscaled_ffn,16,1,log_neg_lambda,15,3.3530976e8
local_self,downscaled_ffn,16,1,log_neg_lambda,16,2.262039e8
local_self,downscaled_ffn,16,1,log_neg_lambda,17,1.5566668e10
local_self,downscaled_ffn,16,1,log_neg_lambda,18,1.0088665e10
local_self,downscaled_ffn,16,1,log_neg_lambda,19,2.656114e10
local_self,downscaled_ffn,16,1,log_neg_lambda,20,2.8373016e7
local_self,downscaled_ffn,16,1,log_neg_lambda,21,1.367314e7
local_self,downscaled_ffn,16,1,log_neg_lambda,22,1.9358819e9
local_self,downscaled_ffn,16,1,log_neg_lambda,23,1.4499319e9
local_self,downscaled_ffn,16,1,log_neg_lambda,24,4.626787e9
local_self,downscaled_ffn,16,1,log_neg_lambda,25,4.7441215e6
local_self,downscaled_ffn,16,1,log_neg_lambda,26,4.4729745e6
local_self,downscaled_ffn,16,1,log_neg_lambda,27,1.3849064e8
local_self,downscaled_ffn,16,1,log_neg_lambda,28,1.8103285e8
local_self,downscaled_ffn,16,1,log_neg_lambda,29,7.444135e8
local_self,downscaled_ffn,16,1,log_neg_lambda,30,176784.88
local_self,downscaled_ffn,16,1,log_neg_lambda,31,151199.14
local_self,downscaled_ffn,16,1,log_neg_lambda,32,9.521632e6
local_self,downscaled_ffn,16,1,log_neg_lambda,33,1.1020765e7
local_self,downscaled_ffn,16,1,log_neg_lambda,34,2.385814e7
local_self,downscaled_ffn,16,1,log_neg_lambda,35,18341.92
local_self,downscaled_ffn,16,1,log_neg_lambda,36,17187.283
local_self,downscaled_ffn,16,1,log_neg_lambda,37,2.9978155e6
local_self,downscaled_ffn,16,1,log_neg_lambda,38,1.8332109e6
local_self,downscaled_ffn,16,1,log_neg_lambda,39,2.2187445e6
local_self,downscaled_ffn,16,1,log_neg_lambda,40,3407.0476
local_self,downscaled_ffn,16,1,log_neg_lambda,41,2937.6372
local_self,downscaled_ffn,16,1,log_neg_lambda,42,177959.86
local_self,downscaled_ffn,16,1,log_neg_lambda,43,168051.81
local_self,downscaled_ffn,16,1,log_neg_lambda,44,906533.5
local_self,downscaled_ffn,16,1,log_neg_lambda,45,406.4654
local_self,downscaled_ffn,16,1,log_neg_lambda,46,301.55557
local_self,downscaled_ffn,16,1,log_neg_lambda,47,24568.125
local_self,downscaled_ffn,16,1,log_neg_lambda,48,21881.613
local_self,downscaled_ffn,16,1,log_neg_lambda,49,53000.05
local_self,downscaled_ffn,16,1,log_neg_lambda,50,56.11398
local_self,downscaled_ffn,16,1,log_neg_lambda,51,46.759056
local_self,downscaled_ffn,16,1,log_neg_lambda,52,2153.371
local_self,downscaled_ffn,16,1,log_neg_lambda,53,4149.8955
local_self,downscaled_ffn,16,1,log_neg_lambda,54,3998.2725
local_self,downscaled_ffn,16,1,log_neg_lambda,55,3.414466
local_self,downscaled_ffn,16,1,log_neg_lambda,56,3.7489958
local_self,downscaled_ffn,16,1,log_neg_lambda,57,299.67346
local_self,downscaled_ffn,16,1,log_neg_lambda,58,600.00134
local_self,downscaled_ffn,16,1,log_neg_lambda,59,303.78195
local_self,downscaled_ffn,16,1,log_neg_lambda,60,0.6780633
local_self,downscaled_ffn,16,1,log_neg_lambda,61,0.522251
local_self,downscaled_ffn,16,1,log_neg_lambda,62,16.317295
local_self,downscaled_ffn,16,1,log_neg_lambda,63,24.9615
local_self,downscaled_ffn,16,1,log_neg_lambda,64,47.55308
local_self,downscaled_ffn,16,1,log_neg_lambda,65,0.029662883
local_self,downscaled_ffn,16,1,log_neg_lambda,66,0.025929224
local_self,downscaled_ffn,16,1,log_neg_lambda,67,2.8354585
local_self,downscaled_ffn,16,1,log_neg_lambda,68,2.7957456
local_self,downscaled_ffn,16,1,log_neg_lambda,69,7.211702
local_self,downscaled_ffn,16,1,log_neg_lambda,70,0.0028233028
local_self,downscaled_ffn,16,1,log_neg_lambda,71,0.0034542307
local_self,downscaled_ffn,16,1,log_neg_lambda,72,0.12040674
local_self,downscaled_ffn,16,1,log_neg_lambda,73,0.18011409
local_self,downscaled_ffn,16,1,log_neg_lambda,74,0.32537282
local_self,downscaled_ffn,16,1,log_neg_lambda,75,0.00014036904
local_self,downscaled_ffn,16,1,log_neg_lambda,76,0.00016150168
local_self,downscaled_ffn,16,1,log_neg_lambda,77,0.0053810673
local_self,downscaled_ffn,16,1,log_neg_lambda,78,0.006843898
local_self,downscaled_ffn,16,1,log_neg_lambda,79,0.009433466
local_self,downscaled_ffn,16,1,log_neg_lambda,80,3.8267985e-6
local_self,downscaled_ffn,16,1,log_neg_lambda,81,3.4166233e-6
local_self,downscaled_ffn,16,1,weight,1,6.5471993e15
local_self,downscaled_ffn,16,1,weight,2,6.832908e14
local_self,downscaled_ffn,16,1,weight,3,8.622892e14
local_self,downscaled_ffn,16,1,weight,4,1.9545591e15
local_self,downscaled_ffn,16,1,weight,5,2.1705513e13
local_self,downscaled_ffn,16,1,weight,6,2.142512e13
local_self,downscaled_ffn,16,1,weight,7,1.5346267e14
local_self,downscaled_ffn,16,1,weight,8,1.7541604e14
local_self,downscaled_ffn,16,1,weight,9,1.7645326e14
local_self,downscaled_ffn,16,1,weight,10,7.083903e12
local_self,downscaled_ffn,16,1,weight,11,7.806269e12
local_self,downscaled_ffn,16,1,weight,12,7.786427e12
local_self,downscaled_ffn,16,1,weight,13,3.0012607e13
local_self,downscaled_ffn,16,1,weight,14,8.917153e12
local_self,downscaled_ffn,16,1,weight,15,4.7829475e10
local_self,downscaled_ffn,16,1,weight,16,4.6847635e10
local_self,downscaled_ffn,16,1,weight,17,3.2588127e11
local_self,downscaled_ffn,16,1,weight,18,1.7290124e11
local_self,downscaled_ffn,16,1,weight,19,5.822489e11
local_self,downscaled_ffn,16,1,weight,20,4.546458e9
local_self,downscaled_ffn,16,1,weight,21,4.0048532e9
local_self,downscaled_ffn,16,1,weight,22,5.6681173e10
local_self,downscaled_ffn,16,1,weight,23,2.5022857e10
local_self,downscaled_ffn,16,1,weight,24,7.252597e10
local_self,downscaled_ffn,16,1,weight,25,8.353975e8
local_self,downscaled_ffn,16,1,weight,26,8.810235e8
local_self,downscaled_ffn,16,1,weight,27,3.156399e9
local_self,downscaled_ffn,16,1,weight,28,4.795978e9
local_self,downscaled_ffn,16,1,weight,29,9.271128e9
local_self,downscaled_ffn,16,1,weight,30,2.489998e7
local_self,downscaled_ffn,16,1,weight,31,2.376391e7
local_self,downscaled_ffn,16,1,weight,32,3.118795e8
local_self,downscaled_ffn,16,1,weight,33,2.202021e8
local_self,downscaled_ffn,16,1,weight,34,3.106869e8
local_self,downscaled_ffn,16,1,weight,35,3.1577218e6
local_self,downscaled_ffn,16,1,weight,36,3.1044802e6
local_self,downscaled_ffn,16,1,weight,37,3.4295204e7
local_self,downscaled_ffn,16,1,weight,38,3.826986e7
local_self,downscaled_ffn,16,1,weight,39,5.468649e7
local_self,downscaled_ffn,16,1,weight,40,531931.2
local_self,downscaled_ffn,16,1,weight,41,552117.06
local_self,downscaled_ffn,16,1,weight,42,5.1604915e6
local_self,downscaled_ffn,16,1,weight,43,3.293063e6
local_self,downscaled_ffn,16,1,weight,44,1.0763206e7
local_self,downscaled_ffn,16,1,weight,45,55544.582
local_self,downscaled_ffn,16,1,weight,46,52466.48
local_self,downscaled_ffn,16,1,weight,47,615903.56
local_self,downscaled_ffn,16,1,weight,48,406556.06
local_self,downscaled_ffn,16,1,weight,49,1.0764479e6
local_self,downscaled_ffn,16,1,weight,50,8003.588
local_self,downscaled_ffn,16,1,weight,51,7841.048
local_self,downscaled_ffn,16,1,weight,52,38688.137
local_self,downscaled_ffn,16,1,weight,53,103066.805
local_self,downscaled_ffn,16,1,weight,54,77907.47
local_self,downscaled_ffn,16,1,weight,55,558.20264
local_self,downscaled_ffn,16,1,weight,56,641.4301
local_self,downscaled_ffn,16,1,weight,57,9094.027
local_self,downscaled_ffn,16,1,weight,58,9548.394
local_self,downscaled_ffn,16,1,weight,59,5331.9565
local_self,downscaled_ffn,16,1,weight,60,85.010376
local_self,downscaled_ffn,16,1,weight,61,83.54039
local_self,downscaled_ffn,16,1,weight,62,350.17303
local_self,downscaled_ffn,16,1,weight,63,348.9912
local_self,downscaled_ffn,16,1,weight,64,864.71075
local_self,downscaled_ffn,16,1,weight,65,4.2001286
local_self,downscaled_ffn,16,1,weight,66,3.8852844
local_self,downscaled_ffn,16,1,weight,67,45.11947
local_self,downscaled_ffn,16,1,weight,68,48.334305
local_self,downscaled_ffn,16,1,weight,69,121.10438
local_self,downscaled_ffn,16,1,weight,70,0.40167645
local_self,downscaled_ffn,16,1,weight,71,0.40472275
local_self,downscaled_ffn,16,1,weight,72,2.4325633
local_self,downscaled_ffn,16,1,weight,73,3.2757647
local_self,downscaled_ffn,16,1,weight,74,8.101085
local_self,downscaled_ffn,16,1,weight,75,0.020817984
local_self,downscaled_ffn,16,1,weight,76,0.021576047
local_self,downscaled_ffn,16,1,weight,77,0.13421395
local_self,downscaled_ffn,16,1,weight,78,0.15852807
local_self,downscaled_ffn,16,1,weight,79,0.32653216
local_self,downscaled_ffn,16,1,weight,80,0.0006557276
local_self,downscaled_ffn,16,1,weight,81,0.0006512357
local_self,downscaled_ffn,16,1,scale,1,1.8518715e12
local_self,downscaled_ffn,16,1,scale,2,1.0434986e10
local_self,downscaled_ffn,16,1,scale,3,3.9263613e10
local_self,downscaled_ffn,16,1,scale,4,2.0651727e9
local_self,downscaled_ffn,16,1,scale,5,1.8323846e8
local_self,downscaled_ffn,16,1,scale,6,6.131096e7
local_self,downscaled_ffn,16,1,scale,7,3.745089e6
local_self,downscaled_ffn,16,1,scale,8,964839.1
local_self,downscaled_ffn,16,1,scale,9,325.5547
local_self,downscaled_ffn,16,1,scale,10,11344.64
local_self,downscaled_ffn,16,1,scale,11,503.41467
local_self,downscaled_ffn,16,1,scale,12,300.22186
local_self,downscaled_ffn,16,1,scale,13,4.3451514
local_self,downscaled_ffn,16,1,scale,14,1.3315209
local_self,downscaled_ffn,16,1,scale,15,0.06043057
local_self,downscaled_ffn,16,1,scale,16,0.0020707918
local_self,rezero,1,1,alpha,1,0.02789928
local_self,rezero,1,1,alpha,2,6.0634018e-5
local_self,rezero,1,1,log_neg_lambda,1,0.011778206
local_self,rezero,1,1,log_neg_lambda,2,0.0007675069
local_self,rezero,1,1,log_neg_lambda,3,0.0007156521
local_self,rezero,1,1,log_neg_lambda,4,0.0008222434
local_self,rezero,1,1,log_neg_lambda,5,2.682101e-6
local_self,rezero,1,1,log_neg_lambda,6,2.1942824e-6
local_self,rezero,1,1,weight,1,0.6480113
local_self,rezero,1,1,weight,2,0.020053772
local_self,rezero,1,1,weight,3,0.03994149
local_self,rezero,1,1,weight,4,0.023950731
local_self,rezero,1,1,weight,5,0.0012505191
local_self,rezero,1,1,weight,6,0.0013842348
local_self,rezero,1,1,scale,1,0.00024761498
local_self,rezero,2,1,alpha,1,0.13789834
local_self,rezero,2,1,alpha,2,0.00017054193
local_self,rezero,2,1,alpha,3,0.021134937
local_self,rezero,2,1,alpha,4,8.1250546e-5
local_self,rezero,2,1,log_neg_lambda,1,0.018270126
local_self,rezero,2,1,log_neg_lambda,2,0.004059525
local_self,rezero,2,1,log_neg_lambda,3,0.001034862
local_self,rezero,2,1,log_neg_lambda,4,0.0016787304
local_self,rezero,2,1,log_neg_lambda,5,3.8119883e-6
local_self,rezero,2,1,log_neg_lambda,6,3.3658932e-6
local_self,rezero,2,1,log_neg_lambda,7,0.0008126035
local_self,rezero,2,1,log_neg_lambda,8,0.0005252687
local_self,rezero,2,1,log_neg_lambda,9,0.0017014662
local_self,rezero,2,1,log_neg_lambda,10,2.553832e-6
local_self,rezero,2,1,log_neg_lambda,11,2.3606335e-6
local_self,rezero,2,1,weight,1,0.66662747
local_self,rezero,2,1,weight,2,0.07530459
local_self,rezero,2,1,weight,3,0.052235637
local_self,rezero,2,1,weight,4,0.060162157
local_self,rezero,2,1,weight,5,0.0017014062
local_self,rezero,2,1,weight,6,0.0016687245
local_self,rezero,2,1,weight,7,0.02627056
local_self,rezero,2,1,weight,8,0.054404005
local_self,rezero,2,1,weight,9,0.042011324
local_self,rezero,2,1,weight,10,0.0015869419
local_self,rezero,2,1,weight,11,0.00145302
local_self,rezero,2,1,scale,1,0.0006771535
local_self,rezero,2,1,scale,2,0.00022460167
local_self,rezero,4,1,alpha,1,0.120661885
local_self,rezero,4,1,alpha,2,0.00010109859
local_self,rezero,4,1,alpha,3,0.03574183
local_self,rezero,4,1,alpha,4,0.0002079315
local_self,rezero,4,1,alpha,5,0.006147341
local_self,rezero,4,1,alpha,6,0.00012980656
local_self,rezero,4,1,alpha,7,0.06174142
local_self,rezero,4,1,alpha,8,0.00019034787
local_self,rezero,4,1,log_neg_lambda,1,0.029056812
local_self,rezero,4,1,log_neg_lambda,2,0.011497222
local_self,rezero,4,1,log_neg_lambda,3,0.0033523187
local_self,rezero,4,1,log_neg_lambda,4,0.004624733
local_self,rezero,4,1,log_neg_lambda,5,6.747397e-6
local_self,rezero,4,1,log_neg_lambda,6,5.206066e-6
local_self,rezero,4,1,log_neg_lambda,7,0.00159487
local_self,rezero,4,1,log_neg_lambda,8,0.0018981051
local_self,rezero,4,1,log_neg_lambda,9,0.0038374106
local_self,rezero,4,1,log_neg_lambda,10,3.7590698e-6
local_self,rezero,4,1,log_neg_lambda,11,4.597993e-6
local_self,rezero,4,1,log_neg_lambda,12,0.0013795311
local_self,rezero,4,1,log_neg_lambda,13,0.0012782218
local_self,rezero,4,1,log_neg_lambda,14,0.0017207152
local_self,rezero,4,1,log_neg_lambda,15,3.6371898e-6
local_self,rezero,4,1,log_neg_lambda,16,2.8189081e-6
local_self,rezero,4,1,log_neg_lambda,17,0.00042737863
local_self,rezero,4,1,log_neg_lambda,18,0.0005403741
local_self,rezero,4,1,log_neg_lambda,19,0.0011016098
local_self,rezero,4,1,log_neg_lambda,20,2.4212e-6
local_self,rezero,4,1,log_neg_lambda,21,2.4686244e-6
local_self,rezero,4,1,weight,1,1.857872
local_self,rezero,4,1,weight,2,0.2434605
local_self,rezero,4,1,weight,3,0.28306645
local_self,rezero,4,1,weight,4,0.13139564
local_self,rezero,4,1,weight,5,0.0024109422
local_self,rezero,4,1,weight,6,0.002658981
local_self,rezero,4,1,weight,7,0.04764675
local_self,rezero,4,1,weight,8,0.08398724
local_self,rezero,4,1,weight,9,0.08214566
local_self,rezero,4,1,weight,10,0.0018182193
local_self,rezero,4,1,weight,11,0.0016954654
local_self,rezero,4,1,weight,12,0.05967668
local_self,rezero,4,1,weight,13,0.044778574
local_self,rezero,4,1,weight,14,0.040620662
local_self,rezero,4,1,weight,15,0.0016759782
local_self,rezero,4,1,weight,16,0.001526092
local_self,rezero,4,1,weight,17,0.011896442
local_self,rezero,4,1,weight,18,0.024622886
local_self,rezero,4,1,weight,19,0.027401874
local_self,rezero,4,1,weight,20,0.0014354568
local_self,rezero,4,1,weight,21,0.0014753217
local_self,rezero,4,1,scale,1,0.0025236306
local_self,rezero,4,1,scale,2,0.00043190236
local_self,rezero,4,1,scale,3,0.0006713976
local_self,rezero,4,1,scale,4,0.00013114327
local_self,rezero,8,1,alpha,1,0.6120088
local_self,rezero,8,1,alpha,2,0.0039687827
local_self,rezero,8,1,alpha,3,0.20835581
local_self,rezero,8,1,alpha,4,0.0012835341
local_self,rezero,8,1,alpha,5,0.11053423
local_self,rezero,8,1,alpha,6,0.0002052253
local_self,rezero,8,1,alpha,7,0.09918289
local_self,rezero,8,1,alpha,8,0.00028209353
local_self,rezero,8,1,alpha,9,0.0118571
local_self,rezero,8,1,alpha,10,9.3078525e-5
local_self,rezero,8,1,alpha,11,0.071899325
local_self,rezero,8,1,alpha,12,0.00019289099
local_self,rezero,8,1,alpha,13,0.07095989
local_self,rezero,8,1,alpha,14,1.2998782e-5
local_self,rezero,8,1,alpha,15,0.02158164
local_self,rezero,8,1,alpha,16,0.00018514477
local_self,rezero,8,1,log_neg_lambda,1,0.13017903
local_self,rezero,8,1,log_neg_lambda,2,0.110222794
local_self,rezero,8,1,log_neg_lambda,3,0.06842592
local_self,rezero,8,1,log_neg_lambda,4,0.041508652
local_self,rezero,8,1,log_neg_lambda,5,5.9398702e-5
local_self,rezero,8,1,log_neg_lambda,6,4.861713e-5
local_self,rezero,8,1,log_neg_lambda,7,0.015255169
local_self,rezero,8,1,log_neg_lambda,8,0.028019715
local_self,rezero,8,1,log_neg_lambda,9,0.017895762
local_self,rezero,8,1,log_neg_lambda,10,3.4125478e-5
local_self,rezero,8,1,log_neg_lambda,11,3.345242e-5
local_self,rezero,8,1,log_neg_lambda,12,0.032981176
local_self,rezero,8,1,log_neg_lambda,13,0.015072351
local_self,rezero,8,1,log_neg_lambda,14,0.009884017
local_self,rezero,8,1,log_neg_lambda,15,1.4243513e-5
local_self,rezero,8,1,log_neg_lambda,16,1.3959753e-5
local_self,rezero,8,1,log_neg_lambda,17,0.005124533
local_self,rezero,8,1,log_neg_lambda,18,0.00625496
local_self,rezero,8,1,log_neg_lambda,19,0.010171298
local_self,rezero,8,1,log_neg_lambda,20,8.085369e-6
local_self,rezero,8,1,log_neg_lambda,21,7.5963044e-6
local_self,rezero,8,1,log_neg_lambda,22,0.002008087
local_self,rezero,8,1,log_neg_lambda,23,0.002761022
local_self,rezero,8,1,log_neg_lambda,24,0.004529488
local_self,rezero,8,1,log_neg_lambda,25,4.384221e-6
local_self,rezero,8,1,log_neg_lambda,26,4.181701e-6
local_self,rezero,8,1,log_neg_lambda,27,0.0012334009
local_self,rezero,8,1,log_neg_lambda,28,0.0016130563
local_self,rezero,8,1,log_neg_lambda,29,0.0024800901
local_self,rezero,8,1,log_neg_lambda,30,3.564089e-6
local_self,rezero,8,1,log_neg_lambda,31,2.8608279e-6
local_self,rezero,8,1,log_neg_lambda,32,0.00086713635
local_self,rezero,8,1,log_neg_lambda,33,0.0010112704
local_self,rezero,8,1,log_neg_lambda,34,0.0012060768
local_self,rezero,8,1,log_neg_lambda,35,2.5463612e-6
local_self,rezero,8,1,log_neg_lambda,36,2.8804368e-6
local_self,rezero,8,1,log_neg_lambda,37,0.00043168777
local_self,rezero,8,1,log_neg_lambda,38,0.00041760987
local_self,rezero,8,1,log_neg_lambda,39,0.0012739665
local_self,rezero,8,1,log_neg_lambda,40,2.072465e-6
local_self,rezero,8,1,log_neg_lambda,41,2.300247e-6
local_self,rezero,8,1,weight,1,17.922884
local_self,rezero,8,1,weight,2,2.3394995
local_self,rezero,8,1,weight,3,6.1646967
local_self,rezero,8,1,weight,4,2.3148263
local_self,rezero,8,1,weight,5,0.017322175
local_self,rezero,8,1,weight,6,0.018523391
local_self,rezero,8,1,weight,7,0.40904987
local_self,rezero,8,1,weight,8,1.0501018
local_self,rezero,8,1,weight,9,0.52835196
local_self,rezero,8,1,weight,10,0.008294788
local_self,rezero,8,1,weight,11,0.008038169
local_self,rezero,8,1,weight,12,0.5443785
local_self,rezero,8,1,weight,13,0.28975236
local_self,rezero,8,1,weight,14,0.21034554
local_self,rezero,8,1,weight,15,0.005082822
local_self,rezero,8,1,weight,16,0.0050887377
local_self,rezero,8,1,weight,17,0.08470917
local_self,rezero,8,1,weight,18,0.16776977
local_self,rezero,8,1,weight,19,0.23734592
local_self,rezero,8,1,weight,20,0.0028335634
local_self,rezero,8,1,weight,21,0.0030412052
local_self,rezero,8,1,weight,22,0.09612992
local_self,rezero,8,1,weight,23,0.06960878
local_self,rezero,8,1,weight,24,0.11824256
local_self,rezero,8,1,weight,25,0.0018940871
local_self,rezero,8,1,weight,26,0.0020217302
local_self,rezero,8,1,weight,27,0.07297563
local_self,rezero,8,1,weight,28,0.037243985
local_self,rezero,8,1,weight,29,0.056461748
local_self,rezero,8,1,weight,30,0.0016382546
local_self,rezero,8,1,weight,31,0.0015739168
local_self,rezero,8,1,weight,32,0.025432475
local_self,rezero,8,1,weight,33,0.022284087
local_self,rezero,8,1,weight,34,0.041517317
local_self,rezero,8,1,weight,35,0.0014434375
local_self,rezero,8,1,weight,36,0.0013163707
local_self,rezero,8,1,weight,37,0.012704461
local_self,rezero,8,1,weight,38,0.013410127
local_self,rezero,8,1,weight,39,0.03877311
local_self,rezero,8,1,weight,40,0.0009417094
local_self,rezero,8,1,weight,41,0.0011068621
local_self,rezero,8,1,scale,1,0.00043861824
local_self,rezero,8,1,scale,2,0.014850446
local_self,rezero,8,1,scale,3,0.0039502885
local_self,rezero,8,1,scale,4,0.0015542064
local_self,rezero,8,1,scale,5,7.527981e-5
local_self,rezero,8,1,scale,6,0.00075023726
local_self,rezero,8,1,scale,7,0.00016680268
local_self,rezero,8,1,scale,8,4.8888687e-6
local_self,rezero,16,1,alpha,1,23.229156
local_self,rezero,16,1,alpha,2,0.059340283
local_self,rezero,16,1,alpha,3,64.84281
local_self,rezero,16,1,alpha,4,0.20336714
local_self,rezero,16,1,alpha,5,58.71349
local_self,rezero,16,1,alpha,6,0.032151848
local_self,rezero,16,1,alpha,7,21.15933
local_self,rezero,16,1,alpha,8,0.07072143
local_self,rezero,16,1,alpha,9,4.4327126
local_self,rezero,16,1,alpha,10,0.0416193
local_self,rezero,16,1,alpha,11,3.0219455
local_self,rezero,16,1,alpha,12,0.0150593985
local_self,rezero,16,1,alpha,13,3.7938864
local_self,rezero,16,1,alpha,14,0.007357583
local_self,rezero,16,1,alpha,15,0.33515906
local_self,rezero,16,1,alpha,16,2.3294007e-5
local_self,rezero,16,1,alpha,17,2.8099365
local_self,rezero,16,1,alpha,18,0.0027308627
local_self,rezero,16,1,alpha,19,0.12717599
local_self,rezero,16,1,alpha,20,0.001973645
local_self,rezero,16,1,alpha,21,0.22158423
local_self,rezero,16,1,alpha,22,0.00026448668
local_self,rezero,16,1,alpha,23,0.16030952
local_self,rezero,16,1,alpha,24,6.398039e-5
local_self,rezero,16,1,alpha,25,0.09659146
local_self,rezero,16,1,alpha,26,0.00066359906
local_self,rezero,16,1,alpha,27,0.026303891
local_self,rezero,16,1,alpha,28,8.785993e-5
local_self,rezero,16,1,alpha,29,0.044182085
local_self,rezero,16,1,alpha,30,0.00019680426
local_self,rezero,16,1,alpha,31,0.03162492
local_self,rezero,16,1,alpha,32,5.8192214e-5
local_self,rezero,16,1,log_neg_lambda,1,33.012497
local_self,rezero,16,1,log_neg_lambda,2,2.2561088
local_self,rezero,16,1,log_neg_lambda,3,4.402582
local_self,rezero,16,1,log_neg_lambda,4,3.1898513
local_self,rezero,16,1,log_neg_lambda,5,0.008405548
local_self,rezero,16,1,log_neg_lambda,6,0.0053674732
local_self,rezero,16,1,log_neg_lambda,7,1.2493312
local_self,rezero,16,1,log_neg_lambda,8,3.750014
local_self,rezero,16,1,log_neg_lambda,9,3.0237963
local_self,rezero,16,1,log_neg_lambda,10,0.008355659
local_self,rezero,16,1,log_neg_lambda,11,0.00729694
local_self,rezero,16,1,log_neg_lambda,12,7.7182145
local_self,rezero,16,1,log_neg_lambda,13,3.1892486
local_self,rezero,16,1,log_neg_lambda,14,2.136637
local_self,rezero,16,1,log_neg_lambda,15,0.0020936825
local_self,rezero,16,1,log_neg_lambda,16,0.003219666
local_self,rezero,16,1,log_neg_lambda,17,0.5820795
local_self,rezero,16,1,log_neg_lambda,18,0.734892
local_self,rezero,16,1,log_neg_lambda,19,0.9020272
local_self,rezero,16,1,log_neg_lambda,20,0.001277453
local_self,rezero,16,1,log_neg_lambda,21,0.001962964
local_self,rezero,16,1,log_neg_lambda,22,0.24306642
local_self,rezero,16,1,log_neg_lambda,23,0.34817544
local_self,rezero,16,1,log_neg_lambda,24,0.81372464
local_self,rezero,16,1,log_neg_lambda,25,0.0008659218
local_self,rezero,16,1,log_neg_lambda,26,0.000811985
local_self,rezero,16,1,log_neg_lambda,27,0.26879853
local_self,rezero,16,1,log_neg_lambda,28,0.1725662
local_self,rezero,16,1,log_neg_lambda,29,0.23358543
local_self,rezero,16,1,log_neg_lambda,30,0.00046856358
local_self,rezero,16,1,log_neg_lambda,31,0.0003887889
local_self,rezero,16,1,log_neg_lambda,32,0.081866644
local_self,rezero,16,1,log_neg_lambda,33,0.06364897
local_self,rezero,16,1,log_neg_lambda,34,0.12039046
local_self,rezero,16,1,log_neg_lambda,35,0.0001511722
local_self,rezero,16,1,log_neg_lambda,36,0.00011813588
local_self,rezero,16,1,log_neg_lambda,37,0.07183483
local_self,rezero,16,1,log_neg_lambda,38,0.0502998
local_self,rezero,16,1,log_neg_lambda,39,0.08271571
local_self,rezero,16,1,log_neg_lambda,40,0.00011298222
local_self,rezero,16,1,log_neg_lambda,41,0.00010038911
local_self,rezero,16,1,log_neg_lambda,42,0.02215371
local_self,rezero,16,1,log_neg_lambda,43,0.05259132
local_self,rezero,16,1,log_neg_lambda,44,0.05814165
local_self,rezero,16,1,log_neg_lambda,45,6.42301e-5
local_self,rezero,16,1,log_neg_lambda,46,6.648807e-5
local_self,rezero,16,1,log_neg_lambda,47,0.031113923
local_self,rezero,16,1,log_neg_lambda,48,0.0251416
local_self,rezero,16,1,log_neg_lambda,49,0.04591681
local_self,rezero,16,1,log_neg_lambda,50,3.6909067e-5
local_self,rezero,16,1,log_neg_lambda,51,3.2810694e-5
local_self,rezero,16,1,log_neg_lambda,52,0.007965842
local_self,rezero,16,1,log_neg_lambda,53,0.012818878
local_self,rezero,16,1,log_neg_lambda,54,0.010321313
local_self,rezero,16,1,log_neg_lambda,55,1.5968739e-5
local_self,rezero,16,1,log_neg_lambda,56,1.3472481e-5
local_self,rezero,16,1,log_neg_lambda,57,0.00491277
local_self,rezero,16,1,log_neg_lambda,58,0.0053510526
local_self,rezero,16,1,log_neg_lambda,59,0.0086504035
local_self,rezero,16,1,log_neg_lambda,60,1.0917684e-5
local_self,rezero,16,1,log_neg_lambda,61,1.2933312e-5
local_self,rezero,16,1,log_neg_lambda,62,0.003780966
local_self,rezero,16,1,log_neg_lambda,63,0.0041836593
local_self,rezero,16,1,log_neg_lambda,64,0.006087631
local_self,rezero,16,1,log_neg_lambda,65,6.5930485e-6
local_self,rezero,16,1,log_neg_lambda,66,9.047021e-6
local_self,rezero,16,1,log_neg_lambda,67,0.0021917429
local_self,rezero,16,1,log_neg_lambda,68,0.0021928253
local_self,rezero,16,1,log_neg_lambda,69,0.005406716
local_self,rezero,16,1,log_neg_lambda,70,3.073368e-6
local_self,rezero,16,1,log_neg_lambda,71,6.574244e-6
local_self,rezero,16,1,log_neg_lambda,72,0.0009918836
local_self,rezero,16,1,log_neg_lambda,73,0.0009600986
local_self,rezero,16,1,log_neg_lambda,74,0.0016309789
local_self,rezero,16,1,log_neg_lambda,75,2.357514e-6
local_self,rezero,16,1,log_neg_lambda,76,2.5414258e-6
local_self,rezero,16,1,log_neg_lambda,77,0.00042800713
local_self,rezero,16,1,log_neg_lambda,78,0.0005412846
local_self,rezero,16,1,log_neg_lambda,79,0.00096639997
local_self,rezero,16,1,log_neg_lambda,80,1.7104813e-6
local_self,rezero,16,1,log_neg_lambda,81,1.3054228e-6
local_self,rezero,16,1,weight,1,4400.9707
local_self,rezero,16,1,weight,2,151.70074
local_self,rezero,16,1,weight,3,1242.148
local_self,rezero,16,1,weight,4,147.65143
local_self,rezero,16,1,weight,5,2.1421018
local_self,rezero,16,1,weight,6,2.0820246
local_self,rezero,16,1,weight,7,24.589993
local_self,rezero,16,1,weight,8,60.19167
local_self,rezero,16,1,weight,9,82.31407
local_self,rezero,16,1,weight,10,1.4378586
local_self,rezero,16,1,weight,11,1.3567299
local_self,rezero,16,1,weight,12,121.16577
local_self,rezero,16,1,weight,13,63.600727
local_self,rezero,16,1,weight,14,62.34309
local_self,rezero,16,1,weight,15,0.6382512
local_self,rezero,16,1,weight,16,0.6751674
local_self,rezero,16,1,weight,17,22.79828
local_self,rezero,16,1,weight,18,23.646317
local_self,rezero,16,1,weight,19,20.842054
local_self,rezero,16,1,weight,20,0.49816513
local_self,rezero,16,1,weight,21,0.48097494
local_self,rezero,16,1,weight,22,7.039075
local_self,rezero,16,1,weight,23,7.247854
local_self,rezero,16,1,weight,24,17.134045
local_self,rezero,16,1,weight,25,0.30535373
local_self,rezero,16,1,weight,26,0.33243448
local_self,rezero,16,1,weight,27,9.1118965
local_self,rezero,16,1,weight,28,3.161149
local_self,rezero,16,1,weight,29,5.93662
local_self,rezero,16,1,weight,30,0.12896569
local_self,rezero,16,1,weight,31,0.12775691
local_self,rezero,16,1,weight,32,1.9143595
local_self,rezero,16,1,weight,33,3.882754
local_self,rezero,16,1,weight,34,9.918909
local_self,rezero,16,1,weight,35,0.049826093
local_self,rezero,16,1,weight,36,0.050115556
local_self,rezero,16,1,weight,37,1.6172448
local_self,rezero,16,1,weight,38,1.4819452
local_self,rezero,16,1,weight,39,3.18266
local_self,rezero,16,1,weight,40,0.031227643
local_self,rezero,16,1,weight,41,0.030713212
local_self,rezero,16,1,weight,42,0.6608773
local_self,rezero,16,1,weight,43,0.85017556
local_self,rezero,16,1,weight,44,0.91715896
local_self,rezero,16,1,weight,45,0.023708813
local_self,rezero,16,1,weight,46,0.021526909
local_self,rezero,16,1,weight,47,0.57763195
local_self,rezero,16,1,weight,48,1.1377274
local_self,rezero,16,1,weight,49,0.7703085
local_self,rezero,16,1,weight,50,0.012657042
local_self,rezero,16,1,weight,51,0.013402324
local_self,rezero,16,1,weight,52,0.22683199
local_self,rezero,16,1,weight,53,0.68105704
local_self,rezero,16,1,weight,54,0.3121819
local_self,rezero,16,1,weight,55,0.0051644216
local_self,rezero,16,1,weight,56,0.0057500214
local_self,rezero,16,1,weight,57,0.11902826
local_self,rezero,16,1,weight,58,0.17014185
local_self,rezero,16,1,weight,59,0.19598849
local_self,rezero,16,1,weight,60,0.0035789183
local_self,rezero,16,1,weight,61,0.0037624685
local_self,rezero,16,1,weight,62,0.13924101
local_self,rezero,16,1,weight,63,0.09787005
local_self,rezero,16,1,weight,64,0.12726028
local_self,rezero,16,1,weight,65,0.00249824
local_self,rezero,16,1,weight,66,0.0023296566
local_self,rezero,16,1,weight,67,0.048948694
local_self,rezero,16,1,weight,68,0.048198596
local_self,rezero,16,1,weight,69,0.121930614
local_self,rezero,16,1,weight,70,0.0013082334
local_self,rezero,16,1,weight,71,0.0013104887
local_self,rezero,16,1,weight,72,0.024663026
local_self,rezero,16,1,weight,73,0.024622627
local_self,rezero,16,1,weight,74,0.071135975
local_self,rezero,16,1,weight,75,0.0010923799
local_self,rezero,16,1,weight,76,0.0010871944
local_self,rezero,16,1,weight,77,0.0114402175
local_self,rezero,16,1,weight,78,0.01444414
local_self,rezero,16,1,weight,79,0.022354385
local_self,rezero,16,1,weight,80,0.0009724312
local_self,rezero,16,1,weight,81,0.00093755603
local_self,rezero,16,1,scale,1,0.5615516
local_self,rezero,16,1,scale,2,0.6114613
local_self,rezero,16,1,scale,3,0.15326199
local_self,rezero,16,1,scale,4,0.24086657
local_self,rezero,16,1,scale,5,0.13985287
local_self,rezero,16,1,scale,6,0.15744203
local_self,rezero,16,1,scale,7,0.03392328
local_self,rezero,16,1,scale,8,0.047780324
local_self,rezero,16,1,scale,9,0.003399991
local_self,rezero,16,1,scale,10,0.007888291
local_self,rezero,16,1,scale,11,0.00041873142
local_self,rezero,16,1,scale,12,0.0011354045
local_self,rezero,16,1,scale,13,0.00085953687
local_self,rezero,16,1,scale,14,0.00072521786
local_self,rezero,16,1,scale,15,0.0006964812
local_self,rezero,16,1,scale,16,5.542372e-5
local_self,rezero_recenter,1,1,alpha,1,0.005203923
local_self,rezero_recenter,1,1,alpha,2,0.00011311463
local_self,rezero_recenter,1,1,log_neg_lambda,1,0.0122137545
local_self,rezero_recenter,1,1,log_neg_lambda,2,0.005993213
local_self,rezero_recenter,1,1,log_neg_lambda,3,0.0017043621
local_self,rezero_recenter,1,1,log_neg_lambda,4,0.0009419865
local_self,rezero_recenter,1,1,log_neg_lambda,5,1.7884286e-6
local_self,rezero_recenter,1,1,log_neg_lambda,6,1.6012234e-6
local_self,rezero_recenter,1,1,weight,1,0.5662134
local_self,rezero_recenter,1,1,weight,2,0.073920436
local_self,rezero_recenter,1,1,weight,3,0.027991425
local_self,rezero_recenter,1,1,weight,4,0.026160875
local_self,rezero_recenter,1,1,weight,5,0.0008397515
local_self,rezero_recenter,1,1,weight,6,0.0008051491
local_self,rezero_recenter,1,1,scale,1,0.00030296252
local_self,rezero_recenter,2,1,alpha,1,0.031085454
local_self,rezero_recenter,2,1,alpha,2,8.087751e-5
local_self,rezero_recenter,2,1,alpha,3,0.033470456
local_self,rezero_recenter,2,1,alpha,4,2.0007981e-5
local_self,rezero_recenter,2,1,log_neg_lambda,1,0.38304725
local_self,rezero_recenter,2,1,log_neg_lambda,2,0.0076532313
local_self,rezero_recenter,2,1,log_neg_lambda,3,0.0023810726
local_self,rezero_recenter,2,1,log_neg_lambda,4,0.0018108072
local_self,rezero_recenter,2,1,log_neg_lambda,5,3.8778444e-6
local_self,rezero_recenter,2,1,log_neg_lambda,6,2.2385827e-6
local_self,rezero_recenter,2,1,log_neg_lambda,7,0.00060435454
local_self,rezero_recenter,2,1,log_neg_lambda,8,0.0007841663
local_self,rezero_recenter,2,1,log_neg_lambda,9,0.000989888
local_self,rezero_recenter,2,1,log_neg_lambda,10,2.0402636e-6
local_self,rezero_recenter,2,1,log_neg_lambda,11,1.7601894e-6
local_self,rezero_recenter,2,1,weight,1,2.3439255
local_self,rezero_recenter,2,1,weight,2,0.11503076
local_self,rezero_recenter,2,1,weight,3,0.09932374
local_self,rezero_recenter,2,1,weight,4,0.07931108
local_self,rezero_recenter,2,1,weight,5,0.0016982111
local_self,rezero_recenter,2,1,weight,6,0.0014256779
local_self,rezero_recenter,2,1,weight,7,0.018023007
local_self,rezero_recenter,2,1,weight,8,0.044606842
local_self,rezero_recenter,2,1,weight,9,0.023931153
local_self,rezero_recenter,2,1,weight,10,0.00090374594
local_self,rezero_recenter,2,1,weight,11,0.00083214766
local_self,rezero_recenter,2,1,scale,1,0.00014800383
local_self,rezero_recenter,2,1,scale,2,0.00017522367
local_self,rezero_recenter,4,1,alpha,1,0.23775575
local_self,rezero_recenter,4,1,alpha,2,0.0005260067
local_self,rezero_recenter,4,1,alpha,3,0.28730816
local_self,rezero_recenter,4,1,alpha,4,0.00024966968
local_self,rezero_recenter,4,1,alpha,5,0.018354934
local_self,rezero_recenter,4,1,alpha,6,4.9326365e-5
local_self,rezero_recenter,4,1,alpha,7,0.0080159595
local_self,rezero_recenter,4,1,alpha,8,1.3553194e-5
local_self,rezero_recenter,4,1,log_neg_lambda,1,0.29283565
local_self,rezero_recenter,4,1,log_neg_lambda,2,0.034452092
local_self,rezero_recenter,4,1,log_neg_lambda,3,0.009110715
local_self,rezero_recenter,4,1,log_neg_lambda,4,0.012711202
local_self,rezero_recenter,4,1,log_neg_lambda,5,1.23426535e-5
local_self,rezero_recenter,4,1,log_neg_lambda,6,1.0732972e-5
local_self,rezero_recenter,4,1,log_neg_lambda,7,0.0028971438
local_self,rezero_recenter,4,1,log_neg_lambda,8,0.0038462274
local_self,rezero_recenter,4,1,log_neg_lambda,9,0.005268179
local_self,rezero_recenter,4,1,log_neg_lambda,10,8.329263e-6
local_self,rezero_recenter,4,1,log_neg_lambda,11,1.0362859e-5
local_self,rezero_recenter,4,1,log_neg_lambda,12,0.0037027255
local_self,rezero_recenter,4,1,log_neg_lambda,13,0.00313137
local_self,rezero_recenter,4,1,log_neg_lambda,14,0.001893864
local_self,rezero_recenter,4,1,log_neg_lambda,15,2.376074e-6
local_self,rezero_recenter,4,1,log_neg_lambda,16,2.4170943e-6
local_self,rezero_recenter,4,1,log_neg_lambda,17,0.0005055621
local_self,rezero_recenter,4,1,log_neg_lambda,18,0.00051410234
local_self,rezero_recenter,4,1,log_neg_lambda,19,0.0010335123
local_self,rezero_recenter,4,1,log_neg_lambda,20,1.8857841e-6
local_self,rezero_recenter,4,1,log_neg_lambda,21,2.0446844e-6
local_self,rezero_recenter,4,1,weight,1,2.4771667
local_self,rezero_recenter,4,1,weight,2,0.42049384
local_self,rezero_recenter,4,1,weight,3,0.21470828
local_self,rezero_recenter,4,1,weight,4,0.51496404
local_self,rezero_recenter,4,1,weight,5,0.0033535857
local_self,rezero_recenter,4,1,weight,6,0.0030469636
local_self,rezero_recenter,4,1,weight,7,0.08884124
local_self,rezero_recenter,4,1,weight,8,0.10706246
local_self,rezero_recenter,4,1,weight,9,0.13162528
local_self,rezero_recenter,4,1,weight,10,0.0019081271
local_self,rezero_recenter,4,1,weight,11,0.0017364307
local_self,rezero_recenter,4,1,weight,12,0.049500413
local_self,rezero_recenter,4,1,weight,13,0.07154096
local_self,rezero_recenter,4,1,weight,14,0.100394756
local_self,rezero_recenter,4,1,weight,15,0.00096676976
local_self,rezero_recenter,4,1,weight,16,0.00086585997
local_self,rezero_recenter,4,1,weight,17,0.014841389
local_self,rezero_recenter,4,1,weight,18,0.013598102
local_self,rezero_recenter,4,1,weight,19,0.023135686
local_self,rezero_recenter,4,1,weight,20,0.00092913175
local_self,rezero_recenter,4,1,weight,21,0.0009125519
local_self,rezero_recenter,4,1,scale,1,0.0032873005
local_self,rezero_recenter,4,1,scale,2,0.0008575605
local_self,rezero_recenter,4,1,scale,3,0.0015745227
local_self,rezero_recenter,4,1,scale,4,0.00029414438
local_self,rezero_recenter,8,1,alpha,1,4.718623
local_self,rezero_recenter,8,1,alpha,2,0.0013893367
local_self,rezero_recenter,8,1,alpha,3,0.9237932
local_self,rezero_recenter,8,1,alpha,4,0.0016325053
local_self,rezero_recenter,8,1,alpha,5,0.70230675
local_self,rezero_recenter,8,1,alpha,6,0.0015611072
local_self,rezero_recenter,8,1,alpha,7,0.14207439
local_self,rezero_recenter,8,1,alpha,8,0.0003028114
local_self,rezero_recenter,8,1,alpha,9,0.115857415
local_self,rezero_recenter,8,1,alpha,10,4.251932e-5
local_self,rezero_recenter,8,1,alpha,11,0.18172371
local_self,rezero_recenter,8,1,alpha,12,4.2679385e-6
local_self,rezero_recenter,8,1,alpha,13,0.034120943
local_self,rezero_recenter,8,1,alpha,14,3.515755e-5
local_self,rezero_recenter,8,1,alpha,15,0.036404666
local_self,rezero_recenter,8,1,alpha,16,0.00014732603
local_self,rezero_recenter,8,1,log_neg_lambda,1,1.3250374
local_self,rezero_recenter,8,1,log_neg_lambda,2,0.063216664
local_self,rezero_recenter,8,1,log_neg_lambda,3,0.15325822
local_self,rezero_recenter,8,1,log_neg_lambda,4,0.43784133
local_self,rezero_recenter,8,1,log_neg_lambda,5,0.00035916214
local_self,rezero_recenter,8,1,log_neg_lambda,6,0.00031915994
local_self,rezero_recenter,8,1,log_neg_lambda,7,0.09116841
local_self,rezero_recenter,8,1,log_neg_lambda,8,0.18698053
local_self,rezero_recenter,8,1,log_neg_lambda,9,0.1144889
local_self,rezero_recenter,8,1,log_neg_lambda,10,0.00025357978
local_self,rezero_recenter,8,1,log_neg_lambda,11,0.00020412476
local_self,rezero_recenter,8,1,log_neg_lambda,12,0.04202916
local_self,rezero_recenter,8,1,log_neg_lambda,13,0.15296073
local_self,rezero_recenter,8,1,log_neg_lambda,14,0.06982712
local_self,rezero_recenter,8,1,log_neg_lambda,15,0.00017874541
local_self,rezero_recenter,8,1,log_neg_lambda,16,0.00026658896
local_self,rezero_recenter,8,1,log_neg_lambda,17,0.00879207
local_self,rezero_recenter,8,1,log_neg_lambda,18,0.010616985
local_self,rezero_recenter,8,1,log_neg_lambda,19,0.013871194
local_self,rezero_recenter,8,1,log_neg_lambda,20,8.232045e-6
local_self,rezero_recenter,8,1,log_neg_lambda,21,8.4743115e-6
local_self,rezero_recenter,8,1,log_neg_lambda,22,0.0039192634
local_self,rezero_recenter,8,1,log_neg_lambda,23,0.0029742557
local_self,rezero_recenter,8,1,log_neg_lambda,24,0.0073313075
local_self,rezero_recenter,8,1,log_neg_lambda,25,6.335177e-6
local_self,rezero_recenter,8,1,log_neg_lambda,26,5.7174566e-6
local_self,rezero_recenter,8,1,log_neg_lambda,27,0.0021528306
local_self,rezero_recenter,8,1,log_neg_lambda,28,0.0025556008
local_self,rezero_recenter,8,1,log_neg_lambda,29,0.003646819
local_self,rezero_recenter,8,1,log_neg_lambda,30,4.1123353e-6
local_self,rezero_recenter,8,1,log_neg_lambda,31,3.0363888e-6
local_self,rezero_recenter,8,1,log_neg_lambda,32,0.0076501784
local_self,rezero_recenter,8,1,log_neg_lambda,33,0.0026761645
local_self,rezero_recenter,8,1,log_neg_lambda,34,0.0017585539
local_self,rezero_recenter,8,1,log_neg_lambda,35,2.619946e-6
local_self,rezero_recenter,8,1,log_neg_lambda,36,2.6858706e-6
local_self,rezero_recenter,8,1,log_neg_lambda,37,0.00044568974
local_self,rezero_recenter,8,1,log_neg_lambda,38,0.00049369293
local_self,rezero_recenter,8,1,log_neg_lambda,39,0.0010616339
local_self,rezero_recenter,8,1,log_neg_lambda,40,1.89297e-6
local_self,rezero_recenter,8,1,log_neg_lambda,41,1.8283395e-6
local_self,rezero_recenter,8,1,weight,1,65.17998
local_self,rezero_recenter,8,1,weight,2,1.6423341
local_self,rezero_recenter,8,1,weight,3,3.2265728
local_self,rezero_recenter,8,1,weight,4,6.1735244
local_self,rezero_recenter,8,1,weight,5,0.05695562
local_self,rezero_recenter,8,1,weight,6,0.056550816
local_self,rezero_recenter,8,1,weight,7,6.7307415
local_self,rezero_recenter,8,1,weight,8,4.284634
local_self,rezero_recenter,8,1,weight,9,2.5667906
local_self,rezero_recenter,8,1,weight,10,0.027995165
local_self,rezero_recenter,8,1,weight,11,0.023360215
local_self,rezero_recenter,8,1,weight,12,1.2278548
local_self,rezero_recenter,8,1,weight,13,2.200202
local_self,rezero_recenter,8,1,weight,14,1.382623
local_self,rezero_recenter,8,1,weight,15,0.014768592
local_self,rezero_recenter,8,1,weight,16,0.014448479
local_self,rezero_recenter,8,1,weight,17,0.33219737
local_self,rezero_recenter,8,1,weight,18,1.7015625
local_self,rezero_recenter,8,1,weight,19,0.34295672
local_self,rezero_recenter,8,1,weight,20,0.0028714358
local_self,rezero_recenter,8,1,weight,21,0.0026642182
local_self,rezero_recenter,8,1,weight,22,0.10211713
local_self,rezero_recenter,8,1,weight,23,0.08762555
local_self,rezero_recenter,8,1,weight,24,0.24058141
local_self,rezero_recenter,8,1,weight,25,0.0017004592
local_self,rezero_recenter,8,1,weight,26,0.0020683487
local_self,rezero_recenter,8,1,weight,27,0.045919042
local_self,rezero_recenter,8,1,weight,28,0.12607789
local_self,rezero_recenter,8,1,weight,29,0.08703845
local_self,rezero_recenter,8,1,weight,30,0.0010427099
local_self,rezero_recenter,8,1,weight,31,0.0014358066
local_self,rezero_recenter,8,1,weight,32,0.06571551
local_self,rezero_recenter,8,1,weight,33,0.041562285
local_self,rezero_recenter,8,1,weight,34,0.08279459
local_self,rezero_recenter,8,1,weight,35,0.0010137033
local_self,rezero_recenter,8,1,weight,36,0.0010688296
local_self,rezero_recenter,8,1,weight,37,0.019087829
local_self,rezero_recenter,8,1,weight,38,0.018050214
local_self,rezero_recenter,8,1,weight,39,0.021508452
local_self,rezero_recenter,8,1,weight,40,0.0006461041
local_self,rezero_recenter,8,1,weight,41,0.0005857285
local_self,rezero_recenter,8,1,scale,1,0.037462812
local_self,rezero_recenter,8,1,scale,2,0.0272286
local_self,rezero_recenter,8,1,scale,3,0.06398946
local_self,rezero_recenter,8,1,scale,4,0.002058086
local_self,rezero_recenter,8,1,scale,5,0.00080860185
local_self,rezero_recenter,8,1,scale,6,0.00017448477
local_self,rezero_recenter,8,1,scale,7,0.00073018007
local_self,rezero_recenter,8,1,scale,8,3.2027652e-5
local_self,rezero_recenter,16,1,alpha,1,126.73679
local_self,rezero_recenter,16,1,alpha,2,0.11651699
local_self,rezero_recenter,16,1,alpha,3,73.46724
local_self,rezero_recenter,16,1,alpha,4,0.12367648
local_self,rezero_recenter,16,1,alpha,5,48.866177
local_self,rezero_recenter,16,1,alpha,6,0.016965408
local_self,rezero_recenter,16,1,alpha,7,16.455631
local_self,rezero_recenter,16,1,alpha,8,0.019656008
local_self,rezero_recenter,16,1,alpha,9,7.510062
local_self,rezero_recenter,16,1,alpha,10,0.03465014
local_self,rezero_recenter,16,1,alpha,11,4.130636
local_self,rezero_recenter,16,1,alpha,12,0.0006103541
local_self,rezero_recenter,16,1,alpha,13,2.9366884
local_self,rezero_recenter,16,1,alpha,14,0.0056668287
local_self,rezero_recenter,16,1,alpha,15,1.2342062
local_self,rezero_recenter,16,1,alpha,16,0.0032105683
local_self,rezero_recenter,16,1,alpha,17,0.21899746
local_self,rezero_recenter,16,1,alpha,18,0.0024404752
local_self,rezero_recenter,16,1,alpha,19,0.5328045
local_self,rezero_recenter,16,1,alpha,20,0.0017700403
local_self,rezero_recenter,16,1,alpha,21,0.3234434
local_self,rezero_recenter,16,1,alpha,22,0.00056127255
local_self,rezero_recenter,16,1,alpha,23,0.07791463
local_self,rezero_recenter,16,1,alpha,24,3.2676355e-5
local_self,rezero_recenter,16,1,alpha,25,0.15372416
local_self,rezero_recenter,16,1,alpha,26,5.646002e-5
local_self,rezero_recenter,16,1,alpha,27,0.064335436
local_self,rezero_recenter,16,1,alpha,28,1.6612626e-5
local_self,rezero_recenter,16,1,alpha,29,0.0067772474
local_self,rezero_recenter,16,1,alpha,30,1.695463e-5
local_self,rezero_recenter,16,1,alpha,31,0.037543602
local_self,rezero_recenter,16,1,alpha,32,3.648161e-5
local_self,rezero_recenter,16,1,log_neg_lambda,1,43.144844
local_self,rezero_recenter,16,1,log_neg_lambda,2,3.88076
local_self,rezero_recenter,16,1,log_neg_lambda,3,2.626203
local_self,rezero_recenter,16,1,log_neg_lambda,4,11.06366
local_self,rezero_recenter,16,1,log_neg_lambda,5,0.012529455
local_self,rezero_recenter,16,1,log_neg_lambda,6,0.007564415
local_self,rezero_recenter,16,1,log_neg_lambda,7,2.6257613
local_self,rezero_recenter,16,1,log_neg_lambda,8,3.7364433
local_self,rezero_recenter,16,1,log_neg_lambda,9,3.4335065
local_self,rezero_recenter,16,1,log_neg_lambda,10,0.0073734415
local_self,rezero_recenter,16,1,log_neg_lambda,11,0.00645825
local_self,rezero_recenter,16,1,log_neg_lambda,12,1.4663552
local_self,rezero_recenter,16,1,log_neg_lambda,13,4.7007437
local_self,rezero_recenter,16,1,log_neg_lambda,14,2.3689163
local_self,rezero_recenter,16,1,log_neg_lambda,15,0.005368702
local_self,rezero_recenter,16,1,log_neg_lambda,16,0.0077483444
local_self,rezero_recenter,16,1,log_neg_lambda,17,1.1164402
local_self,rezero_recenter,16,1,log_neg_lambda,18,1.2646719
local_self,rezero_recenter,16,1,log_neg_lambda,19,1.2312756
local_self,rezero_recenter,16,1,log_neg_lambda,20,0.00066805433
local_self,rezero_recenter,16,1,log_neg_lambda,21,0.00086203445
local_self,rezero_recenter,16,1,log_neg_lambda,22,0.18445243
local_self,rezero_recenter,16,1,log_neg_lambda,23,0.30331817
local_self,rezero_recenter,16,1,log_neg_lambda,24,0.5558261
local_self,rezero_recenter,16,1,log_neg_lambda,25,0.00056218717
local_self,rezero_recenter,16,1,log_neg_lambda,26,0.00082699064
local_self,rezero_recenter,16,1,log_neg_lambda,27,0.52662355
local_self,rezero_recenter,16,1,log_neg_lambda,28,0.17212398
local_self,rezero_recenter,16,1,log_neg_lambda,29,0.27131367
local_self,rezero_recenter,16,1,log_neg_lambda,30,0.00019573841
local_self,rezero_recenter,16,1,log_neg_lambda,31,0.00012155392
local_self,rezero_recenter,16,1,log_neg_lambda,32,0.076673895
local_self,rezero_recenter,16,1,log_neg_lambda,33,0.073258236
local_self,rezero_recenter,16,1,log_neg_lambda,34,0.101435624
local_self,rezero_recenter,16,1,log_neg_lambda,35,0.00010136182
local_self,rezero_recenter,16,1,log_neg_lambda,36,0.00014062703
local_self,rezero_recenter,16,1,log_neg_lambda,37,0.059219
local_self,rezero_recenter,16,1,log_neg_lambda,38,0.038885593
local_self,rezero_recenter,16,1,log_neg_lambda,39,0.07316192
local_self,rezero_recenter,16,1,log_neg_lambda,40,7.247784e-5
local_self,rezero_recenter,16,1,log_neg_lambda,41,4.9066417e-5
local_self,rezero_recenter,16,1,log_neg_lambda,42,0.024451634
local_self,rezero_recenter,16,1,log_neg_lambda,43,0.021533383
local_self,rezero_recenter,16,1,log_neg_lambda,44,0.035094768
local_self,rezero_recenter,16,1,log_neg_lambda,45,5.605397e-5
local_self,rezero_recenter,16,1,log_neg_lambda,46,4.4651984e-5
local_self,rezero_recenter,16,1,log_neg_lambda,47,0.022056641
local_self,rezero_recenter,16,1,log_neg_lambda,48,0.029750377
local_self,rezero_recenter,16,1,log_neg_lambda,49,0.055428553
local_self,rezero_recenter,16,1,log_neg_lambda,50,2.5399353e-5
local_self,rezero_recenter,16,1,log_neg_lambda,51,2.4934832e-5
local_self,rezero_recenter,16,1,log_neg_lambda,52,0.019544326
local_self,rezero_recenter,16,1,log_neg_lambda,53,0.012048132
local_self,rezero_recenter,16,1,log_neg_lambda,54,0.014915976
local_self,rezero_recenter,16,1,log_neg_lambda,55,2.3519415e-5
local_self,rezero_recenter,16,1,log_neg_lambda,56,2.33936e-5
local_self,rezero_recenter,16,1,log_neg_lambda,57,0.006247305
local_self,rezero_recenter,16,1,log_neg_lambda,58,0.005762488
local_self,rezero_recenter,16,1,log_neg_lambda,59,0.0071210456
local_self,rezero_recenter,16,1,log_neg_lambda,60,1.41087085e-5
local_self,rezero_recenter,16,1,log_neg_lambda,61,1.1453659e-5
local_self,rezero_recenter,16,1,log_neg_lambda,62,0.005315072
local_self,rezero_recenter,16,1,log_neg_lambda,63,0.0040049558
local_self,rezero_recenter,16,1,log_neg_lambda,64,0.008536033
local_self,rezero_recenter,16,1,log_neg_lambda,65,1.2201043e-5
local_self,rezero_recenter,16,1,log_neg_lambda,66,5.705349e-6
local_self,rezero_recenter,16,1,log_neg_lambda,67,0.0037178583
local_self,rezero_recenter,16,1,log_neg_lambda,68,0.002290897
local_self,rezero_recenter,16,1,log_neg_lambda,69,0.004490969
local_self,rezero_recenter,16,1,log_neg_lambda,70,2.4350106e-6
local_self,rezero_recenter,16,1,log_neg_lambda,71,2.5805496e-6
local_self,rezero_recenter,16,1,log_neg_lambda,72,0.00086178695
local_self,rezero_recenter,16,1,log_neg_lambda,73,0.0016562421
local_self,rezero_recenter,16,1,log_neg_lambda,74,0.0013553221
local_self,rezero_recenter,16,1,log_neg_lambda,75,1.815951e-6
local_self,rezero_recenter,16,1,log_neg_lambda,76,1.6163385e-6
local_self,rezero_recenter,16,1,log_neg_lambda,77,0.00056373497
local_self,rezero_recenter,16,1,log_neg_lambda,78,0.0005408269
local_self,rezero_recenter,16,1,log_neg_lambda,79,0.0008738986
local_self,rezero_recenter,16,1,log_neg_lambda,80,1.3231311e-6
local_self,rezero_recenter,16,1,log_neg_lambda,81,1.5862144e-6
local_self,rezero_recenter,16,1,weight,1,1402.3534
local_self,rezero_recenter,16,1,weight,2,71.81481
local_self,rezero_recenter,16,1,weight,3,111.006966
local_self,rezero_recenter,16,1,weight,4,212.39821
local_self,rezero_recenter,16,1,weight,5,1.3755516
local_self,rezero_recenter,16,1,weight,6,1.3523359
local_self,rezero_recenter,16,1,weight,7,107.52891
local_self,rezero_recenter,16,1,weight,8,107.43276
local_self,rezero_recenter,16,1,weight,9,73.23653
local_self,rezero_recenter,16,1,weight,10,0.90239805
local_self,rezero_recenter,16,1,weight,11,0.87901497
local_self,rezero_recenter,16,1,weight,12,39.71415
local_self,rezero_recenter,16,1,weight,13,66.20007
local_self,rezero_recenter,16,1,weight,14,56.796684
local_self,rezero_recenter,16,1,weight,15,0.6321255
local_self,rezero_recenter,16,1,weight,16,0.5595374
local_self,rezero_recenter,16,1,weight,17,20.795738
local_self,rezero_recenter,16,1,weight,18,61.458965
local_self,rezero_recenter,16,1,weight,19,67.57947
local_self,rezero_recenter,16,1,weight,20,0.23040614
local_self,rezero_recenter,16,1,weight,21,0.26755613
local_self,rezero_recenter,16,1,weight,22,4.7279744
local_self,rezero_recenter,16,1,weight,23,5.4967685
local_self,rezero_recenter,16,1,weight,24,11.283422
local_self,rezero_recenter,16,1,weight,25,0.16671087
local_self,rezero_recenter,16,1,weight,26,0.18172196
local_self,rezero_recenter,16,1,weight,27,7.1140056
local_self,rezero_recenter,16,1,weight,28,4.8480377
local_self,rezero_recenter,16,1,weight,29,4.877741
local_self,rezero_recenter,16,1,weight,30,0.04493389
local_self,rezero_recenter,16,1,weight,31,0.042019345
local_self,rezero_recenter,16,1,weight,32,1.228259
local_self,rezero_recenter,16,1,weight,33,1.8361144
local_self,rezero_recenter,16,1,weight,34,3.1167846
local_self,rezero_recenter,16,1,weight,35,0.033115376
local_self,rezero_recenter,16,1,weight,36,0.03826366
local_self,rezero_recenter,16,1,weight,37,1.2294227
local_self,rezero_recenter,16,1,weight,38,0.82883644
local_self,rezero_recenter,16,1,weight,39,1.1987606
local_self,rezero_recenter,16,1,weight,40,0.014835555
local_self,rezero_recenter,16,1,weight,41,0.015179915
local_self,rezero_recenter,16,1,weight,42,0.5158875
local_self,rezero_recenter,16,1,weight,43,0.5078471
local_self,rezero_recenter,16,1,weight,44,1.0297314
local_self,rezero_recenter,16,1,weight,45,0.01339911
local_self,rezero_recenter,16,1,weight,46,0.011799296
local_self,rezero_recenter,16,1,weight,47,0.6155564
local_self,rezero_recenter,16,1,weight,48,0.896978
local_self,rezero_recenter,16,1,weight,49,0.70801
local_self,rezero_recenter,16,1,weight,50,0.0076272516
local_self,rezero_recenter,16,1,weight,51,0.007051664
local_self,rezero_recenter,16,1,weight,52,1.1890875
local_self,rezero_recenter,16,1,weight,53,0.3624135
local_self,rezero_recenter,16,1,weight,54,0.25659302
local_self,rezero_recenter,16,1,weight,55,0.005578087
local_self,rezero_recenter,16,1,weight,56,0.00486179
local_self,rezero_recenter,16,1,weight,57,0.12560473
local_self,rezero_recenter,16,1,weight,58,0.15339702
local_self,rezero_recenter,16,1,weight,59,0.18737091
local_self,rezero_recenter,16,1,weight,60,0.0026809208
local_self,rezero_recenter,16,1,weight,61,0.0025469284
local_self,rezero_recenter,16,1,weight,62,0.14951593
local_self,rezero_recenter,16,1,weight,63,0.09835027
local_self,rezero_recenter,16,1,weight,64,0.11622412
local_self,rezero_recenter,16,1,weight,65,0.0014540949
local_self,rezero_recenter,16,1,weight,66,0.001501242
local_self,rezero_recenter,16,1,weight,67,0.06785913
local_self,rezero_recenter,16,1,weight,68,0.04926652
local_self,rezero_recenter,16,1,weight,69,0.07304611
local_self,rezero_recenter,16,1,weight,70,0.0007215126
local_self,rezero_recenter,16,1,weight,71,0.0006923176
local_self,rezero_recenter,16,1,weight,72,0.018585147
local_self,rezero_recenter,16,1,weight,73,0.024880903
local_self,rezero_recenter,16,1,weight,74,0.0264244
local_self,rezero_recenter,16,1,weight,75,0.0007549953
local_self,rezero_recenter,16,1,weight,76,0.0008083233
local_self,rezero_recenter,16,1,weight,77,0.013766276
local_self,rezero_recenter,16,1,weight,78,0.017777227
local_self,rezero_recenter,16,1,weight,79,0.019321088
local_self,rezero_recenter,16,1,weight,80,0.00058369985
local_self,rezero_recenter,16,1,weight,81,0.0005553521
local_self,rezero_recenter,16,1,scale,1,0.056476817
local_self,rezero_recenter,16,1,scale,2,0.7436651
local_self,rezero_recenter,16,1,scale,3,1.5115331
local_self,rezero_recenter,16,1,scale,4,0.20871681
local_self,rezero_recenter,16,1,scale,5,0.051239077
local_self,rezero_recenter,16,1,scale,6,0.015739849
local_self,rezero_recenter,16,1,scale,7,0.0132532185
local_self,rezero_recenter,16,1,scale,8,0.0025618295
local_self,rezero_recenter,16,1,scale,9,0.0013287303
local_self,rezero_recenter,16,1,scale,10,0.0010176089
local_self,rezero_recenter,16,1,scale,11,0.0014524978
local_self,rezero_recenter,16,1,scale,12,0.001444881
local_self,rezero_recenter,16,1,scale,13,0.0014707271
local_self,rezero_recenter,16,1,scale,14,0.001620311
local_self,rezero_recenter,16,1,scale,15,6.143314e-5
local_self,rezero_recenter,16,1,scale,16,6.5421445e-5
local_cross,old,1,1,log_neg_lambda,1,0.06393574
local_cross,old,1,1,log_neg_lambda,2,0.01117166
local_cross,old,1,1,log_neg_lambda,3,0.009719924
local_cross,old,1,1,log_neg_lambda,4,0.0028521172
local_cross,old,1,1,log_neg_lambda,5,0.002381797
local_cross,old,1,1,weight,1,2.2998118
local_cross,old,1,1,weight,2,0.30222094
local_cross,old,1,1,weight,3,0.2959958
local_cross,old,1,1,weight,4,0.08692989
local_cross,old,1,1,weight,5,0.13443437
local_cross,old,1,1,scale,1,0.008140756
local_cross,old,1,1,anchors,1,0.09339311
local_cross,old,2,1,log_neg_lambda,1,1.0851855
local_cross,old,2,1,log_neg_lambda,2,0.18595177
local_cross,old,2,1,log_neg_lambda,3,0.162373
local_cross,old,2,1,log_neg_lambda,4,0.032989383
local_cross,old,2,1,log_neg_lambda,5,0.01971506
local_cross,old,2,1,log_neg_lambda,6,0.005832015
local_cross,old,2,1,log_neg_lambda,7,0.006942899
local_cross,old,2,1,log_neg_lambda,8,0.0023040848
local_cross,old,2,1,log_neg_lambda,9,0.0016264379
local_cross,old,2,1,weight,1,23.030956
local_cross,old,2,1,weight,2,4.1234207
local_cross,old,2,1,weight,3,3.9463785
local_cross,old,2,1,weight,4,1.530761
local_cross,old,2,1,weight,5,1.6208291
local_cross,old,2,1,weight,6,0.20761093
local_cross,old,2,1,weight,7,0.15183453
local_cross,old,2,1,weight,8,0.036701735
local_cross,old,2,1,weight,9,0.13495912
local_cross,old,2,1,scale,1,0.06959857
local_cross,old,2,1,scale,2,0.00023097996
local_cross,old,2,1,anchors,1,1.4541445
local_cross,old,2,1,anchors,2,0.053933725
local_cross,old,4,1,log_neg_lambda,1,85.39795
local_cross,old,4,1,log_neg_lambda,2,30.644922
local_cross,old,4,1,log_neg_lambda,3,32.523716
local_cross,old,4,1,log_neg_lambda,4,6.1405754
local_cross,old,4,1,log_neg_lambda,5,6.426483
local_cross,old,4,1,log_neg_lambda,6,2.433606
local_cross,old,4,1,log_neg_lambda,7,1.3649575
local_cross,old,4,1,log_neg_lambda,8,0.47577327
local_cross,old,4,1,log_neg_lambda,9,0.6054637
local_cross,old,4,1,log_neg_lambda,10,0.12362261
local_cross,old,4,1,log_neg_lambda,11,0.14822279
local_cross,old,4,1,log_neg_lambda,12,0.026208192
local_cross,old,4,1,log_neg_lambda,13,0.021617593
local_cross,old,4,1,log_neg_lambda,14,0.007489489
local_cross,old,4,1,log_neg_lambda,15,0.006225135
local_cross,old,4,1,log_neg_lambda,16,0.0015752183
local_cross,old,4,1,log_neg_lambda,17,0.0011204276
local_cross,old,4,1,weight,1,4444.2803
local_cross,old,4,1,weight,2,2216.9668
local_cross,old,4,1,weight,3,1288.9342
local_cross,old,4,1,weight,4,272.8241
local_cross,old,4,1,weight,5,447.44193
local_cross,old,4,1,weight,6,80.121925
local_cross,old,4,1,weight,7,39.60666
local_cross,old,4,1,weight,8,8.288392
local_cross,old,4,1,weight,9,27.060629
local_cross,old,4,1,weight,10,2.8542428
local_cross,old,4,1,weight,11,3.1642869
local_cross,old,4,1,weight,12,0.33343637
local_cross,old,4,1,weight,13,1.2592039
local_cross,old,4,1,weight,14,0.23901816
local_cross,old,4,1,weight,15,0.14622277
local_cross,old,4,1,weight,16,0.023356006
local_cross,old,4,1,weight,17,0.13222018
local_cross,old,4,1,scale,1,22.036272
local_cross,old,4,1,scale,2,1.0397493
local_cross,old,4,1,scale,3,0.011812426
local_cross,old,4,1,scale,4,0.0007369602
local_cross,old,4,1,anchors,1,364.93875
local_cross,old,4,1,anchors,2,12.235656
local_cross,old,4,1,anchors,3,1.0867535
local_cross,old,4,1,anchors,4,0.037328854
local_cross,old,8,1,log_neg_lambda,1,4.7857595e6
local_cross,old,8,1,log_neg_lambda,2,838252.0
local_cross,old,8,1,log_neg_lambda,3,1.8443056e6
local_cross,old,8,1,log_neg_lambda,4,306756.34
local_cross,old,8,1,log_neg_lambda,5,605710.9
local_cross,old,8,1,log_neg_lambda,6,217297.88
local_cross,old,8,1,log_neg_lambda,7,131861.62
local_cross,old,8,1,log_neg_lambda,8,25348.354
local_cross,old,8,1,log_neg_lambda,9,15290.493
local_cross,old,8,1,log_neg_lambda,10,23034.463
local_cross,old,8,1,log_neg_lambda,11,18799.545
local_cross,old,8,1,log_neg_lambda,12,3208.481
local_cross,old,8,1,log_neg_lambda,13,2880.7295
local_cross,old,8,1,log_neg_lambda,14,1462.6985
local_cross,old,8,1,log_neg_lambda,15,1198.5983
local_cross,old,8,1,log_neg_lambda,16,663.36426
local_cross,old,8,1,log_neg_lambda,17,570.2123
local_cross,old,8,1,log_neg_lambda,18,21.62424
local_cross,old,8,1,log_neg_lambda,19,20.638
local_cross,old,8,1,log_neg_lambda,20,3.6645877
local_cross,old,8,1,log_neg_lambda,21,2.4822276
local_cross,old,8,1,log_neg_lambda,22,2.7160585
local_cross,old,8,1,log_neg_lambda,23,1.7490317
local_cross,old,8,1,log_neg_lambda,24,0.37788495
local_cross,old,8,1,log_neg_lambda,25,0.2437147
local_cross,old,8,1,log_neg_lambda,26,0.11586732
local_cross,old,8,1,log_neg_lambda,27,0.09808336
local_cross,old,8,1,log_neg_lambda,28,0.039305635
local_cross,old,8,1,log_neg_lambda,29,0.019814687
local_cross,old,8,1,log_neg_lambda,30,0.0074126762
local_cross,old,8,1,log_neg_lambda,31,0.00587736
local_cross,old,8,1,log_neg_lambda,32,0.0010470537
local_cross,old,8,1,log_neg_lambda,33,0.001427178
local_cross,old,8,1,weight,1,2.1564376e8
local_cross,old,8,1,weight,2,2.1317922e7
local_cross,old,8,1,weight,3,3.755282e7
local_cross,old,8,1,weight,4,1.4947121e7
local_cross,old,8,1,weight,5,2.5394664e7
local_cross,old,8,1,weight,6,5.411376e6
local_cross,old,8,1,weight,7,4.5099195e6
local_cross,old,8,1,weight,8,684374.8
local_cross,old,8,1,weight,9,1.3278716e6
local_cross,old,8,1,weight,10,359892.28
local_cross,old,8,1,weight,11,298919.53
local_cross,old,8,1,weight,12,82306.24
local_cross,old,8,1,weight,13,91008.42
local_cross,old,8,1,weight,14,82177.3
local_cross,old,8,1,weight,15,30694.145
local_cross,old,8,1,weight,16,8823.042
local_cross,old,8,1,weight,17,43766.51
local_cross,old,8,1,weight,18,2479.9097
local_cross,old,8,1,weight,19,607.133
local_cross,old,8,1,weight,20,160.19296
local_cross,old,8,1,weight,21,212.32996
local_cross,old,8,1,weight,22,62.752926
local_cross,old,8,1,weight,23,38.45938
local_cross,old,8,1,weight,24,11.5658
local_cross,old,8,1,weight,25,12.422827
local_cross,old,8,1,weight,26,3.5304503
local_cross,old,8,1,weight,27,2.2526596
local_cross,old,8,1,weight,28,0.5701056
local_cross,old,8,1,weight,29,1.6029443
local_cross,old,8,1,weight,30,0.1721072
local_cross,old,8,1,weight,31,0.15815145
local_cross,old,8,1,weight,32,0.015452891
local_cross,old,8,1,weight,33,0.05690673
local_cross,old,8,1,scale,1,4.0930398e6
local_cross,old,8,1,scale,2,38463.355
local_cross,old,8,1,scale,3,3944.9136
local_cross,old,8,1,scale,4,617.68024
local_cross,old,8,1,scale,5,4.4864454
local_cross,old,8,1,scale,6,0.10813838
local_cross,old,8,1,scale,7,0.036907494
local_cross,old,8,1,scale,8,0.0014844476
local_cross,old,8,1,anchors,1,3.99504e7
local_cross,old,8,1,anchors,2,1.2420808e6
local_cross,old,8,1,anchors,3,120759.836
local_cross,old,8,1,anchors,4,7294.0464
local_cross,old,8,1,anchors,5,160.7793
local_cross,old,8,1,anchors,6,10.895281
local_cross,old,8,1,anchors,7,0.8439589
local_cross,old,8,1,anchors,8,0.044088647
local_cross,old,16,1,log_neg_lambda,1,2.071647e16
local_cross,old,16,1,log_neg_lambda,2,5.3422446e15
local_cross,old,16,1,log_neg_lambda,3,1.1385868e16
local_cross,old,16,1,log_neg_lambda,4,5.423198e14
local_cross,old,16,1,log_neg_lambda,5,3.0378935e14
local_cross,old,16,1,log_neg_lambda,6,5.189821e14
local_cross,old,16,1,log_neg_lambda,7,9.0946785e14
local_cross,old,16,1,log_neg_lambda,8,4.3703645e13
local_cross,old,16,1,log_neg_lambda,9,1.6783837e13
local_cross,old,16,1,log_neg_lambda,10,1.35536375e14
local_cross,old,16,1,log_neg_lambda,11,4.0594873e13
local_cross,old,16,1,log_neg_lambda,12,4.267576e12
local_cross,old,16,1,log_neg_lambda,13,1.337674e12
local_cross,old,16,1,log_neg_lambda,14,7.5258617e12
local_cross,old,16,1,log_neg_lambda,15,3.2294644e12
local_cross,old,16,1,log_neg_lambda,16,4.1226404e11
local_cross,old,16,1,log_neg_lambda,17,1.3970984e11
local_cross,old,16,1,log_neg_lambda,18,6.653604e10
local_cross,old,16,1,log_neg_lambda,19,1.848204e11
local_cross,old,16,1,log_neg_lambda,20,9.033523e9
local_cross,old,16,1,log_neg_lambda,21,4.442274e9
local_cross,old,16,1,log_neg_lambda,22,7.0167634e9
local_cross,old,16,1,log_neg_lambda,23,8.56026e9
local_cross,old,16,1,log_neg_lambda,24,5.355175e8
local_cross,old,16,1,log_neg_lambda,25,2.8554496e8
local_cross,old,16,1,log_neg_lambda,26,1.1007805e9
local_cross,old,16,1,log_neg_lambda,27,1.2714829e9
local_cross,old,16,1,log_neg_lambda,28,5.9461e7
local_cross,old,16,1,log_neg_lambda,29,7.610873e7
local_cross,old,16,1,log_neg_lambda,30,1.6479469e7
local_cross,old,16,1,log_neg_lambda,31,3.2485578e7
local_cross,old,16,1,log_neg_lambda,32,1.02225325e6
local_cross,old,16,1,log_neg_lambda,33,859069.44
local_cross,old,16,1,log_neg_lambda,34,1.1183522e6
local_cross,old,16,1,log_neg_lambda,35,1.1056669e6
local_cross,old,16,1,log_neg_lambda,36,193291.97
local_cross,old,16,1,log_neg_lambda,37,96999.984
local_cross,old,16,1,log_neg_lambda,38,103186.11
local_cross,old,16,1,log_neg_lambda,39,116067.79
local_cross,old,16,1,log_neg_lambda,40,14943.886
local_cross,old,16,1,log_neg_lambda,41,8035.2134
local_cross,old,16,1,log_neg_lambda,42,16823.281
local_cross,old,16,1,log_neg_lambda,43,6567.1553
local_cross,old,16,1,log_neg_lambda,44,1325.6151
local_cross,old,16,1,log_neg_lambda,45,1027.324
local_cross,old,16,1,log_neg_lambda,46,871.5824
local_cross,old,16,1,log_neg_lambda,47,1171.694
local_cross,old,16,1,log_neg_lambda,48,106.84928
local_cross,old,16,1,log_neg_lambda,49,48.909092
local_cross,old,16,1,log_neg_lambda,50,80.41793
local_cross,old,16,1,log_neg_lambda,51,74.95565
local_cross,old,16,1,log_neg_lambda,52,15.326109
local_cross,old,16,1,log_neg_lambda,53,18.595629
local_cross,old,16,1,log_neg_lambda,54,3.3969574
local_cross,old,16,1,log_neg_lambda,55,2.0904896
local_cross,old,16,1,log_neg_lambda,56,0.2804544
local_cross,old,16,1,log_neg_lambda,57,0.23263946
local_cross,old,16,1,log_neg_lambda,58,0.23006715
local_cross,old,16,1,log_neg_lambda,59,0.22903182
local_cross,old,16,1,log_neg_lambda,60,0.024783911
local_cross,old,16,1,log_neg_lambda,61,0.01809273
local_cross,old,16,1,log_neg_lambda,62,0.009602631
local_cross,old,16,1,log_neg_lambda,63,0.0162085
local_cross,old,16,1,log_neg_lambda,64,0.0020345736
local_cross,old,16,1,log_neg_lambda,65,0.0021452105
local_cross,old,16,1,weight,1,4.8033832e17
local_cross,old,16,1,weight,2,1.33085454e17
local_cross,old,16,1,weight,3,2.8673324e17
local_cross,old,16,1,weight,4,9.997292e16
local_cross,old,16,1,weight,5,1.070344e17
local_cross,old,16,1,weight,6,2.4368603e16
local_cross,old,16,1,weight,7,1.7773132e16
local_cross,old,16,1,weight,8,6.550201e15
local_cross,old,16,1,weight,9,6.9547863e15
local_cross,old,16,1,weight,10,3.5282652e15
local_cross,old,16,1,weight,11,1.1584519e15
local_cross,old,16,1,weight,12,9.6416365e14
local_cross,old,16,1,weight,13,4.4225003e14
local_cross,old,16,1,weight,14,1.2781807e14
local_cross,old,16,1,weight,15,1.550239e14
local_cross,old,16,1,weight,16,4.3749158e13
local_cross,old,16,1,weight,17,3.327363e13
local_cross,old,16,1,weight,18,1.0431334e12
local_cross,old,16,1,weight,19,6.714341e12
local_cross,old,16,1,weight,20,8.892894e11
local_cross,old,16,1,weight,21,8.7321516e11
local_cross,old,16,1,weight,22,1.776091e11
local_cross,old,16,1,weight,23,2.9594603e11
local_cross,old,16,1,weight,24,1.3554984e11
local_cross,old,16,1,weight,25,6.5888276e10
local_cross,old,16,1,weight,26,2.4879878e10
local_cross,old,16,1,weight,27,2.6455593e10
local_cross,old,16,1,weight,28,1.0026947e10
local_cross,old,16,1,weight,29,7.1120404e9
local_cross,old,16,1,weight,30,4.9094938e8
local_cross,old,16,1,weight,31,1.0973947e9
local_cross,old,16,1,weight,32,2.547324e8
local_cross,old,16,1,weight,33,1.4664448e8
local_cross,old,16,1,weight,34,3.3635204e7
local_cross,old,16,1,weight,35,4.0746036e7
local_cross,old,16,1,weight,36,1.1189143e7
local_cross,old,16,1,weight,37,1.6715416e7
local_cross,old,16,1,weight,38,2.116698e6
local_cross,old,16,1,weight,39,2.6861982e6
local_cross,old,16,1,weight,40,1.2537279e6
local_cross,old,16,1,weight,41,966564.06
local_cross,old,16,1,weight,42,362717.5
local_cross,old,16,1,weight,43,130490.4
local_cross,old,16,1,weight,44,61392.99
local_cross,old,16,1,weight,45,81588.76
local_cross,old,16,1,weight,46,12264.478
local_cross,old,16,1,weight,47,16311.304
local_cross,old,16,1,weight,48,2032.0294
local_cross,old,16,1,weight,49,5036.8555
local_cross,old,16,1,weight,50,1514.862
local_cross,old,16,1,weight,51,1498.1036
local_cross,old,16,1,weight,52,205.18707
local_cross,old,16,1,weight,53,337.13785
local_cross,old,16,1,weight,54,42.318844
local_cross,old,16,1,weight,55,156.17772
local_cross,old,16,1,weight,56,6.1621017
local_cross,old,16,1,weight,57,9.315393
local_cross,old,16,1,weight,58,3.9938266
local_cross,old,16,1,weight,59,3.3503315
local_cross,old,16,1,weight,60,0.3971584
local_cross,old,16,1,weight,61,2.3958266
local_cross,old,16,1,weight,62,0.1919243
local_cross,old,16,1,weight,63,0.4036452
local_cross,old,16,1,weight,64,0.029528901
local_cross,old,16,1,weight,65,0.10553611
local_cross,old,16,1,scale,1,5.637222e15
local_cross,old,16,1,scale,2,8.832057e12
local_cross,old,16,1,scale,3,3.6990184e13
local_cross,old,16,1,scale,4,5.4401584e11
local_cross,old,16,1,scale,5,1.4305495e10
local_cross,old,16,1,scale,6,1.708911e9
local_cross,old,16,1,scale,7,4.281665e7
local_cross,old,16,1,scale,8,5.4614825e6
local_cross,old,16,1,scale,9,506033.97
local_cross,old,16,1,scale,10,14842.332
local_cross,old,16,1,scale,11,3492.2888
local_cross,old,16,1,scale,12,232.52408
local_cross,old,16,1,scale,13,1.9843009
local_cross,old,16,1,scale,14,0.1544581
local_cross,old,16,1,scale,15,0.037664745
local_cross,old,16,1,scale,16,0.0031108714
local_cross,old,16,1,anchors,1,9.3306764e16
local_cross,old,16,1,anchors,2,3.941043e15
local_cross,old,16,1,anchors,3,5.957951e14
local_cross,old,16,1,anchors,4,3.6564365e13
local_cross,old,16,1,anchors,5,6.556695e11
local_cross,old,16,1,anchors,6,6.3971295e10
local_cross,old,16,1,anchors,7,7.917748e9
local_cross,old,16,1,anchors,8,1.6952366e8
local_cross,old,16,1,anchors,9,8.918309e6
local_cross,old,16,1,anchors,10,1.1005018e6
local_cross,old,16,1,anchors,11,75851.74
local_cross,old,16,1,anchors,12,4006.407
local_cross,old,16,1,anchors,13,746.74384
local_cross,old,16,1,anchors,14,15.544253
local_cross,old,16,1,anchors,15,1.1321996
local_cross,old,16,1,anchors,16,0.04731301
local_cross,downscaled_ffn,1,1,log_neg_lambda,1,0.073091246
local_cross,downscaled_ffn,1,1,log_neg_lambda,2,0.009516108
local_cross,downscaled_ffn,1,1,log_neg_lambda,3,0.007378242
local_cross,downscaled_ffn,1,1,log_neg_lambda,4,1.8472223e-5
local_cross,downscaled_ffn,1,1,log_neg_lambda,5,2.0426583e-5
local_cross,downscaled_ffn,1,1,weight,1,2.8225195
local_cross,downscaled_ffn,1,1,weight,2,0.28248146
local_cross,downscaled_ffn,1,1,weight,3,0.24320409
local_cross,downscaled_ffn,1,1,weight,4,0.005886074
local_cross,downscaled_ffn,1,1,weight,5,0.005895374
local_cross,downscaled_ffn,1,1,scale,1,0.0028389185
local_cross,downscaled_ffn,1,1,anchors,1,0.09993902
local_cross,downscaled_ffn,2,1,log_neg_lambda,1,0.7197438
local_cross,downscaled_ffn,2,1,log_neg_lambda,2,0.07122712
local_cross,downscaled_ffn,2,1,log_neg_lambda,3,0.08608206
local_cross,downscaled_ffn,2,1,log_neg_lambda,4,0.0001387658
local_cross,downscaled_ffn,2,1,log_neg_lambda,5,0.00012963037
local_cross,downscaled_ffn,2,1,log_neg_lambda,6,0.0057489853
local_cross,downscaled_ffn,2,1,log_neg_lambda,7,0.0071722902
local_cross,downscaled_ffn,2,1,log_neg_lambda,8,1.2573347e-5
local_cross,downscaled_ffn,2,1,log_neg_lambda,9,1.029342e-5
local_cross,downscaled_ffn,2,1,weight,1,43.997242
local_cross,downscaled_ffn,2,1,weight,2,1.8211795
local_cross,downscaled_ffn,2,1,weight,3,2.5043252
local_cross,downscaled_ffn,2,1,weight,4,0.03019124
local_cross,downscaled_ffn,2,1,weight,5,0.0294684
local_cross,downscaled_ffn,2,1,weight,6,0.23035319
local_cross,downscaled_ffn,2,1,weight,7,0.15408707
local_cross,downscaled_ffn,2,1,weight,8,0.0019437806
local_cross,downscaled_ffn,2,1,weight,9,0.0019480576
local_cross,downscaled_ffn,2,1,scale,1,0.02887957
local_cross,downscaled_ffn,2,1,scale,2,0.004872348
local_cross,downscaled_ffn,2,1,anchors,1,0.6372188
local_cross,downscaled_ffn,2,1,anchors,2,0.06305732
local_cross,downscaled_ffn,4,1,log_neg_lambda,1,34.223682
local_cross,downscaled_ffn,4,1,log_neg_lambda,2,4.87264
local_cross,downscaled_ffn,4,1,log_neg_lambda,3,9.686836
local_cross,downscaled_ffn,4,1,log_neg_lambda,4,0.011473326
local_cross,downscaled_ffn,4,1,log_neg_lambda,5,0.010648595
local_cross,downscaled_ffn,4,1,log_neg_lambda,6,1.2898285
local_cross,downscaled_ffn,4,1,log_neg_lambda,7,0.5304734
local_cross,downscaled_ffn,4,1,log_neg_lambda,8,0.0010601572
local_cross,downscaled_ffn,4,1,log_neg_lambda,9,0.001559055
local_cross,downscaled_ffn,4,1,log_neg_lambda,10,0.06153164
local_cross,downscaled_ffn,4,1,log_neg_lambda,11,0.105811976
local_cross,downscaled_ffn,4,1,log_neg_lambda,12,9.5300435e-5
local_cross,downscaled_ffn,4,1,log_neg_lambda,13,7.51806e-5
local_cross,downscaled_ffn,4,1,log_neg_lambda,14,0.007120049
local_cross,downscaled_ffn,4,1,log_neg_lambda,15,0.009383037
local_cross,downscaled_ffn,4,1,log_neg_lambda,16,5.017467e-6
local_cross,downscaled_ffn,4,1,log_neg_lambda,17,4.916006e-6
local_cross,downscaled_ffn,4,1,weight,1,1396.7147
local_cross,downscaled_ffn,4,1,weight,2,189.16454
local_cross,downscaled_ffn,4,1,weight,3,223.13458
local_cross,downscaled_ffn,4,1,weight,4,3.0894995
local_cross,downscaled_ffn,4,1,weight,5,3.0241416
local_cross,downscaled_ffn,4,1,weight,6,24.329475
local_cross,downscaled_ffn,4,1,weight,7,9.637201
local_cross,downscaled_ffn,4,1,weight,8,0.2207735
local_cross,downscaled_ffn,4,1,weight,9,0.23921415
local_cross,downscaled_ffn,4,1,weight,10,1.3021907
local_cross,downscaled_ffn,4,1,weight,11,3.000962
local_cross,downscaled_ffn,4,1,weight,12,0.015331048
local_cross,downscaled_ffn,4,1,weight,13,0.015430572
local_cross,downscaled_ffn,4,1,weight,14,0.15943453
local_cross,downscaled_ffn,4,1,weight,15,0.15887782
local_cross,downscaled_ffn,4,1,weight,16,0.00068366213
local_cross,downscaled_ffn,4,1,weight,17,0.0006983076
local_cross,downscaled_ffn,4,1,scale,1,0.49988726
local_cross,downscaled_ffn,4,1,scale,2,0.41323173
local_cross,downscaled_ffn,4,1,scale,3,0.020067869
local_cross,downscaled_ffn,4,1,scale,4,0.00013187097
local_cross,downscaled_ffn,4,1,anchors,1,47.138725
local_cross,downscaled_ffn,4,1,anchors,2,6.2193274
local_cross,downscaled_ffn,4,1,anchors,3,0.45130143
local_cross,downscaled_ffn,4,1,anchors,4,0.0445464
local_cross,downscaled_ffn,8,1,log_neg_lambda,1,2.1984065e6
local_cross,downscaled_ffn,8,1,log_neg_lambda,2,218203.06
local_cross,downscaled_ffn,8,1,log_neg_lambda,3,112424.36
local_cross,downscaled_ffn,8,1,log_neg_lambda,4,359.0203
local_cross,downscaled_ffn,8,1,log_neg_lambda,5,327.66312
local_cross,downscaled_ffn,8,1,log_neg_lambda,6,27380.547
local_cross,downscaled_ffn,8,1,log_neg_lambda,7,5271.889
local_cross,downscaled_ffn,8,1,log_neg_lambda,8,31.956263
local_cross,downscaled_ffn,8,1,log_neg_lambda,9,29.587097
local_cross,downscaled_ffn,8,1,log_neg_lambda,10,4139.2754
local_cross,downscaled_ffn,8,1,log_neg_lambda,11,1466.2487
local_cross,downscaled_ffn,8,1,log_neg_lambda,12,3.4748344
local_cross,downscaled_ffn,8,1,log_neg_lambda,13,3.064698
local_cross,downscaled_ffn,8,1,log_neg_lambda,14,662.05096
local_cross,downscaled_ffn,8,1,log_neg_lambda,15,108.92625
local_cross,downscaled_ffn,8,1,log_neg_lambda,16,0.11579158
local_cross,downscaled_ffn,8,1,log_neg_lambda,17,0.09491285
local_cross,downscaled_ffn,8,1,log_neg_lambda,18,12.426194
local_cross,downscaled_ffn,8,1,log_neg_lambda,19,9.190599
local_cross,downscaled_ffn,8,1,log_neg_lambda,20,0.021512615
local_cross,downscaled_ffn,8,1,log_neg_lambda,21,0.016423864
local_cross,downscaled_ffn,8,1,log_neg_lambda,22,0.8107944
local_cross,downscaled_ffn,8,1,log_neg_lambda,23,0.5972314
local_cross,downscaled_ffn,8,1,log_neg_lambda,24,0.0013884758
local_cross,downscaled_ffn,8,1,log_neg_lambda,25,0.0012536322
local_cross,downscaled_ffn,8,1,log_neg_lambda,26,0.10489023
local_cross,downscaled_ffn,8,1,log_neg_lambda,27,0.08172282
local_cross,downscaled_ffn,8,1,log_neg_lambda,28,8.1462174e-5
local_cross,downscaled_ffn,8,1,log_neg_lambda,29,6.784079e-5
local_cross,downscaled_ffn,8,1,log_neg_lambda,30,0.008159327
local_cross,downscaled_ffn,8,1,log_neg_lambda,31,0.004820824
local_cross,downscaled_ffn,8,1,log_neg_lambda,32,4.309931e-6
local_cross,downscaled_ffn,8,1,log_neg_lambda,33,4.0400123e-6
local_cross,downscaled_ffn,8,1,weight,1,2.673692e8
local_cross,downscaled_ffn,8,1,weight,2,2.1791884e7
local_cross,downscaled_ffn,8,1,weight,3,4.1529102e6
local_cross,downscaled_ffn,8,1,weight,4,183345.31
local_cross,downscaled_ffn,8,1,weight,5,164160.47
local_cross,downscaled_ffn,8,1,weight,6,592990.44
local_cross,downscaled_ffn,8,1,weight,7,170757.36
local_cross,downscaled_ffn,8,1,weight,8,6887.9517
local_cross,downscaled_ffn,8,1,weight,9,6643.387
local_cross,downscaled_ffn,8,1,weight,10,59564.766
local_cross,downscaled_ffn,8,1,weight,11,36817.938
local_cross,downscaled_ffn,8,1,weight,12,521.05743
local_cross,downscaled_ffn,8,1,weight,13,520.1498
local_cross,downscaled_ffn,8,1,weight,14,12013.927
local_cross,downscaled_ffn,8,1,weight,15,1908.4917
local_cross,downscaled_ffn,8,1,weight,16,18.864946
local_cross,downscaled_ffn,8,1,weight,17,17.93589
local_cross,downscaled_ffn,8,1,weight,18,319.73785
local_cross,downscaled_ffn,8,1,weight,19,350.16272
local_cross,downscaled_ffn,8,1,weight,20,2.8999512
local_cross,downscaled_ffn,8,1,weight,21,2.831328
local_cross,downscaled_ffn,8,1,weight,22,23.521727
local_cross,downscaled_ffn,8,1,weight,23,21.175747
local_cross,downscaled_ffn,8,1,weight,24,0.20292845
local_cross,downscaled_ffn,8,1,weight,25,0.20550571
local_cross,downscaled_ffn,8,1,weight,26,1.7842426
local_cross,downscaled_ffn,8,1,weight,27,1.6138673
local_cross,downscaled_ffn,8,1,weight,28,0.012288696
local_cross,downscaled_ffn,8,1,weight,29,0.0119737275
local_cross,downscaled_ffn,8,1,weight,30,0.18215702
local_cross,downscaled_ffn,8,1,weight,31,0.10567938
local_cross,downscaled_ffn,8,1,weight,32,0.0006281726
local_cross,downscaled_ffn,8,1,weight,33,0.0006202474
local_cross,downscaled_ffn,8,1,scale,1,54114.156
local_cross,downscaled_ffn,8,1,scale,2,10430.455
local_cross,downscaled_ffn,8,1,scale,3,984.0619
local_cross,downscaled_ffn,8,1,scale,4,3.805745
local_cross,downscaled_ffn,8,1,scale,5,5.006356
local_cross,downscaled_ffn,8,1,scale,6,0.34244505
local_cross,downscaled_ffn,8,1,scale,7,0.036176287
local_cross,downscaled_ffn,8,1,scale,8,0.00019631797
local_cross,downscaled_ffn,8,1,anchors,1,1.4139049e6
local_cross,downscaled_ffn,8,1,anchors,2,146227.78
local_cross,downscaled_ffn,8,1,anchors,3,26015.068
local_cross,downscaled_ffn,8,1,anchors,4,1924.7479
local_cross,downscaled_ffn,8,1,anchors,5,103.86054
local_cross,downscaled_ffn,8,1,anchors,6,4.9592876
local_cross,downscaled_ffn,8,1,anchors,7,0.5811601
local_cross,downscaled_ffn,8,1,anchors,8,0.033181563
local_cross,downscaled_ffn,16,1,log_neg_lambda,1,1.3516117e12
local_cross,downscaled_ffn,16,1,log_neg_lambda,2,1.8201631e11
local_cross,downscaled_ffn,16,1,log_neg_lambda,3,4.8069345e11
local_cross,downscaled_ffn,16,1,log_neg_lambda,4,5.502946e8
local_cross,downscaled_ffn,16,1,log_neg_lambda,5,5.517556e8
local_cross,downscaled_ffn,16,1,log_neg_lambda,6,2.8010922e10
local_cross,downscaled_ffn,16,1,log_neg_lambda,7,3.6478652e10
local_cross,downscaled_ffn,16,1,log_neg_lambda,8,8.4548264e7
local_cross,downscaled_ffn,16,1,log_neg_lambda,9,1.0366349e8
local_cross,downscaled_ffn,16,1,log_neg_lambda,10,6.838234e9
local_cross,downscaled_ffn,16,1,log_neg_lambda,11,1.0175327e10
local_cross,downscaled_ffn,16,1,log_neg_lambda,12,1.4833568e7
local_cross,downscaled_ffn,16,1,log_neg_lambda,13,1.1744285e7
local_cross,downscaled_ffn,16,1,log_neg_lambda,14,1.72976e9
local_cross,downscaled_ffn,16,1,log_neg_lambda,15,1.3488024e9
local_cross,downscaled_ffn,16,1,log_neg_lambda,16,2.1987422e6
local_cross,downscaled_ffn,16,1,log_neg_lambda,17,2.1911465e6
local_cross,downscaled_ffn,16,1,log_neg_lambda,18,2.1310299e8
local_cross,downscaled_ffn,16,1,log_neg_lambda,19,2.7626045e8
local_cross,downscaled_ffn,16,1,log_neg_lambda,20,486909.25
local_cross,downscaled_ffn,16,1,log_neg_lambda,21,604495.9
local_cross,downscaled_ffn,16,1,log_neg_lambda,22,1.6941022e7
local_cross,downscaled_ffn,16,1,log_neg_lambda,23,2.3544168e7
local_cross,downscaled_ffn,16,1,log_neg_lambda,24,41787.504
local_cross,downscaled_ffn,16,1,log_neg_lambda,25,42322.613
local_cross,downscaled_ffn,16,1,log_neg_lambda,26,5.741849e6
local_cross,downscaled_ffn,16,1,log_neg_lambda,27,5.5958805e6
local_cross,downscaled_ffn,16,1,log_neg_lambda,28,13710.472
local_cross,downscaled_ffn,16,1,log_neg_lambda,29,12164.243
local_cross,downscaled_ffn,16,1,log_neg_lambda,30,923370.7
local_cross,downscaled_ffn,16,1,log_neg_lambda,31,4.420641e6
local_cross,downscaled_ffn,16,1,log_neg_lambda,32,4694.0527
local_cross,downscaled_ffn,16,1,log_neg_lambda,33,2667.1929
local_cross,downscaled_ffn,16,1,log_neg_lambda,34,234576.86
local_cross,downscaled_ffn,16,1,log_neg_lambda,35,36693.066
local_cross,downscaled_ffn,16,1,log_neg_lambda,36,51.659393
local_cross,downscaled_ffn,16,1,log_neg_lambda,37,70.54248
local_cross,downscaled_ffn,16,1,log_neg_lambda,38,4355.855
local_cross,downscaled_ffn,16,1,log_neg_lambda,39,3112.8044
local_cross,downscaled_ffn,16,1,log_neg_lambda,40,4.0493693
local_cross,downscaled_ffn,16,1,log_neg_lambda,41,3.3574796
local_cross,downscaled_ffn,16,1,log_neg_lambda,42,599.8513
local_cross,downscaled_ffn,16,1,log_neg_lambda,43,570.54913
local_cross,downscaled_ffn,16,1,log_neg_lambda,44,0.7035123
local_cross,downscaled_ffn,16,1,log_neg_lambda,45,0.65041775
local_cross,downscaled_ffn,16,1,log_neg_lambda,46,46.96431
local_cross,downscaled_ffn,16,1,log_neg_lambda,47,52.680367
local_cross,downscaled_ffn,16,1,log_neg_lambda,48,0.035790604
local_cross,downscaled_ffn,16,1,log_neg_lambda,49,0.027615864
local_cross,downscaled_ffn,16,1,log_neg_lambda,50,5.4705944
local_cross,downscaled_ffn,16,1,log_neg_lambda,51,5.0749598
local_cross,downscaled_ffn,16,1,log_neg_lambda,52,0.010201249
local_cross,downscaled_ffn,16,1,log_neg_lambda,53,0.007850242
local_cross,downscaled_ffn,16,1,log_neg_lambda,54,1.0040241
local_cross,downscaled_ffn,16,1,log_neg_lambda,55,0.58423877
local_cross,downscaled_ffn,16,1,log_neg_lambda,56,0.0006349626
local_cross,downscaled_ffn,16,1,log_neg_lambda,57,0.0005918093
local_cross,downscaled_ffn,16,1,log_neg_lambda,58,0.07381424
local_cross,downscaled_ffn,16,1,log_neg_lambda,59,0.058053058
local_cross,downscaled_ffn,16,1,log_neg_lambda,60,6.61152e-5
local_cross,downscaled_ffn,16,1,log_neg_lambda,61,4.4049957e-5
local_cross,downscaled_ffn,16,1,log_neg_lambda,62,0.0058718305
local_cross,downscaled_ffn,16,1,log_neg_lambda,63,0.004230326
local_cross,downscaled_ffn,16,1,log_neg_lambda,64,3.858409e-6
local_cross,downscaled_ffn,16,1,log_neg_lambda,65,4.4344183e-6
local_cross,downscaled_ffn,16,1,weight,1,1.0768043e14
local_cross,downscaled_ffn,16,1,weight,2,9.1591e12
local_cross,downscaled_ffn,16,1,weight,3,2.3113664e13
local_cross,downscaled_ffn,16,1,weight,4,1.28909386e11
local_cross,downscaled_ffn,16,1,weight,5,1.36456086e11
local_cross,downscaled_ffn,16,1,weight,6,9.909468e11
local_cross,downscaled_ffn,16,1,weight,7,6.797962e11
local_cross,downscaled_ffn,16,1,weight,8,1.5577482e10
local_cross,downscaled_ffn,16,1,weight,9,1.5451459e10
local_cross,downscaled_ffn,16,1,weight,10,1.24289786e11
local_cross,downscaled_ffn,16,1,weight,11,1.5424905e11
local_cross,downscaled_ffn,16,1,weight,12,1.7426359e9
local_cross,downscaled_ffn,16,1,weight,13,1.680937e9
local_cross,downscaled_ffn,16,1,weight,14,3.1680272e10
local_cross,downscaled_ffn,16,1,weight,15,2.2217976e10
local_cross,downscaled_ffn,16,1,weight,16,2.9980294e8
local_cross,downscaled_ffn,16,1,weight,17,2.955992e8
local_cross,downscaled_ffn,16,1,weight,18,7.5316055e9
local_cross,downscaled_ffn,16,1,weight,19,5.107432e9
local_cross,downscaled_ffn,16,1,weight,20,7.2489016e7
local_cross,downscaled_ffn,16,1,weight,21,7.033578e7
local_cross,downscaled_ffn,16,1,weight,22,5.862353e8
local_cross,downscaled_ffn,16,1,weight,23,8.82685e8
local_cross,downscaled_ffn,16,1,weight,24,5.7347465e6
local_cross,downscaled_ffn,16,1,weight,25,5.6095715e6
local_cross,downscaled_ffn,16,1,weight,26,9.760821e7
local_cross,downscaled_ffn,16,1,weight,27,1.26506456e8
local_cross,downscaled_ffn,16,1,weight,28,2.031924e6
local_cross,downscaled_ffn,16,1,weight,29,2.0380475e6
local_cross,downscaled_ffn,16,1,weight,30,2.9294826e7
local_cross,downscaled_ffn,16,1,weight,31,5.9968376e7
local_cross,downscaled_ffn,16,1,weight,32,699736.7
local_cross,downscaled_ffn,16,1,weight,33,593304.1
local_cross,downscaled_ffn,16,1,weight,34,1.249192e7
local_cross,downscaled_ffn,16,1,weight,35,586988.4
local_cross,downscaled_ffn,16,1,weight,36,8470.602
local_cross,downscaled_ffn,16,1,weight,37,8447.255
local_cross,downscaled_ffn,16,1,weight,38,149368.11
local_cross,downscaled_ffn,16,1,weight,39,57324.203
local_cross,downscaled_ffn,16,1,weight,40,605.11017
local_cross,downscaled_ffn,16,1,weight,41,577.13684
local_cross,downscaled_ffn,16,1,weight,42,12027.197
local_cross,downscaled_ffn,16,1,weight,43,19638.564
local_cross,downscaled_ffn,16,1,weight,44,127.66192
local_cross,downscaled_ffn,16,1,weight,45,122.520905
local_cross,downscaled_ffn,16,1,weight,46,1449.4023
local_cross,downscaled_ffn,16,1,weight,47,1248.3074
local_cross,downscaled_ffn,16,1,weight,48,5.35702
local_cross,downscaled_ffn,16,1,weight,49,5.3248425
local_cross,downscaled_ffn,16,1,weight,50,142.47197
local_cross,downscaled_ffn,16,1,weight,51,108.133026
local_cross,downscaled_ffn,16,1,weight,52,1.3751186
local_cross,downscaled_ffn,16,1,weight,53,1.2715443
local_cross,downscaled_ffn,16,1,weight,54,15.629226
local_cross,downscaled_ffn,16,1,weight,55,10.958776
local_cross,downscaled_ffn,16,1,weight,56,0.09640617
local_cross,downscaled_ffn,16,1,weight,57,0.09915284
local_cross,downscaled_ffn,16,1,weight,58,1.1866132
local_cross,downscaled_ffn,16,1,weight,59,1.0431598
local_cross,downscaled_ffn,16,1,weight,60,0.0089322515
local_cross,downscaled_ffn,16,1,weight,61,0.009241644
local_cross,downscaled_ffn,16,1,weight,62,0.13061266
local_cross,downscaled_ffn,16,1,weight,63,0.12669677
local_cross,downscaled_ffn,16,1,weight,64,0.0006344848
local_cross,downscaled_ffn,16,1,weight,65,0.00063254376
local_cross,downscaled_ffn,16,1,scale,1,1.1737119e11
local_cross,downscaled_ffn,16,1,scale,2,1.7489687e10
local_cross,downscaled_ffn,16,1,scale,3,1.0715482e9
local_cross,downscaled_ffn,16,1,scale,4,2.7851936e7
local_cross,downscaled_ffn,16,1,scale,5,1.775707e8
local_cross,downscaled_ffn,16,1,scale,6,5.1756695e6
local_cross,downscaled_ffn,16,1,scale,7,8.272637e6
local_cross,downscaled_ffn,16,1,scale,8,1.0736189e6
local_cross,downscaled_ffn,16,1,scale,9,9533.951
local_cross,downscaled_ffn,16,1,scale,10,254.50058
local_cross,downscaled_ffn,16,1,scale,11,1033.9734
local_cross,downscaled_ffn,16,1,scale,12,5.0163956
local_cross,downscaled_ffn,16,1,scale,13,4.106745
local_cross,downscaled_ffn,16,1,scale,14,0.4425492
local_cross,downscaled_ffn,16,1,scale,15,0.00967774
local_cross,downscaled_ffn,16,1,scale,16,0.0012957947
local_cross,downscaled_ffn,16,1,anchors,1,3.180832e12
local_cross,downscaled_ffn,16,1,anchors,2,2.6071633e11
local_cross,downscaled_ffn,16,1,anchors,3,5.7714405e10
local_cross,downscaled_ffn,16,1,anchors,4,1.246762e10
local_cross,downscaled_ffn,16,1,anchors,5,1.9355045e9
local_cross,downscaled_ffn,16,1,anchors,6,1.7047651e8
local_cross,downscaled_ffn,16,1,anchors,7,6.5802944e7
local_cross,downscaled_ffn,16,1,anchors,8,1.548509e7
local_cross,downscaled_ffn,16,1,anchors,9,610643.44
local_cross,downscaled_ffn,16,1,anchors,10,22760.58
local_cross,downscaled_ffn,16,1,anchors,11,5819.6826
local_cross,downscaled_ffn,16,1,anchors,12,345.36652
local_cross,downscaled_ffn,16,1,anchors,13,38.935696
local_cross,downscaled_ffn,16,1,anchors,14,3.7952955
local_cross,downscaled_ffn,16,1,anchors,15,0.39827394
local_cross,downscaled_ffn,16,1,anchors,16,0.037288886
local_cross,rezero,1,1,alpha,1,0.018527476
local_cross,rezero,1,1,alpha,2,2.8080714e-5
local_cross,rezero,1,1,log_neg_lambda,1,0.011295324
local_cross,rezero,1,1,log_neg_lambda,2,0.0010619845
local_cross,rezero,1,1,log_neg_lambda,3,0.00082120433
local_cross,rezero,1,1,log_neg_lambda,4,2.5684103e-6
local_cross,rezero,1,1,log_neg_lambda,5,2.0752389e-6
local_cross,rezero,1,1,weight,1,0.5512278
local_cross,rezero,1,1,weight,2,0.026269322
local_cross,rezero,1,1,weight,3,0.030307641
local_cross,rezero,1,1,weight,4,0.0012410419
local_cross,rezero,1,1,weight,5,0.0013500322
local_cross,rezero,1,1,scale,1,0.00028493576
local_cross,rezero,1,1,anchors,1,0.011770555
local_cross,rezero,2,1,alpha,1,0.024112994
local_cross,rezero,2,1,alpha,2,0.0001213513
local_cross,rezero,2,1,alpha,3,0.013446813
local_cross,rezero,2,1,alpha,4,8.904469e-6
local_cross,rezero,2,1,log_neg_lambda,1,0.011525459
local_cross,rezero,2,1,log_neg_lambda,2,0.001128299
local_cross,rezero,2,1,log_neg_lambda,3,0.0009526525
local_cross,rezero,2,1,log_neg_lambda,4,3.0528415e-6
local_cross,rezero,2,1,log_neg_lambda,5,2.410839e-6
local_cross,rezero,2,1,log_neg_lambda,6,0.0008397251
local_cross,rezero,2,1,log_neg_lambda,7,0.000986735
local_cross,rezero,2,1,log_neg_lambda,8,2.166682e-6
local_cross,rezero,2,1,log_neg_lambda,9,1.9848467e-6
local_cross,rezero,2,1,weight,1,0.5452163
local_cross,rezero,2,1,weight,2,0.05666526
local_cross,rezero,2,1,weight,3,0.039982084
local_cross,rezero,2,1,weight,4,0.0016593467
local_cross,rezero,2,1,weight,5,0.0015192955
local_cross,rezero,2,1,weight,6,0.020088904
local_cross,rezero,2,1,weight,7,0.027783353
local_cross,rezero,2,1,weight,8,0.0015924099
local_cross,rezero,2,1,weight,9,0.00145374
local_cross,rezero,2,1,scale,1,0.00013741583
local_cross,rezero,2,1,scale,2,2.267147e-5
local_cross,rezero,2,1,anchors,1,0.015703628
local_cross,rezero,2,1,anchors,2,0.011115977
local_cross,rezero,4,1,alpha,1,0.04883703
local_cross,rezero,4,1,alpha,2,0.00022549479
local_cross,rezero,4,1,alpha,3,0.011844888
local_cross,rezero,4,1,alpha,4,7.4169446e-5
local_cross,rezero,4,1,alpha,5,0.037392087
local_cross,rezero,4,1,alpha,6,0.00016826535
local_cross,rezero,4,1,alpha,7,0.019994684
local_cross,rezero,4,1,alpha,8,0.00014315604
local_cross,rezero,4,1,log_neg_lambda,1,0.025007717
local_cross,rezero,4,1,log_neg_lambda,2,0.003150787
local_cross,rezero,4,1,log_neg_lambda,3,0.002106651
local_cross,rezero,4,1,log_neg_lambda,4,5.071226e-6
local_cross,rezero,4,1,log_neg_lambda,5,5.4943807e-6
local_cross,rezero,4,1,log_neg_lambda,6,0.002192057
local_cross,rezero,4,1,log_neg_lambda,7,0.0014899637
local_cross,rezero,4,1,log_neg_lambda,8,4.5491474e-6
local_cross,rezero,4,1,log_neg_lambda,9,4.6781347e-6
local_cross,rezero,4,1,log_neg_lambda,10,0.0016051886
local_cross,rezero,4,1,log_neg_lambda,11,0.001343689
local_cross,rezero,4,1,log_neg_lambda,12,3.3820854e-6
local_cross,rezero,4,1,log_neg_lambda,13,2.8505897e-6
local_cross,rezero,4,1,log_neg_lambda,14,0.0009746069
local_cross,rezero,4,1,log_neg_lambda,15,0.0010567185
local_cross,rezero,4,1,log_neg_lambda,16,2.2884308e-6
local_cross,rezero,4,1,log_neg_lambda,17,2.2981092e-6
local_cross,rezero,4,1,weight,1,1.6269174
local_cross,rezero,4,1,weight,2,0.10698493
local_cross,rezero,4,1,weight,3,0.09193623
local_cross,rezero,4,1,weight,4,0.0021627778
local_cross,rezero,4,1,weight,5,0.0023407459
local_cross,rezero,4,1,weight,6,0.06569553
local_cross,rezero,4,1,weight,7,0.063085295
local_cross,rezero,4,1,weight,8,0.002129742
local_cross,rezero,4,1,weight,9,0.001970679
local_cross,rezero,4,1,weight,10,0.030734666
local_cross,rezero,4,1,weight,11,0.035047498
local_cross,rezero,4,1,weight,12,0.0015684972
local_cross,rezero,4,1,weight,13,0.0015704517
local_cross,rezero,4,1,weight,14,0.02496489
local_cross,rezero,4,1,weight,15,0.023145264
local_cross,rezero,4,1,weight,16,0.0013809864
local_cross,rezero,4,1,weight,17,0.0014380814
local_cross,rezero,4,1,scale,1,0.00091955386
local_cross,rezero,4,1,scale,2,0.0002908915
local_cross,rezero,4,1,scale,3,0.00057620613
local_cross,rezero,4,1,scale,4,0.00011461286
local_cross,rezero,4,1,anchors,1,0.031840783
local_cross,rezero,4,1,anchors,2,0.019533776
local_cross,rezero,4,1,anchors,3,0.016408928
local_cross,rezero,4,1,anchors,4,0.009538245
local_cross,rezero,8,1,alpha,1,0.5948325
local_cross,rezero,8,1,alpha,2,0.0001605707
local_cross,rezero,8,1,alpha,3,0.10449612
local_cross,rezero,8,1,alpha,4,0.0004155981
local_cross,rezero,8,1,alpha,5,0.25003204
local_cross,rezero,8,1,alpha,6,0.00050361716
local_cross,rezero,8,1,alpha,7,0.17541555
local_cross,rezero,8,1,alpha,8,0.00025082484
local_cross,rezero,8,1,alpha,9,0.083294295
local_cross,rezero,8,1,alpha,10,0.00018307994
local_cross,rezero,8,1,alpha,11,0.061560802
local_cross,rezero,8,1,alpha,12,3.22623e-5
local_cross,rezero,8,1,alpha,13,0.024140771
local_cross,rezero,8,1,alpha,14,8.813285e-5
local_cross,rezero,8,1,alpha,15,0.07696821
local_cross,rezero,8,1,alpha,16,0.00018980296
local_cross,rezero,8,1,log_neg_lambda,1,0.06522627
local_cross,rezero,8,1,log_neg_lambda,2,0.0148399575
local_cross,rezero,8,1,log_neg_lambda,3,0.009429164
local_cross,rezero,8,1,log_neg_lambda,4,1.644362e-5
local_cross,rezero,8,1,log_neg_lambda,5,1.7900504e-5
local_cross,rezero,8,1,log_neg_lambda,6,0.010509084
local_cross,rezero,8,1,log_neg_lambda,7,0.009824032
local_cross,rezero,8,1,log_neg_lambda,8,1.3506561e-5
local_cross,rezero,8,1,log_neg_lambda,9,1.856683e-5
local_cross,rezero,8,1,log_neg_lambda,10,0.009165995
local_cross,rezero,8,1,log_neg_lambda,11,0.010039429
local_cross,rezero,8,1,log_neg_lambda,12,9.319433e-6
local_cross,rezero,8,1,log_neg_lambda,13,7.67049e-6
local_cross,rezero,8,1,log_neg_lambda,14,0.008395996
local_cross,rezero,8,1,log_neg_lambda,15,0.007876777
local_cross,rezero,8,1,log_neg_lambda,16,7.725821e-6
local_cross,rezero,8,1,log_neg_lambda,17,7.649628e-6
local_cross,rezero,8,1,log_neg_lambda,18,0.006007638
local_cross,rezero,8,1,log_neg_lambda,19,0.007286909
local_cross,rezero,8,1,log_neg_lambda,20,5.2971977e-6
local_cross,rezero,8,1,log_neg_lambda,21,5.540313e-6
local_cross,rezero,8,1,log_neg_lambda,22,0.0016711528
local_cross,rezero,8,1,log_neg_lambda,23,0.00404915
local_cross,rezero,8,1,log_neg_lambda,24,3.7085958e-6
local_cross,rezero,8,1,log_neg_lambda,25,3.2677322e-6
local_cross,rezero,8,1,log_neg_lambda,26,0.004410773
local_cross,rezero,8,1,log_neg_lambda,27,0.0011717647
local_cross,rezero,8,1,log_neg_lambda,28,2.4005612e-6
local_cross,rezero,8,1,log_neg_lambda,29,2.4263604e-6
local_cross,rezero,8,1,log_neg_lambda,30,0.00063768186
local_cross,rezero,8,1,log_neg_lambda,31,0.0010097799
local_cross,rezero,8,1,log_neg_lambda,32,2.4560102e-6
local_cross,rezero,8,1,log_neg_lambda,33,2.2604015e-6
local_cross,rezero,8,1,weight,1,3.7277215
local_cross,rezero,8,1,weight,2,1.7935311
local_cross,rezero,8,1,weight,3,0.5376853
local_cross,rezero,8,1,weight,4,0.0070736706
local_cross,rezero,8,1,weight,5,0.006432242
local_cross,rezero,8,1,weight,6,0.2201842
local_cross,rezero,8,1,weight,7,0.30017743
local_cross,rezero,8,1,weight,8,0.0048937206
local_cross,rezero,8,1,weight,9,0.004448525
local_cross,rezero,8,1,weight,10,0.21991546
local_cross,rezero,8,1,weight,11,0.355091
local_cross,rezero,8,1,weight,12,0.0037251536
local_cross,rezero,8,1,weight,13,0.0038687242
local_cross,rezero,8,1,weight,14,0.13107136
local_cross,rezero,8,1,weight,15,0.18549691
local_cross,rezero,8,1,weight,16,0.0029367455
local_cross,rezero,8,1,weight,17,0.002597235
local_cross,rezero,8,1,weight,18,0.09845788
local_cross,rezero,8,1,weight,19,0.1491825
local_cross,rezero,8,1,weight,20,0.002223577
local_cross,rezero,8,1,weight,21,0.0021458562
local_cross,rezero,8,1,weight,22,0.040782936
local_cross,rezero,8,1,weight,23,0.08641483
local_cross,rezero,8,1,weight,24,0.0013998058
local_cross,rezero,8,1,weight,25,0.0015121342
local_cross,rezero,8,1,weight,26,0.08721343
local_cross,rezero,8,1,weight,27,0.03656167
local_cross,rezero,8,1,weight,28,0.0012933606
local_cross,rezero,8,1,weight,29,0.0012255887
local_cross,rezero,8,1,weight,30,0.025918698
local_cross,rezero,8,1,weight,31,0.017554792
local_cross,rezero,8,1,weight,32,0.0010540967
local_cross,rezero,8,1,weight,33,0.0011703323
local_cross,rezero,8,1,scale,1,0.00086552557
local_cross,rezero,8,1,scale,2,0.005087849
local_cross,rezero,8,1,scale,3,0.00014878163
local_cross,rezero,8,1,scale,4,0.0010623246
local_cross,rezero,8,1,scale,5,0.0011330161
local_cross,rezero,8,1,scale,6,0.0002978016
local_cross,rezero,8,1,scale,7,0.00016792344
local_cross,rezero,8,1,scale,8,8.226022e-5
local_cross,rezero,8,1,anchors,1,0.08309615
local_cross,rezero,8,1,anchors,2,0.0778264
local_cross,rezero,8,1,anchors,3,0.033312704
local_cross,rezero,8,1,anchors,4,0.04261496
local_cross,rezero,8,1,anchors,5,0.031861726
local_cross,rezero,8,1,anchors,6,0.012145708
local_cross,rezero,8,1,anchors,7,0.008599146
local_cross,rezero,8,1,anchors,8,0.0076375566
local_cross,rezero,16,1,alpha,1,4.0203533
local_cross,rezero,16,1,alpha,2,0.036047757
local_cross,rezero,16,1,alpha,3,11.411465
local_cross,rezero,16,1,alpha,4,0.032498214
local_cross,rezero,16,1,alpha,5,2.2032702
local_cross,rezero,16,1,alpha,6,0.010837581
local_cross,rezero,16,1,alpha,7,3.111528
local_cross,rezero,16,1,alpha,8,0.0007399661
local_cross,rezero,16,1,alpha,9,0.4509201
local_cross,rezero,16,1,alpha,10,0.0019921071
local_cross,rezero,16,1,alpha,11,1.0771502
local_cross,rezero,16,1,alpha,12,4.3164473e-5
local_cross,rezero,16,1,alpha,13,0.189407
local_cross,rezero,16,1,alpha,14,0.004321775
local_cross,rezero,16,1,alpha,15,0.16735929
local_cross,rezero,16,1,alpha,16,0.0008092288
local_cross,rezero,16,1,alpha,17,0.392668
local_cross,rezero,16,1,alpha,18,0.000170621
local_cross,rezero,16,1,alpha,19,0.017291717
local_cross,rezero,16,1,alpha,20,0.00053926895
local_cross,rezero,16,1,alpha,21,0.025849193
local_cross,rezero,16,1,alpha,22,0.00018776208
local_cross,rezero,16,1,alpha,23,0.08961758
local_cross,rezero,16,1,alpha,24,0.00069405243
local_cross,rezero,16,1,alpha,25,0.028178371
local_cross,rezero,16,1,alpha,26,0.00011166727
local_cross,rezero,16,1,alpha,27,0.030401995
local_cross,rezero,16,1,alpha,28,3.8706785e-5
local_cross,rezero,16,1,alpha,29,0.010700879
local_cross,rezero,16,1,alpha,30,8.679484e-5
local_cross,rezero,16,1,alpha,31,0.006811749
local_cross,rezero,16,1,alpha,32,0.00011897139
local_cross,rezero,16,1,log_neg_lambda,1,1.0116498
local_cross,rezero,16,1,log_neg_lambda,2,0.30620804
local_cross,rezero,16,1,log_neg_lambda,3,0.110478446
local_cross,rezero,16,1,log_neg_lambda,4,0.00075275026
local_cross,rezero,16,1,log_neg_lambda,5,0.0006115168
local_cross,rezero,16,1,log_neg_lambda,6,0.31544018
local_cross,rezero,16,1,log_neg_lambda,7,0.20416276
local_cross,rezero,16,1,log_neg_lambda,8,0.0004840196
local_cross,rezero,16,1,log_neg_lambda,9,0.00043539575
local_cross,rezero,16,1,log_neg_lambda,10,0.15870242
local_cross,rezero,16,1,log_neg_lambda,11,0.21431261
local_cross,rezero,16,1,log_neg_lambda,12,0.00033506955
local_cross,rezero,16,1,log_neg_lambda,13,0.00036000498
local_cross,rezero,16,1,log_neg_lambda,14,0.06527479
local_cross,rezero,16,1,log_neg_lambda,15,0.09309759
local_cross,rezero,16,1,log_neg_lambda,16,0.00037521796
local_cross,rezero,16,1,log_neg_lambda,17,0.0002020403
local_cross,rezero,16,1,log_neg_lambda,18,0.11140303
local_cross,rezero,16,1,log_neg_lambda,19,0.05126338
local_cross,rezero,16,1,log_neg_lambda,20,0.00019164194
local_cross,rezero,16,1,log_neg_lambda,21,0.00020767878
local_cross,rezero,16,1,log_neg_lambda,22,0.09615438
local_cross,rezero,16,1,log_neg_lambda,23,0.057067826
local_cross,rezero,16,1,log_neg_lambda,24,9.619867e-5
local_cross,rezero,16,1,log_neg_lambda,25,7.8802725e-5
local_cross,rezero,16,1,log_neg_lambda,26,0.029911095
local_cross,rezero,16,1,log_neg_lambda,27,0.023687052
local_cross,rezero,16,1,log_neg_lambda,28,4.635804e-5
local_cross,rezero,16,1,log_neg_lambda,29,5.1864394e-5
local_cross,rezero,16,1,log_neg_lambda,30,0.014944748
local_cross,rezero,16,1,log_neg_lambda,31,0.010586022
local_cross,rezero,16,1,log_neg_lambda,32,1.9905456e-5
local_cross,rezero,16,1,log_neg_lambda,33,1.9294825e-5
local_cross,rezero,16,1,log_neg_lambda,34,0.016293975
local_cross,rezero,16,1,log_neg_lambda,35,0.01233381
local_cross,rezero,16,1,log_neg_lambda,36,1.2558558e-5
local_cross,rezero,16,1,log_neg_lambda,37,1.4188625e-5
local_cross,rezero,16,1,log_neg_lambda,38,0.007509865
local_cross,rezero,16,1,log_neg_lambda,39,0.010254468
local_cross,rezero,16,1,log_neg_lambda,40,1.0764481e-5
local_cross,rezero,16,1,log_neg_lambda,41,9.32848e-6
local_cross,rezero,16,1,log_neg_lambda,42,0.006949778
local_cross,rezero,16,1,log_neg_lambda,43,0.006681544
local_cross,rezero,16,1,log_neg_lambda,44,8.694794e-6
local_cross,rezero,16,1,log_neg_lambda,45,6.9969474e-6
local_cross,rezero,16,1,log_neg_lambda,46,0.006166714
local_cross,rezero,16,1,log_neg_lambda,47,0.002704574
local_cross,rezero,16,1,log_neg_lambda,48,5.1391567e-6
local_cross,rezero,16,1,log_neg_lambda,49,5.7987304e-6
local_cross,rezero,16,1,log_neg_lambda,50,0.004095164
local_cross,rezero,16,1,log_neg_lambda,51,0.001985769
local_cross,rezero,16,1,log_neg_lambda,52,4.3962946e-6
local_cross,rezero,16,1,log_neg_lambda,53,4.4632175e-6
local_cross,rezero,16,1,log_neg_lambda,54,0.001380358
local_cross,rezero,16,1,log_neg_lambda,55,0.0015936773
local_cross,rezero,16,1,log_neg_lambda,56,2.7699857e-6
local_cross,rezero,16,1,log_neg_lambda,57,2.6362625e-6
local_cross,rezero,16,1,log_neg_lambda,58,0.0013776594
local_cross,rezero,16,1,log_neg_lambda,59,0.0010331718
local_cross,rezero,16,1,log_neg_lambda,60,1.9243607e-6
local_cross,rezero,16,1,log_neg_lambda,61,2.1231233e-6
local_cross,rezero,16,1,log_neg_lambda,62,0.0009865249
local_cross,rezero,16,1,log_neg_lambda,63,0.00071220886
local_cross,rezero,16,1,log_neg_lambda,64,2.1944616e-6
local_cross,rezero,16,1,log_neg_lambda,65,1.972142e-6
local_cross,rezero,16,1,weight,1,35.04063
local_cross,rezero,16,1,weight,2,17.306427
local_cross,rezero,16,1,weight,3,8.536039
local_cross,rezero,16,1,weight,4,0.23874904
local_cross,rezero,16,1,weight,5,0.18719822
local_cross,rezero,16,1,weight,6,6.565576
local_cross,rezero,16,1,weight,7,6.5876203
local_cross,rezero,16,1,weight,8,0.14721347
local_cross,rezero,16,1,weight,9,0.13638566
local_cross,rezero,16,1,weight,10,2.8741136
local_cross,rezero,16,1,weight,11,7.576093
local_cross,rezero,16,1,weight,12,0.08351097
local_cross,rezero,16,1,weight,13,0.09106922
local_cross,rezero,16,1,weight,14,1.7969173
local_cross,rezero,16,1,weight,15,3.3816152
local_cross,rezero,16,1,weight,16,0.095644414
local_cross,rezero,16,1,weight,17,0.083988495
local_cross,rezero,16,1,weight,18,3.9894645
local_cross,rezero,16,1,weight,19,1.5461851
local_cross,rezero,16,1,weight,20,0.048046287
local_cross,rezero,16,1,weight,21,0.05540064
local_cross,rezero,16,1,weight,22,2.4309235
local_cross,rezero,16,1,weight,23,1.9159431
local_cross,rezero,16,1,weight,24,0.021893103
local_cross,rezero,16,1,weight,25,0.021488931
local_cross,rezero,16,1,weight,26,1.96645
local_cross,rezero,16,1,weight,27,0.45677704
local_cross,rezero,16,1,weight,28,0.012773613
local_cross,rezero,16,1,weight,29,0.01334034
local_cross,rezero,16,1,weight,30,0.38981524
local_cross,rezero,16,1,weight,31,0.4468126
local_cross,rezero,16,1,weight,32,0.008337257
local_cross,rezero,16,1,weight,33,0.008365587
local_cross,rezero,16,1,weight,34,0.2733451
local_cross,rezero,16,1,weight,35,0.2259734
local_cross,rezero,16,1,weight,36,0.0050954553
local_cross,rezero,16,1,weight,37,0.0047879396
local_cross,rezero,16,1,weight,38,0.16477303
local_cross,rezero,16,1,weight,39,0.22804748
local_cross,rezero,16,1,weight,40,0.0037017486
local_cross,rezero,16,1,weight,41,0.0042651976
local_cross,rezero,16,1,weight,42,0.18845452
local_cross,rezero,16,1,weight,43,0.121549144
local_cross,rezero,16,1,weight,44,0.0033001278
local_cross,rezero,16,1,weight,45,0.0030300166
local_cross,rezero,16,1,weight,46,0.16107865
local_cross,rezero,16,1,weight,47,0.11116472
local_cross,rezero,16,1,weight,48,0.0022582484
local_cross,rezero,16,1,weight,49,0.0023530645
local_cross,rezero,16,1,weight,50,0.08475202
local_cross,rezero,16,1,weight,51,0.060351167
local_cross,rezero,16,1,weight,52,0.0017547018
local_cross,rezero,16,1,weight,53,0.0018366075
local_cross,rezero,16,1,weight,54,0.044642005
local_cross,rezero,16,1,weight,55,0.02397702
local_cross,rezero,16,1,weight,56,0.0012616655
local_cross,rezero,16,1,weight,57,0.0012105666
local_cross,rezero,16,1,weight,58,0.03382964
local_cross,rezero,16,1,weight,59,0.025918974
local_cross,rezero,16,1,weight,60,0.0011722648
local_cross,rezero,16,1,weight,61,0.0010880625
local_cross,rezero,16,1,weight,62,0.03628757
local_cross,rezero,16,1,weight,63,0.013715007
local_cross,rezero,16,1,weight,64,0.0010362545
local_cross,rezero,16,1,weight,65,0.0010550576
local_cross,rezero,16,1,scale,1,0.017031528
local_cross,rezero,16,1,scale,2,0.08551787
local_cross,rezero,16,1,scale,3,0.010116678
local_cross,rezero,16,1,scale,4,0.11877142
local_cross,rezero,16,1,scale,5,0.03868831
local_cross,rezero,16,1,scale,6,0.0026736353
local_cross,rezero,16,1,scale,7,0.01390434
local_cross,rezero,16,1,scale,8,0.005291583
local_cross,rezero,16,1,scale,9,0.0005985993
local_cross,rezero,16,1,scale,10,0.004682984
local_cross,rezero,16,1,scale,11,0.007823301
local_cross,rezero,16,1,scale,12,0.001348275
local_cross,rezero,16,1,scale,13,0.0009006541
local_cross,rezero,16,1,scale,14,8.172335e-5
local_cross,rezero,16,1,scale,15,0.00029545964
local_cross,rezero,16,1,scale,16,0.00027361294
local_cross,rezero,16,1,anchors,1,2.7534294
local_cross,rezero,16,1,anchors,2,2.7947528
local_cross,rezero,16,1,anchors,3,0.9879127
local_cross,rezero,16,1,anchors,4,0.9952877
local_cross,rezero,16,1,anchors,5,0.70335335
local_cross,rezero,16,1,anchors,6,0.30557057
local_cross,rezero,16,1,anchors,7,0.1814452
local_cross,rezero,16,1,anchors,8,0.12468553
local_cross,rezero,16,1,anchors,9,0.09419685
local_cross,rezero,16,1,anchors,10,0.049346298
local_cross,rezero,16,1,anchors,11,0.07393858
local_cross,rezero,16,1,anchors,12,0.06515241
local_cross,rezero,16,1,anchors,13,0.02948282
local_cross,rezero,16,1,anchors,14,0.016139599
local_cross,rezero,16,1,anchors,15,0.00743136
local_cross,rezero,16,1,anchors,16,0.0067610755
local_cross,rezero_recenter,1,1,alpha,1,0.026736014
local_cross,rezero_recenter,1,1,alpha,2,0.00010150764
local_cross,rezero_recenter,1,1,log_neg_lambda,1,0.011913001
local_cross,rezero_recenter,1,1,log_neg_lambda,2,0.0010333165
local_cross,rezero_recenter,1,1,log_neg_lambda,3,0.0008142954
local_cross,rezero_recenter,1,1,log_neg_lambda,4,1.7083746e-6
local_cross,rezero_recenter,1,1,log_neg_lambda,5,1.3432519e-6
local_cross,rezero_recenter,1,1,weight,1,0.5039859
local_cross,rezero_recenter,1,1,weight,2,0.025604457
local_cross,rezero_recenter,1,1,weight,3,0.022667926
local_cross,rezero_recenter,1,1,weight,4,0.0008826603
local_cross,rezero_recenter,1,1,weight,5,0.0008276851
local_cross,rezero_recenter,1,1,scale,1,6.695214e-5
local_cross,rezero_recenter,1,1,anchors,1,0.008673014
local_cross,rezero_recenter,2,1,alpha,1,0.035778474
local_cross,rezero_recenter,2,1,alpha,2,0.00019964555
local_cross,rezero_recenter,2,1,alpha,3,0.075209506
local_cross,rezero_recenter,2,1,alpha,4,7.092789e-5
local_cross,rezero_recenter,2,1,log_neg_lambda,1,0.014954286
local_cross,rezero_recenter,2,1,log_neg_lambda,2,0.0012368222
local_cross,rezero_recenter,2,1,log_neg_lambda,3,0.0011711922
local_cross,rezero_recenter,2,1,log_neg_lambda,4,2.9797372e-6
local_cross,rezero_recenter,2,1,log_neg_lambda,5,1.8498228e-6
local_cross,rezero_recenter,2,1,log_neg_lambda,6,0.002106479
local_cross,rezero_recenter,2,1,log_neg_lambda,7,0.0009785154
local_cross,rezero_recenter,2,1,log_neg_lambda,8,1.785472e-6
local_cross,rezero_recenter,2,1,log_neg_lambda,9,1.5960342e-6
local_cross,rezero_recenter,2,1,weight,1,0.58664995
local_cross,rezero_recenter,2,1,weight,2,0.057867512
local_cross,rezero_recenter,2,1,weight,3,0.03569399
local_cross,rezero_recenter,2,1,weight,4,0.0011561334
local_cross,rezero_recenter,2,1,weight,5,0.00097142044
local_cross,rezero_recenter,2,1,weight,6,0.05345008
local_cross,rezero_recenter,2,1,weight,7,0.03206454
local_cross,rezero_recenter,2,1,weight,8,0.0011201412
local_cross,rezero_recenter,2,1,weight,9,0.00096589007
local_cross,rezero_recenter,2,1,scale,1,0.00011332919
local_cross,rezero_recenter,2,1,scale,2,0.00018892129
local_cross,rezero_recenter,2,1,anchors,1,0.014038263
local_cross,rezero_recenter,2,1,anchors,2,0.010283252
local_cross,rezero_recenter,4,1,alpha,1,0.07176903
local_cross,rezero_recenter,4,1,alpha,2,7.0370035e-5
local_cross,rezero_recenter,4,1,alpha,3,0.00899934
local_cross,rezero_recenter,4,1,alpha,4,0.00022908076
local_cross,rezero_recenter,4,1,alpha,5,0.07026959
local_cross,rezero_recenter,4,1,alpha,6,4.517599e-5
local_cross,rezero_recenter,4,1,alpha,7,0.020556407
local_cross,rezero_recenter,4,1,alpha,8,3.9940627e-5
local_cross,rezero_recenter,4,1,log_neg_lambda,1,0.06103119
local_cross,rezero_recenter,4,1,log_neg_lambda,2,0.005589669
local_cross,rezero_recenter,4,1,log_neg_lambda,3,0.0030383265
local_cross,rezero_recenter,4,1,log_neg_lambda,4,3.6070821e-6
local_cross,rezero_recenter,4,1,log_neg_lambda,5,3.7385455e-6
local_cross,rezero_recenter,4,1,log_neg_lambda,6,0.0034908105
local_cross,rezero_recenter,4,1,log_neg_lambda,7,0.0016076086
local_cross,rezero_recenter,4,1,log_neg_lambda,8,3.1614206e-6
local_cross,rezero_recenter,4,1,log_neg_lambda,9,3.2231876e-6
local_cross,rezero_recenter,4,1,log_neg_lambda,10,0.0010677591
local_cross,rezero_recenter,4,1,log_neg_lambda,11,0.0012045855
local_cross,rezero_recenter,4,1,log_neg_lambda,12,2.1005133e-6
local_cross,rezero_recenter,4,1,log_neg_lambda,13,2.5797706e-6
local_cross,rezero_recenter,4,1,log_neg_lambda,14,0.0009209865
local_cross,rezero_recenter,4,1,log_neg_lambda,15,0.00092076417
local_cross,rezero_recenter,4,1,log_neg_lambda,16,1.6883197e-6
local_cross,rezero_recenter,4,1,log_neg_lambda,17,1.2508609e-6
local_cross,rezero_recenter,4,1,weight,1,0.92944664
local_cross,rezero_recenter,4,1,weight,2,0.1028756
local_cross,rezero_recenter,4,1,weight,3,0.10086886
local_cross,rezero_recenter,4,1,weight,4,0.0015595566
local_cross,rezero_recenter,4,1,weight,5,0.0015160098
local_cross,rezero_recenter,4,1,weight,6,0.07853073
local_cross,rezero_recenter,4,1,weight,7,0.05404461
local_cross,rezero_recenter,4,1,weight,8,0.0014440505
local_cross,rezero_recenter,4,1,weight,9,0.0011823558
local_cross,rezero_recenter,4,1,weight,10,0.030269187
local_cross,rezero_recenter,4,1,weight,11,0.029094163
local_cross,rezero_recenter,4,1,weight,12,0.0012360051
local_cross,rezero_recenter,4,1,weight,13,0.00096555456
local_cross,rezero_recenter,4,1,weight,14,0.021714276
local_cross,rezero_recenter,4,1,weight,15,0.020372393
local_cross,rezero_recenter,4,1,weight,16,0.0011300755
local_cross,rezero_recenter,4,1,weight,17,0.0010403652
local_cross,rezero_recenter,4,1,scale,1,0.0024376023
local_cross,rezero_recenter,4,1,scale,2,0.00016025055
local_cross,rezero_recenter,4,1,scale,3,0.00018244059
local_cross,rezero_recenter,4,1,scale,4,0.000666279
local_cross,rezero_recenter,4,1,anchors,1,0.02639695
local_cross,rezero_recenter,4,1,anchors,2,0.013769436
local_cross,rezero_recenter,4,1,anchors,3,0.009433435
local_cross,rezero_recenter,4,1,anchors,4,0.010016159
local_cross,rezero_recenter,8,1,alpha,1,0.6657605
local_cross,rezero_recenter,8,1,alpha,2,0.0008626346
local_cross,rezero_recenter,8,1,alpha,3,0.09111288
local_cross,rezero_recenter,8,1,alpha,4,0.00042771804
local_cross,rezero_recenter,8,1,alpha,5,0.6706469
local_cross,rezero_recenter,8,1,alpha,6,0.0004609299
local_cross,rezero_recenter,8,1,alpha,7,0.2090252
local_cross,rezero_recenter,8,1,alpha,8,2.9931645e-5
local_cross,rezero_recenter,8,1,alpha,9,0.003958173
local_cross,rezero_recenter,8,1,alpha,10,0.00045397377
local_cross,rezero_recenter,8,1,alpha,11,0.008367216
local_cross,rezero_recenter,8,1,alpha,12,4.8078437e-7
local_cross,rezero_recenter,8,1,alpha,13,0.02704171
local_cross,rezero_recenter,8,1,alpha,14,9.071769e-5
local_cross,rezero_recenter,8,1,alpha,15,0.012574739
local_cross,rezero_recenter,8,1,alpha,16,0.00010547848
local_cross,rezero_recenter,8,1,log_neg_lambda,1,0.1372097
local_cross,rezero_recenter,8,1,log_neg_lambda,2,0.028139334
local_cross,rezero_recenter,8,1,log_neg_lambda,3,0.021710914
local_cross,rezero_recenter,8,1,log_neg_lambda,4,4.8390397e-5
local_cross,rezero_recenter,8,1,log_neg_lambda,5,6.264794e-5
local_cross,rezero_recenter,8,1,log_neg_lambda,6,0.03342451
local_cross,rezero_recenter,8,1,log_neg_lambda,7,0.0129863275
local_cross,rezero_recenter,8,1,log_neg_lambda,8,2.4421357e-5
local_cross,rezero_recenter,8,1,log_neg_lambda,9,1.7353314e-5
local_cross,rezero_recenter,8,1,log_neg_lambda,10,0.018978516
local_cross,rezero_recenter,8,1,log_neg_lambda,11,0.0073565603
local_cross,rezero_recenter,8,1,log_neg_lambda,12,1.4796714e-5
local_cross,rezero_recenter,8,1,log_neg_lambda,13,1.2476158e-5
local_cross,rezero_recenter,8,1,log_neg_lambda,14,0.009134841
local_cross,rezero_recenter,8,1,log_neg_lambda,15,0.006988561
local_cross,rezero_recenter,8,1,log_neg_lambda,16,6.824948e-6
local_cross,rezero_recenter,8,1,log_neg_lambda,17,5.54503e-6
local_cross,rezero_recenter,8,1,log_neg_lambda,18,0.0035798964
local_cross,rezero_recenter,8,1,log_neg_lambda,19,0.003229812
local_cross,rezero_recenter,8,1,log_neg_lambda,20,4.956083e-6
local_cross,rezero_recenter,8,1,log_neg_lambda,21,4.8865295e-6
local_cross,rezero_recenter,8,1,log_neg_lambda,22,0.008990932
local_cross,rezero_recenter,8,1,log_neg_lambda,23,0.0020980341
local_cross,rezero_recenter,8,1,log_neg_lambda,24,2.7255887e-6
local_cross,rezero_recenter,8,1,log_neg_lambda,25,2.1734268e-6
local_cross,rezero_recenter,8,1,log_neg_lambda,26,0.0014676806
local_cross,rezero_recenter,8,1,log_neg_lambda,27,0.0009824438
local_cross,rezero_recenter,8,1,log_neg_lambda,28,2.0305795e-6
local_cross,rezero_recenter,8,1,log_neg_lambda,29,2.230457e-6
local_cross,rezero_recenter,8,1,log_neg_lambda,30,0.00067642936
local_cross,rezero_recenter,8,1,log_neg_lambda,31,0.00097064796
local_cross,rezero_recenter,8,1,log_neg_lambda,32,1.8869672e-6
local_cross,rezero_recenter,8,1,log_neg_lambda,33,1.8449695e-6
local_cross,rezero_recenter,8,1,weight,1,4.2859373
local_cross,rezero_recenter,8,1,weight,2,0.6805169
local_cross,rezero_recenter,8,1,weight,3,0.38389423
local_cross,rezero_recenter,8,1,weight,4,0.027726265
local_cross,rezero_recenter,8,1,weight,5,0.024859345
local_cross,rezero_recenter,8,1,weight,6,0.6294963
local_cross,rezero_recenter,8,1,weight,7,0.26530018
local_cross,rezero_recenter,8,1,weight,8,0.0108761545
local_cross,rezero_recenter,8,1,weight,9,0.008720272
local_cross,rezero_recenter,8,1,weight,10,0.23880693
local_cross,rezero_recenter,8,1,weight,11,0.140208
local_cross,rezero_recenter,8,1,weight,12,0.0070455754
local_cross,rezero_recenter,8,1,weight,13,0.0062766564
local_cross,rezero_recenter,8,1,weight,14,0.15644188
local_cross,rezero_recenter,8,1,weight,15,0.51936114
local_cross,rezero_recenter,8,1,weight,16,0.0029980154
local_cross,rezero_recenter,8,1,weight,17,0.0025841407
local_cross,rezero_recenter,8,1,weight,18,0.11829141
local_cross,rezero_recenter,8,1,weight,19,0.08371885
local_cross,rezero_recenter,8,1,weight,20,0.0018461288
local_cross,rezero_recenter,8,1,weight,21,0.001828699
local_cross,rezero_recenter,8,1,weight,22,0.12616442
local_cross,rezero_recenter,8,1,weight,23,0.054919925
local_cross,rezero_recenter,8,1,weight,24,0.0012385874
local_cross,rezero_recenter,8,1,weight,25,0.0012421599
local_cross,rezero_recenter,8,1,weight,26,0.034755394
local_cross,rezero_recenter,8,1,weight,27,0.019990955
local_cross,rezero_recenter,8,1,weight,28,0.00094841945
local_cross,rezero_recenter,8,1,weight,29,0.000989191
local_cross,rezero_recenter,8,1,weight,30,0.01825222
local_cross,rezero_recenter,8,1,weight,31,0.016862227
local_cross,rezero_recenter,8,1,weight,32,0.00069979794
local_cross,rezero_recenter,8,1,weight,33,0.0006432312
local_cross,rezero_recenter,8,1,scale,1,0.017958969
local_cross,rezero_recenter,8,1,scale,2,0.00015421922
local_cross,rezero_recenter,8,1,scale,3,0.0029953723
local_cross,rezero_recenter,8,1,scale,4,0.0019219951
local_cross,rezero_recenter,8,1,scale,5,0.0010326037
local_cross,rezero_recenter,8,1,scale,6,0.0004022033
local_cross,rezero_recenter,8,1,scale,7,0.00034388475
local_cross,rezero_recenter,8,1,scale,8,0.0003601922
local_cross,rezero_recenter,8,1,anchors,1,0.31063855
local_cross,rezero_recenter,8,1,anchors,2,0.111440375
local_cross,rezero_recenter,8,1,anchors,3,0.10203676
local_cross,rezero_recenter,8,1,anchors,4,0.03673915
local_cross,rezero_recenter,8,1,anchors,5,0.02431661
local_cross,rezero_recenter,8,1,anchors,6,0.053500473
local_cross,rezero_recenter,8,1,anchors,7,0.014349152
local_cross,rezero_recenter,8,1,anchors,8,0.007365477
local_cross,rezero_recenter,16,1,alpha,1,28.980787
local_cross,rezero_recenter,16,1,alpha,2,0.004948143
local_cross,rezero_recenter,16,1,alpha,3,2.4171238
local_cross,rezero_recenter,16,1,alpha,4,0.037226237
local_cross,rezero_recenter,16,1,alpha,5,3.9129996
local_cross,rezero_recenter,16,1,alpha,6,0.010868062
local_cross,rezero_recenter,16,1,alpha,7,1.2768396
local_cross,rezero_recenter,16,1,alpha,8,0.0031082872
local_cross,rezero_recenter,16,1,alpha,9,3.6960118
local_cross,rezero_recenter,16,1,alpha,10,0.005502769
local_cross,rezero_recenter,16,1,alpha,11,0.9435344
local_cross,rezero_recenter,16,1,alpha,12,0.005765466
local_cross,rezero_recenter,16,1,alpha,13,0.4758324
local_cross,rezero_recenter,16,1,alpha,14,0.00043836725
local_cross,rezero_recenter,16,1,alpha,15,0.2447827
local_cross,rezero_recenter,16,1,alpha,16,0.0004723471
local_cross,rezero_recenter,16,1,alpha,17,0.42828715
local_cross,rezero_recenter,16,1,alpha,18,0.00036478057
local_cross,rezero_recenter,16,1,alpha,19,0.6093071
local_cross,rezero_recenter,16,1,alpha,20,0.00010152253
local_cross,rezero_recenter,16,1,alpha,21,0.12981874
local_cross,rezero_recenter,16,1,alpha,22,0.0005917743
local_cross,rezero_recenter,16,1,alpha,23,0.21224058
local_cross,rezero_recenter,16,1,alpha,24,9.846187e-5
local_cross,rezero_recenter,16,1,alpha,25,0.051626705
local_cross,rezero_recenter,16,1,alpha,26,0.0002188969
local_cross,rezero_recenter,16,1,alpha,27,0.0068541383
local_cross,rezero_recenter,16,1,alpha,28,2.8477429e-5
local_cross,rezero_recenter,16,1,alpha,29,0.003609647
local_cross,rezero_recenter,16,1,alpha,30,5.6238237e-5
local_cross,rezero_recenter,16,1,alpha,31,0.019578975
local_cross,rezero_recenter,16,1,alpha,32,3.164564e-5
local_cross,rezero_recenter,16,1,log_neg_lambda,1,3.122272
local_cross,rezero_recenter,16,1,log_neg_lambda,2,0.9525651
local_cross,rezero_recenter,16,1,log_neg_lambda,3,0.51120687
local_cross,rezero_recenter,16,1,log_neg_lambda,4,0.00064824615
local_cross,rezero_recenter,16,1,log_neg_lambda,5,0.00065374514
local_cross,rezero_recenter,16,1,log_neg_lambda,6,1.0187314
local_cross,rezero_recenter,16,1,log_neg_lambda,7,0.50578207
local_cross,rezero_recenter,16,1,log_neg_lambda,8,0.00038722952
local_cross,rezero_recenter,16,1,log_neg_lambda,9,0.000491576
local_cross,rezero_recenter,16,1,log_neg_lambda,10,0.26882935
local_cross,rezero_recenter,16,1,log_neg_lambda,11,0.3514695
local_cross,rezero_recenter,16,1,log_neg_lambda,12,0.0003235156
local_cross,rezero_recenter,16,1,log_neg_lambda,13,0.00024425902
local_cross,rezero_recenter,16,1,log_neg_lambda,14,0.20968275
local_cross,rezero_recenter,16,1,log_neg_lambda,15,0.15541075
local_cross,rezero_recenter,16,1,log_neg_lambda,16,0.00016565112
local_cross,rezero_recenter,16,1,log_neg_lambda,17,0.00013151132
local_cross,rezero_recenter,16,1,log_neg_lambda,18,0.08072708
local_cross,rezero_recenter,16,1,log_neg_lambda,19,0.09771989
local_cross,rezero_recenter,16,1,log_neg_lambda,20,0.00010286904
local_cross,rezero_recenter,16,1,log_neg_lambda,21,0.00015822808
local_cross,rezero_recenter,16,1,log_neg_lambda,22,0.08849407
local_cross,rezero_recenter,16,1,log_neg_lambda,23,0.05098633
local_cross,rezero_recenter,16,1,log_neg_lambda,24,7.2395604e-5
local_cross,rezero_recenter,16,1,log_neg_lambda,25,5.6620484e-5
local_cross,rezero_recenter,16,1,log_neg_lambda,26,0.03784564
local_cross,rezero_recenter,16,1,log_neg_lambda,27,0.042757515
local_cross,rezero_recenter,16,1,log_neg_lambda,28,6.381448e-5
local_cross,rezero_recenter,16,1,log_neg_lambda,29,5.6410576e-5
local_cross,rezero_recenter,16,1,log_neg_lambda,30,0.032840647
local_cross,rezero_recenter,16,1,log_neg_lambda,31,0.019536331
local_cross,rezero_recenter,16,1,log_neg_lambda,32,2.6994625e-5
local_cross,rezero_recenter,16,1,log_neg_lambda,33,2.1773143e-5
local_cross,rezero_recenter,16,1,log_neg_lambda,34,0.014771484
local_cross,rezero_recenter,16,1,log_neg_lambda,35,0.020224316
local_cross,rezero_recenter,16,1,log_neg_lambda,36,1.30538365e-5
local_cross,rezero_recenter,16,1,log_neg_lambda,37,1.6109907e-5
local_cross,rezero_recenter,16,1,log_neg_lambda,38,0.01028659
local_cross,rezero_recenter,16,1,log_neg_lambda,39,0.010269521
local_cross,rezero_recenter,16,1,log_neg_lambda,40,1.0358835e-5
local_cross,rezero_recenter,16,1,log_neg_lambda,41,1.1914176e-5
local_cross,rezero_recenter,16,1,log_neg_lambda,42,0.009108146
local_cross,rezero_recenter,16,1,log_neg_lambda,43,0.0062452895
local_cross,rezero_recenter,16,1,log_neg_lambda,44,8.212668e-6
local_cross,rezero_recenter,16,1,log_neg_lambda,45,1.0221529e-5
local_cross,rezero_recenter,16,1,log_neg_lambda,46,0.0069124363
local_cross,rezero_recenter,16,1,log_neg_lambda,47,0.006119873
local_cross,rezero_recenter,16,1,log_neg_lambda,48,4.932104e-6
local_cross,rezero_recenter,16,1,log_neg_lambda,49,5.127101e-6
local_cross,rezero_recenter,16,1,log_neg_lambda,50,0.0029096522
local_cross,rezero_recenter,16,1,log_neg_lambda,51,0.0039258106
local_cross,rezero_recenter,16,1,log_neg_lambda,52,2.8010927e-6
local_cross,rezero_recenter,16,1,log_neg_lambda,53,3.0713038e-6
local_cross,rezero_recenter,16,1,log_neg_lambda,54,0.001261498
local_cross,rezero_recenter,16,1,log_neg_lambda,55,0.001575055
local_cross,rezero_recenter,16,1,log_neg_lambda,56,2.0438706e-6
local_cross,rezero_recenter,16,1,log_neg_lambda,57,2.1249969e-6
local_cross,rezero_recenter,16,1,log_neg_lambda,58,0.0015944561
local_cross,rezero_recenter,16,1,log_neg_lambda,59,0.0009936672
local_cross,rezero_recenter,16,1,log_neg_lambda,60,1.801101e-6
local_cross,rezero_recenter,16,1,log_neg_lambda,61,1.5127105e-6
local_cross,rezero_recenter,16,1,log_neg_lambda,62,0.0006628157
local_cross,rezero_recenter,16,1,log_neg_lambda,63,0.0007620871
local_cross,rezero_recenter,16,1,log_neg_lambda,64,1.2855519e-6
local_cross,rezero_recenter,16,1,log_neg_lambda,65,1.5639376e-6
local_cross,rezero_recenter,16,1,weight,1,112.35503
local_cross,rezero_recenter,16,1,weight,2,12.722964
local_cross,rezero_recenter,16,1,weight,3,10.260365
local_cross,rezero_recenter,16,1,weight,4,0.37490153
local_cross,rezero_recenter,16,1,weight,5,0.31789178
local_cross,rezero_recenter,16,1,weight,6,11.454984
local_cross,rezero_recenter,16,1,weight,7,11.411806
local_cross,rezero_recenter,16,1,weight,8,0.19242445
local_cross,rezero_recenter,16,1,weight,9,0.1796402
local_cross,rezero_recenter,16,1,weight,10,8.740519
local_cross,rezero_recenter,16,1,weight,11,11.85577
local_cross,rezero_recenter,16,1,weight,12,0.106491916
local_cross,rezero_recenter,16,1,weight,13,0.09468078
local_cross,rezero_recenter,16,1,weight,14,5.1637254
local_cross,rezero_recenter,16,1,weight,15,4.326333
local_cross,rezero_recenter,16,1,weight,16,0.06338685
local_cross,rezero_recenter,16,1,weight,17,0.06283677
local_cross,rezero_recenter,16,1,weight,18,1.7111577
local_cross,rezero_recenter,16,1,weight,19,1.9628718
local_cross,rezero_recenter,16,1,weight,20,0.02595986
local_cross,rezero_recenter,16,1,weight,21,0.027772512
local_cross,rezero_recenter,16,1,weight,22,1.4282476
local_cross,rezero_recenter,16,1,weight,23,1.5720537
local_cross,rezero_recenter,16,1,weight,24,0.017186163
local_cross,rezero_recenter,16,1,weight,25,0.017795036
local_cross,rezero_recenter,16,1,weight,26,0.92534405
local_cross,rezero_recenter,16,1,weight,27,0.6298031
local_cross,rezero_recenter,16,1,weight,28,0.012315016
local_cross,rezero_recenter,16,1,weight,29,0.0137958545
local_cross,rezero_recenter,16,1,weight,30,0.50451046
local_cross,rezero_recenter,16,1,weight,31,0.42486158
local_cross,rezero_recenter,16,1,weight,32,0.0067831245
local_cross,rezero_recenter,16,1,weight,33,0.006453284
local_cross,rezero_recenter,16,1,weight,34,0.3216716
local_cross,rezero_recenter,16,1,weight,35,0.42566377
local_cross,rezero_recenter,16,1,weight,36,0.004050065
local_cross,rezero_recenter,16,1,weight,37,0.003697038
local_cross,rezero_recenter,16,1,weight,38,0.25128546
local_cross,rezero_recenter,16,1,weight,39,0.15419585
local_cross,rezero_recenter,16,1,weight,40,0.003004571
local_cross,rezero_recenter,16,1,weight,41,0.0029271445
local_cross,rezero_recenter,16,1,weight,42,0.1355419
local_cross,rezero_recenter,16,1,weight,43,0.14080691
local_cross,rezero_recenter,16,1,weight,44,0.002090279
local_cross,rezero_recenter,16,1,weight,45,0.0022572754
local_cross,rezero_recenter,16,1,weight,46,0.09896701
local_cross,rezero_recenter,16,1,weight,47,0.10710566
local_cross,rezero_recenter,16,1,weight,48,0.0016307255
local_cross,rezero_recenter,16,1,weight,49,0.0015552104
local_cross,rezero_recenter,16,1,weight,50,0.051249664
local_cross,rezero_recenter,16,1,weight,51,0.09142484
local_cross,rezero_recenter,16,1,weight,52,0.0008847936
local_cross,rezero_recenter,16,1,weight,53,0.0008281008
local_cross,rezero_recenter,16,1,weight,54,0.02779753
local_cross,rezero_recenter,16,1,weight,55,0.039536513
local_cross,rezero_recenter,16,1,weight,56,0.000692284
local_cross,rezero_recenter,16,1,weight,57,0.0006174721
local_cross,rezero_recenter,16,1,weight,58,0.032167424
local_cross,rezero_recenter,16,1,weight,59,0.02138313
local_cross,rezero_recenter,16,1,weight,60,0.0006366613
local_cross,rezero_recenter,16,1,weight,61,0.00063606055
local_cross,rezero_recenter,16,1,weight,62,0.016788274
local_cross,rezero_recenter,16,1,weight,63,0.0150473295
local_cross,rezero_recenter,16,1,weight,64,0.0005043209
local_cross,rezero_recenter,16,1,weight,65,0.00050869165
local_cross,rezero_recenter,16,1,scale,1,0.014796581
local_cross,rezero_recenter,16,1,scale,2,0.09723492
local_cross,rezero_recenter,16,1,scale,3,0.079911545
local_cross,rezero_recenter,16,1,scale,4,0.087996915
local_cross,rezero_recenter,16,1,scale,5,0.056414925
local_cross,rezero_recenter,16,1,scale,6,0.028737396
local_cross,rezero_recenter,16,1,scale,7,0.043262508
local_cross,rezero_recenter,16,1,scale,8,0.018710501
local_cross,rezero_recenter,16,1,scale,9,0.00090763054
local_cross,rezero_recenter,16,1,scale,10,0.003871403
local_cross,rezero_recenter,16,1,scale,11,0.0028165663
local_cross,rezero_recenter,16,1,scale,12,0.0004650905
local_cross,rezero_recenter,16,1,scale,13,8.160714e-8
local_cross,rezero_recenter,16,1,scale,14,0.00023131206
local_cross,rezero_recenter,16,1,scale,15,3.2969197e-5
local_cross,rezero_recenter,16,1,scale,16,4.650427e-5
local_cross,rezero_recenter,16,1,anchors,1,5.861566
local_cross,rezero_recenter,16,1,anchors,2,1.5751396
local_cross,rezero_recenter,16,1,anchors,3,1.1260504
local_cross,rezero_recenter,16,1,anchors,4,0.9887749
local_cross,rezero_recenter,16,1,anchors,5,0.4339519
local_cross,rezero_recenter,16,1,anchors,6,0.41117787
local_cross,rezero_recenter,16,1,anchors,7,0.43735048
local_cross,rezero_recenter,16,1,anchors,8,0.26205352
local_cross,rezero_recenter,16,1,anchors,9,0.09151576
local_cross,rezero_recenter,16,1,anchors,10,0.058056183
local_cross,rezero_recenter,16,1,anchors,11,0.04237924
local_cross,rezero_recenter,16,1,anchors,12,0.029877026
local_cross,rezero_recenter,16,1,anchors,13,0.022150772
local_cross,rezero_recenter,16,1,anchors,14,0.010574341
local_cross,rezero_recenter,16,1,anchors,15,0.011124799
local_cross,rezero_recenter,16,1,anchors,16,0.00582435
ssm_self,old,1,1,log_neg_lambda,1,0.02053567
ssm_self,old,1,1,log_neg_lambda,2,0.00037199917
ssm_self,old,1,1,log_neg_lambda,3,0.0003262434
ssm_self,old,1,1,log_neg_lambda,4,0.0053643854
ssm_self,old,1,1,log_neg_lambda,5,0.0024779048
ssm_self,old,1,1,log_neg_lambda,6,0.0021227559
ssm_self,old,1,1,weight,1,0.9006127
ssm_self,old,1,1,weight,2,0.017832883
ssm_self,old,1,1,weight,3,0.012473834
ssm_self,old,1,1,weight,4,0.5513006
ssm_self,old,1,1,weight,5,0.15104836
ssm_self,old,1,1,weight,6,0.22789909
ssm_self,old,1,1,scale,1,0.000108775894
ssm_self,old,2,1,log_neg_lambda,1,0.0987279
ssm_self,old,2,1,log_neg_lambda,2,0.0017955066
ssm_self,old,2,1,log_neg_lambda,3,0.00069723005
ssm_self,old,2,1,log_neg_lambda,4,0.016305601
ssm_self,old,2,1,log_neg_lambda,5,0.005032708
ssm_self,old,2,1,log_neg_lambda,6,0.004836307
ssm_self,old,2,1,log_neg_lambda,7,0.0006094073
ssm_self,old,2,1,log_neg_lambda,8,0.0005168618
ssm_self,old,2,1,log_neg_lambda,9,0.004699571
ssm_self,old,2,1,log_neg_lambda,10,0.002388775
ssm_self,old,2,1,log_neg_lambda,11,0.0014431952
ssm_self,old,2,1,weight,1,4.184905
ssm_self,old,2,1,weight,2,0.09468614
ssm_self,old,2,1,weight,3,0.035261814
ssm_self,old,2,1,weight,4,2.8834176
ssm_self,old,2,1,weight,5,0.3678012
ssm_self,old,2,1,weight,6,0.3635587
ssm_self,old,2,1,weight,7,0.024570644
ssm_self,old,2,1,weight,8,0.017056972
ssm_self,old,2,1,weight,9,0.35756752
ssm_self,old,2,1,weight,10,0.11609328
ssm_self,old,2,1,weight,11,0.14609326
ssm_self,old,2,1,scale,1,0.0015151609
ssm_self,old,2,1,scale,2,9.849561e-5
ssm_self,old,4,1,log_neg_lambda,1,2.4610639
ssm_self,old,4,1,log_neg_lambda,2,0.06498338
ssm_self,old,4,1,log_neg_lambda,3,0.041642226
ssm_self,old,4,1,log_neg_lambda,4,0.6599587
ssm_self,old,4,1,log_neg_lambda,5,0.44668844
ssm_self,old,4,1,log_neg_lambda,6,0.19818965
ssm_self,old,4,1,log_neg_lambda,7,0.015273908
ssm_self,old,4,1,log_neg_lambda,8,0.006342751
ssm_self,old,4,1,log_neg_lambda,9,0.17152104
ssm_self,old,4,1,log_neg_lambda,10,0.0475252
ssm_self,old,4,1,log_neg_lambda,11,0.041108795
ssm_self,old,4,1,log_neg_lambda,12,0.0039955815
ssm_self,old,4,1,log_neg_lambda,13,0.0056492737
ssm_self,old,4,1,log_neg_lambda,14,0.06639633
ssm_self,old,4,1,log_neg_lambda,15,0.012274622
ssm_self,old,4,1,log_neg_lambda,16,0.010767622
ssm_self,old,4,1,log_neg_lambda,17,0.0017383135
ssm_self,old,4,1,log_neg_lambda,18,0.0013540774
ssm_self,old,4,1,log_neg_lambda,19,0.016053999
ssm_self,old,4,1,log_neg_lambda,20,0.0026232672
ssm_self,old,4,1,log_neg_lambda,21,0.0020210699
ssm_self,old,4,1,weight,1,107.33181
ssm_self,old,4,1,weight,2,3.6929157
ssm_self,old,4,1,weight,3,2.3938005
ssm_self,old,4,1,weight,4,57.268967
ssm_self,old,4,1,weight,5,31.604311
ssm_self,old,4,1,weight,6,51.503185
ssm_self,old,4,1,weight,7,0.4876927
ssm_self,old,4,1,weight,8,0.27662563
ssm_self,old,4,1,weight,9,13.152243
ssm_self,old,4,1,weight,10,2.4480774
ssm_self,old,4,1,weight,11,2.7008898
ssm_self,old,4,1,weight,12,0.18291532
ssm_self,old,4,1,weight,13,0.28069952
ssm_self,old,4,1,weight,14,3.6876588
ssm_self,old,4,1,weight,15,0.77730256
ssm_self,old,4,1,weight,16,1.0806928
ssm_self,old,4,1,weight,17,0.06540957
ssm_self,old,4,1,weight,18,0.04558081
ssm_self,old,4,1,weight,19,1.3328056
ssm_self,old,4,1,weight,20,0.118053205
ssm_self,old,4,1,weight,21,0.16658315
ssm_self,old,4,1,scale,1,0.08091801
ssm_self,old,4,1,scale,2,0.008695638
ssm_self,old,4,1,scale,3,0.0011047835
ssm_self,old,4,1,scale,4,0.0015024994
ssm_self,old,8,1,log_neg_lambda,1,161.55946
ssm_self,old,8,1,log_neg_lambda,2,3.8458266
ssm_self,old,8,1,log_neg_lambda,3,2.9449654
ssm_self,old,8,1,log_neg_lambda,4,30.746237
ssm_self,old,8,1,log_neg_lambda,5,5.756545
ssm_self,old,8,1,log_neg_lambda,6,4.230901
ssm_self,old,8,1,log_neg_lambda,7,0.9591415
ssm_self,old,8,1,log_neg_lambda,8,0.3741325
ssm_self,old,8,1,log_neg_lambda,9,4.652907
ssm_self,old,8,1,log_neg_lambda,10,1.7924668
ssm_self,old,8,1,log_neg_lambda,11,1.354799
ssm_self,old,8,1,log_neg_lambda,12,0.31429252
ssm_self,old,8,1,log_neg_lambda,13,0.12823659
ssm_self,old,8,1,log_neg_lambda,14,1.7217891
ssm_self,old,8,1,log_neg_lambda,15,0.4359855
ssm_self,old,8,1,log_neg_lambda,16,0.38924316
ssm_self,old,8,1,log_neg_lambda,17,0.13448675
ssm_self,old,8,1,log_neg_lambda,18,0.07264251
ssm_self,old,8,1,log_neg_lambda,19,0.67441285
ssm_self,old,8,1,log_neg_lambda,20,0.23537183
ssm_self,old,8,1,log_neg_lambda,21,0.15044567
ssm_self,old,8,1,log_neg_lambda,22,0.0394828
ssm_self,old,8,1,log_neg_lambda,23,0.02305396
ssm_self,old,8,1,log_neg_lambda,24,0.21014576
ssm_self,old,8,1,log_neg_lambda,25,0.09310771
ssm_self,old,8,1,log_neg_lambda,26,0.05414188
ssm_self,old,8,1,log_neg_lambda,27,0.028218437
ssm_self,old,8,1,log_neg_lambda,28,0.009864059
ssm_self,old,8,1,log_neg_lambda,29,0.07522001
ssm_self,old,8,1,log_neg_lambda,30,0.026211604
ssm_self,old,8,1,log_neg_lambda,31,0.017784834
ssm_self,old,8,1,log_neg_lambda,32,0.004159488
ssm_self,old,8,1,log_neg_lambda,33,0.002339193
ssm_self,old,8,1,log_neg_lambda,34,0.019261658
ssm_self,old,8,1,log_neg_lambda,35,0.008585202
ssm_self,old,8,1,log_neg_lambda,36,0.0057019317
ssm_self,old,8,1,log_neg_lambda,37,0.0012651017
ssm_self,old,8,1,log_neg_lambda,38,0.0022477268
ssm_self,old,8,1,log_neg_lambda,39,0.005343733
ssm_self,old,8,1,log_neg_lambda,40,0.0028436182
ssm_self,old,8,1,log_neg_lambda,41,0.0017434042
ssm_self,old,8,1,weight,1,6505.9033
ssm_self,old,8,1,weight,2,211.6646
ssm_self,old,8,1,weight,3,120.12516
ssm_self,old,8,1,weight,4,3151.8833
ssm_self,old,8,1,weight,5,656.12537
ssm_self,old,8,1,weight,6,470.81885
ssm_self,old,8,1,weight,7,32.98654
ssm_self,old,8,1,weight,8,19.477217
ssm_self,old,8,1,weight,9,494.0736
ssm_self,old,8,1,weight,10,144.08357
ssm_self,old,8,1,weight,11,146.33446
ssm_self,old,8,1,weight,12,10.988054
ssm_self,old,8,1,weight,13,8.174733
ssm_self,old,8,1,weight,14,160.20154
ssm_self,old,8,1,weight,15,35.990707
ssm_self,old,8,1,weight,16,35.44209
ssm_self,old,8,1,weight,17,3.9674225
ssm_self,old,8,1,weight,18,2.63058
ssm_self,old,8,1,weight,19,35.77189
ssm_self,old,8,1,weight,20,15.3780575
ssm_self,old,8,1,weight,21,15.136239
ssm_self,old,8,1,weight,22,1.2203568
ssm_self,old,8,1,weight,23,1.0280211
ssm_self,old,8,1,weight,24,11.108118
ssm_self,old,8,1,weight,25,4.707387
ssm_self,old,8,1,weight,26,5.0130787
ssm_self,old,8,1,weight,27,0.96437025
ssm_self,old,8,1,weight,28,0.5706476
ssm_self,old,8,1,weight,29,3.4722722
ssm_self,old,8,1,weight,30,1.4712366
ssm_self,old,8,1,weight,31,1.4669392
ssm_self,old,8,1,weight,32,0.114222735
ssm_self,old,8,1,weight,33,0.10420034
ssm_self,old,8,1,weight,34,1.0829089
ssm_self,old,8,1,weight,35,0.3363436
ssm_self,old,8,1,weight,36,0.44354078
ssm_self,old,8,1,weight,37,0.03462955
ssm_self,old,8,1,weight,38,0.053491205
ssm_self,old,8,1,weight,39,0.2419163
ssm_self,old,8,1,weight,40,0.06885065
ssm_self,old,8,1,weight,41,0.10240583
ssm_self,old,8,1,scale,1,3.0999753
ssm_self,old,8,1,scale,2,0.7786052
ssm_self,old,8,1,scale,3,0.3513412
ssm_self,old,8,1,scale,4,0.08351657
ssm_self,old,8,1,scale,5,0.046713527
ssm_self,old,8,1,scale,6,0.0183023
ssm_self,old,8,1,scale,7,0.0008915204
ssm_self,old,8,1,scale,8,9.033363e-6
ssm_self,old,16,1,log_neg_lambda,1,3.2821862e8
ssm_self,old,16,1,log_neg_lambda,2,1.590431e7
ssm_self,old,16,1,log_neg_lambda,3,4.8017275e6
ssm_self,old,16,1,log_neg_lambda,4,1.864442e8
ssm_self,old,16,1,log_neg_lambda,5,2.953441e7
ssm_self,old,16,1,log_neg_lambda,6,9.104858e6
ssm_self,old,16,1,log_neg_lambda,7,984238.3
ssm_self,old,16,1,log_neg_lambda,8,185999.42
ssm_self,old,16,1,log_neg_lambda,9,8.838521e6
ssm_self,old,16,1,log_neg_lambda,10,3.6403242e6
ssm_self,old,16,1,log_neg_lambda,11,3.227696e6
ssm_self,old,16,1,log_neg_lambda,12,541188.5
ssm_self,old,16,1,log_neg_lambda,13,169396.28
ssm_self,old,16,1,log_neg_lambda,14,5.8401885e6
ssm_self,old,16,1,log_neg_lambda,15,1.2967772e6
ssm_self,old,16,1,log_neg_lambda,16,1.2064118e6
ssm_self,old,16,1,log_neg_lambda,17,407388.4
ssm_self,old,16,1,log_neg_lambda,18,113160.234
ssm_self,old,16,1,log_neg_lambda,19,1.698404e6
ssm_self,old,16,1,log_neg_lambda,20,518845.66
ssm_self,old,16,1,log_neg_lambda,21,521724.5
ssm_self,old,16,1,log_neg_lambda,22,80733.29
ssm_self,old,16,1,log_neg_lambda,23,19408.299
ssm_self,old,16,1,log_neg_lambda,24,395841.75
ssm_self,old,16,1,log_neg_lambda,25,218822.72
ssm_self,old,16,1,log_neg_lambda,26,128158.664
ssm_self,old,16,1,log_neg_lambda,27,78372.84
ssm_self,old,16,1,log_neg_lambda,28,8445.377
ssm_self,old,16,1,log_neg_lambda,29,158441.11
ssm_self,old,16,1,log_neg_lambda,30,27033.129
ssm_self,old,16,1,log_neg_lambda,31,18083.14
ssm_self,old,16,1,log_neg_lambda,32,5469.242
ssm_self,old,16,1,log_neg_lambda,33,1267.564
ssm_self,old,16,1,log_neg_lambda,34,17980.408
ssm_self,old,16,1,log_neg_lambda,35,3380.8025
ssm_self,old,16,1,log_neg_lambda,36,2429.0261
ssm_self,old,16,1,log_neg_lambda,37,1441.936
ssm_self,old,16,1,log_neg_lambda,38,421.3593
ssm_self,old,16,1,log_neg_lambda,39,3443.8684
ssm_self,old,16,1,log_neg_lambda,40,2145.6704
ssm_self,old,16,1,log_neg_lambda,41,1626.3723
ssm_self,old,16,1,log_neg_lambda,42,273.6311
ssm_self,old,16,1,log_neg_lambda,43,57.282696
ssm_self,old,16,1,log_neg_lambda,44,1863.1368
ssm_self,old,16,1,log_neg_lambda,45,107.27032
ssm_self,old,16,1,log_neg_lambda,46,56.187542
ssm_self,old,16,1,log_neg_lambda,47,26.780066
ssm_self,old,16,1,log_neg_lambda,48,5.6021447
ssm_self,old,16,1,log_neg_lambda,49,44.817238
ssm_self,old,16,1,log_neg_lambda,50,18.002981
ssm_self,old,16,1,log_neg_lambda,51,10.639772
ssm_self,old,16,1,log_neg_lambda,52,3.717031
ssm_self,old,16,1,log_neg_lambda,53,1.6078216
ssm_self,old,16,1,log_neg_lambda,54,22.638672
ssm_self,old,16,1,log_neg_lambda,55,4.910073
ssm_self,old,16,1,log_neg_lambda,56,6.5376472
ssm_self,old,16,1,log_neg_lambda,57,3.491628
ssm_self,old,16,1,log_neg_lambda,58,0.5201526
ssm_self,old,16,1,log_neg_lambda,59,6.9626236
ssm_self,old,16,1,log_neg_lambda,60,0.9595285
ssm_self,old,16,1,log_neg_lambda,61,0.68992585
ssm_self,old,16,1,log_neg_lambda,62,0.1563688
ssm_self,old,16,1,log_neg_lambda,63,0.079706684
ssm_self,old,16,1,log_neg_lambda,64,0.7635382
ssm_self,old,16,1,log_neg_lambda,65,0.1886961
ssm_self,old,16,1,log_neg_lambda,66,0.14187774
ssm_self,old,16,1,log_neg_lambda,67,0.034231834
ssm_self,old,16,1,log_neg_lambda,68,0.028020019
ssm_self,old,16,1,log_neg_lambda,69,0.13519077
ssm_self,old,16,1,log_neg_lambda,70,0.07338846
ssm_self,old,16,1,log_neg_lambda,71,0.02325444
ssm_self,old,16,1,log_neg_lambda,72,0.0072079417
ssm_self,old,16,1,log_neg_lambda,73,0.006478825
ssm_self,old,16,1,log_neg_lambda,74,0.029955123
ssm_self,old,16,1,log_neg_lambda,75,0.01048432
ssm_self,old,16,1,log_neg_lambda,76,0.011533515
ssm_self,old,16,1,log_neg_lambda,77,0.0017052735
ssm_self,old,16,1,log_neg_lambda,78,0.0025349804
ssm_self,old,16,1,log_neg_lambda,79,0.008855262
ssm_self,old,16,1,log_neg_lambda,80,0.0036246425
ssm_self,old,16,1,log_neg_lambda,81,0.0018864169
ssm_self,old,16,1,weight,1,1.2754434e11
ssm_self,old,16,1,weight,2,1.2094668e9
ssm_self,old,16,1,weight,3,6.946109e7
ssm_self,old,16,1,weight,4,9.067459e9
ssm_self,old,16,1,weight,5,3.939335e9
ssm_self,old,16,1,weight,6,1.3823238e9
ssm_self,old,16,1,weight,7,3.0589112e7
ssm_self,old,16,1,weight,8,1.1291669e7
ssm_self,old,16,1,weight,9,1.938899e9
ssm_self,old,16,1,weight,10,3.3083638e8
ssm_self,old,16,1,weight,11,4.4334378e8
ssm_self,old,16,1,weight,12,2.249983e7
ssm_self,old,16,1,weight,13,1.8759748e7
ssm_self,old,16,1,weight,14,5.085742e8
ssm_self,old,16,1,weight,15,1.5653712e8
ssm_self,old,16,1,weight,16,1.7287771e8
ssm_self,old,16,1,weight,17,1.423301e7
ssm_self,old,16,1,weight,18,8.491444e6
ssm_self,old,16,1,weight,19,1.4896765e8
ssm_self,old,16,1,weight,20,5.835324e7
ssm_self,old,16,1,weight,21,7.779249e7
ssm_self,old,16,1,weight,22,2.6085445e6
ssm_self,old,16,1,weight,23,1.5268724e6
ssm_self,old,16,1,weight,24,6.1489216e7
ssm_self,old,16,1,weight,25,1.5156878e7
ssm_self,old,16,1,weight,26,2.4993624e7
ssm_self,old,16,1,weight,27,1.2195546e7
ssm_self,old,16,1,weight,28,614507.4
ssm_self,old,16,1,weight,29,7.0635165e6
ssm_self,old,16,1,weight,30,2.2682008e6
ssm_self,old,16,1,weight,31,1.1140604e6
ssm_self,old,16,1,weight,32,119692.97
ssm_self,old,16,1,weight,33,98859.01
ssm_self,old,16,1,weight,34,1.2332526e6
ssm_self,old,16,1,weight,35,346184.16
ssm_self,old,16,1,weight,36,398547.66
ssm_self,old,16,1,weight,37,36157.07
ssm_self,old,16,1,weight,38,38648.484
ssm_self,old,16,1,weight,39,338026.0
ssm_self,old,16,1,weight,40,119096.195
ssm_self,old,16,1,weight,41,150488.92
ssm_self,old,16,1,weight,42,6290.2866
ssm_self,old,16,1,weight,43,6575.354
ssm_self,old,16,1,weight,44,91213.68
ssm_self,old,16,1,weight,45,17312.363
ssm_self,old,16,1,weight,46,10008.927
ssm_self,old,16,1,weight,47,729.701
ssm_self,old,16,1,weight,48,472.80075
ssm_self,old,16,1,weight,49,2900.8608
ssm_self,old,16,1,weight,50,1457.2098
ssm_self,old,16,1,weight,51,1201.789
ssm_self,old,16,1,weight,52,137.1354
ssm_self,old,16,1,weight,53,154.28455
ssm_self,old,16,1,weight,54,889.1067
ssm_self,old,16,1,weight,55,284.60336
ssm_self,old,16,1,weight,56,293.08298
ssm_self,old,16,1,weight,57,92.82752
ssm_self,old,16,1,weight,58,75.64808
ssm_self,old,16,1,weight,59,369.78464
ssm_self,old,16,1,weight,60,91.22689
ssm_self,old,16,1,weight,61,104.55068
ssm_self,old,16,1,weight,62,7.4508567
ssm_self,old,16,1,weight,63,4.5325484
ssm_self,old,16,1,weight,64,132.36621
ssm_self,old,16,1,weight,65,6.2549095
ssm_self,old,16,1,weight,66,6.755136
ssm_self,old,16,1,weight,67,0.8350885
ssm_self,old,16,1,weight,68,1.4403148
ssm_self,old,16,1,weight,69,5.349271
ssm_self,old,16,1,weight,70,2.0264738
ssm_self,old,16,1,weight,71,2.0299523
ssm_self,old,16,1,weight,72,0.20743938
ssm_self,old,16,1,weight,73,0.23585725
ssm_self,old,16,1,weight,74,1.1607585
ssm_self,old,16,1,weight,75,0.39078584
ssm_self,old,16,1,weight,76,0.540673
ssm_self,old,16,1,weight,77,0.056671407
ssm_self,old,16,1,weight,78,0.055080652
ssm_self,old,16,1,weight,79,0.46949577
ssm_self,old,16,1,weight,80,0.067275904
ssm_self,old,16,1,weight,81,0.12068826
ssm_self,old,16,1,scale,1,3.40525e6
ssm_self,old,16,1,scale,2,653248.25
ssm_self,old,16,1,scale,3,57264.094
ssm_self,old,16,1,scale,4,39884.1
ssm_self,old,16,1,scale,5,39018.008
ssm_self,old,16,1,scale,6,48802.496
ssm_self,old,16,1,scale,7,5001.641
ssm_self,old,16,1,scale,8,851.9694
ssm_self,old,16,1,scale,9,7.8799205
ssm_self,old,16,1,scale,10,9.388261
ssm_self,old,16,1,scale,11,0.09353924
ssm_self,old,16,1,scale,12,1.1270487
ssm_self,old,16,1,scale,13,0.015015133
ssm_self,old,16,1,scale,14,0.031903327
ssm_self,old,16,1,scale,15,0.0031233705
ssm_self,old,16,1,scale,16,0.0011564009
ssm_self,downscaled_ffn,1,1,log_neg_lambda,1,0.020165736
ssm_self,downscaled_ffn,1,1,log_neg_lambda,2,0.00033985302
ssm_self,downscaled_ffn,1,1,log_neg_lambda,3,0.00027755697
ssm_self,downscaled_ffn,1,1,log_neg_lambda,4,0.0029069541
ssm_self,downscaled_ffn,1,1,log_neg_lambda,5,1.7075477e-5
ssm_self,downscaled_ffn,1,1,log_neg_lambda,6,1.5654632e-5
ssm_self,downscaled_ffn,1,1,weight,1,0.42056814
ssm_self,downscaled_ffn,1,1,weight,2,0.018665202
ssm_self,downscaled_ffn,1,1,weight,3,0.0100980755
ssm_self,downscaled_ffn,1,1,weight,4,0.3472554
ssm_self,downscaled_ffn,1,1,weight,5,0.012093906
ssm_self,downscaled_ffn,1,1,weight,6,0.011995698
ssm_self,downscaled_ffn,1,1,scale,1,6.732978e-5
ssm_self,downscaled_ffn,2,1,log_neg_lambda,1,0.026649462
ssm_self,downscaled_ffn,2,1,log_neg_lambda,2,0.00090651255
ssm_self,downscaled_ffn,2,1,log_neg_lambda,3,0.0005742549
ssm_self,downscaled_ffn,2,1,log_neg_lambda,4,0.005209942
ssm_self,downscaled_ffn,2,1,log_neg_lambda,5,2.1663565e-5
ssm_self,downscaled_ffn,2,1,log_neg_lambda,6,2.0080193e-5
ssm_self,downscaled_ffn,2,1,log_neg_lambda,7,0.0003231507
ssm_self,downscaled_ffn,2,1,log_neg_lambda,8,0.00030717484
ssm_self,downscaled_ffn,2,1,log_neg_lambda,9,0.0028565945
ssm_self,downscaled_ffn,2,1,log_neg_lambda,10,1.2831385e-5
ssm_self,downscaled_ffn,2,1,log_neg_lambda,11,1.16617375e-5
ssm_self,downscaled_ffn,2,1,weight,1,1.2237972
ssm_self,downscaled_ffn,2,1,weight,2,0.04787684
ssm_self,downscaled_ffn,2,1,weight,3,0.016443519
ssm_self,downscaled_ffn,2,1,weight,4,0.597339
ssm_self,downscaled_ffn,2,1,weight,5,0.018450174
ssm_self,downscaled_ffn,2,1,weight,6,0.017995857
ssm_self,downscaled_ffn,2,1,weight,7,0.013929854
ssm_self,downscaled_ffn,2,1,weight,8,0.012585355
ssm_self,downscaled_ffn,2,1,weight,9,0.3245494
ssm_self,downscaled_ffn,2,1,weight,10,0.01039914
ssm_self,downscaled_ffn,2,1,weight,11,0.009915233
ssm_self,downscaled_ffn,2,1,scale,1,2.3774453e-5
ssm_self,downscaled_ffn,2,1,scale,2,0.00024579378
ssm_self,downscaled_ffn,4,1,log_neg_lambda,1,0.18762235
ssm_self,downscaled_ffn,4,1,log_neg_lambda,2,0.0043116612
ssm_self,downscaled_ffn,4,1,log_neg_lambda,3,0.0018158001
ssm_self,downscaled_ffn,4,1,log_neg_lambda,4,0.034847975
ssm_self,downscaled_ffn,4,1,log_neg_lambda,5,8.857345e-5
ssm_self,downscaled_ffn,4,1,log_neg_lambda,6,7.5330616e-5
ssm_self,downscaled_ffn,4,1,log_neg_lambda,7,0.0015394402
ssm_self,downscaled_ffn,4,1,log_neg_lambda,8,0.0008874668
ssm_self,downscaled_ffn,4,1,log_neg_lambda,9,0.015970908
ssm_self,downscaled_ffn,4,1,log_neg_lambda,10,4.3325435e-5
ssm_self,downscaled_ffn,4,1,log_neg_lambda,11,4.7642956e-5
ssm_self,downscaled_ffn,4,1,log_neg_lambda,12,0.00079338864
ssm_self,downscaled_ffn,4,1,log_neg_lambda,13,0.0003949989
ssm_self,downscaled_ffn,4,1,log_neg_lambda,14,0.005880775
ssm_self,downscaled_ffn,4,1,log_neg_lambda,15,1.7538905e-5
ssm_self,downscaled_ffn,4,1,log_neg_lambda,16,1.7819357e-5
ssm_self,downscaled_ffn,4,1,log_neg_lambda,17,0.0004039273
ssm_self,downscaled_ffn,4,1,log_neg_lambda,18,0.0006926851
ssm_self,downscaled_ffn,4,1,log_neg_lambda,19,0.0026255406
ssm_self,downscaled_ffn,4,1,log_neg_lambda,20,1.1020736e-5
ssm_self,downscaled_ffn,4,1,log_neg_lambda,21,1.0805347e-5
ssm_self,downscaled_ffn,4,1,weight,1,4.247346
ssm_self,downscaled_ffn,4,1,weight,2,0.26394284
ssm_self,downscaled_ffn,4,1,weight,3,0.08069309
ssm_self,downscaled_ffn,4,1,weight,4,3.1039283
ssm_self,downscaled_ffn,4,1,weight,5,0.08523449
ssm_self,downscaled_ffn,4,1,weight,6,0.08364816
ssm_self,downscaled_ffn,4,1,weight,7,0.072168514
ssm_self,downscaled_ffn,4,1,weight,8,0.04080936
ssm_self,downscaled_ffn,4,1,weight,9,1.1688913
ssm_self,downscaled_ffn,4,1,weight,10,0.03910618
ssm_self,downscaled_ffn,4,1,weight,11,0.040835153
ssm_self,downscaled_ffn,4,1,weight,12,0.034724772
ssm_self,downscaled_ffn,4,1,weight,13,0.023978649
ssm_self,downscaled_ffn,4,1,weight,14,0.7559585
ssm_self,downscaled_ffn,4,1,weight,15,0.014085616
ssm_self,downscaled_ffn,4,1,weight,16,0.01391766
ssm_self,downscaled_ffn,4,1,weight,17,0.016599324
ssm_self,downscaled_ffn,4,1,weight,18,0.02600761
ssm_self,downscaled_ffn,4,1,weight,19,0.21068521
ssm_self,downscaled_ffn,4,1,weight,20,0.0056994837
ssm_self,downscaled_ffn,4,1,weight,21,0.0058006896
ssm_self,downscaled_ffn,4,1,scale,1,0.0036571166
ssm_self,downscaled_ffn,4,1,scale,2,0.0008909517
ssm_self,downscaled_ffn,4,1,scale,3,4.2462663e-5
ssm_self,downscaled_ffn,4,1,scale,4,1.7368817e-5
ssm_self,downscaled_ffn,8,1,log_neg_lambda,1,5.220856
ssm_self,downscaled_ffn,8,1,log_neg_lambda,2,0.13874997
ssm_self,downscaled_ffn,8,1,log_neg_lambda,3,0.057121284
ssm_self,downscaled_ffn,8,1,log_neg_lambda,4,0.8282171
ssm_self,downscaled_ffn,8,1,log_neg_lambda,5,0.0026151696
ssm_self,downscaled_ffn,8,1,log_neg_lambda,6,0.002504717
ssm_self,downscaled_ffn,8,1,log_neg_lambda,7,0.040262047
ssm_self,downscaled_ffn,8,1,log_neg_lambda,8,0.024141703
ssm_self,downscaled_ffn,8,1,log_neg_lambda,9,0.4993296
ssm_self,downscaled_ffn,8,1,log_neg_lambda,10,0.0015583071
ssm_self,downscaled_ffn,8,1,log_neg_lambda,11,0.0016234888
ssm_self,downscaled_ffn,8,1,log_neg_lambda,12,0.034272067
ssm_self,downscaled_ffn,8,1,log_neg_lambda,13,0.0147327855
ssm_self,downscaled_ffn,8,1,log_neg_lambda,14,0.203246
ssm_self,downscaled_ffn,8,1,log_neg_lambda,15,0.000665113
ssm_self,downscaled_ffn,8,1,log_neg_lambda,16,0.00065470766
ssm_self,downscaled_ffn,8,1,log_neg_lambda,17,0.023137422
ssm_self,downscaled_ffn,8,1,log_neg_lambda,18,0.008382374
ssm_self,downscaled_ffn,8,1,log_neg_lambda,19,0.08954438
ssm_self,downscaled_ffn,8,1,log_neg_lambda,20,0.00022645127
ssm_self,downscaled_ffn,8,1,log_neg_lambda,21,0.00027339105
ssm_self,downscaled_ffn,8,1,log_neg_lambda,22,0.0067836735
ssm_self,downscaled_ffn,8,1,log_neg_lambda,23,0.0019652843
ssm_self,downscaled_ffn,8,1,log_neg_lambda,24,0.030517943
ssm_self,downscaled_ffn,8,1,log_neg_lambda,25,0.0001086846
ssm_self,downscaled_ffn,8,1,log_neg_lambda,26,9.810954e-5
ssm_self,downscaled_ffn,8,1,log_neg_lambda,27,0.002813372
ssm_self,downscaled_ffn,8,1,log_neg_lambda,28,0.0017249708
ssm_self,downscaled_ffn,8,1,log_neg_lambda,29,0.013726589
ssm_self,downscaled_ffn,8,1,log_neg_lambda,30,6.211053e-5
ssm_self,downscaled_ffn,8,1,log_neg_lambda,31,5.346113e-5
ssm_self,downscaled_ffn,8,1,log_neg_lambda,32,0.001105317
ssm_self,downscaled_ffn,8,1,log_neg_lambda,33,0.0004948871
ssm_self,downscaled_ffn,8,1,log_neg_lambda,34,0.006413587
ssm_self,downscaled_ffn,8,1,log_neg_lambda,35,1.9499792e-5
ssm_self,downscaled_ffn,8,1,log_neg_lambda,36,1.6310096e-5
ssm_self,downscaled_ffn,8,1,log_neg_lambda,37,0.000268598
ssm_self,downscaled_ffn,8,1,log_neg_lambda,38,0.00024510606
ssm_self,downscaled_ffn,8,1,log_neg_lambda,39,0.0019431121
ssm_self,downscaled_ffn,8,1,log_neg_lambda,40,9.97921e-6
ssm_self,downscaled_ffn,8,1,log_neg_lambda,41,9.966385e-6
ssm_self,downscaled_ffn,8,1,weight,1,260.568
ssm_self,downscaled_ffn,8,1,weight,2,6.185137
ssm_self,downscaled_ffn,8,1,weight,3,2.6889503
ssm_self,downscaled_ffn,8,1,weight,4,73.45546
ssm_self,downscaled_ffn,8,1,weight,5,2.1314805
ssm_self,downscaled_ffn,8,1,weight,6,2.161588
ssm_self,downscaled_ffn,8,1,weight,7,2.058412
ssm_self,downscaled_ffn,8,1,weight,8,0.9351517
ssm_self,downscaled_ffn,8,1,weight,9,33.03639
ssm_self,downscaled_ffn,8,1,weight,10,1.4524691
ssm_self,downscaled_ffn,8,1,weight,11,1.3592141
ssm_self,downscaled_ffn,8,1,weight,12,1.3108889
ssm_self,downscaled_ffn,8,1,weight,13,0.80936295
ssm_self,downscaled_ffn,8,1,weight,14,24.9708
ssm_self,downscaled_ffn,8,1,weight,15,0.4777901
ssm_self,downscaled_ffn,8,1,weight,16,0.48834366
ssm_self,downscaled_ffn,8,1,weight,17,0.6914445
ssm_self,downscaled_ffn,8,1,weight,18,0.34254837
ssm_self,downscaled_ffn,8,1,weight,19,7.2772317
ssm_self,downscaled_ffn,8,1,weight,20,0.18391599
ssm_self,downscaled_ffn,8,1,weight,21,0.18540859
ssm_self,downscaled_ffn,8,1,weight,22,0.29587555
ssm_self,downscaled_ffn,8,1,weight,23,0.1174644
ssm_self,downscaled_ffn,8,1,weight,24,2.7073376
ssm_self,downscaled_ffn,8,1,weight,25,0.083036914
ssm_self,downscaled_ffn,8,1,weight,26,0.08296591
ssm_self,downscaled_ffn,8,1,weight,27,0.11133483
ssm_self,downscaled_ffn,8,1,weight,28,0.07997417
ssm_self,downscaled_ffn,8,1,weight,29,1.1700598
ssm_self,downscaled_ffn,8,1,weight,30,0.04663055
ssm_self,downscaled_ffn,8,1,weight,31,0.04428525
ssm_self,downscaled_ffn,8,1,weight,32,0.038028136
ssm_self,downscaled_ffn,8,1,weight,33,0.02294785
ssm_self,downscaled_ffn,8,1,weight,34,0.6885507
ssm_self,downscaled_ffn,8,1,weight,35,0.012949006
ssm_self,downscaled_ffn,8,1,weight,36,0.013300265
ssm_self,downscaled_ffn,8,1,weight,37,0.012376735
ssm_self,downscaled_ffn,8,1,weight,38,0.008277356
ssm_self,downscaled_ffn,8,1,weight,39,0.18764311
ssm_self,downscaled_ffn,8,1,weight,40,0.0055260593
ssm_self,downscaled_ffn,8,1,weight,41,0.0054648328
ssm_self,downscaled_ffn,8,1,scale,1,0.04605835
ssm_self,downscaled_ffn,8,1,scale,2,0.040568415
ssm_self,downscaled_ffn,8,1,scale,3,0.015172986
ssm_self,downscaled_ffn,8,1,scale,4,0.017179873
ssm_self,downscaled_ffn,8,1,scale,5,0.004894864
ssm_self,downscaled_ffn,8,1,scale,6,0.004154616
ssm_self,downscaled_ffn,8,1,scale,7,0.00072997884
ssm_self,downscaled_ffn,8,1,scale,8,0.0001783689
ssm_self,downscaled_ffn,16,1,log_neg_lambda,1,2245.2632
ssm_self,downscaled_ffn,16,1,log_neg_lambda,2,134.18597
ssm_self,downscaled_ffn,16,1,log_neg_lambda,3,25.82706
ssm_self,downscaled_ffn,16,1,log_neg_lambda,4,491.51385
ssm_self,downscaled_ffn,16,1,log_neg_lambda,5,1.6997327
ssm_self,downscaled_ffn,16,1,log_neg_lambda,6,1.3923373
ssm_self,downscaled_ffn,16,1,log_neg_lambda,7,30.458261
ssm_self,downscaled_ffn,16,1,log_neg_lambda,8,20.397873
ssm_self,downscaled_ffn,16,1,log_neg_lambda,9,283.72916
ssm_self,downscaled_ffn,16,1,log_neg_lambda,10,0.6593179
ssm_self,downscaled_ffn,16,1,log_neg_lambda,11,0.6252079
ssm_self,downscaled_ffn,16,1,log_neg_lambda,12,12.322607
ssm_self,downscaled_ffn,16,1,log_neg_lambda,13,4.952382
ssm_self,downscaled_ffn,16,1,log_neg_lambda,14,66.785706
ssm_self,downscaled_ffn,16,1,log_neg_lambda,15,0.36876598
ssm_self,downscaled_ffn,16,1,log_neg_lambda,16,0.34704006
ssm_self,downscaled_ffn,16,1,log_neg_lambda,17,5.9717774
ssm_self,downscaled_ffn,16,1,log_neg_lambda,18,2.629154
ssm_self,downscaled_ffn,16,1,log_neg_lambda,19,52.174202
ssm_self,downscaled_ffn,16,1,log_neg_lambda,20,0.17630774
ssm_self,downscaled_ffn,16,1,log_neg_lambda,21,0.17814064
ssm_self,downscaled_ffn,16,1,log_neg_lambda,22,1.8894295
ssm_self,downscaled_ffn,16,1,log_neg_lambda,23,1.6760792
ssm_self,downscaled_ffn,16,1,log_neg_lambda,24,20.440641
ssm_self,downscaled_ffn,16,1,log_neg_lambda,25,0.08023182
ssm_self,downscaled_ffn,16,1,log_neg_lambda,26,0.07915422
ssm_self,downscaled_ffn,16,1,log_neg_lambda,27,1.4764864
ssm_self,downscaled_ffn,16,1,log_neg_lambda,28,0.66038984
ssm_self,downscaled_ffn,16,1,log_neg_lambda,29,15.359171
ssm_self,downscaled_ffn,16,1,log_neg_lambda,30,0.05874466
ssm_self,downscaled_ffn,16,1,log_neg_lambda,31,0.03826632
ssm_self,downscaled_ffn,16,1,log_neg_lambda,32,0.74550194
ssm_self,downscaled_ffn,16,1,log_neg_lambda,33,0.42167106
ssm_self,downscaled_ffn,16,1,log_neg_lambda,34,6.3945637
ssm_self,downscaled_ffn,16,1,log_neg_lambda,35,0.022869976
ssm_self,downscaled_ffn,16,1,log_neg_lambda,36,0.02064886
ssm_self,downscaled_ffn,16,1,log_neg_lambda,37,0.36312646
ssm_self,downscaled_ffn,16,1,log_neg_lambda,38,0.12772256
ssm_self,downscaled_ffn,16,1,log_neg_lambda,39,2.307694
ssm_self,downscaled_ffn,16,1,log_neg_lambda,40,0.0055919206
ssm_self,downscaled_ffn,16,1,log_neg_lambda,41,0.00509214
ssm_self,downscaled_ffn,16,1,log_neg_lambda,42,0.092441715
ssm_self,downscaled_ffn,16,1,log_neg_lambda,43,0.0484833
ssm_self,downscaled_ffn,16,1,log_neg_lambda,44,0.96488214
ssm_self,downscaled_ffn,16,1,log_neg_lambda,45,0.0034883078
ssm_self,downscaled_ffn,16,1,log_neg_lambda,46,0.0029404229
ssm_self,downscaled_ffn,16,1,log_neg_lambda,47,0.06907298
ssm_self,downscaled_ffn,16,1,log_neg_lambda,48,0.033824023
ssm_self,downscaled_ffn,16,1,log_neg_lambda,49,0.47902772
ssm_self,downscaled_ffn,16,1,log_neg_lambda,50,0.0020103608
ssm_self,downscaled_ffn,16,1,log_neg_lambda,51,0.0015539743
ssm_self,downscaled_ffn,16,1,log_neg_lambda,52,0.035346977
ssm_self,downscaled_ffn,16,1,log_neg_lambda,53,0.017693667
ssm_self,downscaled_ffn,16,1,log_neg_lambda,54,0.3223408
ssm_self,downscaled_ffn,16,1,log_neg_lambda,55,0.00085499766
ssm_self,downscaled_ffn,16,1,log_neg_lambda,56,0.00053588714
ssm_self,downscaled_ffn,16,1,log_neg_lambda,57,0.0075972644
ssm_self,downscaled_ffn,16,1,log_neg_lambda,58,0.003682515
ssm_self,downscaled_ffn,16,1,log_neg_lambda,59,0.07234124
ssm_self,downscaled_ffn,16,1,log_neg_lambda,60,0.00023398396
ssm_self,downscaled_ffn,16,1,log_neg_lambda,61,0.00023952036
ssm_self,downscaled_ffn,16,1,log_neg_lambda,62,0.0047083283
ssm_self,downscaled_ffn,16,1,log_neg_lambda,63,0.0021561172
ssm_self,downscaled_ffn,16,1,log_neg_lambda,64,0.028991515
ssm_self,downscaled_ffn,16,1,log_neg_lambda,65,7.801372e-5
ssm_self,downscaled_ffn,16,1,log_neg_lambda,66,7.1203045e-5
ssm_self,downscaled_ffn,16,1,log_neg_lambda,67,0.0012856816
ssm_self,downscaled_ffn,16,1,log_neg_lambda,68,0.0005943277
ssm_self,downscaled_ffn,16,1,log_neg_lambda,69,0.012062974
ssm_self,downscaled_ffn,16,1,log_neg_lambda,70,4.0351995e-5
ssm_self,downscaled_ffn,16,1,log_neg_lambda,71,3.8667218e-5
ssm_self,downscaled_ffn,16,1,log_neg_lambda,72,0.0008343226
ssm_self,downscaled_ffn,16,1,log_neg_lambda,73,0.0004732838
ssm_self,downscaled_ffn,16,1,log_neg_lambda,74,0.0061804536
ssm_self,downscaled_ffn,16,1,log_neg_lambda,75,2.288233e-5
ssm_self,downscaled_ffn,16,1,log_neg_lambda,76,1.856049e-5
ssm_self,downscaled_ffn,16,1,log_neg_lambda,77,0.0014174987
ssm_self,downscaled_ffn,16,1,log_neg_lambda,78,0.00021364499
ssm_self,downscaled_ffn,16,1,log_neg_lambda,79,0.0022323432
ssm_self,downscaled_ffn,16,1,log_neg_lambda,80,1.1816015e-5
ssm_self,downscaled_ffn,16,1,log_neg_lambda,81,1.0104326e-5
ssm_self,downscaled_ffn,16,1,weight,1,82735.32
ssm_self,downscaled_ffn,16,1,weight,2,7804.5513
ssm_self,downscaled_ffn,16,1,weight,3,1353.6125
ssm_self,downscaled_ffn,16,1,weight,4,69951.48
ssm_self,downscaled_ffn,16,1,weight,5,1310.5386
ssm_self,downscaled_ffn,16,1,weight,6,1160.7393
ssm_self,downscaled_ffn,16,1,weight,7,1806.9463
ssm_self,downscaled_ffn,16,1,weight,8,877.32874
ssm_self,downscaled_ffn,16,1,weight,9,19059.773
ssm_self,downscaled_ffn,16,1,weight,10,651.94244
ssm_self,downscaled_ffn,16,1,weight,11,634.958
ssm_self,downscaled_ffn,16,1,weight,12,670.04034
ssm_self,downscaled_ffn,16,1,weight,13,283.58453
ssm_self,downscaled_ffn,16,1,weight,14,9289.18
ssm_self,downscaled_ffn,16,1,weight,15,286.71918
ssm_self,downscaled_ffn,16,1,weight,16,297.40305
ssm_self,downscaled_ffn,16,1,weight,17,259.8045
ssm_self,downscaled_ffn,16,1,weight,18,120.2665
ssm_self,downscaled_ffn,16,1,weight,19,4121.1914
ssm_self,downscaled_ffn,16,1,weight,20,160.24574
ssm_self,downscaled_ffn,16,1,weight,21,159.80928
ssm_self,downscaled_ffn,16,1,weight,22,104.98764
ssm_self,downscaled_ffn,16,1,weight,23,76.362045
ssm_self,downscaled_ffn,16,1,weight,24,2457.1323
ssm_self,downscaled_ffn,16,1,weight,25,74.886765
ssm_self,downscaled_ffn,16,1,weight,26,81.27278
ssm_self,downscaled_ffn,16,1,weight,27,70.35967
ssm_self,downscaled_ffn,16,1,weight,28,40.171803
ssm_self,downscaled_ffn,16,1,weight,29,1214.202
ssm_self,downscaled_ffn,16,1,weight,30,39.871777
ssm_self,downscaled_ffn,16,1,weight,31,35.80994
ssm_self,downscaled_ffn,16,1,weight,32,27.740917
ssm_self,downscaled_ffn,16,1,weight,33,20.107391
ssm_self,downscaled_ffn,16,1,weight,34,576.65704
ssm_self,downscaled_ffn,16,1,weight,35,21.563082
ssm_self,downscaled_ffn,16,1,weight,36,22.163168
ssm_self,downscaled_ffn,16,1,weight,37,12.983959
ssm_self,downscaled_ffn,16,1,weight,38,6.9252815
ssm_self,downscaled_ffn,16,1,weight,39,319.39716
ssm_self,downscaled_ffn,16,1,weight,40,6.3924966
ssm_self,downscaled_ffn,16,1,weight,41,5.798957
ssm_self,downscaled_ffn,16,1,weight,42,3.6464832
ssm_self,downscaled_ffn,16,1,weight,43,3.7759247
ssm_self,downscaled_ffn,16,1,weight,44,80.719185
ssm_self,downscaled_ffn,16,1,weight,45,3.0747933
ssm_self,downscaled_ffn,16,1,weight,46,3.3141363
ssm_self,downscaled_ffn,16,1,weight,47,2.4914784
ssm_self,downscaled_ffn,16,1,weight,48,1.7466727
ssm_self,downscaled_ffn,16,1,weight,49,43.8855
ssm_self,downscaled_ffn,16,1,weight,50,1.8212802
ssm_self,downscaled_ffn,16,1,weight,51,1.6400704
ssm_self,downscaled_ffn,16,1,weight,52,1.2793912
ssm_self,downscaled_ffn,16,1,weight,53,0.9466182
ssm_self,downscaled_ffn,16,1,weight,54,26.113026
ssm_self,downscaled_ffn,16,1,weight,55,0.81390226
ssm_self,downscaled_ffn,16,1,weight,56,0.82831836
ssm_self,downscaled_ffn,16,1,weight,57,0.31446102
ssm_self,downscaled_ffn,16,1,weight,58,0.19922991
ssm_self,downscaled_ffn,16,1,weight,59,12.477795
ssm_self,downscaled_ffn,16,1,weight,60,0.18463342
ssm_self,downscaled_ffn,16,1,weight,61,0.17588334
ssm_self,downscaled_ffn,16,1,weight,62,0.1692588
ssm_self,downscaled_ffn,16,1,weight,63,0.12115293
ssm_self,downscaled_ffn,16,1,weight,64,2.9373786
ssm_self,downscaled_ffn,16,1,weight,65,0.07471542
ssm_self,downscaled_ffn,16,1,weight,66,0.07414259
ssm_self,downscaled_ffn,16,1,weight,67,0.064180195
ssm_self,downscaled_ffn,16,1,weight,68,0.034661945
ssm_self,downscaled_ffn,16,1,weight,69,1.0263513
ssm_self,downscaled_ffn,16,1,weight,70,0.030362224
ssm_self,downscaled_ffn,16,1,weight,71,0.028968697
ssm_self,downscaled_ffn,16,1,weight,72,0.03152881
ssm_self,downscaled_ffn,16,1,weight,73,0.021116294
ssm_self,downscaled_ffn,16,1,weight,74,0.43495506
ssm_self,downscaled_ffn,16,1,weight,75,0.01237717
ssm_self,downscaled_ffn,16,1,weight,76,0.012881011
ssm_self,downscaled_ffn,16,1,weight,77,0.024818907
ssm_self,downscaled_ffn,16,1,weight,78,0.009079861
ssm_self,downscaled_ffn,16,1,weight,79,0.17116484
ssm_self,downscaled_ffn,16,1,weight,80,0.005766999
ssm_self,downscaled_ffn,16,1,weight,81,0.005768315
ssm_self,downscaled_ffn,16,1,scale,1,57.587734
ssm_self,downscaled_ffn,16,1,scale,2,15.239817
ssm_self,downscaled_ffn,16,1,scale,3,2.5238016
ssm_self,downscaled_ffn,16,1,scale,4,2.8071938
ssm_self,downscaled_ffn,16,1,scale,5,1.2962861
ssm_self,downscaled_ffn,16,1,scale,6,0.10414755
ssm_self,downscaled_ffn,16,1,scale,7,0.11463222
ssm_self,downscaled_ffn,16,1,scale,8,0.1344051
ssm_self,downscaled_ffn,16,1,scale,9,0.103458375
ssm_self,downscaled_ffn,16,1,scale,10,0.0146055445
ssm_self,downscaled_ffn,16,1,scale,11,0.004018111
ssm_self,downscaled_ffn,16,1,scale,12,0.013559833
ssm_self,downscaled_ffn,16,1,scale,13,0.0022655975
ssm_self,downscaled_ffn,16,1,scale,14,0.001507768
ssm_self,downscaled_ffn,16,1,scale,15,9.787502e-6
ssm_self,downscaled_ffn,16,1,scale,16,0.00030584645
ssm_self,rezero,1,1,alpha,1,0.017086852
ssm_self,rezero,1,1,alpha,2,4.9543523e-6
ssm_self,rezero,1,1,log_neg_lambda,1,0.010468782
ssm_self,rezero,1,1,log_neg_lambda,2,3.1985175e-5
ssm_self,rezero,1,1,log_neg_lambda,3,3.4824716e-5
ssm_self,rezero,1,1,log_neg_lambda,4,0.00038190786
ssm_self,rezero,1,1,log_neg_lambda,5,2.5774125e-6
ssm_self,rezero,1,1,log_neg_lambda,6,2.1917833e-6
ssm_self,rezero,1,1,weight,1,0.55146265
ssm_self,rezero,1,1,weight,2,0.0016957166
ssm_self,rezero,1,1,weight,3,0.0011920927
ssm_self,rezero,1,1,weight,4,0.030606588
ssm_self,rezero,1,1,weight,5,0.001198344
ssm_self,rezero,1,1,weight,6,0.0013608098
ssm_self,rezero,1,1,scale,1,2.3892137e-5
ssm_self,rezero,2,1,alpha,1,0.0077279154
ssm_self,rezero,2,1,alpha,2,0.00022665568
ssm_self,rezero,2,1,alpha,3,0.061535724
ssm_self,rezero,2,1,alpha,4,0.00014789784
ssm_self,rezero,2,1,log_neg_lambda,1,0.009132027
ssm_self,rezero,2,1,log_neg_lambda,2,2.6969998e-5
ssm_self,rezero,2,1,log_neg_lambda,3,3.7604153e-5
ssm_self,rezero,2,1,log_neg_lambda,4,0.00038086122
ssm_self,rezero,2,1,log_neg_lambda,5,2.617116e-6
ssm_self,rezero,2,1,log_neg_lambda,6,2.3727737e-6
ssm_self,rezero,2,1,log_neg_lambda,7,6.0875165e-5
ssm_self,rezero,2,1,log_neg_lambda,8,6.429652e-5
ssm_self,rezero,2,1,log_neg_lambda,9,0.00042702633
ssm_self,rezero,2,1,log_neg_lambda,10,2.3913271e-6
ssm_self,rezero,2,1,log_neg_lambda,11,2.0608459e-6
ssm_self,rezero,2,1,weight,1,0.39341316
ssm_self,rezero,2,1,weight,2,0.0015318816
ssm_self,rezero,2,1,weight,3,0.0010974421
ssm_self,rezero,2,1,weight,4,0.038752668
ssm_self,rezero,2,1,weight,5,0.001553792
ssm_self,rezero,2,1,weight,6,0.0015264732
ssm_self,rezero,2,1,weight,7,0.0039142813
ssm_self,rezero,2,1,weight,8,0.0018939105
ssm_self,rezero,2,1,weight,9,0.037967075
ssm_self,rezero,2,1,weight,10,0.0015943012
ssm_self,rezero,2,1,weight,11,0.001413684
ssm_self,rezero,2,1,scale,1,3.505061e-5
ssm_self,rezero,2,1,scale,2,1.3679774e-5
ssm_self,rezero,4,1,alpha,1,0.14464292
ssm_self,rezero,4,1,alpha,2,0.00024362688
ssm_self,rezero,4,1,alpha,3,0.008689564
ssm_self,rezero,4,1,alpha,4,1.8061328e-6
ssm_self,rezero,4,1,alpha,5,0.004497948
ssm_self,rezero,4,1,alpha,6,0.00019437712
ssm_self,rezero,4,1,alpha,7,0.10003022
ssm_self,rezero,4,1,alpha,8,0.00012869465
ssm_self,rezero,4,1,log_neg_lambda,1,0.008103612
ssm_self,rezero,4,1,log_neg_lambda,2,3.5390338e-5
ssm_self,rezero,4,1,log_neg_lambda,3,2.5838e-5
ssm_self,rezero,4,1,log_neg_lambda,4,0.00048648968
ssm_self,rezero,4,1,log_neg_lambda,5,2.431231e-6
ssm_self,rezero,4,1,log_neg_lambda,6,2.0324126e-6
ssm_self,rezero,4,1,log_neg_lambda,7,4.0068502e-5
ssm_self,rezero,4,1,log_neg_lambda,8,3.8522347e-5
ssm_self,rezero,4,1,log_neg_lambda,9,0.00032140917
ssm_self,rezero,4,1,log_neg_lambda,10,2.7050003e-6
ssm_self,rezero,4,1,log_neg_lambda,11,1.8813773e-6
ssm_self,rezero,4,1,log_neg_lambda,12,3.4792072e-5
ssm_self,rezero,4,1,log_neg_lambda,13,3.1207e-5
ssm_self,rezero,4,1,log_neg_lambda,14,0.00025156533
ssm_self,rezero,4,1,log_neg_lambda,15,2.80969e-6
ssm_self,rezero,4,1,log_neg_lambda,16,2.1316414e-6
ssm_self,rezero,4,1,log_neg_lambda,17,3.846834e-5
ssm_self,rezero,4,1,log_neg_lambda,18,2.4823645e-5
ssm_self,rezero,4,1,log_neg_lambda,19,0.0003488808
ssm_self,rezero,4,1,log_neg_lambda,20,2.1907872e-6
ssm_self,rezero,4,1,log_neg_lambda,21,2.1920962e-6
ssm_self,rezero,4,1,weight,1,0.80134916
ssm_self,rezero,4,1,weight,2,0.0016280995
ssm_self,rezero,4,1,weight,3,0.0011940396
ssm_self,rezero,4,1,weight,4,0.036243852
ssm_self,rezero,4,1,weight,5,0.0013851017
ssm_self,rezero,4,1,weight,6,0.0016156597
ssm_self,rezero,4,1,weight,7,0.0027731948
ssm_self,rezero,4,1,weight,8,0.0016849085
ssm_self,rezero,4,1,weight,9,0.037741955
ssm_self,rezero,4,1,weight,10,0.0015918363
ssm_self,rezero,4,1,weight,11,0.0013594719
ssm_self,rezero,4,1,weight,12,0.0015649982
ssm_self,rezero,4,1,weight,13,0.0014688345
ssm_self,rezero,4,1,weight,14,0.027801806
ssm_self,rezero,4,1,weight,15,0.0015763291
ssm_self,rezero,4,1,weight,16,0.0014887847
ssm_self,rezero,4,1,weight,17,0.00204663
ssm_self,rezero,4,1,weight,18,0.0009454732
ssm_self,rezero,4,1,weight,19,0.04107515
ssm_self,rezero,4,1,weight,20,0.0013964454
ssm_self,rezero,4,1,weight,21,0.0014425672
ssm_self,rezero,4,1,scale,1,2.563095e-5
ssm_self,rezero,4,1,scale,2,3.8908853e-5
ssm_self,rezero,4,1,scale,3,2.217792e-6
ssm_self,rezero,4,1,scale,4,2.1295098e-5
ssm_self,rezero,8,1,alpha,1,0.04035069
ssm_self,rezero,8,1,alpha,2,0.00037951578
ssm_self,rezero,8,1,alpha,3,0.027872708
ssm_self,rezero,8,1,alpha,4,0.00030098372
ssm_self,rezero,8,1,alpha,5,0.011885047
ssm_self,rezero,8,1,alpha,6,0.00037984143
ssm_self,rezero,8,1,alpha,7,0.03560278
ssm_self,rezero,8,1,alpha,8,0.00026294118
ssm_self,rezero,8,1,alpha,9,0.060353253
ssm_self,rezero,8,1,alpha,10,3.7904018e-5
ssm_self,rezero,8,1,alpha,11,0.019972064
ssm_self,rezero,8,1,alpha,12,7.747213e-5
ssm_self,rezero,8,1,alpha,13,0.05329591
ssm_self,rezero,8,1,alpha,14,1.3847239e-5
ssm_self,rezero,8,1,alpha,15,0.07328777
ssm_self,rezero,8,1,alpha,16,0.00020351082
ssm_self,rezero,8,1,log_neg_lambda,1,0.00995712
ssm_self,rezero,8,1,log_neg_lambda,2,5.551071e-5
ssm_self,rezero,8,1,log_neg_lambda,3,2.9075944e-5
ssm_self,rezero,8,1,log_neg_lambda,4,0.000516187
ssm_self,rezero,8,1,log_neg_lambda,5,2.43998e-6
ssm_self,rezero,8,1,log_neg_lambda,6,2.1464787e-6
ssm_self,rezero,8,1,log_neg_lambda,7,0.00016110795
ssm_self,rezero,8,1,log_neg_lambda,8,0.00023630308
ssm_self,rezero,8,1,log_neg_lambda,9,0.000759765
ssm_self,rezero,8,1,log_neg_lambda,10,2.0133841e-6
ssm_self,rezero,8,1,log_neg_lambda,11,2.2710192e-6
ssm_self,rezero,8,1,log_neg_lambda,12,4.841907e-5
ssm_self,rezero,8,1,log_neg_lambda,13,5.0530252e-5
ssm_self,rezero,8,1,log_neg_lambda,14,0.00027190283
ssm_self,rezero,8,1,log_neg_lambda,15,2.5796041e-6
ssm_self,rezero,8,1,log_neg_lambda,16,2.0916518e-6
ssm_self,rezero,8,1,log_neg_lambda,17,4.475068e-5
ssm_self,rezero,8,1,log_neg_lambda,18,2.3253846e-5
ssm_self,rezero,8,1,log_neg_lambda,19,0.00033869164
ssm_self,rezero,8,1,log_neg_lambda,20,2.360199e-6
ssm_self,rezero,8,1,log_neg_lambda,21,2.1632563e-6
ssm_self,rezero,8,1,log_neg_lambda,22,4.188946e-5
ssm_self,rezero,8,1,log_neg_lambda,23,3.5867488e-5
ssm_self,rezero,8,1,log_neg_lambda,24,0.00025472758
ssm_self,rezero,8,1,log_neg_lambda,25,2.0873783e-6
ssm_self,rezero,8,1,log_neg_lambda,26,1.8520775e-6
ssm_self,rezero,8,1,log_neg_lambda,27,4.5268625e-5
ssm_self,rezero,8,1,log_neg_lambda,28,2.8026385e-5
ssm_self,rezero,8,1,log_neg_lambda,29,0.00060074625
ssm_self,rezero,8,1,log_neg_lambda,30,2.3246841e-6
ssm_self,rezero,8,1,log_neg_lambda,31,1.7519039e-6
ssm_self,rezero,8,1,log_neg_lambda,32,4.654111e-5
ssm_self,rezero,8,1,log_neg_lambda,33,2.5466976e-5
ssm_self,rezero,8,1,log_neg_lambda,34,0.00032295677
ssm_self,rezero,8,1,log_neg_lambda,35,2.3625746e-6
ssm_self,rezero,8,1,log_neg_lambda,36,2.4396206e-6
ssm_self,rezero,8,1,log_neg_lambda,37,3.6120713e-5
ssm_self,rezero,8,1,log_neg_lambda,38,2.2464023e-5
ssm_self,rezero,8,1,log_neg_lambda,39,0.00035562727
ssm_self,rezero,8,1,log_neg_lambda,40,2.1695962e-6
ssm_self,rezero,8,1,log_neg_lambda,41,2.2044194e-6
ssm_self,rezero,8,1,weight,1,0.2731256
ssm_self,rezero,8,1,weight,2,0.0024834527
ssm_self,rezero,8,1,weight,3,0.0016338307
ssm_self,rezero,8,1,weight,4,0.04316773
ssm_self,rezero,8,1,weight,5,0.0014629054
ssm_self,rezero,8,1,weight,6,0.0014887305
ssm_self,rezero,8,1,weight,7,0.011100078
ssm_self,rezero,8,1,weight,8,0.007865864
ssm_self,rezero,8,1,weight,9,0.03894753
ssm_self,rezero,8,1,weight,10,0.0013298661
ssm_self,rezero,8,1,weight,11,0.00131582
ssm_self,rezero,8,1,weight,12,0.0017352971
ssm_self,rezero,8,1,weight,13,0.0014925544
ssm_self,rezero,8,1,weight,14,0.03220204
ssm_self,rezero,8,1,weight,15,0.0014110997
ssm_self,rezero,8,1,weight,16,0.00139967
ssm_self,rezero,8,1,weight,17,0.0030824495
ssm_self,rezero,8,1,weight,18,0.0009705845
ssm_self,rezero,8,1,weight,19,0.030346327
ssm_self,rezero,8,1,weight,20,0.0014196251
ssm_self,rezero,8,1,weight,21,0.0013156298
ssm_self,rezero,8,1,weight,22,0.0024508191
ssm_self,rezero,8,1,weight,23,0.0015705011
ssm_self,rezero,8,1,weight,24,0.027611887
ssm_self,rezero,8,1,weight,25,0.0012438192
ssm_self,rezero,8,1,weight,26,0.0014616478
ssm_self,rezero,8,1,weight,27,0.0014903916
ssm_self,rezero,8,1,weight,28,0.0011594724
ssm_self,rezero,8,1,weight,29,0.038455967
ssm_self,rezero,8,1,weight,30,0.0013086406
ssm_self,rezero,8,1,weight,31,0.0013517153
ssm_self,rezero,8,1,weight,32,0.0022378978
ssm_self,rezero,8,1,weight,33,0.0012771899
ssm_self,rezero,8,1,weight,34,0.0303313
ssm_self,rezero,8,1,weight,35,0.0013080213
ssm_self,rezero,8,1,weight,36,0.0013974172
ssm_self,rezero,8,1,weight,37,0.0012661917
ssm_self,rezero,8,1,weight,38,0.00074431987
ssm_self,rezero,8,1,weight,39,0.038302667
ssm_self,rezero,8,1,weight,40,0.0011431825
ssm_self,rezero,8,1,weight,41,0.0012165649
ssm_self,rezero,8,1,scale,1,2.6487898e-5
ssm_self,rezero,8,1,scale,2,4.407058e-5
ssm_self,rezero,8,1,scale,3,1.2344976e-5
ssm_self,rezero,8,1,scale,4,6.56723e-5
ssm_self,rezero,8,1,scale,5,3.644454e-5
ssm_self,rezero,8,1,scale,6,5.3711647e-5
ssm_self,rezero,8,1,scale,7,2.1802294e-5
ssm_self,rezero,8,1,scale,8,2.5684662e-5
ssm_self,rezero,16,1,alpha,1,0.01591886
ssm_self,rezero,16,1,alpha,2,0.000120605466
ssm_self,rezero,16,1,alpha,3,0.026580917
ssm_self,rezero,16,1,alpha,4,7.457176e-5
ssm_self,rezero,16,1,alpha,5,0.0203943
ssm_self,rezero,16,1,alpha,6,7.833548e-5
ssm_self,rezero,16,1,alpha,7,0.021183833
ssm_self,rezero,16,1,alpha,8,0.00018432063
ssm_self,rezero,16,1,alpha,9,0.016595274
ssm_self,rezero,16,1,alpha,10,7.761346e-5
ssm_self,rezero,16,1,alpha,11,0.008591974
ssm_self,rezero,16,1,alpha,12,1.3965959e-5
ssm_self,rezero,16,1,alpha,13,0.030565709
ssm_self,rezero,16,1,alpha,14,3.1667063e-5
ssm_self,rezero,16,1,alpha,15,0.012904504
ssm_self,rezero,16,1,alpha,16,0.00021649522
ssm_self,rezero,16,1,alpha,17,0.016607128
ssm_self,rezero,16,1,alpha,18,2.2482054e-5
ssm_self,rezero,16,1,alpha,19,0.036512583
ssm_self,rezero,16,1,alpha,20,2.2008298e-5
ssm_self,rezero,16,1,alpha,21,0.022295298
ssm_self,rezero,16,1,alpha,22,0.00027828576
ssm_self,rezero,16,1,alpha,23,0.015862295
ssm_self,rezero,16,1,alpha,24,0.00010074349
ssm_self,rezero,16,1,alpha,25,0.031182796
ssm_self,rezero,16,1,alpha,26,1.7055516e-5
ssm_self,rezero,16,1,alpha,27,0.018952344
ssm_self,rezero,16,1,alpha,28,4.6415502e-5
ssm_self,rezero,16,1,alpha,29,0.038953863
ssm_self,rezero,16,1,alpha,30,4.2494506e-5
ssm_self,rezero,16,1,alpha,31,0.0030966927
ssm_self,rezero,16,1,alpha,32,5.4357646e-5
ssm_self,rezero,16,1,log_neg_lambda,1,0.012213091
ssm_self,rezero,16,1,log_neg_lambda,2,5.7586614e-5
ssm_self,rezero,16,1,log_neg_lambda,3,2.9777373e-5
ssm_self,rezero,16,1,log_neg_lambda,4,0.00080151967
ssm_self,rezero,16,1,log_neg_lambda,5,1.7936696e-6
ssm_self,rezero,16,1,log_neg_lambda,6,2.3464152e-6
ssm_self,rezero,16,1,log_neg_lambda,7,7.195924e-5
ssm_self,rezero,16,1,log_neg_lambda,8,9.959407e-5
ssm_self,rezero,16,1,log_neg_lambda,9,0.0005170512
ssm_self,rezero,16,1,log_neg_lambda,10,2.3216053e-6
ssm_self,rezero,16,1,log_neg_lambda,11,1.9831673e-6
ssm_self,rezero,16,1,log_neg_lambda,12,6.565139e-5
ssm_self,rezero,16,1,log_neg_lambda,13,3.135716e-5
ssm_self,rezero,16,1,log_neg_lambda,14,0.00037771597
ssm_self,rezero,16,1,log_neg_lambda,15,1.9000715e-6
ssm_self,rezero,16,1,log_neg_lambda,16,2.1875053e-6
ssm_self,rezero,16,1,log_neg_lambda,17,4.357498e-5
ssm_self,rezero,16,1,log_neg_lambda,18,4.2646392e-5
ssm_self,rezero,16,1,log_neg_lambda,19,0.00042269524
ssm_self,rezero,16,1,log_neg_lambda,20,2.0138139e-6
ssm_self,rezero,16,1,log_neg_lambda,21,1.8334581e-6
ssm_self,rezero,16,1,log_neg_lambda,22,4.6453646e-5
ssm_self,rezero,16,1,log_neg_lambda,23,2.3786406e-5
ssm_self,rezero,16,1,log_neg_lambda,24,0.00035689375
ssm_self,rezero,16,1,log_neg_lambda,25,2.483728e-6
ssm_self,rezero,16,1,log_neg_lambda,26,2.3139316e-6
ssm_self,rezero,16,1,log_neg_lambda,27,4.558012e-5
ssm_self,rezero,16,1,log_neg_lambda,28,2.7013097e-5
ssm_self,rezero,16,1,log_neg_lambda,29,0.0008153118
ssm_self,rezero,16,1,log_neg_lambda,30,2.5942172e-6
ssm_self,rezero,16,1,log_neg_lambda,31,1.9558142e-6
ssm_self,rezero,16,1,log_neg_lambda,32,6.5355845e-5
ssm_self,rezero,16,1,log_neg_lambda,33,2.749221e-5
ssm_self,rezero,16,1,log_neg_lambda,34,0.00033398243
ssm_self,rezero,16,1,log_neg_lambda,35,2.167627e-6
ssm_self,rezero,16,1,log_neg_lambda,36,1.9289855e-6
ssm_self,rezero,16,1,log_neg_lambda,37,4.509727e-5
ssm_self,rezero,16,1,log_neg_lambda,38,2.7300392e-5
ssm_self,rezero,16,1,log_neg_lambda,39,0.00027412697
ssm_self,rezero,16,1,log_neg_lambda,40,2.0220714e-6
ssm_self,rezero,16,1,log_neg_lambda,41,2.1050826e-6
ssm_self,rezero,16,1,log_neg_lambda,42,3.43279e-5
ssm_self,rezero,16,1,log_neg_lambda,43,2.6743095e-5
ssm_self,rezero,16,1,log_neg_lambda,44,0.0002770048
ssm_self,rezero,16,1,log_neg_lambda,45,2.2166143e-6
ssm_self,rezero,16,1,log_neg_lambda,46,1.8647518e-6
ssm_self,rezero,16,1,log_neg_lambda,47,4.0448384e-5
ssm_self,rezero,16,1,log_neg_lambda,48,4.1582156e-5
ssm_self,rezero,16,1,log_neg_lambda,49,0.00031527545
ssm_self,rezero,16,1,log_neg_lambda,50,2.309627e-6
ssm_self,rezero,16,1,log_neg_lambda,51,1.8600591e-6
ssm_self,rezero,16,1,log_neg_lambda,52,3.880443e-5
ssm_self,rezero,16,1,log_neg_lambda,53,3.4090343e-5
ssm_self,rezero,16,1,log_neg_lambda,54,0.0004421764
ssm_self,rezero,16,1,log_neg_lambda,55,2.0851512e-6
ssm_self,rezero,16,1,log_neg_lambda,56,2.1154801e-6
ssm_self,rezero,16,1,log_neg_lambda,57,3.651639e-5
ssm_self,rezero,16,1,log_neg_lambda,58,3.125945e-5
ssm_self,rezero,16,1,log_neg_lambda,59,0.0002581561
ssm_self,rezero,16,1,log_neg_lambda,60,2.0612003e-6
ssm_self,rezero,16,1,log_neg_lambda,61,1.8086591e-6
ssm_self,rezero,16,1,log_neg_lambda,62,3.3861972e-5
ssm_self,rezero,16,1,log_neg_lambda,63,2.7682845e-5
ssm_self,rezero,16,1,log_neg_lambda,64,0.0004333601
ssm_self,rezero,16,1,log_neg_lambda,65,1.9795095e-6
ssm_self,rezero,16,1,log_neg_lambda,66,1.7178724e-6
ssm_self,rezero,16,1,log_neg_lambda,67,3.750499e-5
ssm_self,rezero,16,1,log_neg_lambda,68,2.9983632e-5
ssm_self,rezero,16,1,log_neg_lambda,69,0.00019684393
ssm_self,rezero,16,1,log_neg_lambda,70,1.6680353e-6
ssm_self,rezero,16,1,log_neg_lambda,71,1.7039812e-6
ssm_self,rezero,16,1,log_neg_lambda,72,3.1190924e-5
ssm_self,rezero,16,1,log_neg_lambda,73,2.7422631e-5
ssm_self,rezero,16,1,log_neg_lambda,74,0.00028013106
ssm_self,rezero,16,1,log_neg_lambda,75,2.0162397e-6
ssm_self,rezero,16,1,log_neg_lambda,76,1.4202733e-6
ssm_self,rezero,16,1,log_neg_lambda,77,3.364191e-5
ssm_self,rezero,16,1,log_neg_lambda,78,2.636359e-5
ssm_self,rezero,16,1,log_neg_lambda,79,0.00021570544
ssm_self,rezero,16,1,log_neg_lambda,80,2.0426141e-6
ssm_self,rezero,16,1,log_neg_lambda,81,1.611449e-6
ssm_self,rezero,16,1,weight,1,0.51086575
ssm_self,rezero,16,1,weight,2,0.0027880762
ssm_self,rezero,16,1,weight,3,0.0016755149
ssm_self,rezero,16,1,weight,4,0.061411124
ssm_self,rezero,16,1,weight,5,0.0013405187
ssm_self,rezero,16,1,weight,6,0.0014107751
ssm_self,rezero,16,1,weight,7,0.004511152
ssm_self,rezero,16,1,weight,8,0.0036291454
ssm_self,rezero,16,1,weight,9,0.03965642
ssm_self,rezero,16,1,weight,10,0.0014365355
ssm_self,rezero,16,1,weight,11,0.0011936218
ssm_self,rezero,16,1,weight,12,0.0024057152
ssm_self,rezero,16,1,weight,13,0.0016115047
ssm_self,rezero,16,1,weight,14,0.032691438
ssm_self,rezero,16,1,weight,15,0.0013055498
ssm_self,rezero,16,1,weight,16,0.0012646604
ssm_self,rezero,16,1,weight,17,0.003548549
ssm_self,rezero,16,1,weight,18,0.0018860438
ssm_self,rezero,16,1,weight,19,0.036073927
ssm_self,rezero,16,1,weight,20,0.0012716631
ssm_self,rezero,16,1,weight,21,0.0012102646
ssm_self,rezero,16,1,weight,22,0.0026222903
ssm_self,rezero,16,1,weight,23,0.0010980163
ssm_self,rezero,16,1,weight,24,0.023898724
ssm_self,rezero,16,1,weight,25,0.0012421329
ssm_self,rezero,16,1,weight,26,0.0013387515
ssm_self,rezero,16,1,weight,27,0.0018356172
ssm_self,rezero,16,1,weight,28,0.0011547628
ssm_self,rezero,16,1,weight,29,0.033080533
ssm_self,rezero,16,1,weight,30,0.001155833
ssm_self,rezero,16,1,weight,31,0.0012380535
ssm_self,rezero,16,1,weight,32,0.0028928518
ssm_self,rezero,16,1,weight,33,0.0010840769
ssm_self,rezero,16,1,weight,34,0.030526707
ssm_self,rezero,16,1,weight,35,0.0012345379
ssm_self,rezero,16,1,weight,36,0.001281229
ssm_self,rezero,16,1,weight,37,0.001694851
ssm_self,rezero,16,1,weight,38,0.0009250439
ssm_self,rezero,16,1,weight,39,0.035457484
ssm_self,rezero,16,1,weight,40,0.0012013039
ssm_self,rezero,16,1,weight,41,0.0012017473
ssm_self,rezero,16,1,weight,42,0.0012202404
ssm_self,rezero,16,1,weight,43,0.00083950005
ssm_self,rezero,16,1,weight,44,0.026793338
ssm_self,rezero,16,1,weight,45,0.0010919723
ssm_self,rezero,16,1,weight,46,0.0011115379
ssm_self,rezero,16,1,weight,47,0.0015303621
ssm_self,rezero,16,1,weight,48,0.001004178
ssm_self,rezero,16,1,weight,49,0.023057055
ssm_self,rezero,16,1,weight,50,0.0011362963
ssm_self,rezero,16,1,weight,51,0.001091197
ssm_self,rezero,16,1,weight,52,0.0017737539
ssm_self,rezero,16,1,weight,53,0.0014775236
ssm_self,rezero,16,1,weight,54,0.02727342
ssm_self,rezero,16,1,weight,55,0.0009999827
ssm_self,rezero,16,1,weight,56,0.0010168907
ssm_self,rezero,16,1,weight,57,0.0017051941
ssm_self,rezero,16,1,weight,58,0.001251591
ssm_self,rezero,16,1,weight,59,0.023343548
ssm_self,rezero,16,1,weight,60,0.0011102939
ssm_self,rezero,16,1,weight,61,0.0010758998
ssm_self,rezero,16,1,weight,62,0.0014620398
ssm_self,rezero,16,1,weight,63,0.0012675154
ssm_self,rezero,16,1,weight,64,0.02952271
ssm_self,rezero,16,1,weight,65,0.0011488227
ssm_self,rezero,16,1,weight,66,0.0010027128
ssm_self,rezero,16,1,weight,67,0.0012968526
ssm_self,rezero,16,1,weight,68,0.000747107
ssm_self,rezero,16,1,weight,69,0.02187582
ssm_self,rezero,16,1,weight,70,0.0010210274
ssm_self,rezero,16,1,weight,71,0.0009829509
ssm_self,rezero,16,1,weight,72,0.0013097998
ssm_self,rezero,16,1,weight,73,0.0009628743
ssm_self,rezero,16,1,weight,74,0.024738891
ssm_self,rezero,16,1,weight,75,0.001127173
ssm_self,rezero,16,1,weight,76,0.0010590691
ssm_self,rezero,16,1,weight,77,0.0012514557
ssm_self,rezero,16,1,weight,78,0.0009121417
ssm_self,rezero,16,1,weight,79,0.022520771
ssm_self,rezero,16,1,weight,80,0.001091985
ssm_self,rezero,16,1,weight,81,0.0010091547
ssm_self,rezero,16,1,scale,1,2.7869228e-5
ssm_self,rezero,16,1,scale,2,3.2823697e-5
ssm_self,rezero,16,1,scale,3,6.1050023e-6
ssm_self,rezero,16,1,scale,4,2.5104418e-5
ssm_self,rezero,16,1,scale,5,2.6519869e-5
ssm_self,rezero,16,1,scale,6,1.4502477e-5
ssm_self,rezero,16,1,scale,7,2.9801644e-5
ssm_self,rezero,16,1,scale,8,5.7111596e-5
ssm_self,rezero,16,1,scale,9,1.1013553e-5
ssm_self,rezero,16,1,scale,10,2.7317463e-5
ssm_self,rezero,16,1,scale,11,9.479145e-6
ssm_self,rezero,16,1,scale,12,9.427541e-6
ssm_self,rezero,16,1,scale,13,1.2400609e-5
ssm_self,rezero,16,1,scale,14,2.324431e-5
ssm_self,rezero,16,1,scale,15,9.20204e-7
ssm_self,rezero,16,1,scale,16,1.5908448e-5
ssm_self,rezero_recenter,1,1,alpha,1,0.03230479
ssm_self,rezero_recenter,1,1,alpha,2,0.00013251833
ssm_self,rezero_recenter,1,1,log_neg_lambda,1,0.010504543
ssm_self,rezero_recenter,1,1,log_neg_lambda,2,9.545248e-5
ssm_self,rezero_recenter,1,1,log_neg_lambda,3,0.00011917479
ssm_self,rezero_recenter,1,1,log_neg_lambda,4,0.0008237052
ssm_self,rezero_recenter,1,1,log_neg_lambda,5,1.8412779e-6
ssm_self,rezero_recenter,1,1,log_neg_lambda,6,1.4741776e-6
ssm_self,rezero_recenter,1,1,weight,1,0.6622245
ssm_self,rezero_recenter,1,1,weight,2,0.0036737742
ssm_self,rezero_recenter,1,1,weight,3,0.0033381227
ssm_self,rezero_recenter,1,1,weight,4,0.035804532
ssm_self,rezero_recenter,1,1,weight,5,0.00083815807
ssm_self,rezero_recenter,1,1,weight,6,0.0007849481
ssm_self,rezero_recenter,1,1,scale,1,4.486555e-5
ssm_self,rezero_recenter,2,1,alpha,1,0.01973236
ssm_self,rezero_recenter,2,1,alpha,2,0.00013186806
ssm_self,rezero_recenter,2,1,alpha,3,0.0069624167
ssm_self,rezero_recenter,2,1,alpha,4,2.1401356e-6
ssm_self,rezero_recenter,2,1,log_neg_lambda,1,0.009588704
ssm_self,rezero_recenter,2,1,log_neg_lambda,2,6.0416256e-5
ssm_self,rezero_recenter,2,1,log_neg_lambda,3,9.336136e-5
ssm_self,rezero_recenter,2,1,log_neg_lambda,4,0.00044238145
ssm_self,rezero_recenter,2,1,log_neg_lambda,5,2.537443e-6
ssm_self,rezero_recenter,2,1,log_neg_lambda,6,1.6066599e-6
ssm_self,rezero_recenter,2,1,log_neg_lambda,7,6.2734915e-5
ssm_self,rezero_recenter,2,1,log_neg_lambda,8,6.9440975e-5
ssm_self,rezero_recenter,2,1,log_neg_lambda,9,0.00051223504
ssm_self,rezero_recenter,2,1,log_neg_lambda,10,2.1884998e-6
ssm_self,rezero_recenter,2,1,log_neg_lambda,11,1.882581e-6
ssm_self,rezero_recenter,2,1,weight,1,0.38210928
ssm_self,rezero_recenter,2,1,weight,2,0.0025448597
ssm_self,rezero_recenter,2,1,weight,3,0.0023482759
ssm_self,rezero_recenter,2,1,weight,4,0.032322757
ssm_self,rezero_recenter,2,1,weight,5,0.001080472
ssm_self,rezero_recenter,2,1,weight,6,0.00087599544
ssm_self,rezero_recenter,2,1,weight,7,0.001854606
ssm_self,rezero_recenter,2,1,weight,8,0.0017972456
ssm_self,rezero_recenter,2,1,weight,9,0.025161237
ssm_self,rezero_recenter,2,1,weight,10,0.0009387479
ssm_self,rezero_recenter,2,1,weight,11,0.00093550776
ssm_self,rezero_recenter,2,1,scale,1,4.7260743e-5
ssm_self,rezero_recenter,2,1,scale,2,1.0235897e-5
ssm_self,rezero_recenter,4,1,alpha,1,0.0038103452
ssm_self,rezero_recenter,4,1,alpha,2,9.689714e-5
ssm_self,rezero_recenter,4,1,alpha,3,0.027583271
ssm_self,rezero_recenter,4,1,alpha,4,0.00012904615
ssm_self,rezero_recenter,4,1,alpha,5,0.008314706
ssm_self,rezero_recenter,4,1,alpha,6,1.4207801e-5
ssm_self,rezero_recenter,4,1,alpha,7,0.05824504
ssm_self,rezero_recenter,4,1,alpha,8,5.0404564e-5
ssm_self,rezero_recenter,4,1,log_neg_lambda,1,0.007880836
ssm_self,rezero_recenter,4,1,log_neg_lambda,2,0.00010129986
ssm_self,rezero_recenter,4,1,log_neg_lambda,3,0.00013805636
ssm_self,rezero_recenter,4,1,log_neg_lambda,4,0.0007785764
ssm_self,rezero_recenter,4,1,log_neg_lambda,5,1.9641634e-6
ssm_self,rezero_recenter,4,1,log_neg_lambda,6,1.4765787e-6
ssm_self,rezero_recenter,4,1,log_neg_lambda,7,7.962609e-5
ssm_self,rezero_recenter,4,1,log_neg_lambda,8,9.145285e-5
ssm_self,rezero_recenter,4,1,log_neg_lambda,9,0.0010155315
ssm_self,rezero_recenter,4,1,log_neg_lambda,10,2.4121357e-6
ssm_self,rezero_recenter,4,1,log_neg_lambda,11,1.8305683e-6
ssm_self,rezero_recenter,4,1,log_neg_lambda,12,7.935714e-5
ssm_self,rezero_recenter,4,1,log_neg_lambda,13,0.00011142314
ssm_self,rezero_recenter,4,1,log_neg_lambda,14,0.00047060085
ssm_self,rezero_recenter,4,1,log_neg_lambda,15,1.805242e-6
ssm_self,rezero_recenter,4,1,log_neg_lambda,16,1.7939267e-6
ssm_self,rezero_recenter,4,1,log_neg_lambda,17,0.00015371101
ssm_self,rezero_recenter,4,1,log_neg_lambda,18,0.000103506805
ssm_self,rezero_recenter,4,1,log_neg_lambda,19,0.0003728268
ssm_self,rezero_recenter,4,1,log_neg_lambda,20,1.7630624e-6
ssm_self,rezero_recenter,4,1,log_neg_lambda,21,1.5052702e-6
ssm_self,rezero_recenter,4,1,weight,1,0.426186
ssm_self,rezero_recenter,4,1,weight,2,0.0035521633
ssm_self,rezero_recenter,4,1,weight,3,0.0025827582
ssm_self,rezero_recenter,4,1,weight,4,0.04276295
ssm_self,rezero_recenter,4,1,weight,5,0.0009770193
ssm_self,rezero_recenter,4,1,weight,6,0.00095207174
ssm_self,rezero_recenter,4,1,weight,7,0.0025236534
ssm_self,rezero_recenter,4,1,weight,8,0.0024274169
ssm_self,rezero_recenter,4,1,weight,9,0.034094203
ssm_self,rezero_recenter,4,1,weight,10,0.0010048167
ssm_self,rezero_recenter,4,1,weight,11,0.0009768473
ssm_self,rezero_recenter,4,1,weight,12,0.006283628
ssm_self,rezero_recenter,4,1,weight,13,0.0025919979
ssm_self,rezero_recenter,4,1,weight,14,0.04241297
ssm_self,rezero_recenter,4,1,weight,15,0.00095347915
ssm_self,rezero_recenter,4,1,weight,16,0.00078386697
ssm_self,rezero_recenter,4,1,weight,17,0.0024640542
ssm_self,rezero_recenter,4,1,weight,18,0.00226004
ssm_self,rezero_recenter,4,1,weight,19,0.029886477
ssm_self,rezero_recenter,4,1,weight,20,0.0009185879
ssm_self,rezero_recenter,4,1,weight,21,0.0009387541
ssm_self,rezero_recenter,4,1,scale,1,1.5117248e-5
ssm_self,rezero_recenter,4,1,scale,2,5.8061563e-5
ssm_self,rezero_recenter,4,1,scale,3,2.2997305e-5
ssm_self,rezero_recenter,4,1,scale,4,8.9047635e-6
ssm_self,rezero_recenter,8,1,alpha,1,0.0060525183
ssm_self,rezero_recenter,8,1,alpha,2,7.731975e-5
ssm_self,rezero_recenter,8,1,alpha,3,0.06523866
ssm_self,rezero_recenter,8,1,alpha,4,5.805311e-5
ssm_self,rezero_recenter,8,1,alpha,5,0.09894923
ssm_self,rezero_recenter,8,1,alpha,6,1.516175e-6
ssm_self,rezero_recenter,8,1,alpha,7,0.0761023
ssm_self,rezero_recenter,8,1,alpha,8,2.74264e-5
ssm_self,rezero_recenter,8,1,alpha,9,0.017121918
ssm_self,rezero_recenter,8,1,alpha,10,0.00012331484
ssm_self,rezero_recenter,8,1,alpha,11,0.060416475
ssm_self,rezero_recenter,8,1,alpha,12,2.5859441e-5
ssm_self,rezero_recenter,8,1,alpha,13,0.078587525
ssm_self,rezero_recenter,8,1,alpha,14,2.9224993e-5
ssm_self,rezero_recenter,8,1,alpha,15,0.04288564
ssm_self,rezero_recenter,8,1,alpha,16,2.6449052e-5
ssm_self,rezero_recenter,8,1,log_neg_lambda,1,0.028935539
ssm_self,rezero_recenter,8,1,log_neg_lambda,2,0.0002489076
ssm_self,rezero_recenter,8,1,log_neg_lambda,3,0.00072342344
ssm_self,rezero_recenter,8,1,log_neg_lambda,4,0.0010029696
ssm_self,rezero_recenter,8,1,log_neg_lambda,5,2.7538808e-6
ssm_self,rezero_recenter,8,1,log_neg_lambda,6,2.531285e-6
ssm_self,rezero_recenter,8,1,log_neg_lambda,7,0.00019424268
ssm_self,rezero_recenter,8,1,log_neg_lambda,8,0.00016759885
ssm_self,rezero_recenter,8,1,log_neg_lambda,9,0.0011302638
ssm_self,rezero_recenter,8,1,log_neg_lambda,10,2.8479722e-6
ssm_self,rezero_recenter,8,1,log_neg_lambda,11,2.644317e-6
ssm_self,rezero_recenter,8,1,log_neg_lambda,12,0.00028098805
ssm_self,rezero_recenter,8,1,log_neg_lambda,13,0.00023550628
ssm_self,rezero_recenter,8,1,log_neg_lambda,14,0.0021721607
ssm_self,rezero_recenter,8,1,log_neg_lambda,15,2.738831e-6
ssm_self,rezero_recenter,8,1,log_neg_lambda,16,2.7721321e-6
ssm_self,rezero_recenter,8,1,log_neg_lambda,17,0.00018493613
ssm_self,rezero_recenter,8,1,log_neg_lambda,18,0.0001493414
ssm_self,rezero_recenter,8,1,log_neg_lambda,19,0.005104405
ssm_self,rezero_recenter,8,1,log_neg_lambda,20,2.2932877e-6
ssm_self,rezero_recenter,8,1,log_neg_lambda,21,1.7744469e-6
ssm_self,rezero_recenter,8,1,log_neg_lambda,22,0.0001123554
ssm_self,rezero_recenter,8,1,log_neg_lambda,23,0.00012327821
ssm_self,rezero_recenter,8,1,log_neg_lambda,24,0.00048818943
ssm_self,rezero_recenter,8,1,log_neg_lambda,25,1.7579637e-6
ssm_self,rezero_recenter,8,1,log_neg_lambda,26,2.166024e-6
ssm_self,rezero_recenter,8,1,log_neg_lambda,27,9.775911e-5
ssm_self,rezero_recenter,8,1,log_neg_lambda,28,0.00010116447
ssm_self,rezero_recenter,8,1,log_neg_lambda,29,0.0005331542
ssm_self,rezero_recenter,8,1,log_neg_lambda,30,1.8473892e-6
ssm_self,rezero_recenter,8,1,log_neg_lambda,31,1.2487747e-6
ssm_self,rezero_recenter,8,1,log_neg_lambda,32,6.984808e-5
ssm_self,rezero_recenter,8,1,log_neg_lambda,33,7.717159e-5
ssm_self,rezero_recenter,8,1,log_neg_lambda,34,0.00035449862
ssm_self,rezero_recenter,8,1,log_neg_lambda,35,2.0439436e-6
ssm_self,rezero_recenter,8,1,log_neg_lambda,36,1.4171434e-6
ssm_self,rezero_recenter,8,1,log_neg_lambda,37,6.654027e-5
ssm_self,rezero_recenter,8,1,log_neg_lambda,38,7.687653e-5
ssm_self,rezero_recenter,8,1,log_neg_lambda,39,0.00035364105
ssm_self,rezero_recenter,8,1,log_neg_lambda,40,1.9336685e-6
ssm_self,rezero_recenter,8,1,log_neg_lambda,41,1.7351741e-6
ssm_self,rezero_recenter,8,1,weight,1,0.56307536
ssm_self,rezero_recenter,8,1,weight,2,0.004492002
ssm_self,rezero_recenter,8,1,weight,3,0.008627003
ssm_self,rezero_recenter,8,1,weight,4,0.06808807
ssm_self,rezero_recenter,8,1,weight,5,0.0019459124
ssm_self,rezero_recenter,8,1,weight,6,0.001876738
ssm_self,rezero_recenter,8,1,weight,7,0.0042404584
ssm_self,rezero_recenter,8,1,weight,8,0.0050374363
ssm_self,rezero_recenter,8,1,weight,9,0.04833399
ssm_self,rezero_recenter,8,1,weight,10,0.0022005923
ssm_self,rezero_recenter,8,1,weight,11,0.0018029117
ssm_self,rezero_recenter,8,1,weight,12,0.01032181
ssm_self,rezero_recenter,8,1,weight,13,0.0075789834
ssm_self,rezero_recenter,8,1,weight,14,0.08292875
ssm_self,rezero_recenter,8,1,weight,15,0.0017925473
ssm_self,rezero_recenter,8,1,weight,16,0.0015829827
ssm_self,rezero_recenter,8,1,weight,17,0.00309866
ssm_self,rezero_recenter,8,1,weight,18,0.0029000817
ssm_self,rezero_recenter,8,1,weight,19,0.35057193
ssm_self,rezero_recenter,8,1,weight,20,0.00080679747
ssm_self,rezero_recenter,8,1,weight,21,0.0007921158
ssm_self,rezero_recenter,8,1,weight,22,0.003933425
ssm_self,rezero_recenter,8,1,weight,23,0.0038489315
ssm_self,rezero_recenter,8,1,weight,24,0.029070616
ssm_self,rezero_recenter,8,1,weight,25,0.00071202806
ssm_self,rezero_recenter,8,1,weight,26,0.0007917029
ssm_self,rezero_recenter,8,1,weight,27,0.003052852
ssm_self,rezero_recenter,8,1,weight,28,0.0024379827
ssm_self,rezero_recenter,8,1,weight,29,0.030262126
ssm_self,rezero_recenter,8,1,weight,30,0.000657286
ssm_self,rezero_recenter,8,1,weight,31,0.00078239484
ssm_self,rezero_recenter,8,1,weight,32,0.0019506183
ssm_self,rezero_recenter,8,1,weight,33,0.0039727157
ssm_self,rezero_recenter,8,1,weight,34,0.02413308
ssm_self,rezero_recenter,8,1,weight,35,0.0007269651
ssm_self,rezero_recenter,8,1,weight,36,0.00074805546
ssm_self,rezero_recenter,8,1,weight,37,0.00190017
ssm_self,rezero_recenter,8,1,weight,38,0.0018483108
ssm_self,rezero_recenter,8,1,weight,39,0.024813581
ssm_self,rezero_recenter,8,1,weight,40,0.0006329407
ssm_self,rezero_recenter,8,1,weight,41,0.00062910694
ssm_self,rezero_recenter,8,1,scale,1,6.851627e-5
ssm_self,rezero_recenter,8,1,scale,2,0.00013429749
ssm_self,rezero_recenter,8,1,scale,3,0.00013916376
ssm_self,rezero_recenter,8,1,scale,4,8.5694905e-5
ssm_self,rezero_recenter,8,1,scale,5,4.4720782e-5
ssm_self,rezero_recenter,8,1,scale,6,0.000119241755
ssm_self,rezero_recenter,8,1,scale,7,1.2321869e-5
ssm_self,rezero_recenter,8,1,scale,8,4.6232777e-5
ssm_self,rezero_recenter,16,1,alpha,1,0.062987395
ssm_self,rezero_recenter,16,1,alpha,2,0.00018416403
ssm_self,rezero_recenter,16,1,alpha,3,0.12054724
ssm_self,rezero_recenter,16,1,alpha,4,8.062079e-5
ssm_self,rezero_recenter,16,1,alpha,5,0.093537636
ssm_self,rezero_recenter,16,1,alpha,6,0.00034815547
ssm_self,rezero_recenter,16,1,alpha,7,0.11000476
ssm_self,rezero_recenter,16,1,alpha,8,0.00018563998
ssm_self,rezero_recenter,16,1,alpha,9,0.16327202
ssm_self,rezero_recenter,16,1,alpha,10,0.00010085714
ssm_self,rezero_recenter,16,1,alpha,11,0.037898004
ssm_self,rezero_recenter,16,1,alpha,12,2.0629424e-5
ssm_self,rezero_recenter,16,1,alpha,13,0.12929873
ssm_self,rezero_recenter,16,1,alpha,14,0.00017141431
ssm_self,rezero_recenter,16,1,alpha,15,0.0456324
ssm_self,rezero_recenter,16,1,alpha,16,5.9682512e-5
ssm_self,rezero_recenter,16,1,alpha,17,0.06465168
ssm_self,rezero_recenter,16,1,alpha,18,6.949402e-5
ssm_self,rezero_recenter,16,1,alpha,19,0.003511496
ssm_self,rezero_recenter,16,1,alpha,20,3.4478548e-5
ssm_self,rezero_recenter,16,1,alpha,21,0.013344791
ssm_self,rezero_recenter,16,1,alpha,22,0.0001848457
ssm_self,rezero_recenter,16,1,alpha,23,0.036492545
ssm_self,rezero_recenter,16,1,alpha,24,0.00017885139
ssm_self,rezero_recenter,16,1,alpha,25,0.021633515
ssm_self,rezero_recenter,16,1,alpha,26,0.00010169581
ssm_self,rezero_recenter,16,1,alpha,27,0.0028690302
ssm_self,rezero_recenter,16,1,alpha,28,4.6094578e-5
ssm_self,rezero_recenter,16,1,alpha,29,0.019785916
ssm_self,rezero_recenter,16,1,alpha,30,5.533063e-5
ssm_self,rezero_recenter,16,1,alpha,31,0.0021433732
ssm_self,rezero_recenter,16,1,alpha,32,0.0001733454
ssm_self,rezero_recenter,16,1,log_neg_lambda,1,0.021444965
ssm_self,rezero_recenter,16,1,log_neg_lambda,2,0.00027537372
ssm_self,rezero_recenter,16,1,log_neg_lambda,3,0.00058812107
ssm_self,rezero_recenter,16,1,log_neg_lambda,4,0.002128878
ssm_self,rezero_recenter,16,1,log_neg_lambda,5,3.7452198e-6
ssm_self,rezero_recenter,16,1,log_neg_lambda,6,2.5906947e-6
ssm_self,rezero_recenter,16,1,log_neg_lambda,7,0.00026052026
ssm_self,rezero_recenter,16,1,log_neg_lambda,8,0.000361624
ssm_self,rezero_recenter,16,1,log_neg_lambda,9,0.0033902735
ssm_self,rezero_recenter,16,1,log_neg_lambda,10,4.0913997e-6
ssm_self,rezero_recenter,16,1,log_neg_lambda,11,3.6572228e-6
ssm_self,rezero_recenter,16,1,log_neg_lambda,12,0.0003735036
ssm_self,rezero_recenter,16,1,log_neg_lambda,13,0.00029969242
ssm_self,rezero_recenter,16,1,log_neg_lambda,14,0.001933205
ssm_self,rezero_recenter,16,1,log_neg_lambda,15,3.048417e-6
ssm_self,rezero_recenter,16,1,log_neg_lambda,16,3.6078868e-6
ssm_self,rezero_recenter,16,1,log_neg_lambda,17,0.0005981626
ssm_self,rezero_recenter,16,1,log_neg_lambda,18,0.00037289463
ssm_self,rezero_recenter,16,1,log_neg_lambda,19,0.0016295101
ssm_self,rezero_recenter,16,1,log_neg_lambda,20,3.3593724e-6
ssm_self,rezero_recenter,16,1,log_neg_lambda,21,3.0100477e-6
ssm_self,rezero_recenter,16,1,log_neg_lambda,22,0.00025232663
ssm_self,rezero_recenter,16,1,log_neg_lambda,23,0.0002617819
ssm_self,rezero_recenter,16,1,log_neg_lambda,24,0.0014789879
ssm_self,rezero_recenter,16,1,log_neg_lambda,25,3.2609348e-6
ssm_self,rezero_recenter,16,1,log_neg_lambda,26,3.0025512e-6
ssm_self,rezero_recenter,16,1,log_neg_lambda,27,0.0002601077
ssm_self,rezero_recenter,16,1,log_neg_lambda,28,0.00020164493
ssm_self,rezero_recenter,16,1,log_neg_lambda,29,0.002954081
ssm_self,rezero_recenter,16,1,log_neg_lambda,30,3.826429e-6
ssm_self,rezero_recenter,16,1,log_neg_lambda,31,3.0236529e-6
ssm_self,rezero_recenter,16,1,log_neg_lambda,32,0.00016503711
ssm_self,rezero_recenter,16,1,log_neg_lambda,33,0.0001552965
ssm_self,rezero_recenter,16,1,log_neg_lambda,34,0.0006872051
ssm_self,rezero_recenter,16,1,log_neg_lambda,35,3.3488768e-6
ssm_self,rezero_recenter,16,1,log_neg_lambda,36,2.8585234e-6
ssm_self,rezero_recenter,16,1,log_neg_lambda,37,0.00014043089
ssm_self,rezero_recenter,16,1,log_neg_lambda,38,0.0002564134
ssm_self,rezero_recenter,16,1,log_neg_lambda,39,0.0008337797
ssm_self,rezero_recenter,16,1,log_neg_lambda,40,2.628868e-6
ssm_self,rezero_recenter,16,1,log_neg_lambda,41,2.5708791e-6
ssm_self,rezero_recenter,16,1,log_neg_lambda,42,0.00016751341
ssm_self,rezero_recenter,16,1,log_neg_lambda,43,0.00020006712
ssm_self,rezero_recenter,16,1,log_neg_lambda,44,0.00059960835
ssm_self,rezero_recenter,16,1,log_neg_lambda,45,2.311177e-6
ssm_self,rezero_recenter,16,1,log_neg_lambda,46,1.9943222e-6
ssm_self,rezero_recenter,16,1,log_neg_lambda,47,0.00015055221
ssm_self,rezero_recenter,16,1,log_neg_lambda,48,0.0001427516
ssm_self,rezero_recenter,16,1,log_neg_lambda,49,0.0006189977
ssm_self,rezero_recenter,16,1,log_neg_lambda,50,2.750102e-6
ssm_self,rezero_recenter,16,1,log_neg_lambda,51,2.8532888e-6
ssm_self,rezero_recenter,16,1,log_neg_lambda,52,0.0002898899
ssm_self,rezero_recenter,16,1,log_neg_lambda,53,0.0003871516
ssm_self,rezero_recenter,16,1,log_neg_lambda,54,0.000729092
ssm_self,rezero_recenter,16,1,log_neg_lambda,55,2.8837035e-6
ssm_self,rezero_recenter,16,1,log_neg_lambda,56,2.6065418e-6
ssm_self,rezero_recenter,16,1,log_neg_lambda,57,0.00014581773
ssm_self,rezero_recenter,16,1,log_neg_lambda,58,0.00062319776
ssm_self,rezero_recenter,16,1,log_neg_lambda,59,0.0012846111
ssm_self,rezero_recenter,16,1,log_neg_lambda,60,1.7626603e-6
ssm_self,rezero_recenter,16,1,log_neg_lambda,61,1.986669e-6
ssm_self,rezero_recenter,16,1,log_neg_lambda,62,0.00011753851
ssm_self,rezero_recenter,16,1,log_neg_lambda,63,0.0002091557
ssm_self,rezero_recenter,16,1,log_neg_lambda,64,0.00070667535
ssm_self,rezero_recenter,16,1,log_neg_lambda,65,1.9810957e-6
ssm_self,rezero_recenter,16,1,log_neg_lambda,66,1.7323189e-6
ssm_self,rezero_recenter,16,1,log_neg_lambda,67,9.568641e-5
ssm_self,rezero_recenter,16,1,log_neg_lambda,68,9.209451e-5
ssm_self,rezero_recenter,16,1,log_neg_lambda,69,0.0004728598
ssm_self,rezero_recenter,16,1,log_neg_lambda,70,1.4481673e-6
ssm_self,rezero_recenter,16,1,log_neg_lambda,71,1.5730741e-6
ssm_self,rezero_recenter,16,1,log_neg_lambda,72,8.3729385e-5
ssm_self,rezero_recenter,16,1,log_neg_lambda,73,0.00010718731
ssm_self,rezero_recenter,16,1,log_neg_lambda,74,0.00039757125
ssm_self,rezero_recenter,16,1,log_neg_lambda,75,1.7239043e-6
ssm_self,rezero_recenter,16,1,log_neg_lambda,76,1.3503321e-6
ssm_self,rezero_recenter,16,1,log_neg_lambda,77,9.2136754e-5
ssm_self,rezero_recenter,16,1,log_neg_lambda,78,0.00013292595
ssm_self,rezero_recenter,16,1,log_neg_lambda,79,0.0005886215
ssm_self,rezero_recenter,16,1,log_neg_lambda,80,1.7433678e-6
ssm_self,rezero_recenter,16,1,log_neg_lambda,81,1.6556874e-6
ssm_self,rezero_recenter,16,1,weight,1,1.2377741
ssm_self,rezero_recenter,16,1,weight,2,0.008040075
ssm_self,rezero_recenter,16,1,weight,3,0.008863738
ssm_self,rezero_recenter,16,1,weight,4,0.10934002
ssm_self,rezero_recenter,16,1,weight,5,0.0021109264
ssm_self,rezero_recenter,16,1,weight,6,0.0017727189
ssm_self,rezero_recenter,16,1,weight,7,0.008630408
ssm_self,rezero_recenter,16,1,weight,8,0.008264969
ssm_self,rezero_recenter,16,1,weight,9,0.081301406
ssm_self,rezero_recenter,16,1,weight,10,0.0015950939
ssm_self,rezero_recenter,16,1,weight,11,0.0017181833
ssm_self,rezero_recenter,16,1,weight,12,0.015412323
ssm_self,rezero_recenter,16,1,weight,13,0.010870854
ssm_self,rezero_recenter,16,1,weight,14,0.122154765
ssm_self,rezero_recenter,16,1,weight,15,0.0018468752
ssm_self,rezero_recenter,16,1,weight,16,0.0015542053
ssm_self,rezero_recenter,16,1,weight,17,0.012435219
ssm_self,rezero_recenter,16,1,weight,18,0.012006887
ssm_self,rezero_recenter,16,1,weight,19,0.11568777
ssm_self,rezero_recenter,16,1,weight,20,0.0016255685
ssm_self,rezero_recenter,16,1,weight,21,0.0016760456
ssm_self,rezero_recenter,16,1,weight,22,0.009830683
ssm_self,rezero_recenter,16,1,weight,23,0.010954053
ssm_self,rezero_recenter,16,1,weight,24,0.07726175
ssm_self,rezero_recenter,16,1,weight,25,0.001248218
ssm_self,rezero_recenter,16,1,weight,26,0.0014413333
ssm_self,rezero_recenter,16,1,weight,27,0.006046616
ssm_self,rezero_recenter,16,1,weight,28,0.0060874256
ssm_self,rezero_recenter,16,1,weight,29,0.08732748
ssm_self,rezero_recenter,16,1,weight,30,0.001247228
ssm_self,rezero_recenter,16,1,weight,31,0.0013451388
ssm_self,rezero_recenter,16,1,weight,32,0.0042954544
ssm_self,rezero_recenter,16,1,weight,33,0.005953966
ssm_self,rezero_recenter,16,1,weight,34,0.048155036
ssm_self,rezero_recenter,16,1,weight,35,0.0010216373
ssm_self,rezero_recenter,16,1,weight,36,0.001165357
ssm_self,rezero_recenter,16,1,weight,37,0.0048317453
ssm_self,rezero_recenter,16,1,weight,38,0.0040531363
ssm_self,rezero_recenter,16,1,weight,39,0.045355406
ssm_self,rezero_recenter,16,1,weight,40,0.001015398
ssm_self,rezero_recenter,16,1,weight,41,0.00094615563
ssm_self,rezero_recenter,16,1,weight,42,0.005220822
ssm_self,rezero_recenter,16,1,weight,43,0.006808156
ssm_self,rezero_recenter,16,1,weight,44,0.03556558
ssm_self,rezero_recenter,16,1,weight,45,0.000959357
ssm_self,rezero_recenter,16,1,weight,46,0.00087892
ssm_self,rezero_recenter,16,1,weight,47,0.0033544637
ssm_self,rezero_recenter,16,1,weight,48,0.0031011784
ssm_self,rezero_recenter,16,1,weight,49,0.039391745
ssm_self,rezero_recenter,16,1,weight,50,0.00090828235
ssm_self,rezero_recenter,16,1,weight,51,0.0008841788
ssm_self,rezero_recenter,16,1,weight,52,0.0080321785
ssm_self,rezero_recenter,16,1,weight,53,0.006078588
ssm_self,rezero_recenter,16,1,weight,54,0.03457897
ssm_self,rezero_recenter,16,1,weight,55,0.00081169733
ssm_self,rezero_recenter,16,1,weight,56,0.0008147808
ssm_self,rezero_recenter,16,1,weight,57,0.00514809
ssm_self,rezero_recenter,16,1,weight,58,0.004903172
ssm_self,rezero_recenter,16,1,weight,59,0.042120248
ssm_self,rezero_recenter,16,1,weight,60,0.00076012436
ssm_self,rezero_recenter,16,1,weight,61,0.0008667687
ssm_self,rezero_recenter,16,1,weight,62,0.0033930237
ssm_self,rezero_recenter,16,1,weight,63,0.003197508
ssm_self,rezero_recenter,16,1,weight,64,0.0323753
ssm_self,rezero_recenter,16,1,weight,65,0.00078960153
ssm_self,rezero_recenter,16,1,weight,66,0.00081348623
ssm_self,rezero_recenter,16,1,weight,67,0.0028524655
ssm_self,rezero_recenter,16,1,weight,68,0.0025682983
ssm_self,rezero_recenter,16,1,weight,69,0.023135591
ssm_self,rezero_recenter,16,1,weight,70,0.0007385393
ssm_self,rezero_recenter,16,1,weight,71,0.0007037406
ssm_self,rezero_recenter,16,1,weight,72,0.0023301172
ssm_self,rezero_recenter,16,1,weight,73,0.0022872407
ssm_self,rezero_recenter,16,1,weight,74,0.02126089
ssm_self,rezero_recenter,16,1,weight,75,0.00071813463
ssm_self,rezero_recenter,16,1,weight,76,0.00081244955
ssm_self,rezero_recenter,16,1,weight,77,0.0028079522
ssm_self,rezero_recenter,16,1,weight,78,0.0048179957
ssm_self,rezero_recenter,16,1,weight,79,0.02419871
ssm_self,rezero_recenter,16,1,weight,80,0.00070133357
ssm_self,rezero_recenter,16,1,weight,81,0.00073476136
ssm_self,rezero_recenter,16,1,scale,1,0.000106799926
ssm_self,rezero_recenter,16,1,scale,2,6.0072853e-5
ssm_self,rezero_recenter,16,1,scale,3,0.00025416218
ssm_self,rezero_recenter,16,1,scale,4,9.8711826e-5
ssm_self,rezero_recenter,16,1,scale,5,0.00029562687
ssm_self,rezero_recenter,16,1,scale,6,9.56441e-5
ssm_self,rezero_recenter,16,1,scale,7,4.2231095e-5
ssm_self,rezero_recenter,16,1,scale,8,0.00011208877
ssm_self,rezero_recenter,16,1,scale,9,4.2072697e-6
ssm_self,rezero_recenter,16,1,scale,10,0.000100614496
ssm_self,rezero_recenter,16,1,scale,11,5.439879e-6
ssm_self,rezero_recenter,16,1,scale,12,0.00013936328
ssm_self,rezero_recenter,16,1,scale,13,0.00014088952
ssm_self,rezero_recenter,16,1,scale,14,3.965635e-5
ssm_self,rezero_recenter,16,1,scale,15,0.00011387279
ssm_self,rezero_recenter,16,1,scale,16,6.594085e-5
