eps,omega_p,n_cycles,readout,rep,cos,cos_l1,cos_l2,relerr_l1,resid,steps,cycles,gitrev
0.001,0.05,8,0.0,1,0.043515229323965385,0.043515229323965385,0.1880299143561966,23.730207264193897,0.00032680426,2459,1229.5,5ef5c11-dirty
0.0003,0.2,2,0.0,1,0.007621258590745002,0.007621258590745002,0.02434016682974123,533.719376514615,0.00032680426,389,194.5,5ef5c11-dirty
0.1,0.1,8,0.005,7,0.11753980784116112,0.11753980784116112,0.45945944783906423,3.3122386025976427,5.042856e-5,1334,667.0,5ef5c11-dirty
0.01,0.1,2,0.01,2,0.03076416083888544,0.03076416083888544,0.09373206197536808,14.90228381487347,9.048635e-6,578,289.0,5ef5c11-dirty
0.003,0.05,2,0.02,5,0.006350684782487612,0.006350684782487612,0.02672070015103173,54.67141155543155,0.00036867431,953,476.5,5ef5c11-dirty
0.3,0.2,8,0.0,4,0.281847973922692,0.281847973922692,0.6634552650284038,1.2237825202943722,1.708457e-5,767,383.5,5ef5c11-dirty
0.001,0.2,2,0.0,1,0.009429419439365266,0.009429419439365266,0.037794668726662595,160.14219925085712,0.00032680426,389,194.5,5ef5c11-dirty
0.003,0.2,2,0.0,1,0.01458315707444695,0.01458315707444695,0.07596771232208448,53.40841089757963,0.00032680426,389,194.5,5ef5c11-dirty
0.03,0.1,2,0.01,2,0.046657400122909774,0.046657400122909774,0.09690841716359838,8.558291405166512,9.048635e-6,578,289.0,5ef5c11-dirty
0.01,0.2,2,0.0,1,0.03257403360984131,0.03257403360984131,0.20350261323650373,16.06128902723127,0.00032680426,389,194.5,5ef5c11-dirty
0.0003,0.2,8,0.005,4,0.016311252511394734,0.016311252511394734,0.04556660203959737,897.9033693935589,1.708457e-5,767,383.5,5ef5c11-dirty
0.01,0.05,2,0.02,5,0.014418620462101376,0.020346819985081845,0.014418620462101376,26.538548180960042,0.00036867431,953,476.5,5ef5c11-dirty
0.1,0.1,2,0.01,2,0.08411217799187107,0.08411217799187107,0.1424340392504482,4.728705070015907,9.048635e-6,578,289.0,5ef5c11-dirty
0.03,0.2,2,0.0,1,0.08320593523739583,0.08320593523739583,0.47743490989030224,5.419214593458617,0.00032680426,389,194.5,5ef5c11-dirty
0.1,0.2,2,0.0,1,0.24357378134256163,0.24357378134256163,0.7554737647473077,1.7858496909288604,0.00032680426,389,194.5,5ef5c11-dirty
0.3,0.1,2,0.01,2,0.1728381605695821,0.1728381605695821,0.3242446688253177,2.6867447291858437,9.048635e-6,578,289.0,5ef5c11-dirty
0.001,0.2,8,0.005,4,0.016418014611488056,0.016418014611488056,0.04320787775879218,269.4291097342324,1.708457e-5,767,383.5,5ef5c11-dirty
0.3,0.2,2,0.0,1,0.5092883727875288,0.5092883727875288,0.8196527664198251,0.9147575407305034,0.00032680426,389,194.5,5ef5c11-dirty
0.03,0.01,2,0.01,2,0.04762843343603902,0.04762843343603902,0.156407734825824,9.857851150015739,9.048635e-6,3971,1985.5,5ef5c11-dirty
0.03,0.05,2,0.02,5,-0.023212796691366288,0.026961944798860264,-0.023212796691366288,11.699034617531536,0.00036867431,953,476.5,5ef5c11-dirty
0.003,0.05,8,0.0,1,0.11569849373952192,0.11569849373952192,0.46750084678593473,7.922755464235341,0.00032680426,2459,1229.5,5ef5c11-dirty
0.0003,0.2,2,0.005,1,0.0070173585738642335,0.0070173585738642335,0.01908396980377969,533.1420661485542,0.00032680426,389,194.5,5ef5c11-dirty
0.0003,0.1,2,0.02,2,-0.012918526484805246,-0.0008121728374515602,-0.012918526484805246,324.28826598789203,9.048635e-6,578,289.0,5ef5c11-dirty
0.001,0.2,2,0.005,1,0.00918106147026076,0.00918106147026076,0.020048384121549107,161.15990956751781,0.00032680426,389,194.5,5ef5c11-dirty
0.003,0.2,8,0.005,4,0.015266709328009831,0.015266709328009831,0.03283624384785921,90.37991339275256,1.708457e-5,767,383.5,5ef5c11-dirty
0.001,0.1,2,0.02,2,-0.012314460501410922,-0.0008109118509397944,-0.012314460501410922,97.29194173923008,9.048635e-6,578,289.0,5ef5c11-dirty
0.003,0.2,2,0.005,1,0.012298544905955954,0.012298544905955954,0.035320672681205846,54.56247841491231,0.00032680426,389,194.5,5ef5c11-dirty
0.1,0.05,2,0.02,5,0.06269694658221941,0.06269694658221941,0.10937850268475725,6.3181970273846515,0.00036867431,953,476.5,5ef5c11-dirty
0.01,0.2,2,0.005,1,-0.029018418710771914,0.043593965362900396,-0.029018418710771914,17.3428738339264,0.00032680426,389,194.5,5ef5c11-dirty
0.003,0.1,2,0.02,2,-0.010528056738393247,-0.0008129678819789774,-0.010528056738393247,32.4451286250042,9.048635e-6,578,289.0,5ef5c11-dirty
0.01,0.2,8,0.005,4,0.0250634094820096,0.0250634094820096,0.090557091976038,27.773420912747824,1.708457e-5,767,383.5,5ef5c11-dirty
0.03,0.2,2,0.005,1,0.0648416711698337,0.0648416711698337,0.3025225435773349,7.793912124146976,0.00032680426,389,194.5,5ef5c11-dirty
0.1,0.2,2,0.005,1,0.11611836218054679,0.11611836218054679,0.3935069759340732,3.379158865397977,0.00032680426,389,194.5,5ef5c11-dirty
0.01,0.05,8,0.0,1,0.3464331604776346,0.3464331604776346,0.846264363446246,2.3967100687828453,0.00032680426,2459,1229.5,5ef5c11-dirty
0.01,0.1,2,0.02,2,-0.0188369305370502,-0.0008110658750676436,-0.0188369305370502,9.780646982018677,9.048635e-6,578,289.0,5ef5c11-dirty
0.3,0.05,2,0.02,5,0.13863602273902362,0.13863602273902362,0.3338086158844168,3.8142672049741635,0.00036867431,953,476.5,5ef5c11-dirty
0.3,0.2,2,0.005,1,0.2030409036467073,0.2030409036467073,0.4984069779883706,1.8170725509291783,0.00032680426,389,194.5,5ef5c11-dirty
0.3,0.1,8,0.005,7,0.3368536282716158,0.3368536282716158,0.7648586249941001,1.8277593848129632,5.042856e-5,1334,667.0,5ef5c11-dirty
0.03,0.2,8,0.005,4,0.030577184896903316,0.030577184896903316,0.09349647519972575,10.156502743121255,1.708457e-5,767,383.5,5ef5c11-dirty
0.03,0.1,2,0.02,2,0.03923735386441922,0.03923735386441922,0.07159361642654725,8.367090746702187,9.048635e-6,578,289.0,5ef5c11-dirty
0.0003,0.2,2,0.01,1,0.007385992847448278,0.007385992847448278,0.01918099081875634,532.8099323810272,0.00032680426,389,194.5,5ef5c11-dirty
0.0003,0.05,2,0.0,6,0.03356277595591811,0.03356277595591811,0.216969408575137,13.396236891111425,0.000112622154,953,476.5,5ef5c11-dirty
0.001,0.2,2,0.01,1,0.00813735903735693,0.00813735903735693,0.015531860078583534,161.5113443843361,0.00032680426,389,194.5,5ef5c11-dirty
0.1,0.1,2,0.02,2,0.07306923791965554,0.07306923791965554,0.22567963231661345,4.831232035046483,9.048635e-6,578,289.0,5ef5c11-dirty
0.0003,0.02,8,0.005,4,0.021399586375239126,0.06755250701986396,0.021399586375239126,108.89636163873004,1.708457e-5,5852,2926.0,5ef5c11-dirty
0.1,0.2,8,0.005,4,0.07499536101778881,0.07499536101778881,0.18744479779892834,3.9423629103541717,1.708457e-5,767,383.5,5ef5c11-dirty
0.003,0.2,2,0.01,1,0.009028783228897575,0.009028783228897575,0.023770282857993468,57.77317825482196,0.00032680426,389,194.5,5ef5c11-dirty
0.001,0.05,2,0.0,6,0.1141834236560419,0.1141834236560419,0.4927922044442498,4.091520995571147,0.000112622154,953,476.5,5ef5c11-dirty
0.3,0.1,2,0.02,2,0.21873231339548677,0.21873231339548677,0.2734054655047797,3.2785268898467104,9.048635e-6,578,289.0,5ef5c11-dirty
0.01,0.2,2,0.01,1,0.05834819957098765,0.08615194439135308,0.05834819957098765,22.278192604326048,0.00032680426,389,194.5,5ef5c11-dirty
0.03,0.05,8,0.0,1,0.7261451414474986,0.7261451414474986,0.9596743486195575,0.8364899738200972,0.00032680426,2459,1229.5,5ef5c11-dirty
0.01,0.005,2,0.02,5,0.018377065308303717,0.0256110648597496,0.018377065308303717,29.47294025978877,0.00036867431,7739,3869.5,5ef5c11-dirty
0.03,0.2,2,0.01,1,0.07363947950538209,0.07363947950538209,0.22680224459796675,9.529267519423167,0.00032680426,389,194.5,5ef5c11-dirty
0.003,0.05,2,0.0,6,0.30858088722581134,0.30858088722581134,0.7221993458712791,1.5446333748825756,0.000112622154,953,476.5,5ef5c11-dirty
0.0003,0.1,2,0.0,3,-0.08972645064259378,0.03521112887670388,-0.08972645064259378,328.3669155566109,3.956093e-5,578,289.0,5ef5c11-dirty
0.3,0.2,8,0.005,4,0.14113745762371485,0.14113745762371485,0.43229344089179417,1.8734261323173982,1.708457e-5,767,383.5,5ef5c11-dirty
0.1,0.01,2,0.01,2,0.12845979176530026,0.12845979176530026,0.21975575943114464,5.50508506324501,9.048635e-6,3971,1985.5,5ef5c11-dirty
0.1,0.2,2,0.01,1,0.05027295711690676,0.05027295711690676,0.2783150713555667,4.320858814724111,0.00032680426,389,194.5,5ef5c11-dirty
0.001,0.1,2,0.0,3,-0.06930484758738945,0.039796758570449405,-0.06930484758738945,98.47896123469803,3.956093e-5,578,289.0,5ef5c11-dirty
0.01,0.05,2,0.0,6,0.572685824709831,0.572685824709831,0.7917566318986836,0.8576399809983037,0.000112622154,953,476.5,5ef5c11-dirty
0.3,0.2,2,0.01,1,0.0506317215253107,0.0506317215253107,0.4395844854614048,2.621097092469872,0.00032680426,389,194.5,5ef5c11-dirty
0.003,0.1,2,0.0,3,-0.01038628132631942,0.05288276375134315,-0.01038628132631942,32.80123937701919,3.956093e-5,578,289.0,5ef5c11-dirty
0.0003,0.2,2,0.02,1,0.006820620014900135,0.006820620014900135,0.020069293204323824,538.2790137811421,0.00032680426,389,194.5,5ef5c11-dirty
0.01,0.1,2,0.0,3,0.09849819769750584,0.09849819769750584,0.19436271193692314,9.82220190704068,3.956093e-5,578,289.0,5ef5c11-dirty
0.0003,0.1,8,0.01,7,-0.047035628145852215,-0.04357528677168053,-0.047035628145852215,665.322573462193,5.042856e-5,1334,667.0,5ef5c11-dirty
0.03,0.05,2,0.0,6,0.6490061775934343,0.6490061775934343,0.8025441367262534,0.7649462982442525,0.000112622154,953,476.5,5ef5c11-dirty
0.001,0.2,2,0.02,1,0.006817778064076206,0.006817778064076206,0.020071872080088933,161.4835197294131,0.00032680426,389,194.5,5ef5c11-dirty
0.0003,0.2,8,0.01,4,0.01368768494159382,0.01368768494159382,0.0413470637039682,885.2335188810777,1.708457e-5,767,383.5,5ef5c11-dirty
0.03,0.1,2,0.0,3,0.22450941540621505,0.22450941540621505,0.608834342388443,3.2810440300018704,3.956093e-5,578,289.0,5ef5c11-dirty
0.003,0.2,2,0.02,1,0.006816438134999756,0.006816438134999756,0.020071776650709014,53.83152288603589,0.00032680426,389,194.5,5ef5c11-dirty
0.1,0.05,2,0.0,6,0.66061220148831,0.66061220148831,0.8049272349177177,0.7527702563605249,0.000112622154,953,476.5,5ef5c11-dirty
0.1,0.1,2,0.0,3,0.551976242887302,0.551976242887302,0.8775452714343975,1.072960763571501,3.956093e-5,578,289.0,5ef5c11-dirty
0.01,0.2,2,0.02,1,-0.07152866729055525,0.005112800528037531,-0.07152866729055525,24.856240109878286,0.00032680426,389,194.5,5ef5c11-dirty
0.03,0.2,2,0.02,1,0.013378731834662627,0.013378731834662627,0.17794705452458054,12.90662267410414,0.00032680426,389,194.5,5ef5c11-dirty
0.3,0.1,2,0.0,3,0.8087370312797777,0.8087370312797777,0.9086234800549673,0.5882382892081929,3.956093e-5,578,289.0,5ef5c11-dirty
0.3,0.05,2,0.0,6,0.659547094604053,0.659547094604053,0.805038996541623,0.7536965376008862,0.000112622154,953,476.5,5ef5c11-dirty
0.1,0.2,2,0.02,1,0.04312008512799092,0.04312008512799092,0.35424759907923514,6.054824449932408,0.00032680426,389,194.5,5ef5c11-dirty
0.0003,0.1,2,0.005,3,-0.09838066611430363,0.03326043859261419,-0.09838066611430363,329.18863976644946,3.956093e-5,578,289.0,5ef5c11-dirty
0.001,0.2,8,0.01,4,0.014376011084800603,0.014376011084800603,0.1566731509247442,268.5280808492598,1.708457e-5,767,383.5,5ef5c11-dirty
0.001,0.1,8,0.01,7,-0.04216287912927557,-0.04216287912927557,0.2164885595974543,202.01512850605826,5.042856e-5,1334,667.0,5ef5c11-dirty
0.3,0.2,2,0.02,1,0.11975005486657929,0.11975005486657929,0.333662696631805,3.5382961576688783,0.00032680426,389,194.5,5ef5c11-dirty
0.0003,0.2,2,0.0,2,-0.00795785929632657,1.9376006125633508e-5,-0.00795785929632657,509.0187651060262,9.048635e-6,389,194.5,5ef5c11-dirty
0.001,0.1,2,0.005,3,-0.0966829340436026,0.03326227056195305,-0.0966829340436026,98.73758895696652,3.956093e-5,578,289.0,5ef5c11-dirty
0.0003,0.05,2,0.005,6,-0.022492638410081322,-0.022492638410081322,0.02084513487756918,51.026261168904114,0.000112622154,953,476.5,5ef5c11-dirty
0.001,0.2,2,0.0,2,0.0008740165028523651,0.0014678501019603223,0.0008740165028523651,152.68380147856323,9.048635e-6,389,194.5,5ef5c11-dirty
0.003,0.2,8,0.01,4,0.014438098222423734,0.014438098222423734,0.17196330545565092,89.68013630074003,1.708457e-5,767,383.5,5ef5c11-dirty
0.1,0.05,8,0.0,1,0.9409535994372397,0.9409535994372397,0.9785668751249028,0.3392327570376707,0.00032680426,2459,1229.5,5ef5c11-dirty
0.003,0.2,2,0.0,2,0.00559146941655345,0.00559146941655345,0.026214850955790254,50.87712523342526,9.048635e-6,389,194.5,5ef5c11-dirty
0.003,0.1,2,0.005,3,-0.035563201445468456,0.0853279559896932,-0.035563201445468456,39.32982840986888,3.956093e-5,578,289.0,5ef5c11-dirty
0.01,0.2,2,0.0,2,0.020055814161130302,0.020055814161130302,0.1145014664365494,15.257933689176696,9.048635e-6,389,194.5,5ef5c11-dirty
0.3,0.01,2,0.01,2,0.2734470266637804,0.2734470266637804,0.45848206123218355,3.1246512534920985,9.048635e-6,3971,1985.5,5ef5c11-dirty
0.03,0.2,2,0.0,2,0.06135784610670862,0.06135784610670862,0.33947720928717284,5.118607931665655,9.048635e-6,389,194.5,5ef5c11-dirty
0.001,0.05,2,0.005,6,-0.012439122975496302,-0.012439122975496302,0.015537690762537517,31.370433287304284,0.000112622154,953,476.5,5ef5c11-dirty
0.01,0.1,2,0.005,3,0.019115375257084618,0.09648824560259402,0.019115375257084618,16.431500286326706,3.956093e-5,578,289.0,5ef5c11-dirty
0.1,0.2,2,0.0,2,0.19879176045790872,0.19879176045790872,0.6662637525280256,1.692799758694088,9.048635e-6,389,194.5,5ef5c11-dirty
0.01,0.2,8,0.01,4,0.01473641211765803,0.01473641211765803,0.23388726294854806,28.605418884945788,1.708457e-5,767,383.5,5ef5c11-dirty
0.3,0.2,2,0.0,2,0.4483122089647065,0.4483122089647065,0.7493659360006022,0.9290411113772679,9.048635e-6,389,194.5,5ef5c11-dirty
0.03,0.1,2,0.005,3,0.043617945343016586,0.13323792786833663,0.043617945343016586,7.145980550411691,3.956093e-5,578,289.0,5ef5c11-dirty
0.0003,0.2,2,0.005,2,-0.045497711574406935,0.001727727752346778,-0.045497711574406935,512.5822786005867,9.048635e-6,389,194.5,5ef5c11-dirty
0.003,0.05,2,0.005,6,0.0324588605756453,0.0324588605756453,0.04317053145698379,16.77409273267431,0.000112622154,953,476.5,5ef5c11-dirty
0.1,0.01,8,0.005,7,0.22367026274101454,0.22367026274101454,0.571638712424622,3.1684357254973348,5.042856e-5,11513,5756.5,5ef5c11-dirty
0.3,0.05,8,0.0,1,0.9725414304427851,0.9725414304427851,0.980905575785284,0.24626862147564577,0.00032680426,2459,1229.5,5ef5c11-dirty
0.001,0.2,2,0.005,2,-0.009649088748477027,0.004709472793313689,-0.009649088748477027,154.31366889057384,9.048635e-6,389,194.5,5ef5c11-dirty
0.1,0.1,2,0.005,3,0.23150629091706176,0.23150629091706176,0.4375286754629675,3.374749680175019,3.956093e-5,578,289.0,5ef5c11-dirty
0.003,0.2,2,0.005,2,0.0045994463477402985,0.00925220559163785,0.0045994463477402985,51.80068653231651,9.048635e-6,389,194.5,5ef5c11-dirty
0.3,0.1,2,0.005,3,0.3494056632779085,0.3494056632779085,0.584839375584726,1.8419410816610027,3.956093e-5,578,289.0,5ef5c11-dirty
0.003,0.1,8,0.01,7,-0.041668194473755,-0.041668194473755,0.2573134364171309,67.82615168063592,5.042856e-5,1334,667.0,5ef5c11-dirty
0.01,0.2,2,0.005,2,0.036286147360348964,0.05302306979045947,0.036286147360348964,17.562925337432464,9.048635e-6,389,194.5,5ef5c11-dirty
0.01,0.05,2,0.005,6,0.01963010951821914,0.03935805964621758,0.01963010951821914,8.517966421101153,0.000112622154,953,476.5,5ef5c11-dirty
0.03,0.2,2,0.005,2,0.07496914321869952,0.07496914321869952,0.11690561754779569,7.786636078780602,9.048635e-6,389,194.5,5ef5c11-dirty
0.001,0.02,8,0.005,4,0.019111653948090675,0.06774288554540844,0.019111653948090675,34.06001448900814,1.708457e-5,5852,2926.0,5ef5c11-dirty
0.0003,0.1,2,0.01,3,-0.09703257976153586,0.03350770300205535,-0.09703257976153586,327.10506008346675,3.956093e-5,578,289.0,5ef5c11-dirty
0.1,0.2,2,0.005,2,0.07270075293730716,0.07270075293730716,0.16428571169831596,3.532740462348893,9.048635e-6,389,194.5,5ef5c11-dirty
0.03,0.2,8,0.01,4,0.05337911431185827,0.05337911431185827,0.19781943743657582,11.808162904793035,1.708457e-5,767,383.5,5ef5c11-dirty
0.03,0.05,2,0.005,6,0.07572343790268919,0.07572343790268919,0.2344122451780918,5.032738344700121,0.000112622154,953,476.5,5ef5c11-dirty
0.3,0.2,2,0.005,2,0.19971708565466376,0.19971708565466376,0.3510283172004288,1.8736691559311924,9.048635e-6,389,194.5,5ef5c11-dirty
0.001,0.1,2,0.01,3,-0.09702252704433496,0.033511025126705896,-0.09702252704433496,98.11254981111415,3.956093e-5,578,289.0,5ef5c11-dirty
0.0003,0.2,2,0.01,2,-0.011753401857425525,-0.0005187743549603963,-0.011753401857425525,509.2108204254506,9.048635e-6,389,194.5,5ef5c11-dirty
0.01,0.1,8,0.01,7,-0.03672512774061138,-0.03672512774061138,0.21789784685588742,21.228392536087348,5.042856e-5,1334,667.0,5ef5c11-dirty
0.003,0.1,2,0.01,3,-0.015518511496987063,0.029890781838258752,-0.015518511496987063,33.52302878402336,3.956093e-5,578,289.0,5ef5c11-dirty
0.001,0.2,2,0.01,2,-0.02705009567367206,-0.0005165465230419498,-0.02705009567367206,152.76840243831583,9.048635e-6,389,194.5,5ef5c11-dirty
0.03,0.005,2,0.02,5,-0.018886522767992932,0.030945477324661883,-0.018886522767992932,13.152844802564287,0.00036867431,7739,3869.5,5ef5c11-dirty
0.1,0.05,2,0.005,6,0.18755662332462708,0.18755662332462708,0.44572466468956207,2.855946669162395,0.000112622154,953,476.5,5ef5c11-dirty
0.003,0.2,2,0.01,2,-0.0289606820253673,0.00792423940631976,-0.0289606820253673,51.51635001218303,9.048635e-6,389,194.5,5ef5c11-dirty
0.01,0.1,2,0.01,3,0.03556213837843221,0.03556213837843221,0.10719218033962166,16.22673374497258,3.956093e-5,578,289.0,5ef5c11-dirty
0.0003,0.01,2,0.02,2,-0.01669205576927363,-0.0005252999298270579,-0.01669205576927363,3.960905577053054,9.048635e-6,3971,1985.5,5ef5c11-dirty
0.0003,0.05,8,0.005,1,0.006890936675805896,0.006890936675805896,0.01663374433575524,78.9555112700586,0.00032680426,2459,1229.5,5ef5c11-dirty
0.03,0.1,2,0.01,3,0.09002138336129138,0.09002138336129138,0.1462901447402441,9.701012333124408,3.956093e-5,578,289.0,5ef5c11-dirty
0.01,0.2,2,0.01,2,0.028760626427209647,0.028760626427209647,0.05822784689516064,17.684221877210625,9.048635e-6,389,194.5,5ef5c11-dirty
0.3,0.05,2,0.005,6,0.30601574910811447,0.30601574910811447,0.5412030774005165,1.6896765590442004,0.000112622154,953,476.5,5ef5c11-dirty
0.03,0.1,8,0.01,7,0.037963323621220554,0.037963323621220554,0.42555191338822707,9.326256213954808,5.042856e-5,1334,667.0,5ef5c11-dirty
0.1,0.2,8,0.01,4,0.06692756908376142,0.06692756908376142,0.21931494777803295,4.9468031615061205,1.708457e-5,767,383.5,5ef5c11-dirty
0.03,0.2,2,0.01,2,0.04245742678369989,0.04245742678369989,0.08007731936217358,8.32975432500505,9.048635e-6,389,194.5,5ef5c11-dirty
0.1,0.1,2,0.01,3,0.17283927333789426,0.17283927333789426,0.17412735071886604,4.9592744944291365,3.956093e-5,578,289.0,5ef5c11-dirty
0.1,0.2,2,0.01,2,0.0413904942108338,0.0413904942108338,0.11024302959892786,4.281914261843311,9.048635e-6,389,194.5,5ef5c11-dirty
0.3,0.1,2,0.01,3,0.1996323858719624,0.1996323858719624,0.35920513614851013,2.770560209211341,3.956093e-5,578,289.0,5ef5c11-dirty
0.0003,0.05,2,0.01,6,-0.006940966212089767,-0.006940966212089767,0.05772930644511481,33.053319808812766,0.000112622154,953,476.5,5ef5c11-dirty
0.3,0.2,2,0.01,2,0.11687392741221865,0.11687392741221865,0.24085000009482976,2.509969940513855,9.048635e-6,389,194.5,5ef5c11-dirty
0.0003,0.2,2,0.02,2,-0.012910282486464756,-0.0008231954666567691,-0.012910282486464756,518.1877305610933,9.048635e-6,389,194.5,5ef5c11-dirty
0.0003,0.1,2,0.02,3,-0.03235084627050694,-0.029092997209224186,-0.03235084627050694,632.8334317437087,3.956093e-5,578,289.0,5ef5c11-dirty
0.001,0.2,2,0.02,2,-0.01766714879505508,-0.0008220000968703704,-0.01766714879505508,155.46070646900273,9.048635e-6,389,194.5,5ef5c11-dirty
0.1,0.1,8,0.01,7,0.15599976810643876,0.15599976810643876,0.45971526900822135,4.168489207584035,5.042856e-5,1334,667.0,5ef5c11-dirty
0.3,0.2,8,0.01,4,0.1595539923814683,0.1595539923814683,0.4105436328355272,2.494620620949149,1.708457e-5,767,383.5,5ef5c11-dirty
0.001,0.05,2,0.01,6,0.0012008303686987828,0.0012008303686987828,0.0821328055097595,26.484885351010945,0.000112622154,953,476.5,5ef5c11-dirty
0.003,0.2,2,0.02,2,-0.016944502945396074,-0.0008208456665277701,-0.016944502945396074,51.82927300042078,9.048635e-6,389,194.5,5ef5c11-dirty
0.001,0.1,2,0.02,3,0.018850797539424362,0.03402087615253482,0.018850797539424362,232.2607190147702,3.956093e-5,578,289.0,5ef5c11-dirty
0.01,0.2,2,0.02,2,-0.020694455308380457,-0.0005203432034573073,-0.020694455308380457,15.86880861829356,9.048635e-6,389,194.5,5ef5c11-dirty
0.003,0.1,2,0.02,3,0.021852026247391302,0.038453631706129296,0.021852026247391302,79.76592468496013,3.956093e-5,578,289.0,5ef5c11-dirty
0.03,0.2,2,0.02,2,0.021113019658502,0.021113019658502,0.056674585630787436,8.202812832771654,9.048635e-6,389,194.5,5ef5c11-dirty
0.003,0.05,2,0.01,6,0.021760123564274585,0.021760123564274585,0.0739008474569919,23.902837237710525,0.000112622154,953,476.5,5ef5c11-dirty
0.001,0.05,8,0.005,1,-0.06881697563362554,0.017872697008043094,-0.06881697563362554,51.06373295271163,0.00032680426,2459,1229.5,5ef5c11-dirty
0.1,0.2,2,0.02,2,-0.0316508163725897,-0.0316508163725897,0.18589884995252856,4.805176891545001,9.048635e-6,389,194.5,5ef5c11-dirty
0.01,0.1,2,0.02,3,0.02655725453956306,0.05075474147094728,0.02655725453956306,27.477623666681072,3.956093e-5,578,289.0,5ef5c11-dirty
0.3,0.1,8,0.01,7,0.26152599710650304,0.26152599710650304,0.48135692327598134,2.270650900592989,5.042856e-5,1334,667.0,5ef5c11-dirty
0.3,0.2,2,0.02,2,0.10128202456410107,0.10128202456410107,0.24238518910287402,3.0099110169694416,9.048635e-6,389,194.5,5ef5c11-dirty
0.001,0.01,2,0.02,2,-0.00046120935972354676,-0.00046120935972354676,0.00639656996301806,1.5237366368682124,9.048635e-6,3971,1985.5,5ef5c11-dirty
0.0003,0.2,8,0.02,4,0.014752243847617053,0.014752243847617053,0.044105057521080515,901.9771508194341,1.708457e-5,767,383.5,5ef5c11-dirty
0.0003,0.2,2,0.0,3,-0.09400160191724535,0.03393795219595358,-0.09400160191724535,524.6713884745816,3.956093e-5,389,194.5,5ef5c11-dirty
0.03,0.1,2,0.02,3,-0.08046825380327997,0.07449043260071908,-0.08046825380327997,13.065223761700057,3.956093e-5,578,289.0,5ef5c11-dirty
0.01,0.05,2,0.01,6,0.07305079945296596,0.07491959873257298,0.07305079945296596,13.873780178448811,0.000112622154,953,476.5,5ef5c11-dirty
0.001,0.2,2,0.0,3,-0.08369962714966009,0.03551560082302252,-0.08369962714966009,157.35239606928266,3.956093e-5,389,194.5,5ef5c11-dirty
0.003,0.2,2,0.0,3,-0.05408001937045717,0.040044992989978684,-0.05408001937045717,52.40816604265518,3.956093e-5,389,194.5,5ef5c11-dirty
0.1,0.1,2,0.02,3,-0.035711421654778745,0.10569569421412359,-0.035711421654778745,6.290468506669346,3.956093e-5,578,289.0,5ef5c11-dirty
0.01,0.2,2,0.0,3,0.05102581870336474,0.05586626792337156,0.05102581870336474,15.690406831707174,3.956093e-5,389,194.5,5ef5c11-dirty
0.03,0.05,2,0.01,6,0.14426958397368975,0.14426958397368975,0.25277229981093,8.882970190566436,0.000112622154,953,476.5,5ef5c11-dirty
0.03,0.2,2,0.0,3,0.10087968168102217,0.10087968168102217,0.32347553473103163,5.237147800114762,3.956093e-5,389,194.5,5ef5c11-dirty
0.0003,0.1,8,0.02,7,-0.04741305171090227,-0.04438829908088309,-0.04741305171090227,669.9231905836106,5.042856e-5,1334,667.0,5ef5c11-dirty
0.003,0.02,8,0.005,4,0.02117708925864509,0.03954039296855374,0.02117708925864509,20.031937236113013,1.708457e-5,5852,2926.0,5ef5c11-dirty
0.3,0.1,2,0.02,3,0.12476378918872817,0.1954915082895459,0.12476378918872817,3.490594412362756,3.956093e-5,578,289.0,5ef5c11-dirty
0.1,0.2,2,0.0,3,0.24678242388039928,0.24678242388039928,0.686748288098581,1.703704561552684,3.956093e-5,389,194.5,5ef5c11-dirty
0.001,0.2,8,0.02,4,0.014751977222787302,0.014751977222787302,0.030366725875000715,270.5847401621873,1.708457e-5,767,383.5,5ef5c11-dirty
0.0003,0.1,2,0.0,4,0.01577674222344673,0.01577674222344673,0.05106255194328725,318.9305461689,1.708457e-5,578,289.0,5ef5c11-dirty
0.3,0.2,2,0.0,3,0.4818113268530575,0.4818113268530575,0.768205533241814,0.9229796486260978,3.956093e-5,389,194.5,5ef5c11-dirty
0.1,0.05,2,0.01,6,0.14121277498116913,0.14121277498116913,0.3594571507237723,4.452446154045595,0.000112622154,953,476.5,5ef5c11-dirty
0.001,0.1,2,0.0,4,0.01981723981143032,0.01981723981143032,0.07201576328839625,95.65992228273132,1.708457e-5,578,289.0,5ef5c11-dirty
0.003,0.2,8,0.02,4,-0.006146802954370428,0.014752598958219315,-0.006146802954370428,90.19043655380044,1.708457e-5,767,383.5,5ef5c11-dirty
0.003,0.1,2,0.0,4,0.03137176715370825,0.03137176715370825,0.13085717049908227,31.873113115121157,1.708457e-5,578,289.0,5ef5c11-dirty
0.0003,0.2,2,0.005,3,-0.09836687587720301,0.03324864218627731,-0.09836687587720301,525.9739529203747,3.956093e-5,389,194.5,5ef5c11-dirty
0.001,0.1,8,0.02,7,-0.047409924114283186,-0.04438866137964142,-0.047409924114283186,201.00931870104054,5.042856e-5,1334,667.0,5ef5c11-dirty
0.01,0.1,2,0.0,4,0.07167431032682478,0.07167431032682478,0.31443079650991784,9.560950402604242,1.708457e-5,578,289.0,5ef5c11-dirty
0.3,0.05,2,0.01,6,0.17723094806617262,0.17723094806617262,0.5014417000637311,2.5110593647915045,0.000112622154,953,476.5,5ef5c11-dirty
0.01,0.2,8,0.02,4,0.0163004068040019,0.0163004068040019,0.019869364228351023,29.5453384250026,1.708457e-5,767,383.5,5ef5c11-dirty
0.001,0.2,2,0.005,3,-0.09841260042060299,0.03324733838686648,-0.09841260042060299,157.77196838130814,3.956093e-5,389,194.5,5ef5c11-dirty
0.03,0.1,2,0.0,4,0.1834249611514943,0.1834249611514943,0.5940327967863831,3.225072778385241,1.708457e-5,578,289.0,5ef5c11-dirty
0.003,0.05,8,0.005,1,-0.017040640851153973,0.017255588202362705,-0.017040640851153973,22.001744003159036,0.00032680426,2459,1229.5,5ef5c11-dirty
0.1,0.005,2,0.02,5,0.08364972427838731,0.08364972427838731,0.15660313331990747,7.279891794561847,0.00036867431,7739,3869.5,5ef5c11-dirty
0.1,0.1,2,0.0,4,0.4769860782797347,0.4769860782797347,0.733789568586412,1.1291588227404803,1.708457e-5,578,289.0,5ef5c11-dirty
0.003,0.2,2,0.005,3,-0.06672227948416376,0.05649738230783911,-0.06672227948416376,55.27906359508217,3.956093e-5,389,194.5,5ef5c11-dirty
0.0003,0.05,2,0.02,6,-0.0044877627998942465,-0.0044877627998942465,0.06184178243062165,13.585164940065628,0.000112622154,953,476.5,5ef5c11-dirty
0.01,0.2,2,0.005,3,-0.003906233576700874,0.06180666708712827,-0.003906233576700874,19.97205123790591,3.956093e-5,389,194.5,5ef5c11-dirty
0.3,0.1,2,0.0,4,0.710698064809579,0.710698064809579,0.7504535918648041,0.7072074602446271,1.708457e-5,578,289.0,5ef5c11-dirty
0.03,0.2,8,0.02,4,0.039414023760692064,0.039414023760692064,0.09467979803450016,11.97681071216508,1.708457e-5,767,383.5,5ef5c11-dirty
0.003,0.01,2,0.02,2,-0.00025896657248934213,-0.00025896657248934213,0.0073790122457970215,1.0710091084216349,9.048635e-6,3971,1985.5,5ef5c11-dirty
0.003,0.1,8,0.02,7,-0.02564298320772168,-0.02564298320772168,0.048422690906899754,84.94023634347744,5.042856e-5,1334,667.0,5ef5c11-dirty
0.03,0.2,2,0.005,3,-0.06254576562319024,0.09004261660072381,-0.06254576562319024,7.943836032502377,3.956093e-5,389,194.5,5ef5c11-dirty
0.0003,0.1,2,0.005,4,0.028567705664536445,0.028567705664536445,0.04529570263841917,329.1527540370373,1.708457e-5,578,289.0,5ef5c11-dirty
0.1,0.2,2,0.005,3,0.12765740243816812,0.12765740243816812,0.3435981896994292,3.38410299346171,3.956093e-5,389,194.5,5ef5c11-dirty
0.001,0.05,2,0.02,6,-0.0045209792132747595,-0.0045209792132747595,0.038278131992165905,4.188529698026129,0.000112622154,953,476.5,5ef5c11-dirty
0.1,0.2,8,0.02,4,0.055944212790509686,0.055944212790509686,0.0850673101783862,5.54197528954191,1.708457e-5,767,383.5,5ef5c11-dirty
0.3,0.2,2,0.005,3,0.22173046320321751,0.22173046320321751,0.4663681073544819,1.8308748951568856,3.956093e-5,389,194.5,5ef5c11-dirty
0.001,0.1,2,0.005,4,0.0291534366497946,0.0291534366497946,0.03968502773727099,99.02693217635961,1.708457e-5,578,289.0,5ef5c11-dirty
0.0003,0.2,2,0.01,3,-0.09702038163540837,0.03349577556875444,-0.09702038163540837,522.6049429548736,3.956093e-5,389,194.5,5ef5c11-dirty
0.001,0.2,2,0.01,3,-0.09701647839429303,0.033495257707997696,-0.09701647839429303,156.76028600452076,3.956093e-5,389,194.5,5ef5c11-dirty
0.003,0.1,2,0.005,4,-0.006331912053743095,0.031534767055123786,-0.006331912053743095,36.31984318827921,1.708457e-5,578,289.0,5ef5c11-dirty
0.003,0.05,2,0.02,6,-0.0045175883842341015,-0.0045175883842341015,0.0443658928769377,1.6870668991113105,0.000112622154,953,476.5,5ef5c11-dirty
0.3,0.2,8,0.02,4,-0.000285998379306621,0.1402829733934384,-0.000285998379306621,3.0278080122814757,1.708457e-5,767,383.5,5ef5c11-dirty
0.01,0.1,8,0.02,7,-0.004572957487947428,-0.004572957487947428,0.31834266928303656,32.36507374995296,5.042856e-5,1334,667.0,5ef5c11-dirty
0.003,0.2,2,0.01,3,-0.08290421417258328,0.033495134131803966,-0.08290421417258328,52.23969714253413,3.956093e-5,389,194.5,5ef5c11-dirty
0.01,0.05,8,0.005,1,-0.09724968231147461,0.1135798514090393,-0.09724968231147461,10.711983751207702,0.00032680426,2459,1229.5,5ef5c11-dirty
0.01,0.1,2,0.005,4,0.06609826798001005,0.06609826798001005,0.09514002752391057,13.184985158056625,1.708457e-5,578,289.0,5ef5c11-dirty
0.01,0.2,2,0.01,3,0.02528013055868324,0.02528013055868324,0.057471856384123665,19.78233842890376,3.956093e-5,389,194.5,5ef5c11-dirty
0.3,0.01,8,0.005,7,0.4447198132192243,0.4447198132192243,0.8324721205448044,1.908094934092237,5.042856e-5,11513,5756.5,5ef5c11-dirty
0.03,0.2,2,0.01,3,0.06610172448598513,0.06610172448598513,0.10979153890380929,9.738637718662549,3.956093e-5,389,194.5,5ef5c11-dirty
0.01,0.05,2,0.02,6,0.03679582646337494,0.04544235552721416,0.03679582646337494,12.917859989108573,0.000112622154,953,476.5,5ef5c11-dirty
0.03,0.1,2,0.005,4,0.07413364692954683,0.07413364692954683,0.1129697814010077,6.68359357120816,1.708457e-5,578,289.0,5ef5c11-dirty
0.0003,0.2,8,0.0,5,-0.08976235015246055,0.020588251398972017,-0.08976235015246055,850.5477251090589,0.00036867431,767,383.5,5ef5c11-dirty
0.1,0.2,2,0.01,3,0.12231385347982772,0.12231385347982772,0.1292589580968526,4.8623290331400835,3.956093e-5,389,194.5,5ef5c11-dirty
0.1,0.1,2,0.005,4,0.14254883436670573,0.14254883436670573,0.27132203887979306,3.4328316538741506,1.708457e-5,578,289.0,5ef5c11-dirty
0.3,0.2,2,0.01,3,0.12739556032466065,0.12739556032466065,0.2810682924616403,2.573035880477907,3.956093e-5,389,194.5,5ef5c11-dirty
0.03,0.1,8,0.02,7,0.009387654821016883,0.009387654821016883,0.23835332476137963,14.049644049405117,5.042856e-5,1334,667.0,5ef5c11-dirty
0.001,0.2,8,0.0,5,-0.07886281659719724,0.02136217050438284,-0.07886281659719724,255.12726645420994,0.00036867431,767,383.5,5ef5c11-dirty
0.03,0.05,2,0.02,6,0.03966475920080109,0.03966475920080109,0.05941298021885737,7.601358904677556,0.000112622154,953,476.5,5ef5c11-dirty
0.0003,0.2,2,0.02,3,-0.04713805135049868,-0.010516141608079713,-0.04713805135049868,731.2568909662242,3.956093e-5,389,194.5,5ef5c11-dirty
0.3,0.1,2,0.005,4,0.2671550529513741,0.2671550529513741,0.5243274816377638,1.8366517484752372,1.708457e-5,578,289.0,5ef5c11-dirty
0.001,0.2,2,0.02,3,0.0058492748029331035,0.02767443752506389,0.0058492748029331035,246.39626059088394,3.956093e-5,389,194.5,5ef5c11-dirty
0.003,0.2,8,0.0,5,-0.04758117023039193,0.02357742067933297,-0.04758117023039193,85.007590742744,0.00036867431,767,383.5,5ef5c11-dirty
0.01,0.02,8,0.005,4,0.06331031308375244,0.09972219298739965,0.06331031308375244,11.098200281640988,1.708457e-5,5852,2926.0,5ef5c11-dirty
0.01,0.01,2,0.02,2,-0.004266516285614098,-0.0016133125289275502,-0.004266516285614098,7.257677352528735,9.048635e-6,3971,1985.5,5ef5c11-dirty
0.003,0.2,2,0.02,3,0.009719998329236205,0.03041891095387156,0.009719998329236205,83.61091884372149,3.956093e-5,389,194.5,5ef5c11-dirty
0.0003,0.1,2,0.01,4,0.013683849448554173,0.013683849448554173,0.04135674494714634,316.45435758780144,1.708457e-5,578,289.0,5ef5c11-dirty
0.01,0.2,8,0.0,5,0.03133221688415029,0.03133221688415029,0.06218018946216152,25.475178882486553,0.00036867431,767,383.5,5ef5c11-dirty
0.1,0.05,2,0.02,6,0.04372465208656924,0.04372465208656924,0.2506833464888163,5.710401444919808,0.000112622154,953,476.5,5ef5c11-dirty
0.01,0.2,2,0.02,3,0.015072287897273808,0.04012253485456478,0.015072287897273808,27.92983880885928,3.956093e-5,389,194.5,5ef5c11-dirty
0.001,0.1,2,0.01,4,0.017870113275075275,0.017870113275075275,0.20923782989808604,100.44633332945287,1.708457e-5,578,289.0,5ef5c11-dirty
0.03,0.05,8,0.005,1,0.15392408688137682,0.15392408688137682,0.35247081760413623,6.671835660613943,0.00032680426,2459,1229.5,5ef5c11-dirty
0.1,0.1,8,0.02,7,0.07335371172677896,0.07335371172677896,0.08935164830595893,6.485737299203292,5.042856e-5,1334,667.0,5ef5c11-dirty
0.03,0.2,2,0.02,3,-0.06615987225992834,0.015818430590805743,-0.06615987225992834,12.559503974373719,3.956093e-5,389,194.5,5ef5c11-dirty
0.03,0.2,8,0.0,5,0.05349164645436584,0.05349164645436584,0.3404307802592251,8.492678195209194,0.00036867431,767,383.5,5ef5c11-dirty
0.1,0.2,2,0.02,3,-0.11122193220484852,0.05332482488276278,-0.11122193220484852,5.945021130558663,3.956093e-5,389,194.5,5ef5c11-dirty
0.003,0.1,2,0.01,4,0.017912616729198746,0.017912616729198746,0.21546328831311265,33.68729849992627,1.708457e-5,578,289.0,5ef5c11-dirty
0.3,0.05,2,0.02,6,0.0806470957907354,0.0806470957907354,0.12976979733565835,3.5272687097327617,0.000112622154,953,476.5,5ef5c11-dirty
0.3,0.2,2,0.02,3,0.05782375177430096,0.12908235421286499,0.05782375177430096,3.060915461479984,3.956093e-5,389,194.5,5ef5c11-dirty
0.1,0.2,8,0.0,5,0.129374307347496,0.129374307347496,0.7221021116527382,2.6408348561241635,0.00036867431,767,383.5,5ef5c11-dirty
0.0003,0.2,2,0.0,4,0.014602306961881724,0.014602306961881724,0.04658942033348872,509.60343440109426,1.708457e-5,389,194.5,5ef5c11-dirty
0.01,0.1,2,0.01,4,0.054214990139626794,0.054214990139626794,0.2610554543036274,15.654671554693637,1.708457e-5,578,289.0,5ef5c11-dirty
0.0003,0.05,2,0.0,7,0.09785218034600811,0.09785218034600811,0.35120395123849624,15.209228857483321,5.042856e-5,953,476.5,5ef5c11-dirty
0.3,0.2,8,0.0,5,0.3018422580245763,0.3018422580245763,0.8230917161418023,1.1760603130050242,0.00036867431,767,383.5,5ef5c11-dirty
0.001,0.2,2,0.0,4,0.01589485511875804,0.01589485511875804,0.057265577451075925,152.86681221030577,1.708457e-5,389,194.5,5ef5c11-dirty
0.3,0.1,8,0.02,7,0.1800036199249626,0.1800036199249626,0.282963330381819,3.6773574367048765,5.042856e-5,1334,667.0,5ef5c11-dirty
0.03,0.1,2,0.01,4,0.08248861177472973,0.08248861177472973,0.2446934038643061,9.775491264654367,1.708457e-5,578,289.0,5ef5c11-dirty
0.003,0.2,2,0.0,4,0.0195763629569675,0.0195763629569675,0.08752360391667775,50.945313230513506,1.708457e-5,389,194.5,5ef5c11-dirty
0.001,0.05,2,0.0,7,0.22102792910530003,0.22102792910530003,0.7390629726624546,4.578779043672941,5.042856e-5,953,476.5,5ef5c11-dirty
0.01,0.2,2,0.0,4,0.03245335868286546,0.03245335868286546,0.18840083521699438,15.288239786074383,1.708457e-5,389,194.5,5ef5c11-dirty
0.1,0.1,2,0.01,4,0.12135976746746584,0.12135976746746584,0.2445661633093501,5.050812704165647,1.708457e-5,578,289.0,5ef5c11-dirty
0.0003,0.2,8,0.005,5,-0.08956165491191691,0.02024893678810623,-0.08956165491191691,852.169899234494,0.00036867431,767,383.5,5ef5c11-dirty
0.03,0.2,2,0.0,4,0.06899020177414616,0.06899020177414616,0.4057420806500759,5.14425221739547,1.708457e-5,389,194.5,5ef5c11-dirty
0.3,0.005,2,0.02,5,0.1746908576332211,0.1746908576332211,0.3427430287851116,4.3230914191518215,0.00036867431,7739,3869.5,5ef5c11-dirty
0.1,0.2,2,0.0,4,0.18732486638133317,0.18732486638133317,0.6285112586599215,1.7339717249831452,1.708457e-5,389,194.5,5ef5c11-dirty
0.003,0.05,2,0.0,7,0.5046825865625593,0.5046825865625593,0.9326815789779233,1.5515375069263682,5.042856e-5,953,476.5,5ef5c11-dirty
0.0003,0.1,8,0.0,8,-0.0628781359741253,0.06907671219743884,-0.0628781359741253,589.255064380271,0.00089239184,1334,667.0,5ef5c11-dirty
0.3,0.1,2,0.01,4,0.2622504813448173,0.2622504813448173,0.43143276037376804,2.6114934069649887,1.708457e-5,578,289.0,5ef5c11-dirty
0.3,0.2,2,0.0,4,0.386410163929694,0.386410163929694,0.6777294553869521,0.9900205703498537,1.708457e-5,389,194.5,5ef5c11-dirty
0.1,0.05,8,0.005,1,0.2520811337375524,0.2520811337375524,0.5168648484313109,3.489299191626329,0.00032680426,2459,1229.5,5ef5c11-dirty
0.001,0.2,8,0.005,5,-0.0887843435208022,0.020147627833448714,-0.0887843435208022,255.74952980222128,0.00036867431,767,383.5,5ef5c11-dirty
0.0003,0.2,2,0.005,4,0.01791022703511386,0.01791022703511386,0.04663439608478442,515.3851131493905,1.708457e-5,389,194.5,5ef5c11-dirty
0.01,0.05,2,0.0,7,0.8604599119454308,0.8604599119454308,0.9701069296587516,0.5280062348610904,5.042856e-5,953,476.5,5ef5c11-dirty
0.0003,0.1,2,0.02,4,0.01474371970745272,0.01474371970745272,0.04410983787992653,322.37729659965316,1.708457e-5,578,289.0,5ef5c11-dirty
0.03,0.01,2,0.02,2,0.12425526951141778,0.12690019749509493,0.12425526951141778,11.624525318838755,9.048635e-6,3971,1985.5,5ef5c11-dirty
0.001,0.2,2,0.005,4,0.018067433001884164,0.018067433001884164,0.04151226700998993,154.71972171590386,1.708457e-5,389,194.5,5ef5c11-dirty
0.001,0.1,8,0.0,8,-0.055094394702583836,0.07046437674133438,-0.055094394702583836,176.7234816561455,0.00089239184,1334,667.0,5ef5c11-dirty
0.001,0.1,2,0.02,4,0.012605353271852814,0.014744573432567083,0.012605353271852814,96.70729562521115,1.708457e-5,578,289.0,5ef5c11-dirty
0.003,0.2,2,0.005,4,0.015827191039691817,0.015827191039691817,0.024926288390631907,52.561053414973635,1.708457e-5,389,194.5,5ef5c11-dirty
0.003,0.2,8,0.005,5,-0.14923168613832982,0.021349614513204482,-0.14923168613832982,87.71578929541514,0.00036867431,767,383.5,5ef5c11-dirty
0.01,0.2,2,0.005,4,0.031107994002649048,0.031107994002649048,0.09204521561720146,16.882637866395225,1.708457e-5,389,194.5,5ef5c11-dirty
0.003,0.1,2,0.02,4,-0.015836815009325583,0.014746134203625545,-0.015836815009325583,32.239895095558865,1.708457e-5,578,289.0,5ef5c11-dirty
0.03,0.2,2,0.005,4,0.03661615191667744,0.03661615191667744,0.09099843261511947,6.994024510829652,1.708457e-5,389,194.5,5ef5c11-dirty
0.03,0.05,2,0.0,7,0.9591789054209328,0.9591789054209328,0.9742962563188696,0.29372678298973015,5.042856e-5,953,476.5,5ef5c11-dirty
0.01,0.2,8,0.005,5,0.03180047619957397,0.03180047619957397,0.06286697516810491,27.216810491114497,0.00036867431,767,383.5,5ef5c11-dirty
0.1,0.2,2,0.005,4,0.08456547701502244,0.08456547701502244,0.19138304366323183,3.2844771519613003,1.708457e-5,389,194.5,5ef5c11-dirty
0.003,0.1,8,0.0,8,-0.03275627026059491,0.074420361972205,-0.03275627026059491,58.86061853005753,0.00089239184,1334,667.0,5ef5c11-dirty
0.01,0.1,2,0.02,4,-0.01183860478719699,0.0259163717231471,-0.01183860478719699,15.522893949607086,1.708457e-5,578,289.0,5ef5c11-dirty
0.3,0.2,2,0.005,4,0.15093782927183128,0.15093782927183128,0.4353084697586907,1.743210092340931,1.708457e-5,389,194.5,5ef5c11-dirty
0.03,0.1,2,0.02,4,0.06736196221350287,0.06736196221350287,0.09282464453611582,9.479126962321306,1.708457e-5,578,289.0,5ef5c11-dirty
0.0003,0.2,2,0.01,4,0.013690582488059745,0.013690582488059745,0.04135692248169693,505.57142369392926,1.708457e-5,389,194.5,5ef5c11-dirty
0.03,0.2,8,0.005,5,0.036129991815678865,0.036129991815678865,0.11795900371462027,9.806798208351983,0.00036867431,767,383.5,5ef5c11-dirty
0.3,0.05,8,0.005,1,0.39015918269139,0.39015918269139,0.6941491763716786,1.970063652510512,0.00032680426,2459,1229.5,5ef5c11-dirty
0.001,0.2,2,0.01,4,0.014865770095111976,0.014865770095111976,0.18484021898095446,155.81695738442372,1.708457e-5,389,194.5,5ef5c11-dirty
0.01,0.1,8,0.0,8,0.04624773373024067,0.08824748755662273,0.04624773373024067,17.619879884017966,0.00089239184,1334,667.0,5ef5c11-dirty
0.1,0.1,2,0.02,4,0.10539085528798027,0.10539085528798027,0.10964530804306724,5.942562506595218,1.708457e-5,578,289.0,5ef5c11-dirty
0.003,0.2,2,0.01,4,0.01495550903127494,0.01495550903127494,0.19331787449248936,52.196083719470586,1.708457e-5,389,194.5,5ef5c11-dirty
0.1,0.2,8,0.005,5,0.07153643825402628,0.07153643825402628,0.3507157947717312,3.658399651928674,0.00036867431,767,383.5,5ef5c11-dirty
0.01,0.2,2,0.01,4,0.014368657979837355,0.014368657979837355,0.2507187903403359,18.378028861508778,1.708457e-5,389,194.5,5ef5c11-dirty
0.1,0.05,2,0.0,7,0.974804853226685,0.974804853226685,0.9749720298350885,0.2501874083118537,5.042856e-5,953,476.5,5ef5c11-dirty
0.3,0.1,2,0.02,4,0.1281101648214574,0.18274800784425033,0.1281101648214574,3.455918082263045,1.708457e-5,578,289.0,5ef5c11-dirty
0.03,0.1,8,0.0,8,0.12736687788302373,0.12736687788302373,0.25331260974494313,5.869534193140969,0.00089239184,1334,667.0,5ef5c11-dirty
0.03,0.2,2,0.01,4,0.062199306798395505,0.062199306798395505,0.20101642412787624,9.221312287130418,1.708457e-5,389,194.5,5ef5c11-dirty
0.0003,0.1,2,0.0,5,-0.07568140700972864,0.020843705685436906,-0.07568140700972864,303.7847216825451,0.00036867431,578,289.0,5ef5c11-dirty
0.1,0.2,2,0.01,4,0.06986137717362173,0.06986137717362173,0.2217661474806547,4.470937852850268,1.708457e-5,389,194.5,5ef5c11-dirty
0.3,0.2,8,0.005,5,0.17094078082714867,0.17094078082714867,0.5635382033088969,1.853657555626558,0.00036867431,767,383.5,5ef5c11-dirty
0.001,0.1,2,0.0,5,-0.043187237501422455,0.025244531794022557,-0.043187237501422455,91.09808479258534,0.00036867431,578,289.0,5ef5c11-dirty
0.1,0.01,2,0.02,2,0.18314972979634064,0.18314972979634064,0.24850760273255396,6.719064716210703,9.048635e-6,3971,1985.5,5ef5c11-dirty
0.3,0.2,2,0.01,4,0.164889371101212,0.164889371101212,0.4114193584192458,2.39473846538954,1.708457e-5,389,194.5,5ef5c11-dirty
0.003,0.1,2,0.0,5,0.03779063602889102,0.03779063602889102,0.05011125708571537,30.334060496025398,0.00036867431,578,289.0,5ef5c11-dirty
0.1,0.1,8,0.0,8,0.25403214518603734,0.25403214518603734,0.5552098105482317,1.8681196750503752,0.00089239184,1334,667.0,5ef5c11-dirty
0.3,0.05,2,0.0,7,0.9749789035241823,0.9766296503896215,0.9749789035241823,0.24507226269988025,5.042856e-5,953,476.5,5ef5c11-dirty
0.0003,0.2,2,0.02,4,0.014755618754599244,0.014755618754599244,0.04412733055941759,515.1412677623987,1.708457e-5,389,194.5,5ef5c11-dirty
0.0003,0.005,2,0.0,6,0.9024262273202515,0.9379135600190381,0.9024262273202515,0.351549428709169,0.000112622154,7739,3869.5,5ef5c11-dirty
0.01,0.1,2,0.0,5,0.0816827252617433,0.0816827252617433,0.348383646168506,9.07851782500015,0.00036867431,578,289.0,5ef5c11-dirty
0.0003,0.2,8,0.01,5,-0.09612404469014851,0.018188450094721368,-0.09612404469014851,854.8059228958205,0.00036867431,767,383.5,5ef5c11-dirty
0.0003,0.05,8,0.01,1,0.007194914274718145,0.007194914274718145,0.01921690981682047,78.99762218466131,0.00032680426,2459,1229.5,5ef5c11-dirty
0.03,0.1,2,0.0,5,0.20395781016226894,0.20395781016226894,0.7442342068027288,3.0395727886611983,0.00036867431,578,289.0,5ef5c11-dirty
0.3,0.1,8,0.0,8,0.47435209792604227,0.47435209792604227,0.6297060140819466,0.9463073598221912,0.00089239184,1334,667.0,5ef5c11-dirty
0.001,0.2,2,0.02,4,0.014755068290706764,0.014755068290706764,0.020526866921461048,154.53587765445135,1.708457e-5,389,194.5,5ef5c11-dirty
0.1,0.1,2,0.0,5,0.5259587043946273,0.5259587043946273,0.8853092616839778,1.0364895643321417,0.00036867431,578,289.0,5ef5c11-dirty
0.0003,0.05,2,0.005,7,-0.0017410509271761692,0.04331068135372864,-0.0017410509271761692,15.298716916022856,5.042856e-5,953,476.5,5ef5c11-dirty
0.001,0.2,8,0.01,5,-0.09600964809501523,0.0181879959954922,-0.09600964809501523,256.43007574563796,0.00036867431,767,383.5,5ef5c11-dirty
0.003,0.2,2,0.02,4,-0.02023971845347568,0.01475758611203975,-0.02023971845347568,51.51084409147444,1.708457e-5,389,194.5,5ef5c11-dirty
0.3,0.1,2,0.0,5,0.7730741448708407,0.7730741448708407,0.9000300544541769,0.6350091810666282,0.00036867431,578,289.0,5ef5c11-dirty
0.03,0.02,8,0.005,4,0.10901293009819946,0.10901293009819946,0.14104704228878087,6.772309816827033,1.708457e-5,5852,2926.0,5ef5c11-dirty
0.01,0.2,2,0.02,4,0.012675705696967106,0.01631582794467428,0.012675705696967106,19.066536724971545,1.708457e-5,389,194.5,5ef5c11-dirty
0.0003,0.1,2,0.005,5,-0.09599676237790647,0.021102141311490873,-0.09599676237790647,304.357734750638,0.00036867431,578,289.0,5ef5c11-dirty
0.001,0.05,2,0.005,7,-0.08031236927962268,-0.08031236927962268,-0.0061072856763341125,22.44242358427878,5.042856e-5,953,476.5,5ef5c11-dirty
0.03,0.2,2,0.02,4,0.044532669097365855,0.044532669097365855,0.09181168082407462,9.532849577723844,1.708457e-5,389,194.5,5ef5c11-dirty
0.003,0.2,8,0.01,5,-0.09105945540603884,0.014360532093518051,-0.09105945540603884,86.37991726890222,0.00036867431,767,383.5,5ef5c11-dirty
0.0003,0.1,8,0.005,8,0.018506332828722896,0.0676488597525368,0.018506332828722896,592.1002665002048,0.00089239184,1334,667.0,5ef5c11-dirty
0.1,0.2,2,0.02,4,0.05768311739225782,0.05768311739225782,0.08227339366706363,5.152457092533762,1.708457e-5,389,194.5,5ef5c11-dirty
0.001,0.1,2,0.005,5,-0.09354475032975432,0.020695237703899992,-0.09354475032975432,92.19060468126717,0.00036867431,578,289.0,5ef5c11-dirty
0.3,0.2,2,0.02,4,-0.0034013196064926693,0.14122571405777312,-0.0034013196064926693,2.9482281929928154,1.708457e-5,389,194.5,5ef5c11-dirty
0.003,0.05,2,0.005,7,-0.059505237621848985,-0.059505237621848985,0.038176595663232,16.95300898627508,5.042856e-5,953,476.5,5ef5c11-dirty
0.01,0.2,8,0.01,5,-0.026829904443245026,0.01870181152895985,-0.026829904443245026,27.499704563591433,0.00036867431,767,383.5,5ef5c11-dirty
0.0003,0.2,2,0.0,5,-0.07648793866263678,0.018342269452761316,-0.07648793866263678,485.10462657040426,0.00036867431,389,194.5,5ef5c11-dirty
0.003,0.1,2,0.005,5,-0.24817822560699457,0.0291437172189823,-0.24817822560699457,36.57745575687587,0.00036867431,578,289.0,5ef5c11-dirty
0.001,0.2,2,0.0,5,-0.05723902060935862,0.019700726848974948,-0.05723902060935862,145.49610618568838,0.00036867431,389,194.5,5ef5c11-dirty
0.001,0.05,8,0.01,1,-0.003287851656144955,0.010569015639202192,-0.003287851656144955,36.037666307497844,0.00032680426,2459,1229.5,5ef5c11-dirty
0.0003,0.01,8,0.01,7,-0.04799562472125311,-0.04399409844319921,-0.04799562472125311,7.693162499047258,5.042856e-5,11513,5756.5,5ef5c11-dirty
0.003,0.2,2,0.0,5,-0.002065838945342118,0.023584060050089242,-0.002065838945342118,48.47025305586398,0.00036867431,389,194.5,5ef5c11-dirty
0.01,0.1,2,0.005,5,0.08426060929952638,0.08426060929952638,0.17089764204302854,13.375896300250671,0.00036867431,578,289.0,5ef5c11-dirty
0.3,0.01,2,0.02,2,0.2741847816584313,0.2741847816584313,0.3590720629798485,4.166247885866422,9.048635e-6,3971,1985.5,5ef5c11-dirty
0.001,0.1,8,0.005,8,0.039995746244056364,0.07573479271703279,0.039995746244056364,180.16597467211884,0.00089239184,1334,667.0,5ef5c11-dirty
0.03,0.2,8,0.01,5,0.037882377209829655,0.037882377209829655,0.1745795624317205,10.552597287971041,0.00036867431,767,383.5,5ef5c11-dirty
0.01,0.2,2,0.0,5,0.03717994631681919,0.03717994631681919,0.18471073522585119,14.52754324078839,0.00036867431,389,194.5,5ef5c11-dirty
0.01,0.05,2,0.005,7,0.05603240960693398,0.05603240960693398,0.06071458707959229,9.868819190586803,5.042856e-5,953,476.5,5ef5c11-dirty
0.03,0.1,2,0.005,5,0.1445293078400493,0.1445293078400493,0.24357375185625174,6.408674670160332,0.00036867431,578,289.0,5ef5c11-dirty
0.03,0.2,2,0.0,5,0.07587304613571447,0.07587304613571447,0.5457202965479502,4.876539116609139,0.00036867431,389,194.5,5ef5c11-dirty
0.1,0.2,2,0.0,5,0.20120959747366285,0.20120959747366285,0.7927094935700564,1.6499232896359044,0.00036867431,389,194.5,5ef5c11-dirty
0.1,0.1,2,0.005,5,0.21759968879637254,0.21759968879637254,0.4186024122901179,3.06252295447792,0.00036867431,578,289.0,5ef5c11-dirty
0.1,0.2,8,0.01,5,0.05295475885937973,0.05295475885937973,0.4293493038870177,4.313139726387636,0.00036867431,767,383.5,5ef5c11-dirty
0.3,0.2,2,0.0,5,0.40148749470282585,0.40148749470282585,0.8327566370837932,0.970780659766988,0.00036867431,389,194.5,5ef5c11-dirty
0.03,0.05,2,0.005,7,0.11488139520588468,0.11488139520588468,0.31276020844178426,5.462129008509599,5.042856e-5,953,476.5,5ef5c11-dirty
0.0003,0.2,2,0.005,5,-0.047922910824969224,0.016752706840853865,-0.047922910824969224,491.24031936770285,0.00036867431,389,194.5,5ef5c11-dirty
0.3,0.1,2,0.005,5,0.33402474738960847,0.33402474738960847,0.6049368321140054,1.7317581761847376,0.00036867431,578,289.0,5ef5c11-dirty
0.003,0.1,8,0.005,8,0.05260768661031579,0.07640087922139822,0.05260768661031579,60.76326346895219,0.00089239184,1334,667.0,5ef5c11-dirty
0.001,0.2,2,0.005,5,-0.047026034131151376,0.016543514449953858,-0.047026034131151376,147.8192047194197,0.00036867431,389,194.5,5ef5c11-dirty
0.3,0.2,8,0.01,5,0.1522319135094256,0.1522319135094256,0.6068817849380826,2.0988410430467033,0.00036867431,767,383.5,5ef5c11-dirty
0.001,0.005,2,0.0,6,0.9742126997845093,0.9885334502429097,0.9742126997845093,0.15452255501836382,0.000112622154,7739,3869.5,5ef5c11-dirty
0.1,0.05,2,0.005,7,0.21090002697816462,0.21090002697816462,0.5292783676809073,2.900905644769508,5.042856e-5,953,476.5,5ef5c11-dirty
0.003,0.2,2,0.005,5,-0.1358273802484306,0.018539463077515243,-0.1358273802484306,53.13095107838564,0.00036867431,389,194.5,5ef5c11-dirty
0.0003,0.1,2,0.01,5,-0.09502201984459421,0.009737699799247436,-0.09502201984459421,305.76759370709635,0.00036867431,578,289.0,5ef5c11-dirty
0.01,0.2,2,0.005,5,0.03526124841642529,0.03526124841642529,0.1238508999922399,17.39712590055932,0.00036867431,389,194.5,5ef5c11-dirty
0.001,0.1,2,0.01,5,-0.09500349924381357,0.009733836002810017,-0.09500349924381357,91.72805162777635,0.00036867431,578,289.0,5ef5c11-dirty
0.03,0.2,2,0.005,5,0.03982188598379485,0.03982188598379485,0.1525941069281469,6.911390513830414,0.00036867431,389,194.5,5ef5c11-dirty
0.003,0.05,8,0.01,1,0.015907257174971795,0.015907257174971795,0.026212382799356972,32.425785859848574,0.00032680426,2459,1229.5,5ef5c11-dirty
0.0003,0.01,2,0.0,3,0.2828423453946824,0.2828423453946824,0.6326024658978308,3.7358977285360835,3.956093e-5,3971,1985.5,5ef5c11-dirty
0.0003,0.2,8,0.02,5,-0.095311632711682,0.019446339236114826,-0.095311632711682,858.140519961515,0.00036867431,767,383.5,5ef5c11-dirty
0.3,0.05,2,0.005,7,0.42608128703960607,0.42608128703960607,0.8097734600397317,1.7777668914589362,5.042856e-5,953,476.5,5ef5c11-dirty
0.1,0.2,2,0.005,5,0.08146960977699749,0.08146960977699749,0.370915145697206,3.024613016135965,0.00036867431,389,194.5,5ef5c11-dirty
0.01,0.1,8,0.005,8,0.07238989299175692,0.07716440647033258,0.07238989299175692,19.500301930026342,0.00089239184,1334,667.0,5ef5c11-dirty
0.003,0.1,2,0.01,5,-0.06331427658800041,0.003744953106765506,-0.06331427658800041,33.430720631553406,0.00036867431,578,289.0,5ef5c11-dirty
0.3,0.2,2,0.005,5,0.18190526528769674,0.18190526528769674,0.5690781997127096,1.7119667363103102,0.00036867431,389,194.5,5ef5c11-dirty
0.01,0.1,2,0.01,5,-0.012693480328409196,0.03699693004070303,-0.012693480328409196,12.596165636268921,0.00036867431,578,289.0,5ef5c11-dirty
0.0003,0.2,2,0.01,5,-0.07731265435983592,0.00037640097806445445,-0.07731265435983592,490.81401637873313,0.00036867431,389,194.5,5ef5c11-dirty
0.001,0.2,8,0.02,5,-0.09531758044158749,0.01945726827341733,-0.09531758044158749,257.446471428076,0.00036867431,767,383.5,5ef5c11-dirty
0.0003,0.05,2,0.01,7,0.044003416815817285,0.044003416815817285,0.04720417986515717,15.19021811111945,5.042856e-5,953,476.5,5ef5c11-dirty
0.001,0.2,2,0.01,5,-0.0766737335932961,0.0003754565992694568,-0.0766737335932961,147.2468607117333,0.00036867431,389,194.5,5ef5c11-dirty
0.03,0.1,2,0.01,5,0.07921003650859554,0.07921003650859554,0.2389221420716795,7.37145027190036,0.00036867431,578,289.0,5ef5c11-dirty
0.003,0.2,2,0.01,5,-0.06928477952750245,-0.005791080117454115,-0.06928477952750245,50.966010990732094,0.00036867431,389,194.5,5ef5c11-dirty
0.003,0.2,8,0.02,5,-0.05305029794083868,0.012311147843304516,-0.05305029794083868,103.52480391154423,0.00036867431,767,383.5,5ef5c11-dirty
0.01,0.2,2,0.01,5,0.0023303957542036707,0.0023303957542036707,0.005966309782475261,17.754599300216558,0.00036867431,389,194.5,5ef5c11-dirty
0.1,0.1,2,0.01,5,0.09615509106248445,0.09615509106248445,0.46495153108225484,3.8351480459400658,0.00036867431,578,289.0,5ef5c11-dirty
0.001,0.05,2,0.01,7,0.011622441576166079,0.011622441576166079,0.40700246878696844,37.3770320798791,5.042856e-5,953,476.5,5ef5c11-dirty
0.03,0.1,8,0.005,8,0.07310608570082433,0.07310608570082433,0.13176396434903725,7.605597187742821,0.00089239184,1334,667.0,5ef5c11-dirty
0.03,0.2,2,0.01,5,0.032116821677303724,0.032116821677303724,0.19782532305635045,7.865261572036127,0.00036867431,389,194.5,5ef5c11-dirty
0.3,0.1,2,0.01,5,0.22473413570503428,0.22473413570503428,0.6541304416112937,2.235582005957584,0.00036867431,578,289.0,5ef5c11-dirty
0.1,0.2,2,0.01,5,0.048357617828263255,0.048357617828263255,0.44229419963737643,3.7116416438032642,0.00036867431,389,194.5,5ef5c11-dirty
0.01,0.2,8,0.02,5,-0.022179926475180384,0.013961655581943904,-0.022179926475180384,33.834956242742656,0.00036867431,767,383.5,5ef5c11-dirty
0.01,0.05,8,0.01,1,0.1510538064046632,0.1510538064046632,0.20599539136171838,21.047876209810692,0.00032680426,2459,1229.5,5ef5c11-dirty
0.001,0.01,2,0.0,3,0.6725684252462302,0.6725684252462302,0.9477448914840716,1.1189951697520337,3.956093e-5,3971,1985.5,5ef5c11-dirty
0.003,0.05,2,0.01,7,0.01062629497090053,0.01062629497090053,0.4069309915207137,15.38491177440487,5.042856e-5,953,476.5,5ef5c11-dirty
0.3,0.2,2,0.01,5,0.1539437109907095,0.1539437109907095,0.6118649729229638,2.00657430254356,0.00036867431,389,194.5,5ef5c11-dirty
0.0003,0.1,2,0.02,5,-0.09681746051665036,0.020903026742118927,-0.09681746051665036,306.6700446853155,0.00036867431,578,289.0,5ef5c11-dirty
0.0003,0.2,2,0.02,5,-0.07098341137764447,0.009724321072462828,-0.07098341137764447,540.2015651905841,0.00036867431,389,194.5,5ef5c11-dirty
0.1,0.02,8,0.005,4,0.2136643448055786,0.2136643448055786,0.323716411824529,3.670471189481648,1.708457e-5,5852,2926.0,5ef5c11-dirty
0.1,0.1,8,0.005,8,0.09790689099074916,0.09790689099074916,0.22876313920773436,3.3733915761305195,0.00089239184,1334,667.0,5ef5c11-dirty
0.03,0.2,8,0.02,5,-0.04862452466077807,0.020090595609693555,-0.04862452466077807,12.563435108260846,0.00036867431,767,383.5,5ef5c11-dirty
0.001,0.1,2,0.02,5,-0.0931575388369293,0.021247403589021614,-0.0931575388369293,92.45823813634863,0.00036867431,578,289.0,5ef5c11-dirty
0.001,0.2,2,0.02,5,-0.07105665425743474,0.009774671911724238,-0.07105665425743474,162.53014252849127,0.00036867431,389,194.5,5ef5c11-dirty
0.003,0.2,2,0.02,5,-0.02369500701819679,0.0018554903637635167,-0.02369500701819679,78.29646882588486,0.00036867431,389,194.5,5ef5c11-dirty
0.01,0.05,2,0.01,7,0.011922329776030992,0.011922329776030992,0.30933011059148946,9.290479495636514,5.042856e-5,953,476.5,5ef5c11-dirty
0.003,0.1,2,0.02,5,-0.010195463595624189,0.011074634654184762,-0.010195463595624189,63.60617431810365,0.00036867431,578,289.0,5ef5c11-dirty
0.01,0.2,2,0.02,5,-0.0039016889785635635,0.005444117373401089,-0.0039016889785635635,27.139422504102996,0.00036867431,389,194.5,5ef5c11-dirty
0.1,0.2,8,0.02,5,0.014236676856277301,0.014236676856277301,0.029382179216095008,5.415669385993935,0.00036867431,767,383.5,5ef5c11-dirty
0.01,0.1,2,0.02,5,-0.002158884689118471,0.02002528382228977,-0.002158884689118471,26.135938758258664,0.00036867431,578,289.0,5ef5c11-dirty
0.003,0.005,2,0.0,6,0.9815628922149782,0.9934618625046412,0.9815628922149782,0.12058530445237604,0.000112622154,7739,3869.5,5ef5c11-dirty
0.03,0.2,2,0.02,5,-0.03832128042801026,0.01512292777648006,-0.03832128042801026,10.425689538377371,0.00036867431,389,194.5,5ef5c11-dirty
0.03,0.05,2,0.01,7,0.10436899351704473,0.10436899351704473,0.45555316660789474,7.410371016873626,5.042856e-5,953,476.5,5ef5c11-dirty
0.1,0.2,2,0.02,5,0.011573717999312508,0.011573717999312508,0.034415079566695046,4.951088823927699,0.00036867431,389,194.5,5ef5c11-dirty
0.3,0.1,8,0.005,8,0.20118268843712034,0.20118268843712034,0.3913970798320006,1.7489286796786576,0.00089239184,1334,667.0,5ef5c11-dirty
0.03,0.1,2,0.02,5,-0.036307067390049845,0.025903073727226507,-0.036307067390049845,10.958938813252093,0.00036867431,578,289.0,5ef5c11-dirty
0.3,0.2,8,0.02,5,0.038376176054569715,0.038376176054569715,0.25383393477979527,3.1905138617608344,0.00036867431,767,383.5,5ef5c11-dirty
0.3,0.2,2,0.02,5,0.03761398563230587,0.03761398563230587,0.2560552154735965,3.113692136812074,0.00036867431,389,194.5,5ef5c11-dirty
0.0003,0.2,2,0.0,6,-0.06263505414916416,-4.568931187255071e-5,-0.06263505414916416,426.36762355387555,0.000112622154,389,194.5,5ef5c11-dirty
0.03,0.05,8,0.01,1,0.11931973286607271,0.11931973286607271,0.25257844971065907,10.486462925336744,0.00032680426,2459,1229.5,5ef5c11-dirty
0.003,0.01,2,0.0,3,0.935639816281806,0.935639816281806,0.9933938940192699,0.3746858248190128,3.956093e-5,3971,1985.5,5ef5c11-dirty
0.1,0.1,2,0.02,5,0.03613122257455054,0.03613122257455054,0.06311099877626752,5.6946751256400425,0.00036867431,578,289.0,5ef5c11-dirty
0.001,0.2,2,0.0,6,-0.05099734101832625,0.0008537010207714841,-0.05099734101832625,127.90346885696282,0.000112622154,389,194.5,5ef5c11-dirty
0.1,0.05,2,0.01,7,0.2478720764273795,0.2478720764273795,0.4959911963346966,4.034810799364566,5.042856e-5,953,476.5,5ef5c11-dirty
0.0003,0.2,8,0.0,6,-0.060898902580634684,0.000236284374427119,-0.060898902580634684,746.2667120883457,0.000112622154,767,383.5,5ef5c11-dirty
0.003,0.2,2,0.0,6,-0.017576170486267254,0.0034204336762743725,-0.017576170486267254,42.63358457116713,0.000112622154,389,194.5,5ef5c11-dirty
0.3,0.1,2,0.02,5,0.09454664166012162,0.09454664166012162,0.28558925994336376,3.487393155233484,0.00036867431,578,289.0,5ef5c11-dirty
0.01,0.2,2,0.0,6,0.012418203448719745,0.012418203448719745,0.09860764327176419,12.811930430573389,0.000112622154,389,194.5,5ef5c11-dirty
0.001,0.2,8,0.0,6,-0.05425548062288844,0.0007491391810232531,-0.05425548062288844,223.87196170861324,0.000112622154,767,383.5,5ef5c11-dirty
0.0003,0.1,8,0.01,8,-0.06473259168429044,0.06833235937071833,-0.06473259168429044,590.2002626949192,0.00089239184,1334,667.0,5ef5c11-dirty
0.0003,0.1,2,0.0,6,-0.058114691330337746,0.0006569406695967297,-0.058114691330337746,266.81921507380434,0.000112622154,578,289.0,5ef5c11-dirty
0.03,0.2,2,0.0,6,0.037989732800756626,0.037989732800756626,0.36857740387529014,4.354108846175146,0.000112622154,389,194.5,5ef5c11-dirty
0.3,0.05,2,0.01,7,0.3310949368721422,0.3310949368721422,0.5658109994922941,2.3915114347741544,5.042856e-5,953,476.5,5ef5c11-dirty
0.1,0.2,2,0.0,6,0.12103225534992723,0.12103225534992723,0.6439796531125737,1.5819860792468987,0.000112622154,389,194.5,5ef5c11-dirty
0.003,0.2,8,0.0,6,-0.03519700026181077,0.002212955795492004,-0.03519700026181077,74.61900810605006,0.000112622154,767,383.5,5ef5c11-dirty
0.001,0.1,2,0.0,6,-0.037608037665555885,0.003398248318153823,-0.037608037665555885,80.03772080710115,0.000112622154,578,289.0,5ef5c11-dirty
0.3,0.2,2,0.0,6,0.25897614486634213,0.25897614486634213,0.6979753091229937,1.0360610758579885,0.000112622154,389,194.5,5ef5c11-dirty
0.003,0.1,2,0.0,6,0.011210556639780274,0.011210556639780274,0.021310045607052616,26.68020547109,0.000112622154,578,289.0,5ef5c11-dirty
0.0003,0.2,2,0.005,6,-0.10843794537157575,0.0008558018671199044,-0.10843794537157575,426.32096574116053,0.000112622154,389,194.5,5ef5c11-dirty
0.01,0.2,8,0.0,6,0.007343203629718632,0.007343203629718632,0.03174635312093213,22.39356814500285,0.000112622154,767,383.5,5ef5c11-dirty
0.0003,0.05,2,0.02,7,0.04531228729852369,0.04531228729852369,0.05214356085491443,15.279419753181434,5.042856e-5,953,476.5,5ef5c11-dirty
0.01,0.1,2,0.0,6,0.03851383592955147,0.03851383592955147,0.21919991228320157,8.03371063879764,0.000112622154,578,289.0,5ef5c11-dirty
0.001,0.2,2,0.005,6,-0.10989593730616468,-0.0015943907928545888,-0.10989593730616468,129.1529844401969,0.000112622154,389,194.5,5ef5c11-dirty
0.001,0.1,8,0.01,8,-0.06473019399543384,0.06833291729203177,-0.06473019399543384,177.015979855193,0.00089239184,1334,667.0,5ef5c11-dirty
0.003,0.2,2,0.005,6,-0.0671897065854056,-0.005765841712930615,-0.0671897065854056,44.16827634778073,0.000112622154,389,194.5,5ef5c11-dirty
0.03,0.1,2,0.0,6,0.1144600625266493,0.1144600625266493,0.5623448456755122,2.787418263076335,0.000112622154,578,289.0,5ef5c11-dirty
0.01,0.01,2,0.0,3,0.9926636406694893,0.9926636406694893,0.9984834255230954,0.12144765102080526,3.956093e-5,3971,1985.5,5ef5c11-dirty
0.1,0.05,8,0.01,1,0.11613105972476881,0.11613105972476881,0.4402789597181889,5.130499222708239,0.00032680426,2459,1229.5,5ef5c11-dirty
0.01,0.2,2,0.005,6,-0.02004578049204967,-0.018223555866688397,-0.02004578049204967,14.512121890223373,0.000112622154,389,194.5,5ef5c11-dirty
0.001,0.05,2,0.02,7,-0.0019019976953147746,0.022380087203100477,-0.0019019976953147746,6.900626889628177,5.042856e-5,953,476.5,5ef5c11-dirty
0.1,0.1,2,0.0,6,0.31507621985107315,0.31507621985107315,0.7404276947661476,1.16497188088288,0.000112622154,578,289.0,5ef5c11-dirty
0.03,0.2,2,0.005,6,-0.015244023376927792,-0.015244023376927792,0.197253385159903,5.7548491021472055,0.000112622154,389,194.5,5ef5c11-dirty
0.03,0.2,8,0.0,6,0.021983154987008778,0.021983154987008778,0.21243340911218228,7.508081730108541,0.000112622154,767,383.5,5ef5c11-dirty
0.3,0.1,2,0.0,6,0.47539846263660096,0.47539846263660096,0.7610348409076255,0.8983150960880516,0.000112622154,578,289.0,5ef5c11-dirty
0.1,0.2,2,0.005,6,0.10414998009043616,0.10414998009043616,0.4029985225435859,2.6748605451300476,0.000112622154,389,194.5,5ef5c11-dirty
0.003,0.1,8,0.01,8,-0.039635892939594033,0.06833277824218602,-0.039635892939594033,58.96712885617063,0.00089239184,1334,667.0,5ef5c11-dirty
0.003,0.05,2,0.02,7,0.01731361456326442,0.01731361456326442,0.27489455429094894,55.777833928103895,5.042856e-5,953,476.5,5ef5c11-dirty
0.3,0.2,2,0.005,6,0.1278197033926282,0.1278197033926282,0.4796072666568183,1.5853009279696695,0.000112622154,389,194.5,5ef5c11-dirty
0.0003,0.1,2,0.005,6,-0.05988363341973586,-0.0032789696714115896,-0.05988363341973586,269.1326321428543,0.000112622154,578,289.0,5ef5c11-dirty
0.0003,0.2,2,0.01,6,-0.05847512053870057,0.008458814208566352,-0.05847512053870057,434.18093693375863,0.000112622154,389,194.5,5ef5c11-dirty
0.01,0.005,2,0.0,6,0.9823790970364342,0.9940481299856329,0.9823790970364342,0.1157708320994526,0.000112622154,7739,3869.5,5ef5c11-dirty
0.001,0.2,2,0.01,6,0.003293747708014937,0.003293747708014937,0.03249956018608493,130.68594951681462,0.000112622154,389,194.5,5ef5c11-dirty
0.001,0.1,2,0.005,6,-0.0555070088063525,-0.005698851040665668,-0.0555070088063525,84.52853528091839,0.000112622154,578,289.0,5ef5c11-dirty
0.3,0.02,8,0.005,4,0.40733531361645126,0.40733531361645126,0.655466048828799,1.952539716816281,1.708457e-5,5852,2926.0,5ef5c11-dirty
0.1,0.2,8,0.0,6,0.07206768103516123,0.07206768103516123,0.5519039979106612,2.4185053227474813,0.000112622154,767,383.5,5ef5c11-dirty
0.01,0.05,2,0.02,7,0.040027841028150525,0.040027841028150525,0.2634766550354972,27.919491628363364,5.042856e-5,953,476.5,5ef5c11-dirty
0.003,0.2,2,0.01,6,0.0074875776253084236,0.0074875776253084236,0.03893226815766747,44.68918195271034,0.000112622154,389,194.5,5ef5c11-dirty
0.003,0.1,2,0.005,6,-0.007471084415471339,0.00427943787936711,-0.007471084415471339,29.894293456393836,0.000112622154,578,289.0,5ef5c11-dirty
0.01,0.2,2,0.01,6,0.03773808531619855,0.03773808531619855,0.04211337763549986,16.989037146827556,0.000112622154,389,194.5,5ef5c11-dirty
0.01,0.1,8,0.01,8,0.021116970740043428,0.08734928090610537,0.021116970740043428,19.042858848634822,0.00089239184,1334,667.0,5ef5c11-dirty
0.03,0.01,2,0.0,3,0.9981845090808305,0.9981845090808305,0.9988512526211714,0.0630729661146366,3.956093e-5,3971,1985.5,5ef5c11-dirty
0.03,0.2,2,0.01,6,0.08780238367178411,0.08780238367178411,0.19417409554124876,8.488675067905193,0.000112622154,389,194.5,5ef5c11-dirty
0.01,0.1,2,0.005,6,-0.009520320047191834,0.007112062563592744,-0.009520320047191834,10.968257788903234,0.000112622154,578,289.0,5ef5c11-dirty
0.03,0.05,2,0.02,7,0.04470986956765576,0.04470986956765576,0.20835342255116315,13.411151000825953,5.042856e-5,953,476.5,5ef5c11-dirty
0.1,0.2,2,0.01,6,0.08816708360874793,0.08816708360874793,0.34273127013876264,3.886956006823591,0.000112622154,389,194.5,5ef5c11-dirty
0.03,0.1,2,0.005,6,0.027471001307380345,0.027471001307380345,0.165929436261584,5.282033732672617,0.000112622154,578,289.0,5ef5c11-dirty
0.3,0.2,2,0.01,6,0.031414972901906084,0.031414972901906084,0.42322320915142914,2.238674234816645,0.000112622154,389,194.5,5ef5c11-dirty
0.3,0.2,8,0.0,6,0.1872009269170838,0.1872009269170838,0.6833749076323401,1.199664170177855,0.000112622154,767,383.5,5ef5c11-dirty
0.001,0.01,8,0.01,7,0.00435255348071378,0.00435255348071378,0.39636717761302204,40.504923961776434,5.042856e-5,11513,5756.5,5ef5c11-dirty
0.0003,0.2,2,0.02,6,-0.0625039857949658,-0.00020240589599299102,-0.0625039857949658,428.1976466525855,0.000112622154,389,194.5,5ef5c11-dirty
0.1,0.05,2,0.02,7,0.06720047442289755,0.09346257601046425,0.06720047442289755,6.7614809322924945,5.042856e-5,953,476.5,5ef5c11-dirty
0.1,0.1,2,0.005,6,0.1332537910290322,0.1332537910290322,0.4244089610025986,2.7640839735983094,0.000112622154,578,289.0,5ef5c11-dirty
0.03,0.1,8,0.01,8,0.1436312587080738,0.1436312587080738,0.16334697681261168,9.313045452198836,0.00089239184,1334,667.0,5ef5c11-dirty
0.001,0.2,2,0.02,6,-0.0013716102742546677,-0.00020224706792357203,-0.0013716102742546677,128.46412547462396,0.000112622154,389,194.5,5ef5c11-dirty
0.3,0.1,2,0.005,6,0.22736475050558225,0.22736475050558225,0.5237632407482463,1.6410044338934173,0.000112622154,578,289.0,5ef5c11-dirty
0.003,0.2,2,0.02,6,-0.00020213275158909976,-0.00020213275158909976,0.021291925941828386,42.83187617378064,0.000112622154,389,194.5,5ef5c11-dirty
0.3,0.05,2,0.02,7,0.2225804435325914,0.2225804435325914,0.3250633552230806,3.9460293526698536,5.042856e-5,953,476.5,5ef5c11-dirty
0.01,0.2,2,0.02,6,0.004359391372410881,0.004359391372410881,0.013669739599313726,14.100763300827415,0.000112622154,389,194.5,5ef5c11-dirty
0.0003,0.1,2,0.01,6,-0.021900369727942893,0.0040841816602696385,-0.021900369727942893,269.8312032832259,0.000112622154,578,289.0,5ef5c11-dirty
0.0003,0.2,8,0.005,6,-0.06944542189943398,-0.0010333076569622572,-0.06944542189943398,745.8786844560199,0.000112622154,767,383.5,5ef5c11-dirty
0.03,0.2,2,0.02,6,0.001796074318244834,0.001796074318244834,0.04308734115714662,7.275140774994783,0.000112622154,389,194.5,5ef5c11-dirty
0.0003,0.05,2,0.0,8,-0.04600507255713416,-0.04600507255713416,0.16622697510236803,13.541340800419476,0.00089239184,953,476.5,5ef5c11-dirty
0.1,0.01,2,0.0,3,0.9987893884616745,0.9987893884616745,0.998860150575051,0.05307892275387611,3.956093e-5,3971,1985.5,5ef5c11-dirty
0.1,0.1,8,0.01,8,0.17281959995960267,0.17281959995960267,0.23879740192343452,4.003902127935529,0.00089239184,1334,667.0,5ef5c11-dirty
0.1,0.2,2,0.02,6,0.020011560301929014,0.020011560301929014,0.13263613865791665,4.717551510685732,0.000112622154,389,194.5,5ef5c11-dirty
0.001,0.1,2,0.01,6,0.0017620027285338714,0.0017620027285338714,0.05197904384900514,83.91023723394147,0.000112622154,578,289.0,5ef5c11-dirty
0.3,0.2,2,0.02,6,0.030582219980565376,0.030582219980565376,0.1839076094106261,2.850078555102799,0.000112622154,389,194.5,5ef5c11-dirty
0.001,0.2,8,0.005,6,-0.07097225768794703,-0.002054489379006121,-0.07097225768794703,224.93337773077712,0.000112622154,767,383.5,5ef5c11-dirty
0.001,0.05,2,0.0,8,0.04322311112009074,0.04322311112009074,0.43133014799623803,4.172474894918889,0.00089239184,953,476.5,5ef5c11-dirty
0.003,0.1,2,0.01,6,0.011795527060807855,0.011795527060807855,0.051985062537730234,33.278406022051016,0.000112622154,578,289.0,5ef5c11-dirty
0.0003,0.2,2,0.0,7,-0.04266322194699765,-0.04266322194699765,-0.03971747371922412,484.3990506401531,5.042856e-5,389,194.5,5ef5c11-dirty
0.001,0.2,2,0.0,7,-0.04105777281878879,-0.04105777281878879,-0.02092988156360039,145.3223082630361,5.042856e-5,389,194.5,5ef5c11-dirty
0.01,0.1,2,0.01,6,0.05439464524948467,0.061520092789349834,0.05439464524948467,14.97386136103087,0.000112622154,578,289.0,5ef5c11-dirty
0.003,0.2,2,0.0,7,-0.03647183871295249,-0.03647183871295249,0.03277837595208996,48.447406111188705,5.042856e-5,389,194.5,5ef5c11-dirty
0.003,0.2,8,0.005,6,-0.04808987150680173,-0.00375830985809361,-0.04808987150680173,75.22507570317498,0.000112622154,767,383.5,5ef5c11-dirty
0.3,0.05,8,0.01,1,0.20422654084806968,0.20422654084806968,0.6449199564337446,2.816263778438238,0.00032680426,2459,1229.5,5ef5c11-dirty
0.003,0.05,2,0.0,8,0.2664098707453184,0.2664098707453184,0.6432739846434173,1.578599180940683,0.00089239184,953,476.5,5ef5c11-dirty
0.01,0.2,2,0.0,7,-0.020379085414989038,-0.020379085414989038,0.2143047420291573,14.554252128087073,5.042856e-5,389,194.5,5ef5c11-dirty
0.3,0.1,8,0.01,8,0.1564970640905767,0.1564970640905767,0.27584751554957826,2.4001721565574634,0.00089239184,1334,667.0,5ef5c11-dirty
0.03,0.005,2,0.0,6,0.9824010503141591,0.9941043405465835,0.9824010503141591,0.11527067451500854,0.000112622154,7739,3869.5,5ef5c11-dirty
0.03,0.1,2,0.01,6,0.130801668396001,0.130801668396001,0.21565159605342873,8.49824625621365,0.000112622154,578,289.0,5ef5c11-dirty
0.03,0.2,2,0.0,7,0.02574719626154402,0.02574719626154402,0.5628712747193153,4.908868140707346,5.042856e-5,389,194.5,5ef5c11-dirty
0.01,0.05,2,0.0,8,0.5972168014408499,0.5972168014408499,0.7078801927118772,0.8297219382816203,0.00089239184,953,476.5,5ef5c11-dirty
0.01,0.2,8,0.005,6,-0.025074845836699704,-0.011805277248177225,-0.025074845836699704,23.25837209815964,0.000112622154,767,383.5,5ef5c11-dirty
0.1,0.2,2,0.0,7,0.17970486231610053,0.17970486231610053,0.7908802893694783,1.6547572023610853,5.042856e-5,389,194.5,5ef5c11-dirty
0.1,0.1,2,0.01,6,0.10710649948170371,0.10710649948170371,0.33575498808701115,4.146732074135622,0.000112622154,578,289.0,5ef5c11-dirty
0.03,0.05,2,0.0,8,0.7082003690279718,0.7082003690279718,0.7190129095115312,0.7060758013728113,0.00089239184,953,476.5,5ef5c11-dirty
0.3,0.2,2,0.0,7,0.44953855176607355,0.44953855176607355,0.8216874974417594,0.9269993056145509,5.042856e-5,389,194.5,5ef5c11-dirty
0.3,0.01,2,0.0,3,0.9987276181577922,0.9988232205122587,0.9987276181577922,0.05217002710664193,3.956093e-5,3971,1985.5,5ef5c11-dirty
0.3,0.1,2,0.01,6,0.11020195012238221,0.11020195012238221,0.4528483462914024,2.395942357540176,0.000112622154,578,289.0,5ef5c11-dirty
0.03,0.2,8,0.005,6,-0.012476828840057613,-0.012476828840057613,0.1690790944461633,8.377942740497888,0.000112622154,767,383.5,5ef5c11-dirty
0.0003,0.1,8,0.02,8,-0.0657718569471195,0.06724560601757539,-0.0657718569471195,591.5377428319591,0.00089239184,1334,667.0,5ef5c11-dirty
0.0003,0.2,2,0.005,7,-0.04296424738292407,-0.04296424738292407,-0.03677249551393965,485.6274685176655,5.042856e-5,389,194.5,5ef5c11-dirty
0.1,0.05,2,0.0,8,0.7209754745438508,0.7309269333808849,0.7209754745438508,0.6830673785605429,0.00089239184,953,476.5,5ef5c11-dirty
0.0003,0.1,2,0.02,6,-0.062475978834190156,-1.59057584209643e-5,-0.062475978834190156,267.894149393323,0.000112622154,578,289.0,5ef5c11-dirty
0.0003,0.02,8,0.01,4,0.022109814384209642,0.022109814384209642,0.02536467491903114,48.82572844581426,1.708457e-5,5852,2926.0,5ef5c11-dirty
0.001,0.2,2,0.005,7,-0.05285719845473497,-0.05285719845473497,-0.03885670432476633,145.96175013986394,5.042856e-5,389,194.5,5ef5c11-dirty
0.003,0.2,2,0.005,7,-0.058255751791706466,-0.058255751791706466,-0.05202970604867719,49.210556332945956,5.042856e-5,389,194.5,5ef5c11-dirty
0.1,0.2,8,0.005,6,0.08372785726575507,0.08372785726575507,0.39460870289103145,3.275250231787564,0.000112622154,767,383.5,5ef5c11-dirty
0.001,0.1,2,0.02,6,-1.6899365538926333e-5,-1.6899365538926333e-5,0.011271093211573983,80.37379978824491,0.000112622154,578,289.0,5ef5c11-dirty
0.3,0.05,2,0.0,8,0.7139456326059337,0.7330164781315303,0.7139456326059337,0.6809525559067383,0.00089239184,953,476.5,5ef5c11-dirty
0.01,0.2,2,0.005,7,-0.027862420525904173,-0.027862420525904173,-0.009334157646183078,16.08934661826416,5.042856e-5,389,194.5,5ef5c11-dirty
0.03,0.2,2,0.005,7,-0.0001944713475492084,-0.0001944713475492084,0.14359150868398404,6.3953340044710885,5.042856e-5,389,194.5,5ef5c11-dirty
0.003,0.1,2,0.02,6,-1.759188008968879e-5,-1.759188008968879e-5,0.0277366772330066,26.807833619478263,0.000112622154,578,289.0,5ef5c11-dirty
0.001,0.1,8,0.02,8,-0.06351994488342813,0.06724629911689455,-0.06351994488342813,177.41561822143683,0.00089239184,1334,667.0,5ef5c11-dirty
0.3,0.2,8,0.005,6,0.11713436946892483,0.11713436946892483,0.4763122259669896,1.7050794612638842,0.000112622154,767,383.5,5ef5c11-dirty
0.1,0.2,2,0.005,7,0.053764110636752446,0.053764110636752446,0.34864840326366425,2.796001779193389,5.042856e-5,389,194.5,5ef5c11-dirty
0.0003,0.05,2,0.005,8,-0.007351175688288248,-0.007351175688288248,0.12915183531902022,61.947813992045724,0.00089239184,953,476.5,5ef5c11-dirty
0.01,0.1,2,0.02,6,0.01683234732420303,0.01683234732420303,0.019398155981356895,11.758401449008229,0.000112622154,578,289.0,5ef5c11-dirty
0.3,0.2,2,0.005,7,0.23523898438593652,0.23523898438593652,0.6807739846322375,1.6744038404518646,5.042856e-5,389,194.5,5ef5c11-dirty
0.0003,0.2,2,0.01,7,-0.04703268416702471,-0.043567067490775595,-0.04703268416702471,482.71210237678554,5.042856e-5,389,194.5,5ef5c11-dirty
0.0003,0.2,8,0.01,6,-0.0624765915140627,0.0013572930373409054,-0.0624765915140627,748.4223555340202,0.000112622154,767,383.5,5ef5c11-dirty
0.03,0.1,2,0.02,6,0.02980866402897444,0.02980866402897444,0.05166633451960155,6.227117444039966,0.000112622154,578,289.0,5ef5c11-dirty
0.001,0.2,2,0.01,7,-0.04234169756790516,-0.04234169756790516,0.27516099243476455,147.34806246730528,5.042856e-5,389,194.5,5ef5c11-dirty
0.001,0.05,2,0.005,8,0.048017285566346136,0.048017285566346136,0.139255873844568,39.97312468089093,0.00089239184,953,476.5,5ef5c11-dirty
0.0003,0.05,8,0.02,1,0.006958479023430783,0.006958479023430783,0.01972605128377647,79.67860909999321,0.00032680426,2459,1229.5,5ef5c11-dirty
0.003,0.2,2,0.01,7,-0.04184548911402185,-0.04184548911402185,0.32057610212995125,49.59671175012813,5.042856e-5,389,194.5,5ef5c11-dirty
0.003,0.1,8,0.02,8,-0.04268162697296187,0.06724645031970478,-0.04268162697296187,59.101511749686516,0.00089239184,1334,667.0,5ef5c11-dirty
0.1,0.1,2,0.02,6,0.02623276124078987,0.02623276124078987,0.22062532248500277,5.254544443159995,0.000112622154,578,289.0,5ef5c11-dirty
0.001,0.2,8,0.01,6,-0.0013898793873707834,-0.0013898793873707834,0.005977714685704943,224.38068608079288,0.000112622154,767,383.5,5ef5c11-dirty
0.01,0.2,2,0.01,7,-0.03845195111477624,-0.03845195111477624,0.2647561804779145,15.525133266867158,5.042856e-5,389,194.5,5ef5c11-dirty
0.3,0.1,2,0.02,6,0.03975771265086066,0.03975771265086066,0.14565066400060225,3.217553433232005,0.000112622154,578,289.0,5ef5c11-dirty
0.003,0.05,2,0.005,8,0.03729388265874602,0.03729388265874602,0.12678374194446376,17.712109613304193,0.00089239184,953,476.5,5ef5c11-dirty
0.0003,0.01,2,0.005,3,-0.09603385261733116,0.03340738380451677,-0.09603385261733116,3.8203261008278844,3.956093e-5,3971,1985.5,5ef5c11-dirty
0.03,0.2,2,0.01,7,0.0210996750262691,0.0210996750262691,0.4402095921375973,7.3018067958611494,5.042856e-5,389,194.5,5ef5c11-dirty
0.1,0.005,2,0.0,6,0.9812437707961275,0.9938484040680636,0.9812437707961275,0.11669788235703293,0.000112622154,7739,3869.5,5ef5c11-dirty
0.0003,0.1,2,0.0,7,-0.041232947209689376,-0.041232947209689376,-0.03232580703093819,303.1507244605586,5.042856e-5,578,289.0,5ef5c11-dirty
0.1,0.2,2,0.01,7,0.08173842406500502,0.08173842406500502,0.43745221625534564,3.5599054648735793,5.042856e-5,389,194.5,5ef5c11-dirty
0.3,0.2,2,0.01,7,0.12355574670873856,0.12355574670873856,0.3543240670299187,2.081949588632135,5.042856e-5,389,194.5,5ef5c11-dirty
0.001,0.1,2,0.0,7,-0.03624870136022456,-0.03624870136022456,0.003768636904641469,90.93625568482554,5.042856e-5,578,289.0,5ef5c11-dirty
0.01,0.1,8,0.02,8,0.05128487634468028,0.06947239820131265,0.05128487634468028,19.23019668095759,0.00089239184,1334,667.0,5ef5c11-dirty
0.01,0.05,2,0.005,8,0.0351569145171284,0.0351569145171284,0.18056892085351145,8.68166388266249,0.00089239184,953,476.5,5ef5c11-dirty
0.0003,0.2,2,0.02,7,-0.04750587681090414,-0.044396303512787186,-0.04750587681090414,486.0360233535282,5.042856e-5,389,194.5,5ef5c11-dirty
0.003,0.1,2,0.0,7,-0.0220206773231756,-0.0220206773231756,0.10629961113134682,30.3068425102005,5.042856e-5,578,289.0,5ef5c11-dirty
0.001,0.2,2,0.02,7,-0.047507497553017745,-0.04439364059794725,-0.047507497553017745,145.845552271457,5.042856e-5,389,194.5,5ef5c11-dirty
0.003,0.2,8,0.01,6,0.002242072305045835,0.002242072305045835,0.016072773909494693,75.60529422198036,0.000112622154,767,383.5,5ef5c11-dirty
0.01,0.1,2,0.0,7,0.027931084660613868,0.027931084660613868,0.42016896810789733,9.09395359196281,5.042856e-5,578,289.0,5ef5c11-dirty
0.03,0.05,2,0.005,8,0.06778351183251169,0.06778351183251169,0.18198360411314393,5.311645630400184,0.00089239184,953,476.5,5ef5c11-dirty
0.003,0.2,2,0.02,7,-0.028763791480490516,-0.022389779323992227,-0.028763791480490516,70.11847829736949,5.042856e-5,389,194.5,5ef5c11-dirty
0.03,0.1,2,0.0,7,0.1686232843646686,0.1686232843646686,0.7926798458243415,3.054889272177829,5.042856e-5,578,289.0,5ef5c11-dirty
0.01,0.2,2,0.02,7,-0.015911174810649565,-0.015911174810649565,0.39743903987868545,26.78286374922862,5.042856e-5,389,194.5,5ef5c11-dirty
0.03,0.1,8,0.02,8,0.07528088085372317,0.07528088085372317,0.15106859587343843,8.975806491804772,0.00089239184,1334,667.0,5ef5c11-dirty
0.1,0.1,2,0.0,7,0.5459800278740198,0.5459800278740198,0.9116147641206421,1.012036711400042,5.042856e-5,578,289.0,5ef5c11-dirty
0.03,0.2,2,0.02,7,-0.01213164196414938,-0.01213164196414938,0.3179853021155344,11.798680450970709,5.042856e-5,389,194.5,5ef5c11-dirty
0.001,0.05,8,0.02,1,0.006937556690121249,0.006937556690121249,0.01976748883136002,23.917967338973433,0.00032680426,2459,1229.5,5ef5c11-dirty
0.1,0.05,2,0.005,8,0.1242831565855168,0.1242831565855168,0.2886601613508952,3.016557472336119,0.00089239184,953,476.5,5ef5c11-dirty
0.1,0.2,2,0.02,7,0.07217079072880421,0.07217079072880421,0.09814227482413346,5.466278511428193,5.042856e-5,389,194.5,5ef5c11-dirty
0.3,0.1,2,0.0,7,0.8377051034793574,0.8377051034793574,0.9226181835566343,0.5522688708149321,5.042856e-5,578,289.0,5ef5c11-dirty
0.01,0.2,8,0.01,6,0.02311527937300186,0.025229203517415217,0.02311527937300186,25.077838128486277,0.000112622154,767,383.5,5ef5c11-dirty
0.3,0.2,2,0.02,7,0.12341140826837106,0.12341140826837106,0.23504189707458062,3.1774655058862993,5.042856e-5,389,194.5,5ef5c11-dirty
0.0003,0.1,2,0.005,7,-0.04298639747112515,-0.04298639747112515,-0.03206097197190512,303.9844109279231,5.042856e-5,578,289.0,5ef5c11-dirty
0.0003,0.2,2,0.0,8,-0.06233987519639714,0.0739161084004577,-0.06233987519639714,428.62922908669225,0.00089239184,389,194.5,5ef5c11-dirty
0.3,0.05,2,0.005,8,0.25864607741656453,0.25864607741656453,0.47799451757091127,1.7219855215243087,0.00089239184,953,476.5,5ef5c11-dirty
0.001,0.02,8,0.01,4,0.020424425404403715,0.020424425404403715,0.22057904159487204,45.4377205372809,1.708457e-5,5852,2926.0,5ef5c11-dirty
0.001,0.2,2,0.0,8,-0.05410019760292848,0.07491287234133268,-0.05410019760292848,128.5304857515308,0.00089239184,389,194.5,5ef5c11-dirty
0.001,0.1,2,0.005,7,-0.06360845038575716,-0.06360845038575716,-0.03381080198008009,92.43020403173172,5.042856e-5,578,289.0,5ef5c11-dirty
0.03,0.2,8,0.01,6,0.07072891085931453,0.07072891085931453,0.17846446804157953,10.532890481928133,0.000112622154,767,383.5,5ef5c11-dirty
0.1,0.1,8,0.02,8,0.04790067483412639,0.04790067483412639,0.15691419313748237,5.760357539775561,0.00089239184,1334,667.0,5ef5c11-dirty
0.003,0.2,2,0.0,8,-0.030397320056034634,0.07776464211692326,-0.030397320056034634,42.79450621105739,0.00089239184,389,194.5,5ef5c11-dirty
0.001,0.01,2,0.005,3,-0.016626108741665802,0.033376334633721645,-0.016626108741665802,1.4731514750629484,3.956093e-5,3971,1985.5,5ef5c11-dirty
0.01,0.2,2,0.0,8,0.05336272640446155,0.08771820096416047,0.05336272640446155,12.806863168308645,0.00089239184,389,194.5,5ef5c11-dirty
0.003,0.1,2,0.005,7,-0.06871837695232265,-0.06871837695232265,-0.007568808171887898,32.557753068546475,5.042856e-5,578,289.0,5ef5c11-dirty
0.0003,0.05,2,0.01,8,-0.08298432749639344,-0.08298432749639344,-0.007190414035024069,13.78913182964487,0.00089239184,953,476.5,5ef5c11-dirty
0.03,0.2,2,0.0,8,0.11579586583826249,0.11579586583826249,0.26278685523544465,4.297678379514405,0.00089239184,389,194.5,5ef5c11-dirty
0.1,0.2,8,0.01,6,0.07959893604153304,0.07959893604153304,0.3265521137985503,4.309994429742676,0.000112622154,767,383.5,5ef5c11-dirty
0.1,0.2,2,0.0,8,0.2053218671943538,0.2053218671943538,0.511425875990324,1.5054493063185845,0.00089239184,389,194.5,5ef5c11-dirty
0.3,0.2,2,0.0,8,0.350218513009288,0.350218513009288,0.5615763015220244,0.9722627172110229,0.00089239184,389,194.5,5ef5c11-dirty
0.01,0.1,2,0.005,7,0.0024497045930662684,0.0024497045930662684,0.021978819566023742,12.32377496914367,5.042856e-5,578,289.0,5ef5c11-dirty
0.003,0.01,8,0.01,7,0.0048033675537189225,0.0048033675537189225,0.39631139028080714,16.618600658039085,5.042856e-5,11513,5756.5,5ef5c11-dirty
0.0003,0.2,2,0.005,8,0.026740564365031895,0.07643116244967178,0.026740564365031895,431.0947797974231,0.00089239184,389,194.5,5ef5c11-dirty
0.001,0.05,2,0.01,8,-0.08297902500809902,-0.08297902500809902,-0.006864625387772945,4.301101828235493,0.00089239184,953,476.5,5ef5c11-dirty
0.3,0.1,8,0.02,8,0.09603217281520947,0.09603217281520947,0.13723993858996772,3.3540696263000287,0.00089239184,1334,667.0,5ef5c11-dirty
0.3,0.2,8,0.01,6,0.028972243970498992,0.028972243970498992,0.4208742293969873,2.320998297134547,0.000112622154,767,383.5,5ef5c11-dirty
0.003,0.05,8,0.02,1,0.017475679843212723,0.017475679843212723,0.09375617236469243,13.069075733484732,0.00032680426,2459,1229.5,5ef5c11-dirty
0.001,0.2,2,0.005,8,0.049856337345557375,0.0817784901534994,0.049856337345557375,131.270286065658,0.00089239184,389,194.5,5ef5c11-dirty
0.03,0.1,2,0.005,7,0.060604766856168,0.060604766856168,0.2080687790266678,5.55523970508927,5.042856e-5,578,289.0,5ef5c11-dirty
0.003,0.2,2,0.005,8,0.07388371278433396,0.08452895546343986,0.07388371278433396,44.144104490538524,0.00089239184,389,194.5,5ef5c11-dirty
0.003,0.05,2,0.01,8,-0.08296223704960803,-0.08296223704960803,0.036029654099804104,1.7594063485318119,0.00089239184,953,476.5,5ef5c11-dirty
0.01,0.2,2,0.005,8,0.06776490286451133,0.08801177108537893,0.06776490286451133,14.412751132698094,0.00089239184,389,194.5,5ef5c11-dirty
0.0003,0.2,8,0.02,6,-0.0625017183867491,-0.0003382563641194487,-0.0625017183867491,749.9027403399798,0.000112622154,767,383.5,5ef5c11-dirty
0.1,0.1,2,0.005,7,0.15524414261989594,0.15524414261989594,0.47519583675470595,2.8110077042132304,5.042856e-5,578,289.0,5ef5c11-dirty
0.03,0.2,2,0.005,8,0.07637190698858373,0.07637190698858373,0.1310919129704939,5.959136960242597,0.00089239184,389,194.5,5ef5c11-dirty
0.0003,0.02,2,0.0,1,0.3309595618945021,0.3309595618945021,0.8217319999249906,2.6781003058696826,0.00032680426,2084,1042.0,5ef5c11-dirty
0.1,0.2,2,0.005,8,0.05881663138609208,0.05881663138609208,0.18799596619607775,2.8791642008762266,0.00089239184,389,194.5,5ef5c11-dirty
0.3,0.1,2,0.005,7,0.364873931396939,0.364873931396939,0.7663686446439437,1.7116388665349727,5.042856e-5,578,289.0,5ef5c11-dirty
0.001,0.2,8,0.02,6,-0.021274177041420168,-0.00033837938322469534,-0.021274177041420168,224.97365372593018,0.000112622154,767,383.5,5ef5c11-dirty
0.01,0.05,2,0.01,8,0.002776468441770814,0.002776468441770814,0.04757626254726334,6.25564619725508,0.00089239184,953,476.5,5ef5c11-dirty
0.3,0.2,2,0.005,8,0.1376867168461657,0.1376867168461657,0.3460716517791383,1.6234657792869889,0.00089239184,389,194.5,5ef5c11-dirty
0.0003,0.2,2,0.01,8,-0.1091236292032947,0.06861712446699053,-0.1091236292032947,428.2011722907735,0.00089239184,389,194.5,5ef5c11-dirty
0.0003,0.1,2,0.01,7,-0.047032248965567736,-0.04357818938835453,-0.047032248965567736,302.1609634076328,5.042856e-5,578,289.0,5ef5c11-dirty
0.001,0.2,2,0.01,8,-0.10912506512369176,0.06861615003053168,-0.10912506512369176,128.41649291334903,0.00089239184,389,194.5,5ef5c11-dirty
0.003,0.2,8,0.02,6,-0.0003377983143635123,-0.0003377983143635123,0.0013464416151538776,74.99779112604651,0.000112622154,767,383.5,5ef5c11-dirty
0.03,0.05,2,0.01,8,0.11333837506193485,0.11333837506193485,0.1880645321532327,8.02850713227651,0.00089239184,953,476.5,5ef5c11-dirty
0.003,0.01,2,0.005,3,0.051776475096643494,0.1076263336542078,0.051776475096643494,27.152319922409458,3.956093e-5,3971,1985.5,5ef5c11-dirty
0.001,0.1,2,0.01,7,-0.03914726951436189,-0.03914726951436189,0.3305592169657386,96.25173061681427,5.042856e-5,578,289.0,5ef5c11-dirty
0.003,0.2,2,0.01,8,-0.06263250178641713,0.06861635584609736,-0.06263250178641713,42.7699424088118,0.00089239184,389,194.5,5ef5c11-dirty
0.001,0.02,2,0.0,1,0.7654464938727583,0.7654464938727583,0.9790327071666497,0.8038042000602221,0.00032680426,2084,1042.0,5ef5c11-dirty
0.01,0.05,8,0.02,1,0.04140249557371688,0.04140249557371688,0.11028039904219394,24.555380906164228,0.00032680426,2459,1229.5,5ef5c11-dirty
0.01,0.2,2,0.01,8,0.07096626850551924,0.10056020479878452,0.07096626850551924,15.275356286633293,0.00089239184,389,194.5,5ef5c11-dirty
0.003,0.1,2,0.01,7,-0.037560644601881674,-0.037560644601881674,0.3552078727816086,33.093012425000914,5.042856e-5,578,289.0,5ef5c11-dirty
0.01,0.2,8,0.02,6,-0.00016277280546688185,-6.7848574005181e-5,-0.00016277280546688185,23.146686189400697,0.000112622154,767,383.5,5ef5c11-dirty
0.03,0.2,2,0.01,8,0.15097240956310937,0.15097240956310937,0.15312607474586218,7.798973096583396,0.00089239184,389,194.5,5ef5c11-dirty
0.1,0.05,2,0.01,8,0.14585675481793686,0.14585675481793686,0.3004731611556771,4.135132404396111,0.00089239184,953,476.5,5ef5c11-dirty
0.01,0.1,2,0.01,7,-0.026156638633246146,-0.026156638633246146,0.27196908501553746,11.650409830421193,5.042856e-5,578,289.0,5ef5c11-dirty
0.1,0.2,2,0.01,8,0.1577714709783763,0.1577714709783763,0.18368329470769748,3.5876863443813334,0.00089239184,389,194.5,5ef5c11-dirty
0.3,0.2,2,0.01,8,0.11517461328128195,0.11517461328128195,0.2085806524553136,2.1683604580471543,0.00089239184,389,194.5,5ef5c11-dirty
0.03,0.2,8,0.02,6,0.0014856477322290195,0.0014856477322290195,0.03601548785552778,9.189002130926955,0.000112622154,767,383.5,5ef5c11-dirty
0.03,0.1,2,0.01,7,0.0704614607609541,0.0704614607609541,0.44731064026618206,7.215402723796974,5.042856e-5,578,289.0,5ef5c11-dirty
0.003,0.02,2,0.0,1,0.9613351203986712,0.9613351203986712,0.99572959131503,0.27790485185782565,0.00032680426,2084,1042.0,5ef5c11-dirty
0.3,0.05,2,0.01,8,0.1767502549803508,0.1767502549803508,0.3425577181533626,2.5338073762208078,0.00089239184,953,476.5,5ef5c11-dirty
0.0003,0.2,2,0.02,8,-0.04141222476122412,0.06379073016715611,-0.04141222476122412,437.8894382201549,0.00089239184,389,194.5,5ef5c11-dirty
0.1,0.1,2,0.01,7,0.18279545594487887,0.18279545594487887,0.46496348617508154,3.784743873086929,5.042856e-5,578,289.0,5ef5c11-dirty
0.3,0.005,2,0.0,6,0.9591873228640537,0.9884389388604851,0.9591873228640537,0.15278068295361016,0.000112622154,7739,3869.5,5ef5c11-dirty
0.001,0.2,2,0.02,8,-0.02646363940361405,0.06322073979601654,-0.02646363940361405,131.33720878022044,0.00089239184,389,194.5,5ef5c11-dirty
0.1,0.2,8,0.02,6,0.018794138481385704,0.018794138481385704,0.12975013365202553,5.075302935097107,0.000112622154,767,383.5,5ef5c11-dirty
0.003,0.02,8,0.01,4,-0.015809215448645466,-0.015809215448645466,0.2094173351133195,25.047313341092657,1.708457e-5,5852,2926.0,5ef5c11-dirty
0.003,0.2,2,0.02,8,-0.045113606102895304,0.063221299246675,-0.045113606102895304,43.74732980175307,0.00089239184,389,194.5,5ef5c11-dirty
0.0003,0.05,2,0.02,8,-0.07949814675351423,-0.07949814675351423,0.01992378102805044,14.13059807344248,0.00089239184,953,476.5,5ef5c11-dirty
0.01,0.2,2,0.02,8,0.009123906632324331,0.0657984909267342,0.009123906632324331,15.590847884158897,0.00089239184,389,194.5,5ef5c11-dirty
0.03,0.05,8,0.02,1,0.06623404834697308,0.06623404834697308,0.24783747486935717,14.52710404299905,0.00032680426,2459,1229.5,5ef5c11-dirty
0.3,0.1,2,0.01,7,0.2761734897828208,0.2761734897828208,0.48588005972776666,2.2005425116991084,5.042856e-5,578,289.0,5ef5c11-dirty
0.3,0.2,8,0.02,6,0.030829058884549346,0.030829058884549346,0.17950913030355392,2.916124829944797,0.000112622154,767,383.5,5ef5c11-dirty
0.03,0.2,2,0.02,8,0.05666715636392712,0.05666715636392712,0.09953624363109291,7.132501505698138,0.00089239184,389,194.5,5ef5c11-dirty
0.01,0.02,2,0.0,1,0.9936793658927625,0.9936793658927625,0.9972696976138663,0.11676899912992583,0.00032680426,2084,1042.0,5ef5c11-dirty
0.1,0.2,2,0.02,8,0.05862777171667445,0.05862777171667445,0.12007690668601563,4.817353696434861,0.00089239184,389,194.5,5ef5c11-dirty
0.001,0.05,2,0.02,8,-0.07945211881445063,-0.07945211881445063,0.020215741505123473,4.398541917882659,0.00089239184,953,476.5,5ef5c11-dirty
0.0003,0.1,2,0.02,7,-0.04772231556826172,-0.04443388767714471,-0.04772231556826172,304.1512538301054,5.042856e-5,578,289.0,5ef5c11-dirty
0.0003,0.2,8,0.0,7,-0.04302961835958298,-0.04295382570414956,-0.04302961835958298,848.1175203325158,5.042856e-5,767,383.5,5ef5c11-dirty
0.3,0.2,2,0.02,8,0.05701251209325911,0.05701251209325911,0.09317270684403639,2.927200605690731,0.00089239184,389,194.5,5ef5c11-dirty
0.001,0.1,2,0.02,7,-0.047716151901125776,-0.044435615773750506,-0.047716151901125776,91.28112469716962,5.042856e-5,578,289.0,5ef5c11-dirty
0.0003,0.1,2,0.0,1,0.008933278212097311,0.008933278212097311,0.02969949505752938,334.00185093156847,0.00032680426,578,289.0,5ef5c11-dirty
0.001,0.2,8,0.0,7,-0.04203958269579887,-0.04203958269579887,-0.03231079337807633,254.4373305565469,5.042856e-5,767,383.5,5ef5c11-dirty
0.001,0.1,2,0.0,1,0.013808150157384385,0.013808150157384385,0.05552133733698317,100.2246529058733,0.00032680426,578,289.0,5ef5c11-dirty
0.03,0.02,2,0.0,1,0.9965114105986415,0.9965114105986415,0.9972969445294463,0.09130831295637008,0.00032680426,2084,1042.0,5ef5c11-dirty
0.003,0.1,2,0.02,7,-0.008499506902538026,-0.008499506902538026,0.08141201170500255,63.5367172220628,5.042856e-5,578,289.0,5ef5c11-dirty
0.003,0.2,8,0.0,7,-0.039422481815331374,-0.039422481815331374,-0.0016794400268091345,84.81668358280744,5.042856e-5,767,383.5,5ef5c11-dirty
0.003,0.05,2,0.02,8,-0.0794576739966308,-0.0794576739966308,0.0424505573377162,1.7852291768593826,0.00089239184,953,476.5,5ef5c11-dirty
0.003,0.1,2,0.0,1,0.02769993754413526,0.02769993754413526,0.12794173390954072,33.43079016462848,0.00032680426,578,289.0,5ef5c11-dirty
0.01,0.1,2,0.02,7,0.012744316089928515,0.012744316089928515,0.33621366971113587,27.290884073599923,5.042856e-5,578,289.0,5ef5c11-dirty
0.01,0.2,8,0.0,7,-0.030249726359865184,-0.030249726359865184,0.10512030313614776,25.45678374621451,5.042856e-5,767,383.5,5ef5c11-dirty
0.01,0.1,2,0.0,1,0.07598086154478115,0.07598086154478115,0.3541790627550818,10.059203746850647,0.00032680426,578,289.0,5ef5c11-dirty
0.01,0.05,2,0.02,8,0.009375868939379948,0.009375868939379948,0.09856436831631646,7.716627673363173,0.00089239184,953,476.5,5ef5c11-dirty
0.1,0.05,8,0.02,1,0.12070151242763967,0.12070151242763967,0.4360590661639758,7.0004766194930825,0.00032680426,2459,1229.5,5ef5c11-dirty
0.03,0.1,2,0.0,1,0.20810468949079478,0.20810468949079478,0.7047565398927486,3.3982819127085953,0.00032680426,578,289.0,5ef5c11-dirty
0.03,0.1,2,0.02,7,0.02270191503508636,0.02270191503508636,0.24721608575697357,12.702152352023958,5.042856e-5,578,289.0,5ef5c11-dirty
0.03,0.2,8,0.0,7,-0.003946258815980985,-0.003946258815980985,0.37150261035878324,8.518871737111086,5.042856e-5,767,383.5,5ef5c11-dirty
0.01,0.01,2,0.005,3,0.07887557480042653,0.12193971962757,0.07887557480042653,15.26564622143473,3.956093e-5,3971,1985.5,5ef5c11-dirty
0.1,0.02,2,0.0,1,0.9967807621785532,0.9967807621785532,0.9972616920887066,0.08843627020836978,0.00032680426,2084,1042.0,5ef5c11-dirty
0.1,0.1,2,0.0,1,0.5461775443536249,0.5461775443536249,0.8955565072530499,1.120282757423752,0.00032680426,578,289.0,5ef5c11-dirty
0.1,0.1,2,0.02,7,0.08379737982057349,0.08379737982057349,0.09523695646816081,6.2119225573301895,5.042856e-5,578,289.0,5ef5c11-dirty
0.1,0.2,8,0.0,7,0.08750523295412715,0.08750523295412715,0.7262529269239595,2.6650496315194983,5.042856e-5,767,383.5,5ef5c11-dirty
0.3,0.1,2,0.0,1,0.8238282608093582,0.8238282608093582,0.925774890126501,0.5675611159460366,0.00032680426,578,289.0,5ef5c11-dirty
0.03,0.05,2,0.02,8,0.04794773491987042,0.04794773491987042,0.19791469494456862,7.45643717267945,0.00089239184,953,476.5,5ef5c11-dirty
0.3,0.1,2,0.02,7,0.1866437183724186,0.1866437183724186,0.28477585127407956,3.6247148542656076,5.042856e-5,578,289.0,5ef5c11-dirty
0.3,0.2,8,0.0,7,0.3068429553469602,0.3068429553469602,0.8137688170917907,1.1596751972289123,5.042856e-5,767,383.5,5ef5c11-dirty
0.0003,0.1,2,0.005,1,0.007040714233093345,0.007040714233093345,0.01941110083923961,333.68944849150154,0.00032680426,578,289.0,5ef5c11-dirty
0.0003,0.1,2,0.0,8,-0.059751801542086244,0.0720329268756326,-0.059751801542086244,267.8612512574523,0.00089239184,578,289.0,5ef5c11-dirty
0.3,0.02,2,0.0,1,0.9967409835961699,0.9967409835961699,0.9972104440506149,0.0884033750581795,0.00032680426,2084,1042.0,5ef5c11-dirty
0.1,0.05,2,0.02,8,0.05321730474036005,0.05321730474036005,0.1949894281136031,6.166021910583108,0.00089239184,953,476.5,5ef5c11-dirty
0.001,0.1,2,0.0,8,-0.0428020504529171,0.07508465137199664,-0.0428020504529171,80.30513281100079,0.00089239184,578,289.0,5ef5c11-dirty
0.001,0.1,2,0.005,1,-0.01792941629532711,0.011708301683978755,-0.01792941629532711,105.3506079557173,0.00032680426,578,289.0,5ef5c11-dirty
0.0003,0.2,8,0.005,7,-0.042966134352356224,-0.042966134352356224,-0.042638406710398626,850.2072903875206,5.042856e-5,767,383.5,5ef5c11-dirty
0.003,0.1,2,0.0,8,0.006165906070734913,0.08378286116582641,0.006165906070734913,26.72466523284459,0.00089239184,578,289.0,5ef5c11-dirty
0.003,0.1,2,0.005,1,0.00862878535919288,0.01508043650238246,0.00862878535919288,37.46559819580449,0.00032680426,578,289.0,5ef5c11-dirty
0.01,0.1,2,0.0,8,0.1140605444060459,0.1140605444060459,0.17474648496404943,7.996924800893566,0.00089239184,578,289.0,5ef5c11-dirty
0.3,0.05,2,0.02,8,0.10556627391101499,0.10556627391101499,0.179017930487588,3.603795842253616,0.00089239184,953,476.5,5ef5c11-dirty
0.001,0.2,8,0.005,7,-0.048942334786525626,-0.048942334786525626,-0.04409802479767966,254.73748559567133,5.042856e-5,767,383.5,5ef5c11-dirty
0.3,0.05,8,0.02,1,0.2426044320280027,0.2426044320280027,0.38548119559893196,4.066778275391598,0.00032680426,2459,1229.5,5ef5c11-dirty
0.01,0.1,2,0.005,1,-0.05715315607882047,0.08145141952805912,-0.05715315607882047,13.401702528080358,0.00032680426,578,289.0,5ef5c11-dirty
0.03,0.1,2,0.0,8,0.19731745008016807,0.19731745008016807,0.4775644312659383,2.717481370475728,0.00089239184,578,289.0,5ef5c11-dirty
0.01,0.02,8,0.01,4,0.05687536270780851,0.05687536270780851,0.27636529906642465,16.22805401768229,1.708457e-5,5852,2926.0,5ef5c11-dirty
0.03,0.1,2,0.005,1,0.11665206690353531,0.11665206690353531,0.32578498869175077,7.191796093589558,0.00032680426,578,289.0,5ef5c11-dirty
0.1,0.1,2,0.0,8,0.4129297743258754,0.4129297743258754,0.626789653612208,1.0750514042152066,0.00089239184,578,289.0,5ef5c11-dirty
0.003,0.2,8,0.005,7,-0.05426870259091594,-0.05197038823815037,-0.05426870259091594,85.14972819143634,5.042856e-5,767,383.5,5ef5c11-dirty
0.0003,0.1,8,0.0,1,0.007813069295541696,0.007813069295541696,0.02364830929962127,735.4829157697127,0.00032680426,1334,667.0,5ef5c11-dirty
0.0003,0.02,2,0.005,1,-0.035419879445789594,-0.009547532601491448,-0.035419879445789594,2.9530867936457543,0.00032680426,2084,1042.0,5ef5c11-dirty
0.3,0.1,2,0.0,8,0.5785960849978455,0.5785960849978455,0.6382968402900239,0.8176824603674181,0.00089239184,578,289.0,5ef5c11-dirty
0.1,0.1,2,0.005,1,0.21104031732479409,0.21104031732479409,0.4535303618248702,3.3886717266413258,0.00032680426,578,289.0,5ef5c11-dirty
0.0003,0.1,2,0.005,8,0.06241469752740709,0.06241469752740709,0.11396249153713202,273.75036616013546,0.00089239184,578,289.0,5ef5c11-dirty
0.01,0.2,8,0.005,7,-0.035109151655419654,-0.035109151655419654,-0.019731621098953076,26.19485425682225,5.042856e-5,767,383.5,5ef5c11-dirty
0.3,0.1,2,0.005,1,0.334122052990726,0.334122052990726,0.6157370865358025,1.8655265469014333,0.00032680426,578,289.0,5ef5c11-dirty
0.0003,0.005,2,0.005,6,0.004800792990057804,0.007204631406690991,0.004800792990057804,44.04808818464783,0.000112622154,7739,3869.5,5ef5c11-dirty
0.001,0.1,8,0.0,1,0.01002893088862217,0.01002893088862217,0.035409519527019706,220.6682408844294,0.00032680426,1334,667.0,5ef5c11-dirty
0.0003,0.05,8,0.0,2,0.009593461595319206,0.009593461595319206,0.025073111420848084,75.40630640561841,9.048635e-6,2459,1229.5,5ef5c11-dirty
0.01,0.01,8,0.01,7,0.005977477952916176,0.005977477952916176,0.3007625453831572,10.762213474837331,5.042856e-5,11513,5756.5,5ef5c11-dirty
0.001,0.1,2,0.005,8,0.0770992508208678,0.0770992508208678,0.127015668438635,87.63685252645395,0.00089239184,578,289.0,5ef5c11-dirty
0.0003,0.1,2,0.01,1,0.007417537176029223,0.007417537176029223,0.019172882403463487,333.44576762184084,0.00032680426,578,289.0,5ef5c11-dirty
0.03,0.2,8,0.005,7,-0.016956121393398728,-0.016956121393398728,0.12689458000424658,9.34159246085874,5.042856e-5,767,383.5,5ef5c11-dirty
0.003,0.1,2,0.005,8,0.07692195672346704,0.07692195672346704,0.12626574357709355,30.546990212464753,0.00089239184,578,289.0,5ef5c11-dirty
0.001,0.1,2,0.01,1,0.009160419993137688,0.009160419993137688,0.012310656072490808,102.78422406195807,0.00032680426,578,289.0,5ef5c11-dirty
0.003,0.1,8,0.0,1,0.016342822643427336,0.016342822643427336,0.06876194169066084,73.57834548259795,0.00032680426,1334,667.0,5ef5c11-dirty
0.001,0.02,2,0.005,1,-0.0941833508482498,0.014746425548343453,-0.0941833508482498,50.867751491490374,0.00032680426,2084,1042.0,5ef5c11-dirty
0.01,0.1,2,0.005,8,0.07379941322503827,0.07379941322503827,0.1267109316783854,11.384916093333132,0.00089239184,578,289.0,5ef5c11-dirty
0.1,0.2,8,0.005,7,0.028083499041546306,0.028083499041546306,0.331874413886136,3.4861841619557756,5.042856e-5,767,383.5,5ef5c11-dirty
0.003,0.1,2,0.01,1,0.014058904641019214,0.014058904641019214,0.027863661870881552,42.07531164541847,0.00032680426,578,289.0,5ef5c11-dirty
0.001,0.05,8,0.0,2,0.03352593023483107,0.03352593023483107,0.11076771628781656,22.620870518652033,9.048635e-6,2459,1229.5,5ef5c11-dirty
0.01,0.1,8,0.0,1,0.0383916071137548,0.0383916071137548,0.18198305501727646,22.098725629016382,0.00032680426,1334,667.0,5ef5c11-dirty
0.01,0.1,2,0.01,1,0.12756138971852718,0.12756138971852718,0.15191378387067225,20.61097226933304,0.00032680426,578,289.0,5ef5c11-dirty
0.3,0.2,8,0.005,7,0.20608248453791728,0.20608248453791728,0.6769084212154841,1.8251831098507938,5.042856e-5,767,383.5,5ef5c11-dirty
0.03,0.1,2,0.005,8,0.06417436907455773,0.06417436907455773,0.15769731638884957,5.452198867061349,0.00089239184,578,289.0,5ef5c11-dirty
0.03,0.1,2,0.01,1,0.10271141290355763,0.10271141290355763,0.23339793804395714,9.93442243757118,0.00032680426,578,289.0,5ef5c11-dirty
0.03,0.01,2,0.005,3,0.16428685282285804,0.16428685282285804,0.16946827649175533,7.500177109760729,3.956093e-5,3971,1985.5,5ef5c11-dirty
0.03,0.1,8,0.0,1,0.10065276751933801,0.10065276751933801,0.44862382900857345,7.398053007273171,0.00032680426,1334,667.0,5ef5c11-dirty
0.0003,0.2,8,0.01,7,-0.04703306343401127,-0.04357237997185738,-0.04703306343401127,845.1590432077556,5.042856e-5,767,383.5,5ef5c11-dirty
0.1,0.1,2,0.01,1,0.09760834869761206,0.09760834869761206,0.37022336118973814,4.660230795882843,0.00032680426,578,289.0,5ef5c11-dirty
0.3,0.1,2,0.01,1,0.15123586632650507,0.15123586632650507,0.5548696049197036,2.674598533093222,0.00032680426,578,289.0,5ef5c11-dirty
0.003,0.05,8,0.0,2,0.10140178558853512,0.10140178558853512,0.33527541005508804,7.545933482155472,9.048635e-6,2459,1229.5,5ef5c11-dirty
0.1,0.1,2,0.005,8,0.09095456733602549,0.09095456733602549,0.24243190440296022,2.944227834508023,0.00089239184,578,289.0,5ef5c11-dirty
0.001,0.2,8,0.01,7,-0.0430571205304687,-0.0430571205304687,0.1833007209847446,254.99156883531217,5.042856e-5,767,383.5,5ef5c11-dirty
0.1,0.1,8,0.0,1,0.30064443612087927,0.30064443612087927,0.8032064113289086,2.278894687731264,0.00032680426,1334,667.0,5ef5c11-dirty
0.0003,0.1,2,0.02,1,0.006806041171819302,0.006806041171819302,0.020086481149754684,336.8562343463864,0.00032680426,578,289.0,5ef5c11-dirty
0.001,0.1,2,0.02,1,0.0068026718503365015,0.0068026718503365015,0.020097095597704815,101.05611424370481,0.00032680426,578,289.0,5ef5c11-dirty
0.003,0.2,8,0.01,7,-0.04284241634579724,-0.04284241634579724,0.23519692865148317,85.31093234288366,5.042856e-5,767,383.5,5ef5c11-dirty
0.3,0.1,2,0.005,8,0.19949443597303126,0.19949443597303126,0.3974747355212669,1.6816285853338602,0.00089239184,578,289.0,5ef5c11-dirty
0.3,0.1,8,0.0,1,0.6463622918994051,0.6463622918994051,0.9097931338129936,0.8811018002427546,0.00032680426,1334,667.0,5ef5c11-dirty
0.003,0.02,2,0.005,1,-0.034361124971595436,0.013631256766878413,-0.034361124971595436,22.452135115288428,0.00032680426,2084,1042.0,5ef5c11-dirty
0.003,0.1,2,0.02,1,0.006798867876364832,0.006798867876364832,0.0112844151762884,33.6941562605169,0.00032680426,578,289.0,5ef5c11-dirty
0.0003,0.1,2,0.01,8,-0.06053920300859309,0.06924594549567738,-0.06053920300859309,268.0389168302071,0.00089239184,578,289.0,5ef5c11-dirty
0.01,0.05,8,0.0,2,0.3209861071806538,0.3209861071806538,0.7480074488214735,2.28843544205083,9.048635e-6,2459,1229.5,5ef5c11-dirty
0.01,0.2,8,0.01,7,-0.04116915990243732,-0.04116915990243732,0.21053814747280575,26.007808974289212,5.042856e-5,767,383.5,5ef5c11-dirty
0.01,0.1,2,0.02,1,0.0012340991606576096,0.02928684236183672,0.0012340991606576096,24.06525053172029,0.00032680426,578,289.0,5ef5c11-dirty
0.001,0.1,2,0.01,8,-0.06053449075542833,0.06924373166037748,-0.06053449075542833,80.36787338077065,0.00089239184,578,289.0,5ef5c11-dirty
0.03,0.02,8,0.01,4,0.11431896373590278,0.11431896373590278,0.24814843419221755,11.030276332096767,1.708457e-5,5852,2926.0,5ef5c11-dirty
0.03,0.1,2,0.02,1,0.051753535252689324,0.051753535252689324,0.21952861445765315,13.389018286225964,0.00032680426,578,289.0,5ef5c11-dirty
0.03,0.2,8,0.01,7,-0.001005533090262164,-0.001005533090262164,0.41733610357500167,10.075453945781975,5.042856e-5,767,383.5,5ef5c11-dirty
0.0003,0.1,8,0.005,1,0.007006811607980137,0.007006811607980137,0.01891143334038135,734.8268440093044,0.00032680426,1334,667.0,5ef5c11-dirty
0.003,0.1,2,0.01,8,-0.011229324726862975,0.06924500111061714,-0.011229324726862975,26.759699093363583,0.00089239184,578,289.0,5ef5c11-dirty
0.1,0.1,2,0.02,1,0.09443950872813887,0.09443950872813887,0.4287252062021497,6.474153576153655,0.00032680426,578,289.0,5ef5c11-dirty
0.1,0.01,2,0.005,3,0.2831449209191425,0.2831449209191425,0.5427861049745298,3.902198022222391,3.956093e-5,3971,1985.5,5ef5c11-dirty
0.01,0.1,2,0.01,8,0.04644233809844024,0.09745469395158075,0.04644233809844024,10.353804305728312,0.00089239184,578,289.0,5ef5c11-dirty
0.01,0.02,2,0.005,1,-0.13017101462492914,0.11349849545557916,-0.13017101462492914,11.403662310683197,0.00032680426,2084,1042.0,5ef5c11-dirty
0.1,0.2,8,0.01,7,0.059099972175017015,0.059099972175017015,0.43257981277778657,4.128692345229498,5.042856e-5,767,383.5,5ef5c11-dirty
0.03,0.05,8,0.0,2,0.6923777523500472,0.6923777523500472,0.9156477627296105,0.8367370344691115,9.048635e-6,2459,1229.5,5ef5c11-dirty
0.3,0.1,2,0.02,1,0.20298332869421531,0.20298332869421531,0.3572461862162481,3.7889639252152265,0.00032680426,578,289.0,5ef5c11-dirty
0.03,0.1,2,0.01,8,0.14417114300791542,0.14417114300791542,0.1825674425920321,7.777280844809718,0.00089239184,578,289.0,5ef5c11-dirty
0.0003,0.1,2,0.0,2,-0.004137611022557749,0.0011894650394463342,-0.004137611022557749,318.5763948734908,9.048635e-6,578,289.0,5ef5c11-dirty
0.001,0.1,8,0.005,1,-0.0007617769535595382,0.009353393510947036,-0.0007617769535595382,221.89693092991345,0.00032680426,1334,667.0,5ef5c11-dirty
0.3,0.2,8,0.01,7,0.11095085240522737,0.11095085240522737,0.3508659204586424,2.198793662116531,5.042856e-5,767,383.5,5ef5c11-dirty
0.1,0.1,2,0.01,8,0.16770666406675994,0.16770666406675994,0.24669583043496104,3.7737408754970416,0.00089239184,578,289.0,5ef5c11-dirty
0.001,0.1,2,0.0,2,0.005379595172342252,0.005379595172342252,0.013669652102573183,95.56215232196452,9.048635e-6,578,289.0,5ef5c11-dirty
0.003,0.1,2,0.0,2,0.017335905117626768,0.017335905117626768,0.06454391762239593,31.847482146854368,9.048635e-6,578,289.0,5ef5c11-dirty
0.3,0.1,2,0.01,8,0.1501396996799652,0.1501396996799652,0.2784287781671567,2.3629349019823405,0.00089239184,578,289.0,5ef5c11-dirty
0.0003,0.2,8,0.02,7,-0.047354092446132694,-0.04437809495768367,-0.047354092446132694,851.0360924520745,5.042856e-5,767,383.5,5ef5c11-dirty
0.01,0.1,2,0.0,2,0.05910657830924977,0.05910657830924977,0.2361583790861768,9.557958198304396,9.048635e-6,578,289.0,5ef5c11-dirty
0.1,0.05,8,0.0,2,0.9028174717429003,0.9028174717429003,0.9421774206235675,0.43264503702674445,9.048635e-6,2459,1229.5,5ef5c11-dirty
0.03,0.02,2,0.005,1,0.1617245717371971,0.1617245717371971,0.3635171054504116,7.04575059087322,0.00032680426,2084,1042.0,5ef5c11-dirty
0.0003,0.1,2,0.02,8,-0.05809532115658172,0.06811942114972501,-0.05809532115658172,268.5899186055704,0.00089239184,578,289.0,5ef5c11-dirty
0.003,0.1,8,0.005,1,0.01128402762415693,0.01128402762415693,0.014952638717491896,75.05465036957274,0.00032680426,1334,667.0,5ef5c11-dirty
0.03,0.1,2,0.0,2,0.1755223993673495,0.1755223993673495,0.5797860579752533,3.22098238870744,9.048635e-6,578,289.0,5ef5c11-dirty
0.001,0.005,2,0.005,6,0.0074253161465278085,0.03699995302703469,0.0074253161465278085,37.26258785052444,0.000112622154,7739,3869.5,5ef5c11-dirty
0.1,0.1,2,0.0,2,0.4898143401276305,0.4898143401276305,0.8300344047337965,1.1024522515157993,9.048635e-6,578,289.0,5ef5c11-dirty
0.001,0.1,2,0.02,8,-0.03789184586365917,0.06811854366212411,-0.03789184586365917,80.53385750090197,0.00089239184,578,289.0,5ef5c11-dirty
0.3,0.1,2,0.0,2,0.7578185264129526,0.7578185264129526,0.8640390898612101,0.6525352605397354,9.048635e-6,578,289.0,5ef5c11-dirty
0.003,0.1,2,0.02,8,-0.0028440014711239663,0.06811920052449905,-0.0028440014711239663,26.815822132819065,0.00089239184,578,289.0,5ef5c11-dirty
0.001,0.2,8,0.02,7,-0.04735389629757014,-0.044377849543117985,-0.04735389629757014,255.3434344246552,5.042856e-5,767,383.5,5ef5c11-dirty
0.0003,0.1,2,0.005,2,-0.053830596008490016,-0.0014237659326853335,-0.053830596008490016,335.955113969588,9.048635e-6,578,289.0,5ef5c11-dirty
0.01,0.1,8,0.005,1,-0.04360356985478488,0.050000379305485086,-0.04360356985478488,23.54523119161441,0.00032680426,1334,667.0,5ef5c11-dirty
0.01,0.1,2,0.02,8,0.06462821219259422,0.06462821219259422,0.07957433611874858,10.780934185519577,0.00089239184,578,289.0,5ef5c11-dirty
0.3,0.01,2,0.005,3,0.4381434201264835,0.4381434201264835,0.7194338561129133,2.083314996708202,3.956093e-5,3971,1985.5,5ef5c11-dirty
0.3,0.05,8,0.0,2,0.9305874778377583,0.9305874778377583,0.9440583624322888,0.37972857582237307,9.048635e-6,2459,1229.5,5ef5c11-dirty
0.001,0.1,2,0.005,2,0.0035976989992616442,0.005637245092726774,0.0035976989992616442,103.459431563927,9.048635e-6,578,289.0,5ef5c11-dirty
0.1,0.02,2,0.005,1,0.2611667874251455,0.2611667874251455,0.5379016794999765,3.682981674029905,0.00032680426,2084,1042.0,5ef5c11-dirty
0.03,0.1,2,0.02,8,0.06527533622669111,0.06527533622669111,0.16470059588420252,7.010189516542171,0.00089239184,578,289.0,5ef5c11-dirty
0.003,0.1,2,0.005,2,0.010897066688692664,0.010897066688692664,0.021511463660162104,35.51028419932521,9.048635e-6,578,289.0,5ef5c11-dirty
0.1,0.1,2,0.02,8,0.03754597535559306,0.03754597535559306,0.16188637091806762,5.527363577065291,0.00089239184,578,289.0,5ef5c11-dirty
0.03,0.1,8,0.005,1,0.08943773638407135,0.08943773638407135,0.30656458340774106,9.736035388432361,0.00032680426,1334,667.0,5ef5c11-dirty
0.01,0.1,2,0.005,2,0.06881063848659817,0.07675737826644224,0.06881063848659817,14.139233636510411,9.048635e-6,578,289.0,5ef5c11-dirty
0.003,0.2,8,0.02,7,-0.03750449537351436,-0.032269527191338056,-0.03750449537351436,97.93389820021086,5.042856e-5,767,383.5,5ef5c11-dirty
0.3,0.1,2,0.02,8,0.09117157197039229,0.09117157197039229,0.13997043819890667,3.3213134285982333,0.00089239184,578,289.0,5ef5c11-dirty
0.03,0.1,2,0.005,2,0.10471999026269221,0.10471999026269221,0.16371662626047218,7.264672385851713,9.048635e-6,578,289.0,5ef5c11-dirty
0.1,0.02,8,0.01,4,0.15965422664130646,0.15965422664130646,0.31792888934860525,5.897677229282829,1.708457e-5,5852,2926.0,5ef5c11-dirty
0.0003,0.2,8,0.0,1,0.007311082396180088,0.007311082396180088,0.021908095939286443,934.3538793001424,0.00032680426,767,383.5,5ef5c11-dirty
0.1,0.1,2,0.005,2,0.1391655701692229,0.1391655701692229,0.2390821762753882,3.658584205122731,9.048635e-6,578,289.0,5ef5c11-dirty
0.3,0.02,2,0.005,1,0.4099917335351512,0.4099917335351512,0.725917475986331,2.0830720196437755,0.00032680426,2084,1042.0,5ef5c11-dirty
0.001,0.2,8,0.0,1,0.008343302053199289,0.008343302053199289,0.02960489379930209,280.33028395482575,0.00032680426,767,383.5,5ef5c11-dirty
0.1,0.1,8,0.005,1,0.1863623785225008,0.1863623785225008,0.4466885126792245,3.8978457518289993,0.00032680426,1334,667.0,5ef5c11-dirty
0.0003,0.05,8,0.005,2,-0.07857878167565559,-0.009301218584597528,-0.07857878167565559,138.85708044514317,9.048635e-6,2459,1229.5,5ef5c11-dirty
0.3,0.1,2,0.005,2,0.29181101328691356,0.29181101328691356,0.4483442864138265,1.9569836568377834,9.048635e-6,578,289.0,5ef5c11-dirty
0.003,0.2,8,0.0,1,0.011288452325614665,0.011288452325614665,0.051516798058487086,93.46995156063987,0.00032680426,767,383.5,5ef5c11-dirty
0.01,0.2,8,0.02,7,-0.027441119727443158,-0.027441119727443158,0.3751140831072489,33.871405189505865,5.042856e-5,767,383.5,5ef5c11-dirty
0.0003,0.1,2,0.01,2,-0.011763791603331129,-0.0005089636806791093,-0.011763791603331129,318.731774331095,9.048635e-6,578,289.0,5ef5c11-dirty
0.01,0.2,8,0.0,1,0.021582401760500667,0.021582401760500667,0.12678527044620122,28.073396683501198,0.00032680426,767,383.5,5ef5c11-dirty
0.001,0.1,2,0.01,2,-0.02730098291017005,-0.0005078432129864408,-0.02730098291017005,95.625842125018,9.048635e-6,578,289.0,5ef5c11-dirty
0.0003,0.01,2,0.01,3,-0.09147381045644389,0.03386040346927515,-0.09147381045644389,3.8469509522812277,3.956093e-5,3971,1985.5,5ef5c11-dirty
0.3,0.1,8,0.005,1,0.3195347561653886,0.3195347561653886,0.6100528584994273,1.9636797523414673,0.00032680426,1334,667.0,5ef5c11-dirty
0.03,0.2,8,0.02,7,-0.02293379084405374,-0.02293379084405374,0.30446190598898115,13.782749860404198,5.042856e-5,767,383.5,5ef5c11-dirty
0.03,0.2,8,0.0,1,0.05079662643245919,0.05079662643245919,0.31824295216226406,9.405220628387363,0.00032680426,767,383.5,5ef5c11-dirty
0.003,0.1,2,0.01,2,-0.03439989309367051,0.026027733227041445,-0.03439989309367051,35.109213439160165,9.048635e-6,578,289.0,5ef5c11-dirty
0.0003,0.02,2,0.01,1,-0.01946067909220647,-0.008425149906634628,-0.01946067909220647,2.950912672332448,0.00032680426,2084,1042.0,5ef5c11-dirty
0.1,0.2,8,0.02,7,0.057590972144015415,0.057590972144015415,0.09374365977262185,5.8471788345150575,5.042856e-5,767,383.5,5ef5c11-dirty
0.1,0.2,8,0.0,1,0.14901805069695045,0.14901805069695045,0.6568454960905091,2.926693838106222,0.00032680426,767,383.5,5ef5c11-dirty
0.001,0.05,8,0.005,2,0.011354028925773458,0.011354028925773458,0.020186951128924525,53.05061863544628,9.048635e-6,2459,1229.5,5ef5c11-dirty
0.0003,0.1,8,0.01,1,0.007369622743986922,0.007369622743986922,0.019163761893937016,734.4585258967155,0.00032680426,1334,667.0,5ef5c11-dirty
0.3,0.2,8,0.0,1,0.3692974526932286,0.3692974526932286,0.8003746512044959,1.2052871870636386,0.00032680426,767,383.5,5ef5c11-dirty
0.3,0.2,8,0.02,7,0.11517190629212436,0.11517190629212436,0.23629346000658413,3.2773025696810505,5.042856e-5,767,383.5,5ef5c11-dirty
0.003,0.005,2,0.005,6,0.044535573894726725,0.05724066834474243,0.044535573894726725,20.413398023017905,0.000112622154,7739,3869.5,5ef5c11-dirty
0.0003,0.2,8,0.0,8,-0.0643589030998813,0.06917451867125424,-0.0643589030998813,748.7758392943992,0.00089239184,767,383.5,5ef5c11-dirty
0.0003,0.2,8,0.005,1,0.007000344009224496,0.007000344009224496,0.018830883443717257,933.4731613566887,0.00032680426,767,383.5,5ef5c11-dirty
0.03,0.01,8,0.01,7,0.10071188141491041,0.10071188141491041,0.4429698007140833,8.185239562169198,5.042856e-5,11513,5756.5,5ef5c11-dirty
0.001,0.02,2,0.01,1,-0.017854086170486366,0.006479410581832275,-0.017854086170486366,31.13191379413346,0.00032680426,2084,1042.0,5ef5c11-dirty
0.001,0.2,8,0.0,8,-0.05949939693350731,0.06974539655857169,-0.05949939693350731,224.57701001266668,0.00089239184,767,383.5,5ef5c11-dirty
0.001,0.1,8,0.01,1,0.008217160322754718,0.008217160322754718,0.016135904829163168,221.7968400320498,0.00032680426,1334,667.0,5ef5c11-dirty
0.001,0.2,8,0.005,1,0.008251761676166716,0.008251761676166716,0.019349659931167995,280.0606019901008,0.00032680426,767,383.5,5ef5c11-dirty
0.003,0.2,8,0.0,8,-0.04557933442440956,0.07137546470122057,-0.04557933442440956,74.81022284548357,0.00089239184,767,383.5,5ef5c11-dirty
0.001,0.01,2,0.01,3,-0.09105591245687322,0.03385672877907923,-0.09105591245687322,1.4793472424306924,3.956093e-5,3971,1985.5,5ef5c11-dirty
0.01,0.2,8,0.0,8,0.0034733212072451778,0.07707544041041776,0.0034733212072451778,22.403023237150148,0.00089239184,767,383.5,5ef5c11-dirty
0.003,0.2,8,0.005,1,0.010144396734964497,0.010144396734964497,0.03254898824562397,93.75643486338902,0.00032680426,767,383.5,5ef5c11-dirty
0.003,0.05,8,0.005,2,0.028102097285487484,0.028102097285487484,0.04573761757335737,20.25154329611988,9.048635e-6,2459,1229.5,5ef5c11-dirty
0.03,0.2,8,0.0,8,0.09327303963583403,0.09327303963583403,0.13833498215020693,7.463113488161585,0.00089239184,767,383.5,5ef5c11-dirty
0.3,0.02,8,0.01,4,0.34109132985955687,0.34109132985955687,0.5221710484635128,3.0010449720572376,1.708457e-5,5852,2926.0,5ef5c11-dirty
0.003,0.1,8,0.01,1,0.011431329574957962,0.011431329574957962,0.02851468165855916,77.58912708816345,0.00032680426,1334,667.0,5ef5c11-dirty
0.01,0.2,8,0.005,1,-0.018207407091428505,0.02899601839391489,-0.018207407091428505,28.60414736603412,0.00032680426,767,383.5,5ef5c11-dirty
0.003,0.02,2,0.01,1,0.014866048410758814,0.014866048410758814,0.02329227818214504,35.352361243399365,0.00032680426,2084,1042.0,5ef5c11-dirty
0.1,0.2,8,0.0,8,0.1479986169706933,0.1479986169706933,0.4169384706684673,2.3490883706353114,0.00089239184,767,383.5,5ef5c11-dirty
0.03,0.2,8,0.005,1,0.04917958475648248,0.04917958475648248,0.27981808232973593,10.921682890242613,0.00032680426,767,383.5,5ef5c11-dirty
0.3,0.2,8,0.0,8,0.27141619401794026,0.27141619401794026,0.5425749928486888,1.1292339426583564,0.00089239184,767,383.5,5ef5c11-dirty
0.01,0.1,8,0.01,1,0.09514567029621207,0.09514567029621207,0.14256338586040587,28.574786003365006,0.00032680426,1334,667.0,5ef5c11-dirty
0.0003,0.2,8,0.005,8,-0.005611282301347436,0.06905607627036185,-0.005611282301347436,748.948365363915,0.00089239184,767,383.5,5ef5c11-dirty
0.1,0.2,8,0.005,1,0.09731665088673101,0.09731665088673101,0.3832469947761134,4.087215207825144,0.00032680426,767,383.5,5ef5c11-dirty
0.01,0.05,8,0.005,2,0.08971658033258381,0.09488203284132772,0.08971658033258381,11.857378837374728,9.048635e-6,2459,1229.5,5ef5c11-dirty
0.01,0.02,2,0.01,1,0.1534904995696443,0.1534904995696443,0.24111260269116014,22.8486620597369,0.00032680426,2084,1042.0,5ef5c11-dirty
0.001,0.2,8,0.005,8,0.013579332020044898,0.07233015440731518,0.013579332020044898,225.77992250280636,0.00089239184,767,383.5,5ef5c11-dirty
0.3,0.2,8,0.005,1,0.1868230269703095,0.1868230269703095,0.4918155510218238,1.9700751778186079,0.00032680426,767,383.5,5ef5c11-dirty
0.003,0.01,2,0.01,3,0.007958431107065622,0.007958431107065622,0.11662837343631911,8.116159097035448,3.956093e-5,3971,1985.5,5ef5c11-dirty
0.03,0.1,8,0.01,1,0.08806322666883565,0.08806322666883565,0.22707104985357193,11.985997711073638,0.00032680426,1334,667.0,5ef5c11-dirty
0.003,0.2,8,0.005,8,0.032493638039165496,0.07415384505138531,0.032493638039165496,75.39537040543856,0.00089239184,767,383.5,5ef5c11-dirty
0.0003,0.2,8,0.01,1,0.00736189013228224,0.00736189013228224,0.019171731264234222,933.038539427214,0.00032680426,767,383.5,5ef5c11-dirty
0.01,0.2,8,0.005,8,0.04113167218033724,0.0775532305293486,0.04113167218033724,23.35066743467147,0.00089239184,767,383.5,5ef5c11-dirty
0.03,0.02,2,0.01,1,0.125866594329425,0.125866594329425,0.2705716026405444,11.228331640390158,0.00032680426,2084,1042.0,5ef5c11-dirty
0.001,0.2,8,0.01,1,0.007817335023851443,0.007817335023851443,0.017049701551333472,281.31148209543875,0.00032680426,767,383.5,5ef5c11-dirty
0.1,0.1,8,0.01,1,0.09223675347391753,0.09223675347391753,0.36333314322967214,5.021196722348967,0.00032680426,1334,667.0,5ef5c11-dirty
0.03,0.05,8,0.005,2,0.11085009275825482,0.11085009275825482,0.19346894557592206,6.789752017362818,9.048635e-6,2459,1229.5,5ef5c11-dirty
0.03,0.2,8,0.005,8,0.0677559040311366,0.0677559040311366,0.11599662139831494,8.638876678409057,0.00089239184,767,383.5,5ef5c11-dirty
0.003,0.2,8,0.01,1,0.008475395082761624,0.008475395082761624,0.024206844596131847,96.31158030116498,0.00032680426,767,383.5,5ef5c11-dirty
0.01,0.005,2,0.005,6,0.018893203393155644,0.07784237323812769,0.018893203393155644,9.972138506131849,0.000112622154,7739,3869.5,5ef5c11-dirty
0.1,0.2,8,0.005,8,0.06679068866977629,0.06679068866977629,0.17808217006749671,3.5127118988712813,0.00089239184,767,383.5,5ef5c11-dirty
0.01,0.2,8,0.01,1,0.05631719951726429,0.0623920647330373,0.05631719951726429,32.19241373798475,0.00032680426,767,383.5,5ef5c11-dirty
0.3,0.1,8,0.01,1,0.14898140906531104,0.14898140906531104,0.5495950214567652,2.737727127598538,0.00032680426,1334,667.0,5ef5c11-dirty
0.1,0.02,2,0.01,1,0.12148960205313336,0.12148960205313336,0.48537874747106663,5.60411062917633,0.00032680426,2084,1042.0,5ef5c11-dirty
0.3,0.2,8,0.005,8,0.13738097867384103,0.13738097867384103,0.3383251156914179,1.736976920256983,0.00089239184,767,383.5,5ef5c11-dirty
0.03,0.2,8,0.01,1,0.05937333410991366,0.05937333410991366,0.2220444548739385,12.29204586461041,0.00032680426,767,383.5,5ef5c11-dirty
0.0003,0.02,8,0.02,4,0.014758404870210866,0.014758404870210866,0.04378604369280573,11.385345808885827,1.708457e-5,5852,2926.0,5ef5c11-dirty
0.01,0.01,2,0.01,3,0.01852381056454961,0.01852381056454961,0.14723843441636283,15.484074855537159,3.956093e-5,3971,1985.5,5ef5c11-dirty
0.0003,0.2,8,0.01,8,-0.07230489755540255,0.06817076264792483,-0.07230489755540255,749.7424690016392,0.00089239184,767,383.5,5ef5c11-dirty
0.1,0.2,8,0.01,1,0.04721973626915304,0.04721973626915304,0.2730844229213296,4.860088602393673,0.00032680426,767,383.5,5ef5c11-dirty
0.0003,0.1,8,0.02,1,0.006828650483334281,0.006828650483334281,0.020026308085203587,741.9329904160744,0.00032680426,1334,667.0,5ef5c11-dirty
0.1,0.05,8,0.005,2,0.1716709907234899,0.1716709907234899,0.3002243159434232,3.806770831157188,9.048635e-6,2459,1229.5,5ef5c11-dirty
0.001,0.2,8,0.01,8,-0.07230396358169416,0.06817029790707459,-0.07230396358169416,224.87829239535483,0.00089239184,767,383.5,5ef5c11-dirty
0.3,0.2,8,0.01,1,0.05023519833297346,0.05023519833297346,0.4378476213314328,2.7166258892122435,0.00032680426,767,383.5,5ef5c11-dirty
0.3,0.02,2,0.01,1,0.2186276150024727,0.2186276150024727,0.6925023169685666,3.0129847802623098,0.00032680426,2084,1042.0,5ef5c11-dirty
0.003,0.2,8,0.01,8,-0.0499038853403954,0.0681709063908213,-0.0499038853403954,74.91989077489389,0.00089239184,767,383.5,5ef5c11-dirty
0.0003,0.2,8,0.02,1,0.0068314351300627916,0.0068314351300627916,0.02002490054662411,942.5086750728616,0.00032680426,767,383.5,5ef5c11-dirty
0.001,0.1,8,0.02,1,0.006827168231952757,0.006827168231952757,0.020029289420591158,222.57843008116072,0.00032680426,1334,667.0,5ef5c11-dirty
0.01,0.2,8,0.01,8,0.057278716427994626,0.09045839055888706,0.057278716427994626,24.128101278393068,0.00089239184,767,383.5,5ef5c11-dirty
0.001,0.2,8,0.02,1,0.0068311156617464446,0.0068311156617464446,0.020027223604868888,282.75004544016895,0.00032680426,767,383.5,5ef5c11-dirty
0.3,0.05,8,0.005,2,0.3613373909079509,0.3613373909079509,0.5273305154609744,1.9965416116469437,9.048635e-6,2459,1229.5,5ef5c11-dirty
0.0003,0.02,2,0.02,1,-0.01812025274186726,-0.004885721746711309,-0.01812025274186726,2.888503449140783,0.00032680426,2084,1042.0,5ef5c11-dirty
0.03,0.2,8,0.01,8,0.14056825640970289,0.14056825640970289,0.14158747795688464,9.918012011572491,0.00089239184,767,383.5,5ef5c11-dirty
0.003,0.1,8,0.02,1,0.006826619960315421,0.006826619960315421,0.016574831919885097,74.1940171963608,0.00032680426,1334,667.0,5ef5c11-dirty
0.003,0.2,8,0.02,1,0.006830729526041552,0.006830729526041552,0.0200273832565369,94.25066056397635,0.00032680426,767,383.5,5ef5c11-dirty
0.03,0.01,2,0.01,3,0.12476054630972509,0.12476054630972509,0.19529205937320518,10.675844374345765,3.956093e-5,3971,1985.5,5ef5c11-dirty
0.1,0.01,8,0.01,7,0.2693926764585697,0.2693926764585697,0.5141579971853978,4.437975288906495,5.042856e-5,11513,5756.5,5ef5c11-dirty
0.1,0.2,8,0.01,8,0.1587815254083066,0.1587815254083066,0.17231634302315157,3.9591204269185654,0.00089239184,767,383.5,5ef5c11-dirty
0.01,0.2,8,0.02,1,-0.05492431109010568,0.005748055606717946,-0.05492431109010568,33.506480704663396,0.00032680426,767,383.5,5ef5c11-dirty
0.01,0.1,8,0.02,1,0.006438561380262022,0.02574820515816757,0.006438561380262022,30.54867941971154,0.00032680426,1334,667.0,5ef5c11-dirty
0.3,0.2,8,0.01,8,0.1160381381517932,0.1160381381517932,0.20440753038014617,2.2496923619909612,0.00089239184,767,383.5,5ef5c11-dirty
0.001,0.02,2,0.02,1,-0.018164385905525948,-0.005372953205205257,-0.018164385905525948,1.2909069400968658,0.00032680426,2084,1042.0,5ef5c11-dirty
0.03,0.2,8,0.02,1,0.013491788444690135,0.013491788444690135,0.1707666195235591,14.791719994520971,0.00032680426,767,383.5,5ef5c11-dirty
0.0003,0.2,8,0.02,8,-0.06416788564585271,0.06669146059682372,-0.06416788564585271,752.0448320866482,0.00089239184,767,383.5,5ef5c11-dirty
0.03,0.005,2,0.005,6,0.152265708825633,0.152265708825633,0.2722566110262165,5.972732187433566,0.000112622154,7739,3869.5,5ef5c11-dirty
0.1,0.2,8,0.02,1,0.04188493679375638,0.04188493679375638,0.35228060700465025,6.4531294933021135,0.00032680426,767,383.5,5ef5c11-dirty
0.0003,0.05,8,0.01,2,-0.011817700813556894,-0.0004947318698472633,-0.011817700813556894,75.39433745501363,9.048635e-6,2459,1229.5,5ef5c11-dirty
0.03,0.1,8,0.02,1,0.049010754958953295,0.049010754958953295,0.21721383956784607,14.712591070904123,0.00032680426,1334,667.0,5ef5c11-dirty
0.001,0.02,8,0.02,4,0.00032905597343081526,0.014698968245095357,0.00032905597343081526,3.5368341555618033,1.708457e-5,5852,2926.0,5ef5c11-dirty
0.001,0.2,8,0.02,8,-0.06164086279568999,0.0666069182405382,-0.06164086279568999,225.57425839443215,0.00089239184,767,383.5,5ef5c11-dirty
0.3,0.2,8,0.02,1,0.11793222576404344,0.11793222576404344,0.33473535674454713,3.6296870486573867,0.00032680426,767,383.5,5ef5c11-dirty
0.003,0.02,2,0.02,1,0.01471608719146688,0.01471608719146688,0.1619904314565221,17.659928656694724,0.00032680426,2084,1042.0,5ef5c11-dirty
0.003,0.2,8,0.02,8,-0.07378415442510147,0.0666078273059163,-0.07378415442510147,75.15280600746875,0.00089239184,767,383.5,5ef5c11-dirty
0.0003,0.2,8,0.0,2,-0.009576749625566887,-0.00024361791048257929,-0.009576749625566887,891.2591716204879,9.048635e-6,767,383.5,5ef5c11-dirty
0.1,0.1,8,0.02,1,0.09206532268017845,0.09206532268017845,0.42923370893469803,6.7290434482324555,0.00032680426,1334,667.0,5ef5c11-dirty
0.1,0.01,2,0.01,3,0.19113867243548666,0.19113867243548666,0.23229206025526197,5.8482370048985945,3.956093e-5,3971,1985.5,5ef5c11-dirty
0.001,0.2,8,0.0,2,-0.004534858723902717,0.0005812339418045802,-0.004534858723902717,267.35439330017203,9.048635e-6,767,383.5,5ef5c11-dirty
0.01,0.2,8,0.02,8,-0.013110788630565584,0.07024974025196346,-0.013110788630565584,24.229673650413726,0.00089239184,767,383.5,5ef5c11-dirty
0.003,0.2,8,0.0,2,0.0029367664482468844,0.0029367664482468844,0.009913934874381287,89.09798238062902,9.048635e-6,767,383.5,5ef5c11-dirty
0.001,0.05,8,0.01,2,-0.04424972622929395,-0.000504462164155892,-0.04424972622929395,22.639449997576847,9.048635e-6,2459,1229.5,5ef5c11-dirty
0.03,0.2,8,0.02,8,0.06605083789700851,0.06605083789700851,0.08619719780110571,9.530012058811426,0.00089239184,767,383.5,5ef5c11-dirty
0.01,0.2,8,0.0,2,0.011186990122664407,0.011186990122664407,0.06054861312042178,26.716080489028712,9.048635e-6,767,383.5,5ef5c11-dirty
0.3,0.1,8,0.02,1,0.20045520692362812,0.20045520692362812,0.35786808568332185,3.8481338965370595,0.00032680426,1334,667.0,5ef5c11-dirty
0.01,0.02,2,0.02,1,0.04684379579665223,0.04684379579665223,0.1665838999667099,26.511399850243865,0.00032680426,2084,1042.0,5ef5c11-dirty
0.03,0.2,8,0.0,2,0.03478792132351322,0.03478792132351322,0.20103032809697932,8.914063285864904,9.048635e-6,767,383.5,5ef5c11-dirty
0.1,0.2,8,0.02,8,0.06768675447792727,0.06768675447792727,0.11584963193315792,5.171814086646875,0.00089239184,767,383.5,5ef5c11-dirty
0.0003,0.1,8,0.0,2,-0.0082709075911834,0.0002159144538026674,-0.0082709075911834,701.5801325507408,9.048635e-6,1334,667.0,5ef5c11-dirty
0.1,0.2,8,0.0,2,0.11643361735244814,0.11643361735244814,0.5352023968032116,2.7574560619006436,9.048635e-6,767,383.5,5ef5c11-dirty
0.3,0.2,8,0.02,8,0.06451865672834833,0.06451865672834833,0.09279831038843714,2.9727837794860923,0.00089239184,767,383.5,5ef5c11-dirty
0.3,0.2,8,0.0,2,0.31406053590750854,0.31406053590750854,0.7271889794473793,1.1713318707940488,9.048635e-6,767,383.5,5ef5c11-dirty
0.001,0.1,8,0.0,2,-0.0002040298154823292,0.0021176254448922478,-0.0002040298154823292,210.46232320764503,9.048635e-6,1334,667.0,5ef5c11-dirty
0.0003,0.05,2,0.0,1,0.045217277921447294,0.045217277921447294,0.21989813754323026,16.734865169457525,0.00032680426,953,476.5,5ef5c11-dirty
0.03,0.02,2,0.02,1,0.07054794423648346,0.07054794423648346,0.26743285010251083,15.75863059486447,0.00032680426,2084,1042.0,5ef5c11-dirty
0.0003,0.2,8,0.005,2,-0.03184604437585297,0.000772891522788837,-0.03184604437585297,891.1341581990146,9.048635e-6,767,383.5,5ef5c11-dirty
0.003,0.05,8,0.01,2,0.04694029305476182,0.04694029305476182,0.07282224056264744,19.5513855658843,9.048635e-6,2459,1229.5,5ef5c11-dirty
0.3,0.01,2,0.01,3,0.24845845280114554,0.24845845280114554,0.44538157395328526,3.1392974216645366,3.956093e-5,3971,1985.5,5ef5c11-dirty
0.001,0.05,2,0.0,1,0.16455413227857643,0.16455413227857643,0.6252513191106572,5.014801456945549,0.00032680426,953,476.5,5ef5c11-dirty
0.003,0.1,8,0.0,2,0.007545748139836854,0.007545748139836854,0.022901696483536994,70.14464135416364,9.048635e-6,1334,667.0,5ef5c11-dirty
0.001,0.2,8,0.005,2,-0.010844139664251544,0.0025486856843171713,-0.010844139664251544,267.3904578976286,9.048635e-6,767,383.5,5ef5c11-dirty
0.003,0.05,2,0.0,1,0.456692642726511,0.456692642726511,0.9189348671311816,1.6751079677211171,0.00032680426,953,476.5,5ef5c11-dirty
0.01,0.1,8,0.0,2,0.0265354180540993,0.0265354180540993,0.10345382863467564,21.038450038095732,9.048635e-6,1334,667.0,5ef5c11-dirty
0.003,0.02,8,0.02,4,0.0010196525646137549,0.0687063907997085,0.0010196525646137549,3.0367531078542274,1.708457e-5,5852,2926.0,5ef5c11-dirty
0.01,0.05,2,0.0,1,0.8565223958486811,0.8565223958486811,0.9782048978746993,0.5383138858418183,0.00032680426,953,476.5,5ef5c11-dirty
0.003,0.2,8,0.005,2,-0.0014056287700725245,0.005104177630659512,-0.0014056287700725245,89.14954548743547,9.048635e-6,767,383.5,5ef5c11-dirty
0.1,0.005,2,0.005,6,0.30084092177276167,0.30084092177276167,0.5418966734023781,3.2075703080332034,0.000112622154,7739,3869.5,5ef5c11-dirty
0.03,0.1,8,0.0,2,0.08058389950771713,0.08058389950771713,0.3166049981033194,7.022485378085369,9.048635e-6,1334,667.0,5ef5c11-dirty
0.03,0.05,2,0.0,1,0.9639801696624875,0.9639801696624875,0.9822488306397021,0.2741590266805921,0.00032680426,953,476.5,5ef5c11-dirty
0.01,0.2,8,0.005,2,0.02624529325841711,0.032812050322586724,0.02624529325841711,28.151565833391903,9.048635e-6,767,383.5,5ef5c11-dirty
0.1,0.02,2,0.02,1,0.12786745922291007,0.12786745922291007,0.42471305722793656,7.758469240572612,0.00032680426,2084,1042.0,5ef5c11-dirty
0.01,0.05,8,0.01,2,0.03406256445655077,0.03406256445655077,0.10644795480912432,13.029225615208992,9.048635e-6,2459,1229.5,5ef5c11-dirty
0.1,0.05,2,0.0,1,0.9773643414904283,0.9773643414904283,0.982124985525253,0.23031875560546342,0.00032680426,953,476.5,5ef5c11-dirty
0.1,0.1,8,0.0,2,0.2591252246401561,0.2591252246401561,0.7046866644053182,2.1661562270267365,9.048635e-6,1334,667.0,5ef5c11-dirty
0.03,0.2,8,0.005,2,0.053201778199424545,0.053201778199424545,0.10710171519215349,10.817839984579518,9.048635e-6,767,383.5,5ef5c11-dirty
0.3,0.05,2,0.0,1,0.9779919966083102,0.9779919966083102,0.98178066076201,0.22785456069586246,0.00032680426,953,476.5,5ef5c11-dirty
0.1,0.2,8,0.005,2,0.06029575736098742,0.06029575736098742,0.1609040701116943,4.24020101476799,9.048635e-6,767,383.5,5ef5c11-dirty
0.3,0.1,8,0.0,2,0.5869662950778239,0.5869662950778239,0.8480546350404045,0.8963254508244077,9.048635e-6,1334,667.0,5ef5c11-dirty
0.0003,0.05,2,0.005,1,-0.026902308387217397,-0.007517891150696814,-0.026902308387217397,16.84020392427416,0.00032680426,953,476.5,5ef5c11-dirty
0.3,0.02,2,0.02,1,0.25006642322129086,0.25006642322129086,0.4277226528143726,4.351913437240974,0.00032680426,2084,1042.0,5ef5c11-dirty
0.3,0.2,8,0.005,2,0.18283747525841448,0.18283747525841448,0.34679593893288263,2.0375180448484134,9.048635e-6,767,383.5,5ef5c11-dirty
0.0003,0.01,2,0.02,3,-0.05783422399033776,-0.05783422399033776,0.0038831113019605363,573.0214209771917,3.956093e-5,3971,1985.5,5ef5c11-dirty
0.001,0.05,2,0.005,1,-0.07625029171445963,0.015363130797464958,-0.07625029171445963,46.34356607266603,0.00032680426,953,476.5,5ef5c11-dirty
0.03,0.05,8,0.01,2,0.04444393999905633,0.04444393999905633,0.11392117528374056,8.86641239422473,9.048635e-6,2459,1229.5,5ef5c11-dirty
0.0003,0.2,8,0.01,2,-0.011741314811062014,-0.0005122328874126315,-0.011741314811062014,891.592330416894,9.048635e-6,767,383.5,5ef5c11-dirty
0.0003,0.1,8,0.005,2,-0.032874828455548843,-0.0009539894439837822,-0.032874828455548843,709.6288673274568,9.048635e-6,1334,667.0,5ef5c11-dirty
0.3,0.01,8,0.01,7,0.3455645892411036,0.3455645892411036,0.6188116843950532,2.6332273464612204,5.042856e-5,11513,5756.5,5ef5c11-dirty
0.0003,0.02,2,0.0,2,0.3372328104450284,0.3372328104450284,0.7395448050574808,2.564446566198864,9.048635e-6,2084,1042.0,5ef5c11-dirty
0.003,0.05,2,0.005,1,-0.01996356752939551,0.015058975412717347,-0.01996356752939551,20.83613324947345,0.00032680426,953,476.5,5ef5c11-dirty
0.001,0.2,8,0.01,2,-0.020519143927975603,-0.0005116953911190767,-0.020519143927975603,267.48202924294765,9.048635e-6,767,383.5,5ef5c11-dirty
0.001,0.1,8,0.005,2,-0.003893576144446989,0.002495634366117315,-0.003893576144446989,213.82902929530871,9.048635e-6,1334,667.0,5ef5c11-dirty
0.003,0.2,8,0.01,2,-0.024849879413859344,0.004363459881190792,-0.024849879413859344,89.30325875669348,9.048635e-6,767,383.5,5ef5c11-dirty
0.01,0.05,2,0.005,1,-0.1007859663482599,0.11312840025117533,-0.1007859663482599,10.588678321659401,0.00032680426,953,476.5,5ef5c11-dirty
0.001,0.02,2,0.0,2,0.763851261828172,0.763851261828172,0.9566583203679364,0.7837768620088955,9.048635e-6,2084,1042.0,5ef5c11-dirty
0.01,0.2,8,0.01,2,0.017688290888580354,0.017688290888580354,0.0486512997597662,27.90767381706278,9.048635e-6,767,383.5,5ef5c11-dirty
0.03,0.05,2,0.005,1,0.1544127016110397,0.1544127016110397,0.3519323037995967,6.6107143906019905,0.00032680426,953,476.5,5ef5c11-dirty
0.01,0.02,8,0.02,4,-0.051364105692173936,0.04048450196034788,-0.051364105692173936,12.225522329109857,1.708457e-5,5852,2926.0,5ef5c11-dirty
0.1,0.05,8,0.01,2,0.11098188416247039,0.11098188416247039,0.1674954173363051,4.980394712242286,9.048635e-6,2459,1229.5,5ef5c11-dirty
0.003,0.1,8,0.005,2,0.005109497375056701,0.005109497375056701,0.008037253996810987,71.62547364111886,9.048635e-6,1334,667.0,5ef5c11-dirty
0.03,0.2,8,0.01,2,0.03172859359101201,0.03172859359101201,0.07736405295880425,11.13634692207491,9.048635e-6,767,383.5,5ef5c11-dirty
0.003,0.02,2,0.0,2,0.9529566995756602,0.9529566995756602,0.9849738596614148,0.30371491372513476,9.048635e-6,2084,1042.0,5ef5c11-dirty
0.1,0.05,2,0.005,1,0.251894166625274,0.251894166625274,0.5164295900567656,3.4860778680135347,0.00032680426,953,476.5,5ef5c11-dirty
0.001,0.01,2,0.02,3,0.033534798424729104,0.033534798424729104,0.04768492775050609,224.4938723204582,3.956093e-5,3971,1985.5,5ef5c11-dirty
0.1,0.2,8,0.01,2,0.036122049597873074,0.036122049597873074,0.10703374104875683,4.821570730653338,9.048635e-6,767,383.5,5ef5c11-dirty
0.3,0.005,2,0.005,6,0.49584208775473443,0.49584208775473443,0.7055008202612294,1.7513549442514575,0.000112622154,7739,3869.5,5ef5c11-dirty
0.3,0.05,2,0.005,1,0.38931262888498513,0.38931262888498513,0.694201129376481,1.9734245604102454,0.00032680426,953,476.5,5ef5c11-dirty
0.01,0.1,8,0.005,2,0.04555131351261972,0.04555131351261972,0.054188021797582024,23.68140186574316,9.048635e-6,1334,667.0,5ef5c11-dirty
0.01,0.02,2,0.0,2,0.985008941543567,0.985008941543567,0.9876693829093406,0.17924811402252355,9.048635e-6,2084,1042.0,5ef5c11-dirty
0.3,0.2,8,0.01,2,0.11091815798775029,0.11091815798775029,0.23968604199311477,2.6161862125619617,9.048635e-6,767,383.5,5ef5c11-dirty
0.0003,0.05,2,0.01,1,-0.018425844916642297,-0.008163300820645352,-0.018425844916642297,16.79609913137086,0.00032680426,953,476.5,5ef5c11-dirty
0.3,0.05,8,0.01,2,0.22778978529240293,0.22778978529240293,0.3900391029879068,2.8578885838141654,9.048635e-6,2459,1229.5,5ef5c11-dirty
0.0003,0.2,8,0.02,2,-0.01290332652337275,-0.0008167575020647412,-0.01290332652337275,907.3034808924857,9.048635e-6,767,383.5,5ef5c11-dirty
0.03,0.1,8,0.005,2,0.07762867300063925,0.07762867300063925,0.15284143774640904,9.781101733127942,9.048635e-6,1334,667.0,5ef5c11-dirty
0.03,0.02,2,0.0,2,0.9877342828590205,0.9880308560768608,0.9877342828590205,0.1635765697189148,9.048635e-6,2084,1042.0,5ef5c11-dirty
0.001,0.05,2,0.01,1,-0.025128955621582977,0.006133621143816688,-0.025128955621582977,27.69022372936647,0.00032680426,953,476.5,5ef5c11-dirty
0.001,0.2,8,0.02,2,-0.018148103724836058,-0.0008164171735538723,-0.018148103724836058,272.1922549655499,9.048635e-6,767,383.5,5ef5c11-dirty
0.003,0.05,2,0.01,1,0.013979102001467845,0.013979102001467845,0.024083412312072016,31.867886673800943,0.00032680426,953,476.5,5ef5c11-dirty
0.1,0.1,8,0.005,2,0.12120860038966476,0.12120860038966476,0.23462025213085694,4.195607677334002,9.048635e-6,1334,667.0,5ef5c11-dirty
0.003,0.2,8,0.02,2,-0.017601021264365267,-0.0008162254160070385,-0.017601021264365267,90.73643707103895,9.048635e-6,767,383.5,5ef5c11-dirty
0.1,0.02,2,0.0,2,0.9875766921616221,0.9883132962429018,0.9875766921616221,0.16202984596804781,9.048635e-6,2084,1042.0,5ef5c11-dirty
0.003,0.01,2,0.02,3,0.038320644922403994,0.038320644922403994,0.05005727456929815,77.27866984024554,3.956093e-5,3971,1985.5,5ef5c11-dirty
0.01,0.05,2,0.01,1,0.151615497444522,0.151615497444522,0.20364438359839215,20.880834797218156,0.00032680426,953,476.5,5ef5c11-dirty
0.01,0.2,8,0.02,2,-0.021368428600782384,-0.0006240040749387412,-0.021368428600782384,27.423071809781543,9.048635e-6,767,383.5,5ef5c11-dirty
0.0003,0.05,8,0.02,2,-0.012973748783077907,-0.000818836789345318,-0.012973748783077907,76.69279113178544,9.048635e-6,2459,1229.5,5ef5c11-dirty
0.03,0.05,2,0.01,1,0.11948093385218544,0.11948093385218544,0.2528412880865484,10.42725421617381,0.00032680426,953,476.5,5ef5c11-dirty
0.3,0.02,2,0.0,2,0.9867229075479649,0.9877309933107842,0.9867229075479649,0.16516113162737417,9.048635e-6,2084,1042.0,5ef5c11-dirty
0.03,0.2,8,0.02,2,0.015509951022318134,0.015509951022318134,0.056346893501658106,10.995830061700348,9.048635e-6,767,383.5,5ef5c11-dirty
0.3,0.1,8,0.005,2,0.2737060619357195,0.2737060619357195,0.44576039569630554,2.0894841424752704,9.048635e-6,1334,667.0,5ef5c11-dirty
0.03,0.02,8,0.02,4,0.09860865075743337,0.09860865075743337,0.10124149329962687,10.39941872182567,1.708457e-5,5852,2926.0,5ef5c11-dirty
0.1,0.05,2,0.01,1,0.11558507019787959,0.11558507019787959,0.4418481179725707,5.131929961649361,0.00032680426,953,476.5,5ef5c11-dirty
0.1,0.2,8,0.02,2,-0.02902691390616432,-0.02902691390616432,0.18589521375804927,5.26776537121318,9.048635e-6,767,383.5,5ef5c11-dirty
0.3,0.2,8,0.02,2,0.09935328799613137,0.09935328799613137,0.23999657815558034,3.0688900175428118,9.048635e-6,767,383.5,5ef5c11-dirty
0.0003,0.1,8,0.01,2,-0.011736760990202214,-0.0005108444444557344,-0.011736760990202214,701.8647845621588,9.048635e-6,1334,667.0,5ef5c11-dirty
0.3,0.05,2,0.01,1,0.2036029328647522,0.2036029328647522,0.6455135158520937,2.820313643644146,0.00032680426,953,476.5,5ef5c11-dirty
0.0003,0.02,2,0.005,2,-0.0716593899251063,-0.015428983684334378,-0.0716593899251063,122.6305059426423,9.048635e-6,2084,1042.0,5ef5c11-dirty
0.0003,0.2,8,0.0,3,-0.09582326385532139,0.03365053163060258,-0.09582326385532139,918.6873803485995,3.956093e-5,767,383.5,5ef5c11-dirty
0.001,0.05,8,0.02,2,-0.004350358559429464,-0.0008223377943514131,-0.004350358559429464,23.028854974543282,9.048635e-6,2459,1229.5,5ef5c11-dirty
0.01,0.01,2,0.02,3,0.05694823570169272,0.05694823570169272,0.06052005286172352,31.753632507542605,3.956093e-5,3971,1985.5,5ef5c11-dirty
0.0003,0.05,2,0.02,1,-0.020759682833532248,-0.006341500241153811,-0.020759682833532248,17.010040864374837,0.00032680426,953,476.5,5ef5c11-dirty
0.001,0.2,8,0.0,3,-0.0899492563407948,0.03455285856166643,-0.0899492563407948,275.55441495274215,3.956093e-5,767,383.5,5ef5c11-dirty
0.0003,0.005,2,0.01,6,0.040114661320246665,0.040114661320246665,0.04914747185749505,119.02345681929904,0.000112622154,7739,3869.5,5ef5c11-dirty
0.001,0.1,8,0.01,2,-0.01953590846428749,-0.0005102456110054557,-0.01953590846428749,210.563339573293,9.048635e-6,1334,667.0,5ef5c11-dirty
0.003,0.2,8,0.0,3,-0.07313741305673901,0.037136297675288484,-0.07313741305673901,91.80649276844348,3.956093e-5,767,383.5,5ef5c11-dirty
0.001,0.05,2,0.02,1,-0.02061160678190849,-0.006478950641063224,-0.02061160678190849,5.195428646603534,0.00032680426,953,476.5,5ef5c11-dirty
0.01,0.2,8,0.0,3,-0.01347034287445137,0.04617080133464589,-0.01347034287445137,27.502072563740327,3.956093e-5,767,383.5,5ef5c11-dirty
0.001,0.02,2,0.005,2,0.007233292962274843,0.007233292962274843,0.029578255787477185,53.449473562293015,9.048635e-6,2084,1042.0,5ef5c11-dirty
0.03,0.2,8,0.0,3,0.0719756881348543,0.0719756881348543,0.15586780649713028,9.150521110063643,3.956093e-5,767,383.5,5ef5c11-dirty
0.003,0.05,2,0.02,1,0.01530066901029056,0.01530066901029056,0.0946968187919852,10.466552955601136,0.00032680426,953,476.5,5ef5c11-dirty
0.0003,0.01,8,0.02,7,-0.049426929825907046,-0.044597891768371214,-0.049426929825907046,7.6960720425650955,5.042856e-5,11513,5756.5,5ef5c11-dirty
0.003,0.1,8,0.01,2,-0.030151420362691028,0.012635069875860872,-0.030151420362691028,71.00877691189316,9.048635e-6,1334,667.0,5ef5c11-dirty
0.1,0.2,8,0.0,3,0.16026653324994153,0.16026653324994153,0.5495578390354334,2.8018647523347133,3.956093e-5,767,383.5,5ef5c11-dirty
0.003,0.05,8,0.02,2,-0.0024876992622081045,-0.0008172078766566772,-0.0024876992622081045,7.7344937496940585,9.048635e-6,2459,1229.5,5ef5c11-dirty
0.01,0.05,2,0.02,1,0.0405295443230053,0.0405295443230053,0.11087061637096594,24.654949323394202,0.00032680426,953,476.5,5ef5c11-dirty
0.3,0.2,8,0.0,3,0.3614686458419224,0.3614686458419224,0.7461916820408339,1.1677414521437246,3.956093e-5,767,383.5,5ef5c11-dirty
0.01,0.1,8,0.01,2,0.018844612861003914,0.018844612861003914,0.08572011933025037,23.890779628505808,9.048635e-6,1334,667.0,5ef5c11-dirty
0.003,0.02,2,0.005,2,0.025058421663368326,0.025058421663368326,0.0578596830727034,20.899079298403052,9.048635e-6,2084,1042.0,5ef5c11-dirty
0.0003,0.2,8,0.005,3,-0.09837084345264292,0.03325471358529467,-0.09837084345264292,920.948026683084,3.956093e-5,767,383.5,5ef5c11-dirty
0.03,0.05,2,0.02,1,0.06550904881236366,0.06550904881236366,0.2473224342851373,14.554741731812934,0.00032680426,953,476.5,5ef5c11-dirty
0.03,0.01,2,0.02,3,0.09511906964375405,0.11985800859778158,0.09511906964375405,15.749990475564843,3.956093e-5,3971,1985.5,5ef5c11-dirty
0.001,0.2,8,0.005,3,-0.09872530900766173,0.033255059254359044,-0.09872530900766173,276.2621908428557,3.956093e-5,767,383.5,5ef5c11-dirty
0.1,0.05,2,0.02,1,0.12027373033040392,0.12027373033040392,0.43599475945103117,7.009238414825517,0.00032680426,953,476.5,5ef5c11-dirty
0.1,0.02,8,0.02,4,0.15235050787103793,0.15259527834614423,0.15235050787103793,7.160777990638242,1.708457e-5,5852,2926.0,5ef5c11-dirty
0.03,0.1,8,0.01,2,0.03699932583187012,0.03699932583187012,0.09271264081888472,10.693123568573156,9.048635e-6,1334,667.0,5ef5c11-dirty
0.01,0.05,8,0.02,2,-0.01115342917896809,-0.0008149162133883665,-0.01115342917896809,2.5093098427824208,9.048635e-6,2459,1229.5,5ef5c11-dirty
0.003,0.2,8,0.005,3,-0.08300218070820754,0.04721188097327779,-0.08300218070820754,93.58421332442686,3.956093e-5,767,383.5,5ef5c11-dirty
0.3,0.05,2,0.02,1,0.2422662639175073,0.2422662639175073,0.38515831190856564,4.065369306476878,0.00032680426,953,476.5,5ef5c11-dirty
0.01,0.02,2,0.005,2,0.08973185288434704,0.08973185288434704,0.10265313255234457,12.287893807573708,9.048635e-6,2084,1042.0,5ef5c11-dirty
0.01,0.2,8,0.005,3,-0.03088400157983302,0.05321202332178266,-0.03088400157983302,30.44450473667657,3.956093e-5,767,383.5,5ef5c11-dirty
0.0003,0.05,2,0.0,2,0.048578181828299344,0.048578181828299344,0.17921336375865196,15.977378288951497,9.048635e-6,953,476.5,5ef5c11-dirty
0.1,0.1,8,0.01,2,0.0776547836708706,0.0776547836708706,0.13986120368978566,5.112535956827332,9.048635e-6,1334,667.0,5ef5c11-dirty
0.001,0.05,2,0.0,2,0.1591595693698865,0.1591595693698865,0.4966114805322725,4.811051992427483,9.048635e-6,953,476.5,5ef5c11-dirty
0.03,0.2,8,0.005,3,-0.0752069873307634,0.07641628852392975,-0.0752069873307634,11.035192172668557,3.956093e-5,767,383.5,5ef5c11-dirty
0.003,0.05,2,0.0,2,0.42931684106661616,0.42931684106661616,0.8291090759604767,1.6441729699410466,9.048635e-6,953,476.5,5ef5c11-dirty
0.1,0.01,2,0.02,3,0.051785266610719485,0.1440209318076318,0.051785266610719485,7.5394017946230205,3.956093e-5,3971,1985.5,5ef5c11-dirty
0.03,0.02,2,0.005,2,0.0900362965228737,0.0900362965228737,0.21462973773127692,7.186559948023956,9.048635e-6,2084,1042.0,5ef5c11-dirty
0.1,0.2,8,0.005,3,0.11400753125099129,0.11400753125099129,0.325639789573841,4.081607075371058,3.956093e-5,767,383.5,5ef5c11-dirty
0.3,0.1,8,0.01,2,0.16779564684455223,0.16779564684455223,0.3240690482579904,2.766906011780947,9.048635e-6,1334,667.0,5ef5c11-dirty
0.03,0.05,8,0.02,2,0.09304894864590912,0.09304894864590912,0.10182603817807054,9.200912028589801,9.048635e-6,2459,1229.5,5ef5c11-dirty
0.001,0.005,2,0.01,6,0.0407562787224234,0.0407562787224234,0.08217562780038995,44.78830109475351,0.000112622154,7739,3869.5,5ef5c11-dirty
0.01,0.05,2,0.0,2,0.8071775772036045,0.8071775772036045,0.9322138738106787,0.6093482701803549,9.048635e-6,953,476.5,5ef5c11-dirty
0.3,0.2,8,0.005,3,0.21112784189935857,0.21112784189935857,0.4629754954494078,1.9771224480663934,3.956093e-5,767,383.5,5ef5c11-dirty
0.03,0.05,2,0.0,2,0.9170763308217615,0.9170763308217615,0.9434533800199852,0.4056432656233571,9.048635e-6,953,476.5,5ef5c11-dirty
0.1,0.05,2,0.0,2,0.9329699646550915,0.9329699646550915,0.9447386848014826,0.37491652497960937,9.048635e-6,953,476.5,5ef5c11-dirty
0.0003,0.1,8,0.02,2,-0.012899960763374565,-0.0008147083552415145,-0.012899960763374565,714.2244711227681,9.048635e-6,1334,667.0,5ef5c11-dirty
0.0003,0.2,8,0.01,3,-0.09702652444271233,0.03350093616088145,-0.09702652444271233,915.0631163325965,3.956093e-5,767,383.5,5ef5c11-dirty
0.1,0.02,2,0.005,2,0.18282280440672363,0.18282280440672363,0.34858409436154236,4.003155837125289,9.048635e-6,2084,1042.0,5ef5c11-dirty
0.3,0.05,2,0.0,2,0.9338095189891105,0.9338095189891105,0.9443665587035937,0.3734336543231834,9.048635e-6,953,476.5,5ef5c11-dirty
0.001,0.2,8,0.01,3,-0.09702447425863496,0.033501082976897675,-0.09702447425863496,274.4981489923983,3.956093e-5,767,383.5,5ef5c11-dirty
0.1,0.05,8,0.02,2,0.15587754952058222,0.15587754952058222,0.23953048526360193,5.419747135570067,9.048635e-6,2459,1229.5,5ef5c11-dirty
0.001,0.1,8,0.02,2,-0.014603784464677408,-0.0008141959499900268,-0.014603784464677408,214.27018470203177,9.048635e-6,1334,667.0,5ef5c11-dirty
0.0003,0.05,2,0.005,2,-0.07531462753464349,-0.01113760194304864,-0.07531462753464349,112.95060235236726,9.048635e-6,953,476.5,5ef5c11-dirty
0.003,0.2,8,0.01,3,-0.090610232240067,0.03350128820268647,-0.090610232240067,91.48151616810074,3.956093e-5,767,383.5,5ef5c11-dirty
0.3,0.02,8,0.02,4,0.228399624028237,0.228399624028237,0.22988206483432447,4.165985401605572,1.708457e-5,5852,2926.0,5ef5c11-dirty
0.3,0.01,2,0.02,3,0.24255421755913606,0.24255421755913606,0.28779635920256247,4.222447648374134,3.956093e-5,3971,1985.5,5ef5c11-dirty
0.3,0.02,2,0.005,2,0.402402308756302,0.402402308756302,0.5866863687879764,2.0765050959953344,9.048635e-6,2084,1042.0,5ef5c11-dirty
0.001,0.05,2,0.005,2,0.012964147802313083,0.012964147802313083,0.023680144445951446,47.44525047731213,9.048635e-6,953,476.5,5ef5c11-dirty
0.01,0.2,8,0.01,3,0.02274232878196427,0.029674597142618414,0.02274232878196427,30.226890128678406,3.956093e-5,767,383.5,5ef5c11-dirty
0.003,0.1,8,0.02,2,-0.012690960048836963,-0.0008142383540396146,-0.012690960048836963,71.43038171808136,9.048635e-6,1334,667.0,5ef5c11-dirty
0.003,0.05,2,0.005,2,0.031106069452950053,0.031106069452950053,0.04696508379001182,18.604591291622224,9.048635e-6,953,476.5,5ef5c11-dirty
0.03,0.2,8,0.01,3,0.062187583534805004,0.062187583534805004,0.09507844381510464,12.523542422411323,3.956093e-5,767,383.5,5ef5c11-dirty
0.01,0.05,2,0.005,2,0.09005992022970138,0.09812155949986487,0.09005992022970138,11.459582531673945,9.048635e-6,953,476.5,5ef5c11-dirty
0.3,0.05,8,0.02,2,0.26567597987128866,0.26567597987128866,0.31830415987302846,3.627225788691878,9.048635e-6,2459,1229.5,5ef5c11-dirty
0.0003,0.02,2,0.01,2,0.0018041654619430757,0.0018041654619430757,0.006015267156998505,2.806926882268744,9.048635e-6,2084,1042.0,5ef5c11-dirty
0.01,0.1,8,0.02,2,-0.021023518553597815,-0.0008130609077030635,-0.021023518553597815,21.450836583315674,9.048635e-6,1334,667.0,5ef5c11-dirty
0.1,0.2,8,0.01,3,0.11753782191982773,0.11753782191982773,0.12076357621890427,5.3904757508012375,3.956093e-5,767,383.5,5ef5c11-dirty
0.0003,0.01,2,0.0,4,0.2673370040454036,0.2673370040454036,0.6730207884105384,3.62114122214117,1.708457e-5,3971,1985.5,5ef5c11-dirty
0.03,0.05,2,0.005,2,0.11246363917165762,0.11246363917165762,0.19434974442390415,6.687425007257656,9.048635e-6,953,476.5,5ef5c11-dirty
0.3,0.2,8,0.01,3,0.12710277246650328,0.12710277246650328,0.2740946807659906,2.6885160899870866,3.956093e-5,767,383.5,5ef5c11-dirty
0.001,0.01,8,0.02,7,-0.03539845609477698,-0.013737020688274678,-0.03539845609477698,29.157793821022825,5.042856e-5,11513,5756.5,5ef5c11-dirty
0.03,0.1,8,0.02,2,0.031017289049379504,0.031017289049379504,0.07107196257080303,10.42867285846427,9.048635e-6,1334,667.0,5ef5c11-dirty
0.1,0.05,2,0.005,2,0.17306316020876486,0.17306316020876486,0.30019428254575065,3.7800880941532875,9.048635e-6,953,476.5,5ef5c11-dirty
0.0003,0.2,8,0.02,3,-0.06727853399529111,0.0048941994971205965,-0.06727853399529111,1046.7460720137456,3.956093e-5,767,383.5,5ef5c11-dirty
0.0003,0.05,8,0.0,3,-0.057243659245911745,0.04402418315162144,-0.057243659245911745,77.71771743928667,3.956093e-5,2459,1229.5,5ef5c11-dirty
0.003,0.005,2,0.01,6,0.04244805722887571,0.04244805722887571,0.0677545911812121,28.983477664986076,0.000112622154,7739,3869.5,5ef5c11-dirty
0.001,0.02,2,0.01,2,-0.04416720759297995,0.0017169373710916023,-0.04416720759297995,1.2721303348688358,9.048635e-6,2084,1042.0,5ef5c11-dirty
0.0003,0.02,8,0.0,5,0.10562530842980647,0.10562530842980647,0.2918001277069738,10.692972201370718,0.00036867431,5852,2926.0,5ef5c11-dirty
0.001,0.2,8,0.02,3,-0.022562501663984998,0.0322273959135297,-0.022562501663984998,334.5555177055689,3.956093e-5,767,383.5,5ef5c11-dirty
0.3,0.05,2,0.005,2,0.3631935202489424,0.3631935202489424,0.5275302354067185,1.986381806376571,9.048635e-6,953,476.5,5ef5c11-dirty
0.1,0.1,8,0.02,2,0.06785680642624266,0.06785680642624266,0.22648040553142074,5.156257071774651,9.048635e-6,1334,667.0,5ef5c11-dirty
0.001,0.01,2,0.0,4,0.6700204241600713,0.6700204241600713,0.9398784824161972,1.0842693361514277,1.708457e-5,3971,1985.5,5ef5c11-dirty
0.003,0.2,8,0.02,3,-0.018519805296609265,0.035166558320644165,-0.018519805296609265,112.75076848043456,3.956093e-5,767,383.5,5ef5c11-dirty
0.0003,0.05,2,0.01,2,0.0005437083530916829,0.0005437083530916829,0.01100083861332297,16.070163536283022,9.048635e-6,953,476.5,5ef5c11-dirty
0.001,0.05,8,0.0,3,0.04009005925325278,0.06918827206142003,0.04009005925325278,23.3036402828244,3.956093e-5,2459,1229.5,5ef5c11-dirty
0.01,0.2,8,0.02,3,-0.009197770523711072,0.042527629742574645,-0.009197770523711072,36.27655578453186,3.956093e-5,767,383.5,5ef5c11-dirty
0.003,0.02,2,0.01,2,0.041001537720294405,0.041001537720294405,0.14683051427072127,18.857492062988516,9.048635e-6,2084,1042.0,5ef5c11-dirty
0.001,0.05,2,0.01,2,-0.04147892595694286,0.0004581962084386362,-0.04147892595694286,4.913745329815107,9.048635e-6,953,476.5,5ef5c11-dirty
0.3,0.1,8,0.02,2,0.21653280223039129,0.21653280223039129,0.273217456346547,3.3128833977709524,9.048635e-6,1334,667.0,5ef5c11-dirty
0.03,0.2,8,0.02,3,-0.07691450655195826,0.022996091310650293,-0.07691450655195826,14.758026187927799,3.956093e-5,767,383.5,5ef5c11-dirty
0.003,0.05,2,0.01,2,0.05007040442401023,0.05007040442401023,0.07383928719012538,18.406385124538367,9.048635e-6,953,476.5,5ef5c11-dirty
0.003,0.05,8,0.0,3,0.14009812154639836,0.14009812154639836,0.30431480105485204,7.760551090540166,3.956093e-5,2459,1229.5,5ef5c11-dirty
0.0003,0.1,8,0.0,3,-0.09440420734374477,0.03415361351872577,-0.09440420734374477,723.1766812810445,3.956093e-5,1334,667.0,5ef5c11-dirty
0.1,0.2,8,0.02,3,-0.11321559258653233,0.05608035001095101,-0.11321559258653233,6.4158259709138,3.956093e-5,767,383.5,5ef5c11-dirty
0.003,0.01,2,0.0,4,0.9361091900053506,0.9361091900053506,0.9838299172509876,0.3657846879975251,1.708457e-5,3971,1985.5,5ef5c11-dirty
0.01,0.05,2,0.01,2,0.03484357442374916,0.03484357442374916,0.1063523197313596,12.790276706465926,9.048635e-6,953,476.5,5ef5c11-dirty
0.01,0.02,2,0.01,2,0.02867668033736237,0.02867668033736237,0.10456290650596815,14.03582643847227,9.048635e-6,2084,1042.0,5ef5c11-dirty
0.001,0.1,8,0.0,3,-0.085165090010046,0.03623541628413108,-0.085165090010046,216.92141045938254,3.956093e-5,1334,667.0,5ef5c11-dirty
0.001,0.02,8,0.0,5,0.2961564125569677,0.2961564125569677,0.7802874931746947,3.2027939079706926,0.00036867431,5852,2926.0,5ef5c11-dirty
0.3,0.2,8,0.02,3,0.052456397184836724,0.13012641008030154,0.052456397184836724,3.140946878798095,3.956093e-5,767,383.5,5ef5c11-dirty
0.03,0.05,2,0.01,2,0.04479065881751088,0.04479065881751088,0.11449032367409337,8.815037842756265,9.048635e-6,953,476.5,5ef5c11-dirty
0.01,0.05,8,0.0,3,0.36623624281894795,0.36623624281894795,0.7869803309509122,2.3308722195399163,3.956093e-5,2459,1229.5,5ef5c11-dirty
0.0003,0.2,8,0.0,4,0.014364383858519793,0.014364383858519793,0.04466170767000855,892.283757899095,1.708457e-5,767,383.5,5ef5c11-dirty
0.003,0.1,8,0.0,3,-0.05865330973247015,0.04217790408664636,-0.05865330973247015,72.27939433307603,3.956093e-5,1334,667.0,5ef5c11-dirty
0.001,0.2,8,0.0,4,0.01510023261464681,0.01510023261464681,0.05076608014206648,267.6693516742757,1.708457e-5,767,383.5,5ef5c11-dirty
0.1,0.05,2,0.01,2,0.11123392067737768,0.11123392067737768,0.16726397557314374,4.970751585569633,9.048635e-6,953,476.5,5ef5c11-dirty
0.003,0.2,8,0.0,4,0.01720354700569606,0.01720354700569606,0.06814449503209005,89.2105683761029,1.708457e-5,767,383.5,5ef5c11-dirty
0.03,0.02,2,0.01,2,0.046974392063593766,0.046974392063593766,0.1423916643204374,9.569493964586943,9.048635e-6,2084,1042.0,5ef5c11-dirty
0.01,0.1,8,0.0,3,0.035350006900659675,0.0629552781308379,0.035350006900659675,21.658883287431745,3.956093e-5,1334,667.0,5ef5c11-dirty
0.01,0.01,2,0.0,4,0.9890685829168764,0.9918671422245914,0.9890685829168764,0.12907388145327414,1.708457e-5,3971,1985.5,5ef5c11-dirty
0.01,0.2,8,0.0,4,0.024555709094256892,0.024555709094256892,0.12770678796241583,26.758279302734252,1.708457e-5,767,383.5,5ef5c11-dirty
0.3,0.05,2,0.01,2,0.22812642204837577,0.22812642204837577,0.3903566340157282,2.854244721097866,9.048635e-6,953,476.5,5ef5c11-dirty
0.03,0.05,8,0.0,3,0.7355088860029643,0.7355088860029643,0.9528291120084648,0.8082360720407417,3.956093e-5,2459,1229.5,5ef5c11-dirty
0.03,0.2,8,0.0,4,0.04552468300238086,0.04552468300238086,0.27913099551046305,8.9398356606322,1.708457e-5,767,383.5,5ef5c11-dirty
0.03,0.1,8,0.0,3,0.12189006527332111,0.12189006527332111,0.2923618854104583,7.206843378147487,3.956093e-5,1334,667.0,5ef5c11-dirty
0.01,0.005,2,0.01,6,0.08327708824736865,0.08327708824736865,0.08586416575066712,15.803978536182754,0.000112622154,7739,3869.5,5ef5c11-dirty
0.0003,0.05,2,0.02,2,0.0006884807953946871,0.0006884807953946871,0.012344445898213237,16.3542659027288,9.048635e-6,953,476.5,5ef5c11-dirty
0.1,0.2,8,0.0,4,0.11704765788348494,0.11704765788348494,0.5494341687887035,2.7888508965458083,1.708457e-5,767,383.5,5ef5c11-dirty
0.1,0.1,8,0.0,3,0.31369206939827116,0.31369206939827116,0.7493480278869287,2.187328555929241,3.956093e-5,1334,667.0,5ef5c11-dirty
0.1,0.02,2,0.01,2,0.12551673905434974,0.12551673905434974,0.20371994031489335,5.350313172841044,9.048635e-6,2084,1042.0,5ef5c11-dirty
0.003,0.02,8,0.0,5,0.6665438995577206,0.6665438995577206,0.9645499963475761,1.065708323781115,0.00036867431,5852,2926.0,5ef5c11-dirty
0.001,0.05,2,0.02,2,-0.004056259971014731,0.0006236467841322029,-0.004056259971014731,4.997295062748746,9.048635e-6,953,476.5,5ef5c11-dirty
0.1,0.05,8,0.0,3,0.9374375129637887,0.9374375129637887,0.9733250793776524,0.34996940613139743,3.956093e-5,2459,1229.5,5ef5c11-dirty
0.3,0.1,8,0.0,3,0.6481070271943994,0.6481070271943994,0.894096926656529,0.8525274943443791,3.956093e-5,1334,667.0,5ef5c11-dirty
0.03,0.01,2,0.0,4,0.9894414879075637,0.997046401326803,0.9894414879075637,0.08305695924281489,1.708457e-5,3971,1985.5,5ef5c11-dirty
0.003,0.05,2,0.02,2,-0.002173413715486232,0.0006688170750383727,-0.002173413715486232,1.9135826546293024,9.048635e-6,953,476.5,5ef5c11-dirty
0.01,0.05,2,0.02,2,-0.01049619582964149,0.0007384246960043637,-0.01049619582964149,1.1131345892260844,9.048635e-6,953,476.5,5ef5c11-dirty
0.3,0.05,8,0.0,3,0.9635045070534141,0.9635045070534141,0.9737833163587601,0.2825264408721708,3.956093e-5,2459,1229.5,5ef5c11-dirty
0.3,0.02,2,0.01,2,0.2636049445326504,0.2636049445326504,0.44227805232496625,3.0411021367523747,9.048635e-6,2084,1042.0,5ef5c11-dirty
0.0003,0.1,8,0.005,3,-0.09837758340204492,0.033256873756546235,-0.09837758340204492,724.9624782027718,3.956093e-5,1334,667.0,5ef5c11-dirty
0.03,0.05,2,0.02,2,0.09338478450744743,0.09338478450744743,0.1012492117447178,9.171244140164726,9.048635e-6,953,476.5,5ef5c11-dirty
0.1,0.01,2,0.0,4,0.9894185068547445,0.9975687043911629,0.9894185068547445,0.07699781550001204,1.708457e-5,3971,1985.5,5ef5c11-dirty
0.001,0.1,8,0.005,3,-0.09839508243546168,0.033256779467739146,-0.09839508243546168,217.46669804932472,3.956093e-5,1334,667.0,5ef5c11-dirty
0.1,0.05,2,0.02,2,0.15578800426684994,0.15578800426684994,0.239343862542885,5.4163716253037455,9.048635e-6,953,476.5,5ef5c11-dirty
0.0003,0.02,2,0.02,2,0.0012678635811007814,0.0012678635811007814,0.00999029438267783,2.7674947850667206,9.048635e-6,2084,1042.0,5ef5c11-dirty
0.003,0.01,8,0.02,7,0.022680529179186112,0.022680529179186112,0.18785977632485895,48.12716184390222,5.042856e-5,11513,5756.5,5ef5c11-dirty
0.01,0.02,8,0.0,5,0.9438578408826959,0.9438578408826959,0.9896378770132682,0.3342230786484127,0.00036867431,5852,2926.0,5ef5c11-dirty
0.3,0.05,2,0.02,2,0.26526622815038403,0.26526622815038403,0.3183631180693048,3.6308197397010638,9.048635e-6,953,476.5,5ef5c11-dirty
0.0003,0.05,8,0.005,3,-0.0983880095216504,0.033236576020581984,-0.0983880095216504,77.87122461628574,3.956093e-5,2459,1229.5,5ef5c11-dirty
0.003,0.1,8,0.005,3,-0.06923359789772782,0.06162131936802267,-0.06923359789772782,75.59858130053476,3.956093e-5,1334,667.0,5ef5c11-dirty
0.0003,0.05,2,0.0,3,0.017440966387879262,0.017440966387879262,0.27851149690138294,16.484503992333753,3.956093e-5,953,476.5,5ef5c11-dirty
0.001,0.05,2,0.0,3,0.1348318455380304,0.1348318455380304,0.5853318020629968,4.965812580859171,3.956093e-5,953,476.5,5ef5c11-dirty
0.001,0.02,2,0.02,2,0.0013722564647816872,0.0013722564647816872,0.003628826077091701,1.2641047172230346,9.048635e-6,2084,1042.0,5ef5c11-dirty
0.3,0.01,2,0.0,4,0.9889479520143056,0.9976387614172633,0.9889479520143056,0.07531345909306106,1.708457e-5,3971,1985.5,5ef5c11-dirty
0.01,0.1,8,0.005,3,-0.016219378306913983,0.07704293305975578,-0.016219378306913983,25.747308310640737,3.956093e-5,1334,667.0,5ef5c11-dirty
0.003,0.05,2,0.0,3,0.42440973706330615,0.42440973706330615,0.8701276819465211,1.6869179887024643,3.956093e-5,953,476.5,5ef5c11-dirty
0.03,0.005,2,0.01,6,0.17469287499173397,0.17469287499173397,0.2871635139041018,9.839403058052715,0.000112622154,7739,3869.5,5ef5c11-dirty
0.01,0.05,2,0.0,3,0.8298745116632397,0.8298745116632397,0.9598339982590637,0.5809348569045226,3.956093e-5,953,476.5,5ef5c11-dirty
0.001,0.05,8,0.005,3,-0.0740056103180834,0.033229169910505355,-0.0740056103180834,23.357951286640958,3.956093e-5,2459,1229.5,5ef5c11-dirty
0.03,0.1,8,0.005,3,0.019318827330173,0.11165365392464127,0.019318827330173,9.72153358617825,3.956093e-5,1334,667.0,5ef5c11-dirty
0.03,0.05,2,0.0,3,0.9461095409528119,0.9461095409528119,0.9715419254340284,0.3304717357939715,3.956093e-5,953,476.5,5ef5c11-dirty
0.003,0.02,2,0.02,2,0.001280359238500356,0.001280359238500356,0.00491565307987844,1.0324349071977579,9.048635e-6,2084,1042.0,5ef5c11-dirty
0.03,0.02,8,0.0,5,0.9883864763500104,0.9883864763500104,0.9912778705044305,0.15907490129759405,0.00036867431,5852,2926.0,5ef5c11-dirty
0.1,0.05,2,0.0,3,0.963622816938678,0.963622816938678,0.9734819869051112,0.28366824985829076,3.956093e-5,953,476.5,5ef5c11-dirty
0.3,0.05,2,0.0,3,0.9654671899723092,0.9654671899723092,0.9733162599296821,0.2781375327126491,3.956093e-5,953,476.5,5ef5c11-dirty
0.1,0.1,8,0.005,3,0.21361219694991074,0.21361219694991074,0.42067361551359655,3.849925917384403,3.956093e-5,1334,667.0,5ef5c11-dirty
0.0003,0.05,2,0.005,3,-0.03339708589169835,-0.03339708589169835,0.09868942601713761,16.613664504751338,3.956093e-5,953,476.5,5ef5c11-dirty
0.003,0.05,8,0.005,3,0.026542095219845074,0.11263219169717419,0.026542095219845074,25.7995082137913,3.956093e-5,2459,1229.5,5ef5c11-dirty
0.01,0.02,2,0.02,2,-0.006272584889345522,0.00033424667283364997,-0.006272584889345522,6.260525246757929,9.048635e-6,2084,1042.0,5ef5c11-dirty
0.0003,0.01,2,0.005,4,0.019499293051178868,0.06799237891015852,0.019499293051178868,110.925552589729,1.708457e-5,3971,1985.5,5ef5c11-dirty
0.3,0.1,8,0.005,3,0.33651512286880486,0.33651512286880486,0.5818760360766865,1.952547038315893,3.956093e-5,1334,667.0,5ef5c11-dirty
0.001,0.05,2,0.005,3,-0.03343705717631732,-0.03343705717631732,0.007287316973719307,5.0962896559045685,3.956093e-5,953,476.5,5ef5c11-dirty
0.003,0.05,2,0.005,3,0.05070780002194647,0.10557667115923415,0.05070780002194647,24.646047281017278,3.956093e-5,953,476.5,5ef5c11-dirty
0.0003,0.1,8,0.01,3,-0.09703609487511916,0.033504558607769616,-0.09703609487511916,720.3395255579062,3.956093e-5,1334,667.0,5ef5c11-dirty
0.03,0.02,2,0.02,2,0.12230667099589682,0.12296602643271981,0.12230667099589682,10.893398914823553,9.048635e-6,2084,1042.0,5ef5c11-dirty
0.1,0.02,8,0.0,5,0.9912859281878784,0.9932731520109706,0.9912859281878784,0.12933005353831104,0.00036867431,5852,2926.0,5ef5c11-dirty
0.01,0.05,2,0.005,3,0.0644476510757098,0.11446549554422579,0.0644476510757098,13.668243309746227,3.956093e-5,953,476.5,5ef5c11-dirty
0.01,0.05,8,0.005,3,0.053874319261698805,0.11870392187003681,0.053874319261698805,13.988342142993258,3.956093e-5,2459,1229.5,5ef5c11-dirty
0.001,0.1,8,0.01,3,-0.09703279097984052,0.0335045986423576,-0.09703279097984052,216.0796895768917,3.956093e-5,1334,667.0,5ef5c11-dirty
0.03,0.05,2,0.005,3,0.1287703541874372,0.1576122224502614,0.1287703541874372,6.809587138113723,3.956093e-5,953,476.5,5ef5c11-dirty
0.001,0.01,2,0.005,4,0.018484335714857702,0.068172644351666,0.018484335714857702,34.66213146434589,1.708457e-5,3971,1985.5,5ef5c11-dirty
0.1,0.02,2,0.02,2,0.18142507912487515,0.18142507912487515,0.24547570061943938,6.347311846327016,9.048635e-6,2084,1042.0,5ef5c11-dirty
0.1,0.05,2,0.005,3,0.2696382412397724,0.2696382412397724,0.4997939700434567,3.510462974941319,3.956093e-5,953,476.5,5ef5c11-dirty
0.1,0.005,2,0.01,6,0.23700950713166039,0.23700950713166039,0.4551650709748784,5.11434081252747,0.000112622154,7739,3869.5,5ef5c11-dirty
0.003,0.1,8,0.01,3,-0.056649751603740986,0.031918523385468356,-0.056649751603740986,72.56768992039406,3.956093e-5,1334,667.0,5ef5c11-dirty
0.3,0.05,2,0.005,3,0.41436912451818897,0.41436912451818897,0.662206888497974,1.8961383518460413,3.956093e-5,953,476.5,5ef5c11-dirty
0.03,0.05,8,0.005,3,0.12422956845133382,0.16034861338080952,0.12422956845133382,6.878145515613832,3.956093e-5,2459,1229.5,5ef5c11-dirty
0.3,0.02,2,0.02,2,0.27603063506099096,0.27603063506099096,0.34725742116723146,3.9992004883849614,9.048635e-6,2084,1042.0,5ef5c11-dirty
0.0003,0.05,2,0.01,3,-0.0337693614853546,-0.0337693614853546,0.09763622064508685,16.526120278222933,3.956093e-5,953,476.5,5ef5c11-dirty
0.01,0.1,8,0.01,3,0.03804911854816459,0.03804911854816459,0.06931326043655639,25.57594111977484,3.956093e-5,1334,667.0,5ef5c11-dirty
0.3,0.02,8,0.0,5,0.9913520789154677,0.9935153934121986,0.9913520789154677,0.12754111008096172,0.00036867431,5852,2926.0,5ef5c11-dirty
0.001,0.05,2,0.01,3,-0.03383592861785015,-0.03383592861785015,0.09786237788270774,5.071546840471716,3.956093e-5,953,476.5,5ef5c11-dirty
0.01,0.01,8,0.02,7,0.050644548209562844,0.050644548209562844,0.16530436742733062,28.170128440924522,5.042856e-5,11513,5756.5,5ef5c11-dirty
0.0003,0.02,2,0.0,3,0.30820235709047183,0.30820235709047183,0.7822179750855589,2.6492799039710455,3.956093e-5,2084,1042.0,5ef5c11-dirty
0.03,0.1,8,0.01,3,0.08458725066151873,0.08458725066151873,0.12947823219385204,11.839604590302367,3.956093e-5,1334,667.0,5ef5c11-dirty
0.003,0.01,2,0.005,4,0.017590334007629462,0.033837490724787735,0.017590334007629462,20.589932420392945,1.708457e-5,3971,1985.5,5ef5c11-dirty
0.003,0.05,2,0.01,3,-0.0118744553686079,-0.0118744553686079,0.10640188043133786,7.142003068073361,3.956093e-5,953,476.5,5ef5c11-dirty
0.1,0.05,8,0.005,3,0.2723064951975248,0.2723064951975248,0.49826281420787943,3.507002086092232,3.956093e-5,2459,1229.5,5ef5c11-dirty
0.001,0.02,2,0.0,3,0.7569435561241831,0.7569435561241831,0.9648448812968796,0.8013784292485451,3.956093e-5,2084,1042.0,5ef5c11-dirty
0.01,0.05,2,0.01,3,0.02129384674267242,0.02129384674267242,0.1464898111142543,13.89847851712539,3.956093e-5,953,476.5,5ef5c11-dirty
0.1,0.1,8,0.01,3,0.16658625171249328,0.16802188261190143,0.16658625171249328,5.3405000429952105,3.956093e-5,1334,667.0,5ef5c11-dirty
0.03,0.05,2,0.01,3,0.10967440450500483,0.10967440450500483,0.18580454333451765,9.71539772065295,3.956093e-5,953,476.5,5ef5c11-dirty
0.003,0.02,2,0.0,3,0.9579522019562615,0.9579522019562615,0.9913526829696182,0.2883014576985829,3.956093e-5,2084,1042.0,5ef5c11-dirty
0.3,0.1,8,0.01,3,0.19762294276809703,0.19762294276809703,0.3549039139308408,2.8546374768372926,3.956093e-5,1334,667.0,5ef5c11-dirty
0.1,0.05,2,0.01,3,0.1867522781435875,0.1867522781435875,0.20520575229379037,5.249327521935365,3.956093e-5,953,476.5,5ef5c11-dirty
0.3,0.05,8,0.005,3,0.41489532665199763,0.41489532665199763,0.6627417340155137,1.8996902914956442,3.956093e-5,2459,1229.5,5ef5c11-dirty
0.3,0.05,2,0.01,3,0.23181869890253268,0.23181869890253268,0.4052889105545237,2.9085756515864767,3.956093e-5,953,476.5,5ef5c11-dirty
0.01,0.02,2,0.0,3,0.9914142013368015,0.9914142013368015,0.9950204696115742,0.13568271487573183,3.956093e-5,2084,1042.0,5ef5c11-dirty
0.01,0.01,2,0.005,4,0.05377537091705832,0.09593846025716098,0.05377537091705832,11.49916954795079,1.708457e-5,3971,1985.5,5ef5c11-dirty
0.0003,0.1,8,0.02,3,-0.06001607779392869,-0.006085674497646256,-0.06001607779392869,893.8831640895968,3.956093e-5,1334,667.0,5ef5c11-dirty
0.3,0.005,2,0.01,6,0.3280802617251642,0.3280802617251642,0.6083121855763005,2.709101293147896,0.000112622154,7739,3869.5,5ef5c11-dirty
0.0003,0.05,2,0.02,3,-0.056678160166074465,-0.056678160166074465,0.006139299828456554,573.0809202792553,3.956093e-5,953,476.5,5ef5c11-dirty
0.03,0.02,2,0.0,3,0.9946789715933606,0.9946789715933606,0.9954545208176148,0.11072070861773343,3.956093e-5,2084,1042.0,5ef5c11-dirty
0.0003,0.02,8,0.005,5,-0.09480980143895006,0.018431232620927898,-0.09480980143895006,10.756294819525317,0.00036867431,5852,2926.0,5ef5c11-dirty
0.001,0.05,2,0.02,3,0.027339847062968606,0.027339847062968606,0.05161565947589472,219.83722385091883,3.956093e-5,953,476.5,5ef5c11-dirty
0.001,0.1,8,0.02,3,-0.015192623717363395,0.0391919280331553,-0.015192623717363395,302.2601757448062,3.956093e-5,1334,667.0,5ef5c11-dirty
0.0003,0.05,8,0.01,3,-0.09699476221039417,0.03349283360834215,-0.09699476221039417,77.34787611607354,3.956093e-5,2459,1229.5,5ef5c11-dirty
0.003,0.05,2,0.02,3,0.03228311447976268,0.03228311447976268,0.05381590865885344,75.60064128496188,3.956093e-5,953,476.5,5ef5c11-dirty
0.1,0.02,2,0.0,3,0.995110517697277,0.995110517697277,0.9955201388817029,0.1068638885573675,3.956093e-5,2084,1042.0,5ef5c11-dirty
0.003,0.1,8,0.02,3,-0.011916724310533592,0.04276821463978192,-0.011916724310533592,102.59476922707834,3.956093e-5,1334,667.0,5ef5c11-dirty
0.01,0.05,2,0.02,3,0.051605989812756034,0.05242861732725233,0.051605989812756034,28.07330420072916,3.956093e-5,953,476.5,5ef5c11-dirty
0.03,0.01,2,0.005,4,0.10997677112766384,0.10997677112766384,0.14129026403561548,6.956623480490659,1.708457e-5,3971,1985.5,5ef5c11-dirty
0.3,0.02,2,0.0,3,0.9951250962496633,0.9951250962496633,0.9952641679849918,0.10618452179492094,3.956093e-5,2084,1042.0,5ef5c11-dirty
0.03,0.05,2,0.02,3,-0.019663457551895056,0.1029798932933562,-0.019663457551895056,13.758515865525183,3.956093e-5,953,476.5,5ef5c11-dirty
0.01,0.1,8,0.02,3,0.00041940957531657133,0.05262214728629565,0.00041940957531657133,33.88820830625008,3.956093e-5,1334,667.0,5ef5c11-dirty
0.001,0.05,8,0.01,3,-0.09695029654659669,0.033489191111565,-0.09695029654659669,23.200515826683485,3.956093e-5,2459,1229.5,5ef5c11-dirty
0.1,0.05,2,0.02,3,0.0064012083779712015,0.12999057922700033,0.0064012083779712015,6.689097217717205,3.956093e-5,953,476.5,5ef5c11-dirty
0.03,0.1,8,0.02,3,-0.08814978627814943,0.07484600197006243,-0.08814978627814943,14.728116798649527,3.956093e-5,1334,667.0,5ef5c11-dirty
0.0003,0.02,2,0.005,3,-0.031555212345199604,-0.031555212345199604,0.09642690671921919,2.9134729067482654,3.956093e-5,2084,1042.0,5ef5c11-dirty
0.3,0.05,2,0.02,3,0.21001901031255482,0.22623751398465414,0.21001901031255482,3.816870323602686,3.956093e-5,953,476.5,5ef5c11-dirty
0.0003,0.05,2,0.0,4,0.03408512931625286,0.03408512931625286,0.14984684719107733,16.01840203914677,1.708457e-5,953,476.5,5ef5c11-dirty
0.001,0.05,2,0.0,4,0.1442111828333313,0.1442111828333313,0.48954304093709666,4.838542096351234,1.708457e-5,953,476.5,5ef5c11-dirty
0.1,0.1,8,0.02,3,-0.04193274440637641,0.10575216254604024,-0.04193274440637641,6.617967693401121,3.956093e-5,1334,667.0,5ef5c11-dirty
0.003,0.05,8,0.01,3,0.021895908142369434,0.021895908142369434,0.08221044658104308,10.530467235141542,3.956093e-5,2459,1229.5,5ef5c11-dirty
0.1,0.01,2,0.005,4,0.21920206147707444,0.21920206147707444,0.32995801872429686,3.7579678163201695,1.708457e-5,3971,1985.5,5ef5c11-dirty
0.001,0.02,2,0.005,3,-0.03191184436362019,-0.03191184436362019,-0.008563923012068809,1.3080758146435811,3.956093e-5,2084,1042.0,5ef5c11-dirty
0.003,0.05,2,0.0,4,0.4127742432191275,0.4127742432191275,0.7728191004749974,1.6686506390634046,1.708457e-5,953,476.5,5ef5c11-dirty
0.001,0.02,8,0.005,5,-0.017359952239342908,0.006151723200290485,-0.017359952239342908,10.463202222103003,0.00036867431,5852,2926.0,5ef5c11-dirty
0.0003,0.005,2,0.02,6,-0.008180030325954967,-0.008180030325954967,0.005403612355059651,1.082848788398226,0.000112622154,7739,3869.5,5ef5c11-dirty
0.01,0.05,2,0.0,4,0.7910472749222149,0.7910472749222149,0.8442338559792956,0.6359881445323762,1.708457e-5,953,476.5,5ef5c11-dirty
0.03,0.01,8,0.02,7,0.04981607276258934,0.04981607276258934,0.1503345875731005,14.080778581316682,5.042856e-5,11513,5756.5,5ef5c11-dirty
0.3,0.1,8,0.02,3,0.12006101022545174,0.19619417111096368,0.12006101022545174,3.5378108016984084,3.956093e-5,1334,667.0,5ef5c11-dirty
0.03,0.05,2,0.0,4,0.8524307880212246,0.9044234254541221,0.8524307880212246,0.4304143428259582,1.708457e-5,953,476.5,5ef5c11-dirty
0.0003,0.1,8,0.0,4,0.014829190494398467,0.014829190494398467,0.04612879846838383,702.371030133709,1.708457e-5,1334,667.0,5ef5c11-dirty
0.1,0.05,2,0.0,4,0.8535397327186127,0.9225339840208849,0.8535397327186127,0.39621270714705376,1.708457e-5,953,476.5,5ef5c11-dirty
0.003,0.02,2,0.005,3,0.05233270801645744,0.10747694329771505,0.05233270801645744,26.508510893638093,3.956093e-5,2084,1042.0,5ef5c11-dirty
0.01,0.05,8,0.01,3,0.02728136622058628,0.02728136622058628,0.13951901577258655,14.24616606240526,3.956093e-5,2459,1229.5,5ef5c11-dirty
0.3,0.05,2,0.0,4,0.8517273253366946,0.9239281702349145,0.8517273253366946,0.39360594037512103,1.708457e-5,953,476.5,5ef5c11-dirty
0.001,0.1,8,0.0,4,0.016667003203230613,0.016667003203230613,0.05566252457452038,210.69125047453323,1.708457e-5,1334,667.0,5ef5c11-dirty
0.0003,0.05,2,0.005,4,0.01807644282786433,0.058633211351831124,0.01807644282786433,104.74422093073424,1.708457e-5,953,476.5,5ef5c11-dirty
0.3,0.01,2,0.005,4,0.4199838715061486,0.4199838715061486,0.6664219936924506,1.9950815750113045,1.708457e-5,3971,1985.5,5ef5c11-dirty
0.003,0.1,8,0.0,4,0.021910793558829744,0.021910793558829744,0.0827452895772479,70.21346298091514,1.708457e-5,1334,667.0,5ef5c11-dirty
0.01,0.02,2,0.005,3,0.07589825669715815,0.12240407545073345,0.07589825669715815,14.830497513514645,3.956093e-5,2084,1042.0,5ef5c11-dirty
0.001,0.05,2,0.005,4,0.015348608005518249,0.05879900321948082,0.015348608005518249,32.7914395250849,1.708457e-5,953,476.5,5ef5c11-dirty
0.01,0.1,8,0.0,4,0.04025348122936694,0.04025348122936694,0.17464479282907067,21.05226345045992,1.708457e-5,1334,667.0,5ef5c11-dirty
0.003,0.05,2,0.005,4,-0.008748587026190266,0.04421839067900011,-0.008748587026190266,19.410290441570627,1.708457e-5,953,476.5,5ef5c11-dirty
0.03,0.05,8,0.01,3,0.11179378585649943,0.11179378585649943,0.18301936444881148,9.798741470250885,3.956093e-5,2459,1229.5,5ef5c11-dirty
0.03,0.1,8,0.0,4,0.09236071910631277,0.09236071910631277,0.39069355375225767,7.024066807172142,1.708457e-5,1334,667.0,5ef5c11-dirty
0.03,0.02,2,0.005,3,0.16172602616333345,0.16394143600065164,0.16172602616333345,7.302393046638454,3.956093e-5,2084,1042.0,5ef5c11-dirty
0.01,0.05,2,0.005,4,0.07991320336117134,0.09791319935318889,0.07991320336117134,10.294096803234575,1.708457e-5,953,476.5,5ef5c11-dirty
0.1,0.1,8,0.0,4,0.26287937766270614,0.26287937766270614,0.668814276990394,2.1752631065722277,1.708457e-5,1334,667.0,5ef5c11-dirty
0.003,0.02,8,0.005,5,-0.2031984035182417,0.03504377514870178,-0.2031984035182417,19.02946254248047,0.00036867431,5852,2926.0,5ef5c11-dirty
0.03,0.05,2,0.005,4,0.09933832621461837,0.09933832621461837,0.12691814560645845,6.362573622145824,1.708457e-5,953,476.5,5ef5c11-dirty
0.3,0.1,8,0.0,4,0.5636756360643895,0.5636756360643895,0.7421876885127877,0.9322894990462329,1.708457e-5,1334,667.0,5ef5c11-dirty
0.0003,0.01,2,0.01,4,0.020339210217651484,0.02036596906521614,0.020339210217651484,56.41232053734456,1.708457e-5,3971,1985.5,5ef5c11-dirty
0.1,0.05,2,0.005,4,0.1906031487289075,0.1906031487289075,0.297378249632024,3.4763075122947886,1.708457e-5,953,476.5,5ef5c11-dirty
0.001,0.005,2,0.02,6,-0.008874184497407716,-0.008874184497407716,0.035355140225969146,1.0085822962473598,0.000112622154,7739,3869.5,5ef5c11-dirty
0.1,0.02,2,0.005,3,0.28173436126047235,0.28173436126047235,0.5348399535951901,3.7908540748685815,3.956093e-5,2084,1042.0,5ef5c11-dirty
0.1,0.05,8,0.01,3,0.1880312345446425,0.1880312345446425,0.2037921333853882,5.256036528289176,3.956093e-5,2459,1229.5,5ef5c11-dirty
0.3,0.05,2,0.005,4,0.3551438368418692,0.3551438368418692,0.5940656162077739,1.8791100333954023,1.708457e-5,953,476.5,5ef5c11-dirty
0.0003,0.1,8,0.005,4,0.021024895132302726,0.021024895132302726,0.04540156551761746,707.5599251740811,1.708457e-5,1334,667.0,5ef5c11-dirty
0.0003,0.05,2,0.01,4,-0.040276129771441974,-0.013551009461150412,-0.040276129771441974,15.969754433819698,1.708457e-5,953,476.5,5ef5c11-dirty
0.3,0.02,2,0.005,3,0.4365927306255106,0.4365927306255106,0.7093753651154955,2.022230612024484,3.956093e-5,2084,1042.0,5ef5c11-dirty
0.001,0.1,8,0.005,4,0.021426314421248063,0.021426314421248063,0.04413481131014995,212.365742977348,1.708457e-5,1334,667.0,5ef5c11-dirty
0.3,0.05,8,0.01,3,0.23262176097917286,0.23262176097917286,0.4041700899719066,2.9106020909818207,3.956093e-5,2459,1229.5,5ef5c11-dirty
0.001,0.05,2,0.01,4,0.017180159522079606,0.017180159522079606,0.21578674505009388,37.675733550547506,1.708457e-5,953,476.5,5ef5c11-dirty
0.001,0.01,2,0.01,4,0.019682553485197898,0.019682553485197898,0.22087548760448503,48.609659998996584,1.708457e-5,3971,1985.5,5ef5c11-dirty
0.003,0.05,2,0.01,4,-0.005323806231114011,-0.005323806231114011,0.2062975489957688,19.267410142225604,1.708457e-5,953,476.5,5ef5c11-dirty
0.003,0.1,8,0.005,4,0.013344493456613362,0.023509358171512732,0.013344493456613362,72.40645510160279,1.708457e-5,1334,667.0,5ef5c11-dirty
0.0003,0.02,2,0.01,3,-0.03371635442219525,-0.03371635442219525,0.09708584012366697,2.907374739449145,3.956093e-5,2084,1042.0,5ef5c11-dirty
0.01,0.05,2,0.01,4,0.060320208303160504,0.060320208303160504,0.27083124819881044,14.665904813063568,1.708457e-5,953,476.5,5ef5c11-dirty
0.01,0.1,8,0.005,4,0.0453449778118338,0.0453449778118338,0.09581417776103791,22.895484578758687,1.708457e-5,1334,667.0,5ef5c11-dirty
0.01,0.02,8,0.005,5,0.14229500999672212,0.14229500999672212,0.23587047590294852,11.58081652227914,0.00036867431,5852,2926.0,5ef5c11-dirty
0.03,0.05,2,0.01,4,0.10728561671148867,0.10728561671148867,0.24968091138701817,10.218103899922163,1.708457e-5,953,476.5,5ef5c11-dirty
0.0003,0.05,8,0.02,3,-0.05117420971063228,-0.05117420971063228,-0.005700457986197402,571.8408403238767,3.956093e-5,2459,1229.5,5ef5c11-dirty
0.1,0.01,8,0.02,7,0.02173136815085677,0.09554395386604365,0.02173136815085677,7.279755673761299,5.042856e-5,11513,5756.5,5ef5c11-dirty
0.001,0.02,2,0.01,3,-0.03391036969097476,-0.03391036969097476,0.09809114745727064,1.3077117711797637,3.956093e-5,2084,1042.0,5ef5c11-dirty
0.1,0.05,2,0.01,4,0.1458290288197443,0.1458290288197443,0.28822039324905663,5.513434250854751,1.708457e-5,953,476.5,5ef5c11-dirty
0.03,0.1,8,0.005,4,0.059709732593550516,0.059709732593550516,0.11752298437803392,9.22412010426229,1.708457e-5,1334,667.0,5ef5c11-dirty
0.3,0.05,2,0.01,4,0.3192097136437768,0.3192097136437768,0.4754244507759882,2.825909062167433,1.708457e-5,953,476.5,5ef5c11-dirty
0.003,0.01,2,0.01,4,-0.018967368137698483,-0.018967368137698483,0.21141473652934534,26.682756001632946,1.708457e-5,3971,1985.5,5ef5c11-dirty
0.003,0.005,2,0.02,6,-0.00933954996306673,-0.00933954996306673,0.03908944848126838,1.001235810668884,0.000112622154,7739,3869.5,5ef5c11-dirty
0.1,0.1,8,0.005,4,0.12866303339507615,0.12866303339507615,0.27028278711057735,3.921299689926958,1.708457e-5,1334,667.0,5ef5c11-dirty
0.0003,0.05,2,0.02,4,-0.042690638866278705,-0.014506021733350069,-0.042690638866278705,16.275655885621394,1.708457e-5,953,476.5,5ef5c11-dirty
0.003,0.02,2,0.01,3,0.0027229090862623123,0.0027229090862623123,0.11516514045240736,7.783424329535756,3.956093e-5,2084,1042.0,5ef5c11-dirty
0.001,0.05,8,0.02,3,0.031412498498275605,0.031412498498275605,0.04152351227617874,220.61308657122873,3.956093e-5,2459,1229.5,5ef5c11-dirty
0.001,0.05,2,0.02,4,-0.014537074304710462,-0.014537074304710462,-9.135735095683053e-5,4.985132069486489,1.708457e-5,953,476.5,5ef5c11-dirty
0.3,0.1,8,0.005,4,0.2574673772498473,0.2574673772498473,0.5227386323314431,1.9228087538823293,1.708457e-5,1334,667.0,5ef5c11-dirty
0.003,0.05,2,0.02,4,-0.014520133254287984,-0.014520133254287984,0.0004338391477530415,1.9186489170859455,1.708457e-5,953,476.5,5ef5c11-dirty
0.01,0.02,2,0.01,3,0.019387550169760376,0.019387550169760376,0.14774132362917763,15.106502201192487,3.956093e-5,2084,1042.0,5ef5c11-dirty
0.0003,0.1,8,0.01,4,0.013686319080017155,0.013686319080017155,0.04133656788915677,696.8590193836898,1.708457e-5,1334,667.0,5ef5c11-dirty
0.01,0.05,2,0.02,4,-0.039096657854897306,0.03429732913404095,-0.039096657854897306,11.352152830694099,1.708457e-5,953,476.5,5ef5c11-dirty
0.003,0.05,8,0.02,3,0.03632185469507821,0.03632185469507821,0.04397804188833574,75.9034845538669,3.956093e-5,2459,1229.5,5ef5c11-dirty
0.01,0.01,2,0.01,4,0.054565062196923454,0.054565062196923454,0.27851213284177767,16.708489529343126,1.708457e-5,3971,1985.5,5ef5c11-dirty
0.03,0.05,2,0.02,4,0.08320996910838593,0.08320996910838593,0.0956333827094346,9.780114428013015,1.708457e-5,953,476.5,5ef5c11-dirty
0.03,0.02,8,0.005,5,0.23342319686739435,0.23342319686739435,0.3253324048743976,7.061954078888221,0.00036867431,5852,2926.0,5ef5c11-dirty
0.001,0.1,8,0.01,4,0.015820166266270325,0.015820166266270325,0.1807379081622022,211.89829101782377,1.708457e-5,1334,667.0,5ef5c11-dirty
0.03,0.02,2,0.01,3,0.1214869376195916,0.1214869376195916,0.1946195687966503,10.392445083760052,3.956093e-5,2084,1042.0,5ef5c11-dirty
0.1,0.05,2,0.02,4,0.13058027178617634,0.13619127761563668,0.13058027178617634,6.586933272539565,1.708457e-5,953,476.5,5ef5c11-dirty
0.3,0.05,2,0.02,4,0.20880357257632792,0.2145000968909563,0.20880357257632792,3.80122571074191,1.708457e-5,953,476.5,5ef5c11-dirty
0.003,0.1,8,0.01,4,0.015885154454701938,0.015885154454701938,0.1950106932668757,70.7395692974462,1.708457e-5,1334,667.0,5ef5c11-dirty
0.01,0.05,8,0.02,3,0.04490219954426,0.055465703643105525,0.04490219954426,28.176346870887855,3.956093e-5,2459,1229.5,5ef5c11-dirty
0.1,0.02,2,0.01,3,0.19113676475850797,0.19113676475850797,0.22709167136055736,5.681502223181755,3.956093e-5,2084,1042.0,5ef5c11-dirty
0.0003,0.05,2,0.0,5,0.02534089670613601,0.02534089670613601,0.3529257682701268,15.299346235891756,0.00036867431,953,476.5,5ef5c11-dirty
0.001,0.05,2,0.0,5,0.14258543123919168,0.14258543123919168,0.6849889085633898,4.628679823149438,0.00036867431,953,476.5,5ef5c11-dirty
0.01,0.1,8,0.01,4,0.04113012665958608,0.04113012665958608,0.2478985500395859,24.36071939746291,1.708457e-5,1334,667.0,5ef5c11-dirty
0.03,0.01,2,0.01,4,0.11349036469052515,0.11349036469052515,0.24564683817870658,11.320764790335941,1.708457e-5,3971,1985.5,5ef5c11-dirty
0.01,0.005,2,0.02,6,0.03298539144043291,0.0543047138018134,0.03298539144043291,19.88854889778894,0.000112622154,7739,3869.5,5ef5c11-dirty
0.003,0.05,2,0.0,5,0.4265614180650493,0.4265614180650493,0.8949173333136857,1.5996363145564216,0.00036867431,953,476.5,5ef5c11-dirty
0.01,0.05,2,0.0,5,0.8142085143036986,0.8142085143036986,0.9461955221983251,0.5960290074260914,0.00036867431,953,476.5,5ef5c11-dirty
0.3,0.02,2,0.01,3,0.24636318962045461,0.24636318962045461,0.4367010150316149,3.0676509843827167,3.956093e-5,2084,1042.0,5ef5c11-dirty
0.03,0.1,8,0.01,4,0.0737223924026905,0.0737223924026905,0.24256908578907652,11.631675740561747,1.708457e-5,1334,667.0,5ef5c11-dirty
0.03,0.05,8,0.02,3,-0.022989524089807485,0.1049253284350866,-0.022989524089807485,13.790914615637213,3.956093e-5,2459,1229.5,5ef5c11-dirty
0.03,0.05,2,0.0,5,0.9291385939219186,0.9291385939219186,0.9531408858124623,0.3806401607129579,0.00036867431,953,476.5,5ef5c11-dirty
0.1,0.05,2,0.0,5,0.9488283723807637,0.9488283723807637,0.9545644315276716,0.33941679072925995,0.00036867431,953,476.5,5ef5c11-dirty
0.1,0.1,8,0.01,4,0.11672036948573648,0.11672036948573648,0.24565398622636847,5.375233442643374,1.708457e-5,1334,667.0,5ef5c11-dirty
0.3,0.05,2,0.0,5,0.9517914670893676,0.9517914670893676,0.9549825016225525,0.332674968987267,0.00036867431,953,476.5,5ef5c11-dirty
0.0003,0.02,2,0.02,3,-0.05794885144421014,-0.05794885144421014,0.004705313977028432,574.0839026721842,3.956093e-5,2084,1042.0,5ef5c11-dirty
0.1,0.02,8,0.005,5,0.3210693144774339,0.3210693144774339,0.5130133569435379,3.4830770767521857,0.00036867431,5852,2926.0,5ef5c11-dirty
0.0003,0.05,2,0.005,5,-0.02439308393125869,-0.02439308393125869,0.09752213033063824,15.373286703308965,0.00036867431,953,476.5,5ef5c11-dirty
0.1,0.01,2,0.01,4,0.16315120808792982,0.16315120808792982,0.32521776836784794,6.029241768437871,1.708457e-5,3971,1985.5,5ef5c11-dirty
0.3,0.1,8,0.01,4,0.25874590535086406,0.25874590535086406,0.4306772379757237,2.670355319577499,1.708457e-5,1334,667.0,5ef5c11-dirty
0.3,0.01,8,0.02,7,0.24598290778495394,0.24598290778495394,0.3603621073903141,4.252209745840539,5.042856e-5,11513,5756.5,5ef5c11-dirty
0.1,0.05,8,0.02,3,0.005063261211702839,0.13153600559800263,0.005063261211702839,6.692558426042784,3.956093e-5,2459,1229.5,5ef5c11-dirty
0.001,0.05,2,0.005,5,-0.009219318071622745,-0.009219318071622745,0.03181716994500526,13.06176895473771,0.00036867431,953,476.5,5ef5c11-dirty
0.001,0.02,2,0.02,3,0.03184450504955173,0.03184450504955173,0.048924657227366344,223.44805451934263,3.956093e-5,2084,1042.0,5ef5c11-dirty
0.003,0.05,2,0.005,5,-0.21885052200466346,0.02867461122991999,-0.21885052200466346,18.414419471355316,0.00036867431,953,476.5,5ef5c11-dirty
0.0003,0.1,8,0.02,4,0.01475070115296563,0.01475070115296563,0.044091925113451974,710.0344288199971,1.708457e-5,1334,667.0,5ef5c11-dirty
0.01,0.05,2,0.005,5,0.12741632852342297,0.12741632852342297,0.23688399585865264,10.903581033998456,0.00036867431,953,476.5,5ef5c11-dirty
0.001,0.1,8,0.02,4,0.01475017229672351,0.01475017229672351,0.02401459324307535,213.00143375561711,1.708457e-5,1334,667.0,5ef5c11-dirty
0.003,0.02,2,0.02,3,0.03672764170568123,0.03672764170568123,0.05123305745280406,76.92330974750885,3.956093e-5,2084,1042.0,5ef5c11-dirty
0.3,0.05,8,0.02,3,0.20859355737780083,0.2274504379067886,0.20859355737780083,3.815278372237875,3.956093e-5,2459,1229.5,5ef5c11-dirty
0.03,0.05,2,0.005,5,0.204019079322035,0.204019079322035,0.29816251346204314,6.487862499358949,0.00036867431,953,476.5,5ef5c11-dirty
0.3,0.01,2,0.01,4,0.34426984753676143,0.34426984753676143,0.5366385811569845,3.069862512771098,1.708457e-5,3971,1985.5,5ef5c11-dirty
0.03,0.005,2,0.02,6,0.051900344959114116,0.06441684034526103,0.051900344959114116,10.016020679364162,0.000112622154,7739,3869.5,5ef5c11-dirty
0.1,0.05,2,0.005,5,0.28326621950095754,0.28326621950095754,0.48931913645530123,3.243136740446827,0.00036867431,953,476.5,5ef5c11-dirty
0.003,0.1,8,0.02,4,-0.003361167495178524,0.014750439942061263,-0.003361167495178524,70.99725172481753,1.708457e-5,1334,667.0,5ef5c11-dirty
0.0003,0.05,8,0.0,4,0.02421378943293931,0.02421378943293931,0.08355103719534097,75.47318407576051,1.708457e-5,2459,1229.5,5ef5c11-dirty
0.3,0.05,2,0.005,5,0.4130155903145159,0.4130155903145159,0.652159742749063,1.7895970544455857,0.00036867431,953,476.5,5ef5c11-dirty
0.01,0.02,2,0.02,3,0.056683678269167544,0.056683678269167544,0.05771030523638508,30.715027207733872,3.956093e-5,2084,1042.0,5ef5c11-dirty
0.0003,0.05,2,0.01,5,-0.021920841641343794,-0.021920841641343794,0.09878984028488556,15.45702031011279,0.00036867431,953,476.5,5ef5c11-dirty
0.01,0.1,8,0.02,4,-0.004041710923497676,0.022864956288120034,-0.004041710923497676,24.95639786321524,1.708457e-5,1334,667.0,5ef5c11-dirty
0.3,0.02,8,0.005,5,0.4512740553594052,0.4512740553594052,0.6843898751208513,1.8776499340295258,0.00036867431,5852,2926.0,5ef5c11-dirty
0.001,0.05,8,0.0,4,0.04805033776992157,0.04805033776992157,0.17809375289117058,22.62832194195214,1.708457e-5,2459,1229.5,5ef5c11-dirty
0.001,0.05,2,0.01,5,-0.021975132559184672,-0.021975132559184672,0.09886971365015045,4.748581023486784,0.00036867431,953,476.5,5ef5c11-dirty
0.03,0.02,2,0.02,3,0.06028947785722497,0.11758031271699776,0.06028947785722497,15.09291422699057,3.956093e-5,2084,1042.0,5ef5c11-dirty
0.03,0.1,8,0.02,4,0.06115690938706595,0.06115690938706595,0.095709974168679,11.384907431854336,1.708457e-5,1334,667.0,5ef5c11-dirty
0.0003,0.01,2,0.02,4,0.01923301206968523,0.01923301206968523,0.04605387271123108,3.9219263364237897,1.708457e-5,3971,1985.5,5ef5c11-dirty
0.003,0.05,2,0.01,5,-6.834060544576005e-5,-6.834060544576005e-5,0.009789774894999477,16.017708031030764,0.00036867431,953,476.5,5ef5c11-dirty
0.003,0.05,8,0.0,4,0.11540769190823659,0.11540769190823659,0.4086185537121537,7.536704662894883,1.708457e-5,2459,1229.5,5ef5c11-dirty
0.01,0.05,2,0.01,5,0.016979590551869938,0.0630748440420706,0.016979590551869938,10.45421520758109,0.00036867431,953,476.5,5ef5c11-dirty
0.0003,0.01,8,0.0,8,0.20259982188568199,0.20259982188568199,0.36208291115689134,6.702998699625841,0.00089239184,11513,5756.5,5ef5c11-dirty
0.1,0.1,8,0.02,4,0.10398916090382704,0.10398916090382704,0.1121263170956011,6.199248789510911,1.708457e-5,1334,667.0,5ef5c11-dirty
0.1,0.02,2,0.02,3,0.040476551768618536,0.14260630964793883,0.040476551768618536,7.279313425828361,3.956093e-5,2084,1042.0,5ef5c11-dirty
0.03,0.05,2,0.01,5,0.09801588297806153,0.09801588297806153,0.2790376423688222,7.351977245539675,0.00036867431,953,476.5,5ef5c11-dirty
0.01,0.05,8,0.0,4,0.3333936447184566,0.3333936447184566,0.7410739397061538,2.2754846063632668,1.708457e-5,2459,1229.5,5ef5c11-dirty
0.3,0.1,8,0.02,4,0.13067523480934506,0.1817498657005046,0.13067523480934506,3.5082833207398627,1.708457e-5,1334,667.0,5ef5c11-dirty
0.1,0.05,2,0.01,5,0.12991440969001344,0.12991440969001344,0.4921934706885407,4.0825357447382835,0.00036867431,953,476.5,5ef5c11-dirty
0.0003,0.1,8,0.0,5,-0.08930273626374491,0.02139244897136845,-0.08930273626374491,669.619740939283,0.00036867431,1334,667.0,5ef5c11-dirty
0.3,0.02,2,0.02,3,0.24168148400470163,0.24168148400470163,0.27141191897639766,4.1075667767658945,3.956093e-5,2084,1042.0,5ef5c11-dirty
0.3,0.05,2,0.01,5,0.2621682748073605,0.2621682748073605,0.6854544289052178,2.4337644354115566,0.00036867431,953,476.5,5ef5c11-dirty
0.001,0.01,2,0.02,4,-0.00013355259461922696,0.019247522235350357,-0.00013355259461922696,1.504372826191736,1.708457e-5,3971,1985.5,5ef5c11-dirty
0.1,0.005,2,0.02,6,0.09019372463262755,0.09019372463262755,0.26765474194765393,6.629955835326853,0.000112622154,7739,3869.5,5ef5c11-dirty
0.03,0.05,8,0.0,4,0.6984592518868565,0.6984592518868565,0.840686250924251,0.8291791344144627,1.708457e-5,2459,1229.5,5ef5c11-dirty
0.001,0.1,8,0.0,5,-0.0746772950438763,0.02338728151224828,-0.0746772950438763,200.84678596501044,0.00036867431,1334,667.0,5ef5c11-dirty
0.0003,0.05,2,0.02,5,-0.020659336097092473,-0.020659336097092473,0.09737240607008599,15.528105655170577,0.00036867431,953,476.5,5ef5c11-dirty
0.0003,0.02,2,0.0,4,0.32130303555903345,0.32130303555903345,0.7216151122952089,2.586423567411965,1.708457e-5,2084,1042.0,5ef5c11-dirty
0.0003,0.02,8,0.01,5,-0.09516681361848507,0.020397888377476147,-0.09516681361848507,10.762065465530858,0.00036867431,5852,2926.0,5ef5c11-dirty
0.001,0.05,2,0.02,5,0.011531718951956517,0.011531718951956517,0.03900913244679333,33.15790195832206,0.00036867431,953,476.5,5ef5c11-dirty
0.003,0.1,8,0.0,5,-0.032629376485171786,0.029078430876460996,-0.032629376485171786,66.91330738336434,0.00036867431,1334,667.0,5ef5c11-dirty
0.1,0.05,8,0.0,4,0.8533596053738722,0.899065940491712,0.8533596053738722,0.4397132855015557,1.708457e-5,2459,1229.5,5ef5c11-dirty
0.001,0.02,2,0.0,4,0.7540005547899451,0.7540005547899451,0.9300795344770578,0.796572240598984,1.708457e-5,2084,1042.0,5ef5c11-dirty
0.01,0.1,8,0.0,5,0.049013166313913274,0.049013166313913274,0.11476245055216214,20.041267727129895,0.00036867431,1334,667.0,5ef5c11-dirty
0.03,0.1,8,0.0,5,0.10577673797050412,0.10577673797050412,0.4648560040894564,6.664899251436136,0.00036867431,1334,667.0,5ef5c11-dirty
0.003,0.01,2,0.02,4,0.00033681173304447767,0.0674168703738493,0.00033681173304447767,5.541712018419646,1.708457e-5,3971,1985.5,5ef5c11-dirty
0.3,0.05,8,0.0,4,0.851946050417632,0.9229503238329815,0.851946050417632,0.3951329128842547,1.708457e-5,2459,1229.5,5ef5c11-dirty
0.003,0.02,2,0.0,4,0.9508960880154199,0.9508960880154199,0.9576148586756718,0.30996258106030605,1.708457e-5,2084,1042.0,5ef5c11-dirty
0.1,0.1,8,0.0,5,0.29264447786722647,0.29264447786722647,0.826794346829123,2.037032812921436,0.00036867431,1334,667.0,5ef5c11-dirty
0.3,0.1,8,0.0,5,0.6214037784161941,0.6214037784161941,0.8938798645157207,0.8461469605391285,0.00036867431,1334,667.0,5ef5c11-dirty
0.01,0.02,2,0.0,4,0.9613608614336752,0.9850122159300853,0.9613608614336752,0.1806098828607239,1.708457e-5,2084,1042.0,5ef5c11-dirty
0.001,0.01,8,0.0,8,0.46338047817113126,0.46338047817113126,0.813873445771327,2.0016047825888856,0.00089239184,11513,5756.5,5ef5c11-dirty
0.0003,0.05,8,0.005,4,0.03228185182173864,0.06005930054673877,0.03228185182173864,124.37747752252588,1.708457e-5,2459,1229.5,5ef5c11-dirty
0.0003,0.1,8,0.005,5,-0.0959478980570572,0.020874308660066537,-0.0959478980570572,670.388045306011,0.00036867431,1334,667.0,5ef5c11-dirty
0.03,0.02,2,0.0,4,0.9617937554062402,0.988610298791824,0.9617937554062402,0.16193732111489248,1.708457e-5,2084,1042.0,5ef5c11-dirty
0.01,0.01,2,0.02,4,-0.051538648663586324,0.04061568085329581,-0.051538648663586324,12.765239150403554,1.708457e-5,3971,1985.5,5ef5c11-dirty
0.001,0.02,8,0.01,5,-0.09519534723198149,0.02034866481548262,-0.09519534723198149,3.3528190884826943,0.00036867431,5852,2926.0,5ef5c11-dirty
0.1,0.02,2,0.0,4,0.9617435299443131,0.9891394937287794,0.9617435299443131,0.1589328255308906,1.708457e-5,2084,1042.0,5ef5c11-dirty
0.001,0.1,8,0.005,5,-0.09523524679717829,0.020762935366401267,-0.09523524679717829,201.29667333330713,0.00036867431,1334,667.0,5ef5c11-dirty
0.3,0.005,2,0.02,6,0.19329091229512052,0.19329091229512052,0.21201293952200737,3.9779404847235065,0.000112622154,7739,3869.5,5ef5c11-dirty
0.001,0.05,8,0.005,4,0.025855632869863067,0.06055934141330997,0.025855632869863067,38.390895472235066,1.708457e-5,2459,1229.5,5ef5c11-dirty
0.3,0.02,2,0.0,4,0.9603493131074679,0.9891598612714737,0.9603493131074679,0.1583643435843266,1.708457e-5,2084,1042.0,5ef5c11-dirty
0.003,0.1,8,0.005,5,-0.2144721590510351,0.025875689207591427,-0.2144721590510351,70.5116025279996,0.00036867431,1334,667.0,5ef5c11-dirty
0.01,0.1,8,0.005,5,0.06084388200783669,0.06084388200783669,0.10934544908422897,22.251757354328785,0.00036867431,1334,667.0,5ef5c11-dirty
0.0003,0.02,2,0.005,4,0.019003243948488707,0.06565823329170863,0.019003243948488707,109.16646066693747,1.708457e-5,2084,1042.0,5ef5c11-dirty
0.03,0.01,2,0.02,4,0.10261822824231462,0.10261822824231462,0.10343198958010243,10.652713705331543,1.708457e-5,3971,1985.5,5ef5c11-dirty
0.003,0.05,8,0.005,4,-0.0009864921384248634,0.04803603574751939,-0.0009864921384248634,20.597068904581583,1.708457e-5,2459,1229.5,5ef5c11-dirty
0.03,0.1,8,0.005,5,0.11527801530138854,0.11527801530138854,0.21197294233655772,8.706484811342015,0.00036867431,1334,667.0,5ef5c11-dirty
0.001,0.02,2,0.005,4,0.017400855071228447,0.06598205649184796,0.017400855071228447,34.19152759845557,1.708457e-5,2084,1042.0,5ef5c11-dirty
0.0003,0.005,2,0.0,7,0.931580142582478,0.931580142582478,0.956085166774541,0.38246342185973337,5.042856e-5,7739,3869.5,5ef5c11-dirty
0.003,0.01,8,0.0,8,0.8155318486855996,0.8155318486855996,0.9524347193777479,0.6743857409212588,0.00089239184,11513,5756.5,5ef5c11-dirty
0.1,0.1,8,0.005,5,0.19640843295445898,0.19640843295445898,0.4009541137116845,3.515928697724449,0.00036867431,1334,667.0,5ef5c11-dirty
0.003,0.02,8,0.01,5,0.0014698597313756918,0.008463309807743931,0.0014698597313756918,20.48648793446639,0.00036867431,5852,2926.0,5ef5c11-dirty
0.01,0.05,8,0.005,4,0.08384986341210457,0.10006728295132912,0.08384986341210457,10.483197715514448,1.708457e-5,2459,1229.5,5ef5c11-dirty
0.3,0.1,8,0.005,5,0.32004645534941967,0.32004645534941967,0.6010369450092918,1.8330294998532797,0.00036867431,1334,667.0,5ef5c11-dirty
0.003,0.02,2,0.005,4,0.019853875758881864,0.038577917246192556,0.019853875758881864,20.024438294937443,1.708457e-5,2084,1042.0,5ef5c11-dirty
0.1,0.01,2,0.02,4,0.1562679653654064,0.1562679653654064,0.16272785030486325,7.36046485106684,1.708457e-5,3971,1985.5,5ef5c11-dirty
0.0003,0.1,8,0.01,5,-0.09607763498769041,0.019857691075666904,-0.09607763498769041,673.1523055452384,0.00036867431,1334,667.0,5ef5c11-dirty
0.03,0.05,8,0.005,4,0.10010028068355933,0.10010028068355933,0.1296765107124245,6.435048488554677,1.708457e-5,2459,1229.5,5ef5c11-dirty
0.01,0.02,2,0.005,4,0.06252094244738478,0.09924582629248375,0.06252094244738478,11.088826605171526,1.708457e-5,2084,1042.0,5ef5c11-dirty
0.001,0.1,8,0.01,5,-0.09607200449082487,0.01985586058831403,-0.09607200449082487,201.93462243084718,0.00036867431,1334,667.0,5ef5c11-dirty
0.001,0.005,2,0.0,7,0.9931928146274948,0.9931928146274948,0.9955753579246516,0.11764636007207356,5.042856e-5,7739,3869.5,5ef5c11-dirty
0.03,0.02,2,0.005,4,0.10886229475669347,0.10886229475669347,0.1406035817929037,6.764504746439528,1.708457e-5,2084,1042.0,5ef5c11-dirty
0.003,0.1,8,0.01,5,-0.08590836722511427,0.01734185111814616,-0.08590836722511427,68.53443610191442,0.00036867431,1334,667.0,5ef5c11-dirty
0.3,0.01,2,0.02,4,0.2169008726513353,0.2318484639944796,0.2169008726513353,4.3085739598116195,1.708457e-5,3971,1985.5,5ef5c11-dirty
0.1,0.05,8,0.005,4,0.19070877693186253,0.19070877693186253,0.29833389654487114,3.4910161025406476,1.708457e-5,2459,1229.5,5ef5c11-dirty
0.01,0.02,8,0.01,5,0.012727852647785422,0.07162072925701388,0.012727852647785422,12.273414845517406,0.00036867431,5852,2926.0,5ef5c11-dirty
0.01,0.1,8,0.01,5,-0.04418105114482606,0.036600046678425105,-0.04418105114482606,21.80262964836857,0.00036867431,1334,667.0,5ef5c11-dirty
0.1,0.02,2,0.005,4,0.21364457118181765,0.21364457118181765,0.3232118729151732,3.669052280584328,1.708457e-5,2084,1042.0,5ef5c11-dirty
0.01,0.01,8,0.0,8,0.9657044440840696,0.966694755403764,0.9657044440840696,0.2571801719460496,0.00089239184,11513,5756.5,5ef5c11-dirty
0.0003,0.01,2,0.0,5,0.28858240799573615,0.28858240799573615,0.7472690613690499,3.437739812882669,0.00036867431,3971,1985.5,5ef5c11-dirty
0.03,0.1,8,0.01,5,0.07390616506026622,0.07390616506026622,0.2163263534126183,9.607353159693497,0.00036867431,1334,667.0,5ef5c11-dirty
0.3,0.05,8,0.005,4,0.356126464395101,0.356126464395101,0.5946831604413644,1.8769104950076465,1.708457e-5,2459,1229.5,5ef5c11-dirty
0.3,0.02,2,0.005,4,0.4071844476646973,0.4071844476646973,0.6556135142373779,1.9529364602749493,1.708457e-5,2084,1042.0,5ef5c11-dirty
0.003,0.005,2,0.0,7,0.9991046779411119,0.9991046779411119,0.9992710936850132,0.046508081836026824,5.042856e-5,7739,3869.5,5ef5c11-dirty
0.1,0.1,8,0.01,5,0.09500792138986834,0.09500792138986834,0.4531211625541394,4.23807021953456,0.00036867431,1334,667.0,5ef5c11-dirty
0.001,0.01,2,0.0,5,0.6938473628596142,0.6938473628596142,0.9690675845122875,1.029242861883054,0.00036867431,3971,1985.5,5ef5c11-dirty
0.0003,0.02,2,0.01,4,0.009785698635271066,0.0188097602438292,0.009785698635271066,48.42584042788102,1.708457e-5,2084,1042.0,5ef5c11-dirty
0.3,0.1,8,0.01,5,0.2232749267931837,0.2232749267931837,0.6497889938626022,2.289963926923094,0.00036867431,1334,667.0,5ef5c11-dirty
0.0003,0.05,8,0.01,4,0.013716149504316284,0.013716149504316284,0.04143179218148868,74.8423080977367,1.708457e-5,2459,1229.5,5ef5c11-dirty
0.0003,0.1,8,0.02,5,-0.09683902561853454,0.020901591276029877,-0.09683902561853454,675.4769187573899,0.00036867431,1334,667.0,5ef5c11-dirty
0.001,0.02,2,0.01,4,0.019244279049277946,0.019244279049277946,0.21983242297502942,45.45720994742956,1.708457e-5,2084,1042.0,5ef5c11-dirty
0.003,0.01,2,0.0,5,0.943677741190018,0.943677741190018,0.9950038673718679,0.34390699479485093,0.00036867431,3971,1985.5,5ef5c11-dirty
0.03,0.02,8,0.01,5,0.09926910635596499,0.09926910635596499,0.284490662859261,8.094967665327534,0.00036867431,5852,2926.0,5ef5c11-dirty
0.001,0.1,8,0.02,5,-0.09548574454335895,0.02107332151903052,-0.09548574454335895,202.80585059009917,0.00036867431,1334,667.0,5ef5c11-dirty
0.001,0.05,8,0.01,4,0.02343582026974584,0.02343582026974584,0.21941168182073686,43.4548016289244,1.708457e-5,2459,1229.5,5ef5c11-dirty
0.01,0.005,2,0.0,7,0.9996886992653353,0.9997844930097309,0.9996886992653353,0.02862879520242377,5.042856e-5,7739,3869.5,5ef5c11-dirty
0.003,0.02,2,0.01,4,-0.01654311760427785,-0.01654311760427785,0.20898165534815277,25.120213727106098,1.708457e-5,2084,1042.0,5ef5c11-dirty
0.003,0.1,8,0.02,5,-0.043921651054401586,0.016649213421670347,-0.043921651054401586,88.83897445272544,0.00036867431,1334,667.0,5ef5c11-dirty
0.01,0.01,2,0.0,5,0.9935515565829652,0.9935515565829652,0.997675595171463,0.11514797480338085,0.00036867431,3971,1985.5,5ef5c11-dirty
0.03,0.01,8,0.0,8,0.9648795381299583,0.9839165442241862,0.9648795381299583,0.19098923759007,0.00089239184,11513,5756.5,5ef5c11-dirty
0.003,0.05,8,0.01,4,0.0008630944041972933,0.0008630944041972933,0.20778918943832378,20.253211104050443,1.708457e-5,2459,1229.5,5ef5c11-dirty
0.01,0.1,8,0.02,5,-0.020760466014366603,0.023434382696623884,-0.020760466014366603,32.17971705909622,0.00036867431,1334,667.0,5ef5c11-dirty
0.01,0.02,2,0.01,4,0.056481560574306706,0.056481560574306706,0.2763180080204721,16.241571459164508,1.708457e-5,2084,1042.0,5ef5c11-dirty
0.03,0.1,8,0.02,5,-0.0468885499084262,0.028332554814276805,-0.0468885499084262,12.647974839929375,0.00036867431,1334,667.0,5ef5c11-dirty
0.03,0.01,2,0.0,5,0.9978233089992049,0.9980846672888579,0.9978233089992049,0.06804932737851059,0.00036867431,3971,1985.5,5ef5c11-dirty
0.03,0.02,2,0.01,4,0.11408258328529351,0.11408258328529351,0.24799464399711302,11.032217191300438,1.708457e-5,2084,1042.0,5ef5c11-dirty
0.01,0.05,8,0.01,4,0.062388912911191176,0.062388912911191176,0.2707385182826168,14.809976567301442,1.708457e-5,2459,1229.5,5ef5c11-dirty
0.1,0.1,8,0.02,5,0.037856753948419426,0.037856753948419426,0.05809314485541786,5.988933932520804,0.00036867431,1334,667.0,5ef5c11-dirty
0.03,0.005,2,0.0,7,0.9997219802051561,0.9998432942685757,0.9997219802051561,0.026336448161572802,5.042856e-5,7739,3869.5,5ef5c11-dirty
0.1,0.02,8,0.01,5,0.1553631501165324,0.1553631501165324,0.4838081523189221,4.39917758420062,0.00036867431,5852,2926.0,5ef5c11-dirty
0.1,0.02,2,0.01,4,0.15959874160659945,0.15959874160659945,0.31785386879721095,5.897890295214336,1.708457e-5,2084,1042.0,5ef5c11-dirty
0.3,0.1,8,0.02,5,0.09500051000143825,0.09500051000143825,0.2811495790588901,3.541275168434373,0.00036867431,1334,667.0,5ef5c11-dirty
0.1,0.01,2,0.0,5,0.9978167464957803,0.998511315630985,0.9978167464957803,0.06205768489838737,0.00036867431,3971,1985.5,5ef5c11-dirty
0.0003,0.1,8,0.0,6,-0.059380205121856836,0.0005848619839730078,-0.059380205121856836,587.4164153890272,0.000112622154,1334,667.0,5ef5c11-dirty
0.03,0.05,8,0.01,4,0.10815890974919404,0.10815890974919404,0.2500689185436303,10.240348472978235,1.708457e-5,2459,1229.5,5ef5c11-dirty
0.3,0.02,2,0.01,4,0.3409981057658161,0.3409981057658161,0.5220496603983551,3.0019208077325845,1.708457e-5,2084,1042.0,5ef5c11-dirty
0.001,0.1,8,0.0,6,-0.050095920490843576,0.001827901614606006,-0.050095920490843576,176.21312235564378,0.000112622154,1334,667.0,5ef5c11-dirty
0.3,0.01,2,0.0,5,0.997853994464755,0.9984847850320444,0.997853994464755,0.06216828295751663,0.00036867431,3971,1985.5,5ef5c11-dirty
0.003,0.1,8,0.0,6,-0.02344523911811574,0.005372191012553767,-0.02344523911811574,58.731218997264946,0.000112622154,1334,667.0,5ef5c11-dirty
0.1,0.01,8,0.0,8,0.9622558977383989,0.9852314001508344,0.9622558977383989,0.18591373539022998,0.00089239184,11513,5756.5,5ef5c11-dirty
0.1,0.05,8,0.01,4,0.1465207021761596,0.1465207021761596,0.2884264740879952,5.51630023253689,1.708457e-5,2459,1229.5,5ef5c11-dirty
0.01,0.1,8,0.0,6,0.017785664600091348,0.017785664600091348,0.07016133795666253,17.625599865435355,0.000112622154,1334,667.0,5ef5c11-dirty
0.0003,0.02,2,0.02,4,-0.03824772012936889,-0.013378170015387443,-0.03824772012936889,2.773528823359231,1.708457e-5,2084,1042.0,5ef5c11-dirty
0.1,0.005,2,0.0,7,0.9997264346784748,0.9998583086577641,0.9997264346784748,0.02600987867957343,5.042856e-5,7739,3869.5,5ef5c11-dirty
0.03,0.1,8,0.0,6,0.053104008536237195,0.053104008536237195,0.3116915120333697,5.918944047063431,0.000112622154,1334,667.0,5ef5c11-dirty
0.3,0.02,8,0.01,5,0.2870784933763334,0.2870784933763334,0.7086388602251587,2.5777985632997504,0.00036867431,5852,2926.0,5ef5c11-dirty
0.1,0.1,8,0.0,6,0.16916751406646993,0.16916751406646993,0.6607997032778311,1.9456311234556352,0.000112622154,1334,667.0,5ef5c11-dirty
0.001,0.02,2,0.02,4,-0.01372349403553821,-0.01372349403553821,-0.00022749681847005838,1.2713775003262067,1.708457e-5,2084,1042.0,5ef5c11-dirty
0.3,0.05,8,0.01,4,0.32009172646364675,0.32009172646364675,0.4757425194311857,2.8210373218886935,1.708457e-5,2459,1229.5,5ef5c11-dirty
0.0003,0.01,2,0.005,5,-0.08847837935075481,0.02364327088170508,-0.08847837935075481,3.5418989278757933,0.00036867431,3971,1985.5,5ef5c11-dirty
0.3,0.1,8,0.0,6,0.3749713569284232,0.3749713569284232,0.7517667422867838,1.0338850775518817,0.000112622154,1334,667.0,5ef5c11-dirty
0.003,0.02,2,0.02,4,0.0005719632626383846,0.06718649710606209,0.0005719632626383846,2.791694224666264,1.708457e-5,2084,1042.0,5ef5c11-dirty
0.0003,0.1,8,0.005,6,-0.06173880282233883,-0.0019308849284779411,-0.06173880282233883,588.1471909198206,0.000112622154,1334,667.0,5ef5c11-dirty
0.3,0.005,2,0.0,7,0.9997162152784005,0.9998423968561854,0.9997162152784005,0.02595190061415481,5.042856e-5,7739,3869.5,5ef5c11-dirty
0.0003,0.05,8,0.02,4,0.014760557497089925,0.014760557497089925,0.0442147370376282,76.22772156120405,1.708457e-5,2459,1229.5,5ef5c11-dirty
0.001,0.1,8,0.005,6,-0.061180090879035184,-0.002832841417114957,-0.061180090879035184,178.03149740687562,0.000112622154,1334,667.0,5ef5c11-dirty
0.01,0.02,2,0.02,4,-0.05165541513724343,0.04010896292839897,-0.05165541513724343,12.184807143922452,1.708457e-5,2084,1042.0,5ef5c11-dirty
0.001,0.01,2,0.005,5,-0.005652193936435245,0.0034533182670654643,-0.005652193936435245,9.367784233223137,0.00036867431,3971,1985.5,5ef5c11-dirty
0.003,0.1,8,0.005,6,-0.03622162860476608,0.00204970548902597,-0.03622162860476608,59.80661267640251,0.000112622154,1334,667.0,5ef5c11-dirty
0.3,0.01,8,0.0,8,0.9315529056648761,0.9824241970654375,0.9315529056648761,0.19575897162654043,0.00089239184,11513,5756.5,5ef5c11-dirty
0.03,0.02,2,0.02,4,0.09842522602576244,0.09842522602576244,0.10115050395042113,10.396018238539492,1.708457e-5,2084,1042.0,5ef5c11-dirty
0.001,0.05,8,0.02,4,0.003310453042742008,0.014754581956489552,0.003310453042742008,22.877902965858816,1.708457e-5,2459,1229.5,5ef5c11-dirty
0.0003,0.02,8,0.02,5,-0.09727200505593182,0.020899571335915315,-0.09727200505593182,10.848082705596942,0.00036867431,5852,2926.0,5ef5c11-dirty
0.01,0.1,8,0.005,6,-0.02749976328971267,0.0029806182186131423,-0.02749976328971267,19.141291789956643,0.000112622154,1334,667.0,5ef5c11-dirty
0.03,0.1,8,0.005,6,0.0190094244789911,0.0190094244789911,0.13931031068629418,7.457832094302387,0.000112622154,1334,667.0,5ef5c11-dirty
0.1,0.02,2,0.02,4,0.1524179249202584,0.15249229070992953,0.1524179249202584,7.161518823331125,1.708457e-5,2084,1042.0,5ef5c11-dirty
0.003,0.01,2,0.005,5,-0.19205694848832913,0.03526452886451571,-0.19205694848832913,19.28374847476609,0.00036867431,3971,1985.5,5ef5c11-dirty
0.003,0.05,8,0.02,4,0.003328304176037514,0.014754594240501006,0.003328304176037514,7.674423623726674,1.708457e-5,2459,1229.5,5ef5c11-dirty
0.1,0.1,8,0.005,6,0.11443519322183184,0.11443519322183184,0.418372698955545,3.2131977197032326,0.000112622154,1334,667.0,5ef5c11-dirty
0.3,0.02,2,0.02,4,0.22836177794198034,0.22836177794198034,0.22960411556241864,4.165108035284166,1.708457e-5,2084,1042.0,5ef5c11-dirty
0.3,0.1,8,0.005,6,0.21385640897032843,0.21385640897032843,0.5235197966348801,1.7335184870420492,0.000112622154,1334,667.0,5ef5c11-dirty
0.0003,0.005,2,0.005,7,-0.001404372983884564,0.03549476176642289,-0.001404372983884564,1.0529332715881388,5.042856e-5,7739,3869.5,5ef5c11-dirty
0.0003,0.02,2,0.0,5,0.33260529895451507,0.33260529895451507,0.8459504400904488,2.458614918632679,0.00036867431,2084,1042.0,5ef5c11-dirty
0.01,0.05,8,0.02,4,-0.03737414575453427,0.03643433803260329,-0.03737414575453427,11.807162474528429,1.708457e-5,2459,1229.5,5ef5c11-dirty
0.0003,0.1,8,0.01,6,-0.045424187762363906,0.0006091460688038476,-0.045424187762363906,589.0889437612731,0.000112622154,1334,667.0,5ef5c11-dirty
0.01,0.01,2,0.005,5,0.14466121378794666,0.14466121378794666,0.24043181729693008,11.837163067691534,0.00036867431,3971,1985.5,5ef5c11-dirty
0.001,0.02,2,0.0,5,0.7721248803356786,0.7721248803356786,0.9715847390277441,0.7555973734423997,0.00036867431,2084,1042.0,5ef5c11-dirty
0.001,0.02,8,0.02,5,0.015885774245192667,0.02051338717851438,0.015885774245192667,42.477585859200296,0.00036867431,5852,2926.0,5ef5c11-dirty
0.001,0.1,8,0.01,6,-0.0014321896183581604,-0.0014321896183581604,0.01601772563761484,177.39879515470753,0.000112622154,1334,667.0,5ef5c11-dirty
0.003,0.02,2,0.0,5,0.9579527795793026,0.9579527795793026,0.9881888324946151,0.2873811185425603,0.00036867431,2084,1042.0,5ef5c11-dirty
0.03,0.05,8,0.02,4,0.08449812776620588,0.08449812776620588,0.09687249273093558,9.81506887369022,1.708457e-5,2459,1229.5,5ef5c11-dirty
0.003,0.1,8,0.01,6,0.005946149199895397,0.005946149199895397,0.02280928755268208,61.5607512066479,0.000112622154,1334,667.0,5ef5c11-dirty
0.01,0.02,2,0.0,5,0.9893934923554545,0.9893934923554545,0.9906845875705421,0.15456496880693257,0.00036867431,2084,1042.0,5ef5c11-dirty
0.03,0.01,2,0.005,5,0.23971414424147677,0.23971414424147677,0.33553234990527525,7.26592283545101,0.00036867431,3971,1985.5,5ef5c11-dirty
0.01,0.1,8,0.01,6,0.03333881928765668,0.04236976513801967,0.03333881928765668,21.71317247026476,0.000112622154,1334,667.0,5ef5c11-dirty
0.03,0.02,2,0.0,5,0.9910501886423028,0.9927554625656148,0.9910501886423028,0.13335471577568542,0.00036867431,2084,1042.0,5ef5c11-dirty
0.1,0.05,8,0.02,4,0.13128854650726438,0.13684307646391286,0.13128854650726438,6.584367297485123,1.708457e-5,2459,1229.5,5ef5c11-dirty
0.03,0.1,8,0.01,6,0.11134068318932804,0.11134068318932804,0.20207962958088174,9.980447993522896,0.000112622154,1334,667.0,5ef5c11-dirty
0.0003,0.01,8,0.005,8,0.01722006175689379,0.01722006175689379,0.1305694337671026,75.6695360300238,0.00089239184,11513,5756.5,5ef5c11-dirty
0.1,0.02,2,0.0,5,0.9911579291060187,0.9933123950308211,0.9911579291060187,0.12942639976139003,0.00036867431,2084,1042.0,5ef5c11-dirty
0.001,0.005,2,0.005,7,-0.09517957172778373,-0.09517957172778373,-0.005553642475063556,21.261211385473896,5.042856e-5,7739,3869.5,5ef5c11-dirty
0.1,0.1,8,0.01,6,0.09949305796132137,0.09949305796132137,0.3287350115975317,4.421113316472096,0.000112622154,1334,667.0,5ef5c11-dirty
0.003,0.02,8,0.02,5,0.010727871613589667,0.010727871613589667,0.0225762001667794,56.29826910371177,0.00036867431,5852,2926.0,5ef5c11-dirty
0.3,0.02,2,0.0,5,0.9913051590851559,0.9934050491447595,0.9913051590851559,0.1284171283816783,0.00036867431,2084,1042.0,5ef5c11-dirty
0.3,0.05,8,0.02,4,0.2095488285726857,0.2147766336903217,0.2095488285726857,3.804730277960146,1.708457e-5,2459,1229.5,5ef5c11-dirty
0.1,0.01,2,0.005,5,0.32834116518786827,0.32834116518786827,0.5213397103029578,3.5780682637541203,0.00036867431,3971,1985.5,5ef5c11-dirty
0.3,0.1,8,0.01,6,0.10842638487083528,0.10842638487083528,0.45046037014196944,2.432583464637793,0.000112622154,1334,667.0,5ef5c11-dirty
0.0003,0.05,8,0.0,5,-0.03624123930996403,0.03108534323785859,-0.03624123930996403,71.97482369812431,0.00036867431,2459,1229.5,5ef5c11-dirty
0.0003,0.02,2,0.005,5,-0.028492468739062877,-0.028492468739062877,0.09567413401806975,2.7522967189910466,0.00036867431,2084,1042.0,5ef5c11-dirty
0.0003,0.1,8,0.02,6,-0.06249492955103127,-0.0002876666355190937,-0.06249492955103127,590.271794779821,0.000112622154,1334,667.0,5ef5c11-dirty
0.001,0.05,8,0.0,5,0.0565180059499583,0.0565180059499583,0.10260591593267661,21.569487651114926,0.00036867431,2459,1229.5,5ef5c11-dirty
0.001,0.1,8,0.02,6,-0.015461228790358734,-0.00028816433154415757,-0.015461228790358734,177.08572516875813,0.000112622154,1334,667.0,5ef5c11-dirty
0.001,0.02,2,0.005,5,-0.001652508141098732,-0.001652508141098732,0.004589330827740856,9.986372395251857,0.00036867431,2084,1042.0,5ef5c11-dirty
0.3,0.01,2,0.005,5,0.46192301646918776,0.46192301646918776,0.6950058531791901,1.914003522871345,0.00036867431,3971,1985.5,5ef5c11-dirty
0.003,0.05,8,0.0,5,0.12858133252982523,0.12858133252982523,0.44783396903210415,7.1720656245285666,0.00036867431,2459,1229.5,5ef5c11-dirty
0.003,0.1,8,0.02,6,-0.0002885085298646826,-0.0002885085298646826,0.005147401352653686,59.0357826274152,0.000112622154,1334,667.0,5ef5c11-dirty
0.003,0.02,2,0.005,5,-0.20004163160573027,0.03385839096173205,-0.20004163160573027,18.899453419127784,0.00036867431,2084,1042.0,5ef5c11-dirty
0.003,0.005,2,0.005,7,-0.0633690771133252,-0.0633690771133252,0.054220108933095076,18.222937215665606,5.042856e-5,7739,3869.5,5ef5c11-dirty
0.01,0.1,8,0.02,6,0.005772216402453881,0.00960083326118424,0.005772216402453881,19.32033540425516,0.000112622154,1334,667.0,5ef5c11-dirty
0.01,0.02,8,0.02,5,0.014838758065154556,0.024430655917015886,0.014838758065154556,28.52909116892118,0.00036867431,5852,2926.0,5ef5c11-dirty
0.01,0.05,8,0.0,5,0.3604602688293051,0.3604602688293051,0.8619116618244912,2.1492586939868183,0.00036867431,2459,1229.5,5ef5c11-dirty
0.01,0.02,2,0.005,5,0.1415545891518712,0.1415545891518712,0.23764595658882978,11.592836378330938,0.00036867431,2084,1042.0,5ef5c11-dirty
0.0003,0.01,2,0.01,5,-0.09090514416224656,0.02271699431977525,-0.09090514416224656,3.608166979929054,0.00036867431,3971,1985.5,5ef5c11-dirty
0.03,0.1,8,0.02,6,0.02148560733050058,0.02148560733050058,0.043204201665285887,8.047514497879819,0.000112622154,1334,667.0,5ef5c11-dirty
0.03,0.05,8,0.0,5,0.7374933047629648,0.7374933047629648,0.9467100028477127,0.7586980212244127,0.00036867431,2459,1229.5,5ef5c11-dirty
0.1,0.1,8,0.02,6,0.02508198021356003,0.02508198021356003,0.21593020408975316,5.497165274349171,0.000112622154,1334,667.0,5ef5c11-dirty
0.03,0.02,2,0.005,5,0.23303554602837961,0.23303554602837961,0.32611586750911903,7.062868229131048,0.00036867431,2084,1042.0,5ef5c11-dirty
0.1,0.05,8,0.0,5,0.9310524512263857,0.9310524512263857,0.9551496353778505,0.37468685889333286,0.00036867431,2459,1229.5,5ef5c11-dirty
0.3,0.1,8,0.02,6,0.03923475095156539,0.03923475095156539,0.14471551750116343,3.253078952683835,0.000112622154,1334,667.0,5ef5c11-dirty
0.001,0.01,8,0.005,8,0.060375246633771314,0.060375246633771314,0.14008589629825444,45.37375163519064,0.00089239184,11513,5756.5,5ef5c11-dirty
0.001,0.01,2,0.01,5,-0.09071429724294289,0.02256918086106447,-0.09071429724294289,1.431144457006007,0.00036867431,3971,1985.5,5ef5c11-dirty
0.1,0.02,2,0.005,5,0.32084508585333504,0.32084508585333504,0.5134173197240021,3.4840121351327134,0.00036867431,2084,1042.0,5ef5c11-dirty
0.0003,0.1,8,0.0,7,-0.04238962789070104,-0.04238962789070104,-0.04062761595197715,667.5995726720373,5.042856e-5,1334,667.0,5ef5c11-dirty
0.3,0.05,8,0.0,5,0.9524985942535744,0.9524985942535744,0.9554113664393633,0.3303713713574133,0.00036867431,2459,1229.5,5ef5c11-dirty
0.001,0.1,8,0.0,7,-0.040127367593890594,-0.040127367593890594,-0.02428058587207094,200.2717361592464,5.042856e-5,1334,667.0,5ef5c11-dirty
0.03,0.02,8,0.02,5,-0.021051865933344596,0.03012876999950123,-0.021051865933344596,12.675840741232298,0.00036867431,5852,2926.0,5ef5c11-dirty
0.01,0.005,2,0.005,7,0.057446102203990025,0.057446102203990025,0.0765112876675566,10.931793245582917,5.042856e-5,7739,3869.5,5ef5c11-dirty
0.003,0.1,8,0.0,7,-0.03367977101400076,-0.03367977101400076,0.022462836343269718,66.74964533107699,5.042856e-5,1334,667.0,5ef5c11-dirty
0.3,0.02,2,0.005,5,0.4512496105400333,0.4512496105400333,0.684414491049611,1.8774247359630354,0.00036867431,2084,1042.0,5ef5c11-dirty
0.0003,0.05,8,0.005,5,-0.0954492003095316,0.019914036367749872,-0.0954492003095316,72.09629533191567,0.00036867431,2459,1229.5,5ef5c11-dirty
0.01,0.1,8,0.0,7,-0.011056259368090253,-0.011056259368090253,0.18313321448841452,20.02074515720627,5.042856e-5,1334,667.0,5ef5c11-dirty
0.003,0.01,2,0.01,5,0.005020491017859911,0.008683942228667751,0.005020491017859911,22.168085310374856,0.00036867431,3971,1985.5,5ef5c11-dirty
0.03,0.1,8,0.0,7,0.053731284913401706,0.053731284913401706,0.5383783229852354,6.6796559878632396,5.042856e-5,1334,667.0,5ef5c11-dirty
0.0003,0.02,2,0.01,5,-0.021887645246977266,-0.021887645246977266,0.0976145803175161,2.742471055834672,0.00036867431,2084,1042.0,5ef5c11-dirty
0.1,0.1,8,0.0,7,0.2701917193905179,0.2701917193905179,0.8619739700803647,2.044560598958985,5.042856e-5,1334,667.0,5ef5c11-dirty
0.001,0.05,8,0.005,5,-0.07924333891534958,0.017219735510947822,-0.07924333891534958,24.537472137850305,0.00036867431,2459,1229.5,5ef5c11-dirty
0.3,0.1,8,0.0,7,0.6568241858966138,0.6568241858966138,0.9173994146882454,0.8059390607670686,5.042856e-5,1334,667.0,5ef5c11-dirty
0.001,0.02,2,0.01,5,-0.021951271529382397,-0.021951271529382397,0.0973014468844069,1.2692838186010997,0.00036867431,2084,1042.0,5ef5c11-dirty
0.0003,0.1,8,0.005,7,-0.04297306169608419,-0.04297306169608419,-0.04182949649382721,669.3016078938932,5.042856e-5,1334,667.0,5ef5c11-dirty
0.01,0.01,2,0.01,5,0.013130035531276237,0.07223873631624425,0.013130035531276237,12.946149276376294,0.00036867431,3971,1985.5,5ef5c11-dirty
0.1,0.02,8,0.02,5,0.07621456126712632,0.07621456126712632,0.14006589708293327,6.93849094498083,0.00036867431,5852,2926.0,5ef5c11-dirty
0.003,0.02,2,0.01,5,0.007107286906910954,0.007176503473032042,0.007107286906910954,20.518772422203508,0.00036867431,2084,1042.0,5ef5c11-dirty
0.003,0.05,8,0.005,5,-0.23480426151234537,0.035024586302615096,-0.23480426151234537,20.279476463086468,0.00036867431,2459,1229.5,5ef5c11-dirty
0.001,0.1,8,0.005,7,-0.052848698266527584,-0.052848698266527584,-0.0428853990220092,200.55742657692016,5.042856e-5,1334,667.0,5ef5c11-dirty
0.03,0.005,2,0.005,7,0.1208728367264129,0.1208728367264129,0.39990731668598134,6.052930766904937,5.042856e-5,7739,3869.5,5ef5c11-dirty
0.003,0.1,8,0.005,7,-0.05653821169897827,-0.05653821169897827,-0.023978873541216018,67.34121440275169,5.042856e-5,1334,667.0,5ef5c11-dirty
0.01,0.02,2,0.01,5,0.014421893118988626,0.07085034066761214,0.014421893118988626,12.278050644271053,0.00036867431,2084,1042.0,5ef5c11-dirty
0.01,0.05,8,0.005,5,0.1309638944773961,0.1309638944773961,0.22478226696873213,11.014267553425586,0.00036867431,2459,1229.5,5ef5c11-dirty
0.01,0.1,8,0.005,7,-0.020567420046273224,-0.020567420046273224,0.0038792031003161078,21.31956019742734,5.042856e-5,1334,667.0,5ef5c11-dirty
0.03,0.01,2,0.01,5,0.09856712870222245,0.09856712870222245,0.2850146653239038,8.3799542939194,0.00036867431,3971,1985.5,5ef5c11-dirty
0.03,0.02,2,0.01,5,0.09907640975180339,0.09907640975180339,0.28492730630958185,8.088404252434154,0.00036867431,2084,1042.0,5ef5c11-dirty
0.03,0.1,8,0.005,7,0.02256317945419712,0.02256317945419712,0.18425433375613864,7.924273487052407,5.042856e-5,1334,667.0,5ef5c11-dirty
0.003,0.01,8,0.005,8,0.04269298674641921,0.04269298674641921,0.12360966454026893,20.419258965677262,0.00089239184,11513,5756.5,5ef5c11-dirty
0.03,0.05,8,0.005,5,0.20612292952212838,0.20612292952212838,0.294058004210389,6.505478766935444,0.00036867431,2459,1229.5,5ef5c11-dirty
0.1,0.02,2,0.01,5,0.1551295714784985,0.1551295714784985,0.48435371430300633,4.400288619406799,0.00036867431,2084,1042.0,5ef5c11-dirty
0.3,0.02,8,0.02,5,0.16495340345114737,0.16495340345114737,0.3357942337125563,4.136855667267693,0.00036867431,5852,2926.0,5ef5c11-dirty
0.1,0.01,2,0.01,5,0.15724250266617665,0.15724250266617665,0.478148333441646,4.50440359499811,0.00036867431,3971,1985.5,5ef5c11-dirty
0.3,0.02,2,0.01,5,0.28692561405380024,0.28692561405380024,0.7088386156428981,2.57863082333658,0.00036867431,2084,1042.0,5ef5c11-dirty
0.1,0.05,8,0.005,5,0.28508152249244256,0.28508152249244256,0.48660530903047755,3.2393927318442994,0.00036867431,2459,1229.5,5ef5c11-dirty
0.1,0.005,2,0.005,7,0.22451632361251297,0.22451632361251297,0.5751249703469181,3.2056265515067466,5.042856e-5,7739,3869.5,5ef5c11-dirty
0.0003,0.02,2,0.02,5,-0.01750419889355403,-0.01750419889355403,0.09406759326564486,2.703130652404991,0.00036867431,2084,1042.0,5ef5c11-dirty
0.0003,0.02,8,0.0,6,0.07722327417661184,0.07722327417661184,0.22792568907385174,9.394283587383605,0.000112622154,5852,2926.0,5ef5c11-dirty
0.3,0.05,8,0.005,5,0.41350118737835906,0.41350118737835906,0.6517362335960276,1.7914853206317285,0.00036867431,2459,1229.5,5ef5c11-dirty
0.3,0.01,2,0.01,5,0.288064727315397,0.288064727315397,0.7156963995827718,2.634110566726805,0.00036867431,3971,1985.5,5ef5c11-dirty
0.001,0.02,2,0.02,5,0.018656198038021845,0.018656198038021845,0.02910734021357716,42.173177313028795,0.00036867431,2084,1042.0,5ef5c11-dirty
0.0003,0.05,8,0.01,5,-0.09552316742628157,0.02097112726437814,-0.09552316742628157,72.31656953197741,0.00036867431,2459,1229.5,5ef5c11-dirty
0.003,0.02,2,0.02,5,0.010291791121020159,0.010291791121020159,0.024127861651362905,56.18551848646825,0.00036867431,2084,1042.0,5ef5c11-dirty
0.001,0.02,8,0.0,6,0.2495125725734396,0.2495125725734396,0.6454640108433909,2.8530615728955437,0.000112622154,5852,2926.0,5ef5c11-dirty
0.0003,0.01,2,0.02,5,-0.09142573750737865,0.022739087614534106,-0.09142573750737865,3.7455105037528527,0.00036867431,3971,1985.5,5ef5c11-dirty
0.01,0.02,2,0.02,5,0.01569474862256081,0.02417332793012608,0.01569474862256081,28.48967003684871,0.00036867431,2084,1042.0,5ef5c11-dirty
0.3,0.005,2,0.005,7,0.4450136082091788,0.4450136082091788,0.8333584383727676,1.9279895345964517,5.042856e-5,7739,3869.5,5ef5c11-dirty
0.001,0.05,8,0.01,5,-0.09550951400789437,0.020948229433681277,-0.09550951400789437,21.701629404513138,0.00036867431,2459,1229.5,5ef5c11-dirty
0.01,0.01,8,0.005,8,0.12171041774770383,0.12171041774770383,0.2485556506125444,9.905334360302405,0.00089239184,11513,5756.5,5ef5c11-dirty
0.03,0.02,2,0.02,5,-0.02083273469595594,0.02990542837532229,-0.02083273469595594,12.669520675830498,0.00036867431,2084,1042.0,5ef5c11-dirty
0.001,0.01,2,0.02,5,0.020758390780415005,0.020758390780415005,0.023012589408841468,45.277910312835886,0.00036867431,3971,1985.5,5ef5c11-dirty
0.003,0.02,8,0.0,6,0.5864673648192952,0.5864673648192952,0.8436369817490581,1.0460211946249862,0.000112622154,5852,2926.0,5ef5c11-dirty
0.003,0.05,8,0.01,5,-0.019547440488454713,0.010714863388311797,-0.019547440488454713,17.43717427676283,0.00036867431,2459,1229.5,5ef5c11-dirty
0.1,0.02,2,0.02,5,0.07607785427730165,0.07607785427730165,0.1402510695603459,6.938846383321751,0.00036867431,2084,1042.0,5ef5c11-dirty
0.01,0.05,8,0.01,5,0.006109641523964823,0.06792910104472236,0.006109641523964823,10.578106377529753,0.00036867431,2459,1229.5,5ef5c11-dirty
0.3,0.02,2,0.02,5,0.1648831745634335,0.1648831745634335,0.3360173224617275,4.137531697053366,0.00036867431,2084,1042.0,5ef5c11-dirty
0.003,0.01,2,0.02,5,0.011531238644138023,0.011531238644138023,0.022951971376056424,56.81830559712251,0.00036867431,3971,1985.5,5ef5c11-dirty
0.01,0.02,8,0.0,6,0.8426593288639872,0.8426593288639872,0.8740905557799197,0.5391814273101795,0.000112622154,5852,2926.0,5ef5c11-dirty
0.0003,0.02,2,0.0,6,0.31615615670896957,0.31615615670896957,0.7099177574422011,2.1882472123719605,0.000112622154,2084,1042.0,5ef5c11-dirty
0.0003,0.005,2,0.01,7,0.0067654438250102505,0.02020548868358124,0.0067654438250102505,1.0375225475600298,5.042856e-5,7739,3869.5,5ef5c11-dirty
0.03,0.05,8,0.01,5,0.09929381332659477,0.09929381332659477,0.27479002834965804,7.423361693122908,0.00036867431,2459,1229.5,5ef5c11-dirty
0.001,0.02,2,0.0,6,0.7026455266052952,0.7026455266052952,0.8532526916360157,0.7877977089934748,0.000112622154,2084,1042.0,5ef5c11-dirty
0.003,0.02,2,0.0,6,0.8632205292824948,0.8632205292824948,0.8729378227621194,0.5052065029110537,0.000112622154,2084,1042.0,5ef5c11-dirty
0.01,0.01,2,0.02,5,0.01727211219953342,0.025259536468974563,0.01727211219953342,29.182658645324068,0.00036867431,3971,1985.5,5ef5c11-dirty
0.03,0.02,8,0.0,6,0.8762017360695021,0.8853204593080319,0.8762017360695021,0.4687938259698826,0.000112622154,5852,2926.0,5ef5c11-dirty
0.1,0.05,8,0.01,5,0.13126503267158,0.13126503267158,0.490428230736657,4.082736695172856,0.00036867431,2459,1229.5,5ef5c11-dirty
0.01,0.02,2,0.0,6,0.8756922946000825,0.8889650354821301,0.8756922946000825,0.46279453038966817,0.000112622154,2084,1042.0,5ef5c11-dirty
0.03,0.02,2,0.0,6,0.8760579488173191,0.8911435917527623,0.8760579488173191,0.4592177031342701,0.000112622154,2084,1042.0,5ef5c11-dirty
0.3,0.05,8,0.01,5,0.26365609795924183,0.26365609795924183,0.684399388357575,2.426813495993701,0.00036867431,2459,1229.5,5ef5c11-dirty
0.1,0.02,2,0.0,6,0.8751963925100258,0.8902505710228312,0.8751963925100258,0.46079162504261884,0.000112622154,2084,1042.0,5ef5c11-dirty
0.03,0.01,2,0.02,5,-0.019498311423044395,0.03074010090820896,-0.019498311423044395,13.000871680556454,0.00036867431,3971,1985.5,5ef5c11-dirty
0.03,0.01,8,0.005,8,0.1424584131537128,0.1424584131537128,0.22639643204718324,6.447137306654119,0.00089239184,11513,5756.5,5ef5c11-dirty
0.1,0.02,8,0.0,6,0.8752932131664637,0.889655670208195,0.8752932131664637,0.4617569979916158,0.000112622154,5852,2926.0,5ef5c11-dirty
0.001,0.005,2,0.01,7,0.0069114325421404605,0.0069114325421404605,0.3958062769334509,40.91899968151099,5.042856e-5,7739,3869.5,5ef5c11-dirty
0.3,0.02,2,0.0,6,0.8668217961012967,0.8808166889642474,0.8668217961012967,0.4770058724707982,0.000112622154,2084,1042.0,5ef5c11-dirty
0.0003,0.05,8,0.02,5,-0.09672195530690986,0.020901443031331145,-0.09672195530690986,72.54947224721069,0.00036867431,2459,1229.5,5ef5c11-dirty
0.0003,0.02,2,0.005,6,-0.009936465425435663,-0.009936465425435663,0.010157184924988977,41.07889834685789,0.000112622154,2084,1042.0,5ef5c11-dirty
0.1,0.01,2,0.02,5,0.08122081399093992,0.08122081399093992,0.15115549420163166,7.1629525803988425,0.00036867431,3971,1985.5,5ef5c11-dirty
0.001,0.05,8,0.02,5,-0.03820381539421832,0.023476004074227542,-0.03820381539421832,39.48662100600485,0.00036867431,2459,1229.5,5ef5c11-dirty
0.001,0.02,2,0.005,6,0.007453580929444941,0.024391991078620976,0.007453580929444941,33.35363436248863,0.000112622154,2084,1042.0,5ef5c11-dirty
0.3,0.02,8,0.0,6,0.8668534450758704,0.8807414659423972,0.8668534450758704,0.477126095496045,0.000112622154,5852,2926.0,5ef5c11-dirty
0.003,0.02,2,0.005,6,0.04470894392577685,0.04983811166146096,0.04470894392577685,18.610548916760777,0.000112622154,2084,1042.0,5ef5c11-dirty
0.003,0.05,8,0.02,5,0.009540675870541445,0.009540675870541445,0.016384217209140805,55.77905964330343,0.00036867431,2459,1229.5,5ef5c11-dirty
0.3,0.01,2,0.02,5,0.17208811153037115,0.17208811153037115,0.3401570549450701,4.264167350466119,0.00036867431,3971,1985.5,5ef5c11-dirty
0.003,0.005,2,0.01,7,0.0068946656980433466,0.0068946656980433466,0.3957930456665857,16.777884758285047,5.042856e-5,7739,3869.5,5ef5c11-dirty
0.01,0.02,2,0.005,6,-0.002864805984577373,0.06288220217713043,-0.002864805984577373,9.4425850462348,0.000112622154,2084,1042.0,5ef5c11-dirty
0.01,0.05,8,0.02,5,0.009489990816849968,0.022267738682705422,0.009489990816849968,26.802550589460708,0.00036867431,2459,1229.5,5ef5c11-dirty
0.0003,0.01,2,0.0,6,0.2730737342381307,0.2730737342381307,0.6657175527233572,3.051791771662997,0.000112622154,3971,1985.5,5ef5c11-dirty
0.03,0.02,2,0.005,6,0.11545177826980711,0.11545177826980711,0.2513875350458662,5.587477631199626,0.000112622154,2084,1042.0,5ef5c11-dirty
0.0003,0.02,8,0.005,6,-0.009650981162268573,-0.009650981162268573,-0.004723597195740582,41.91721734699015,0.000112622154,5852,2926.0,5ef5c11-dirty
0.1,0.02,2,0.005,6,0.2514405512403823,0.2514405512403823,0.48737925353759276,3.0442879579784545,0.000112622154,2084,1042.0,5ef5c11-dirty
0.03,0.05,8,0.02,5,-0.02629598158841662,0.028324031326223572,-0.02629598158841662,11.76480348779718,0.00036867431,2459,1229.5,5ef5c11-dirty
0.001,0.01,2,0.0,6,0.681039860507835,0.681039860507835,0.9105494328955113,0.9478482001003437,0.000112622154,3971,1985.5,5ef5c11-dirty
0.1,0.01,8,0.005,8,0.23079073898710245,0.23079073898710245,0.37237108249714823,3.346868705682328,0.00089239184,11513,5756.5,5ef5c11-dirty
0.3,0.02,2,0.005,6,0.41007672221049674,0.41007672221049674,0.6048061611470633,1.7156234563544557,0.000112622154,2084,1042.0,5ef5c11-dirty
0.003,0.01,2,0.0,6,0.9204338431295974,0.9204338431295974,0.942078173876708,0.39234912458840504,0.000112622154,3971,1985.5,5ef5c11-dirty
0.1,0.05,8,0.02,5,0.06309054459427911,0.06309054459427911,0.10764572150821354,6.32778398930227,0.00036867431,2459,1229.5,5ef5c11-dirty
0.01,0.005,2,0.01,7,0.006584513391238304,0.006584513391238304,0.2996114822063322,10.930125429468783,5.042856e-5,7739,3869.5,5ef5c11-dirty
0.0003,0.02,2,0.01,6,0.027788685265225974,0.027788685265225974,0.051609688995607084,83.39766572495392,0.000112622154,2084,1042.0,5ef5c11-dirty
0.001,0.02,8,0.005,6,0.001980310801191515,0.024266323555460427,0.001980310801191515,33.55819499347194,0.000112622154,5852,2926.0,5ef5c11-dirty
0.01,0.01,2,0.0,6,0.945465730234255,0.9674595902762878,0.945465730234255,0.2606216017443909,0.000112622154,3971,1985.5,5ef5c11-dirty
0.3,0.05,8,0.02,5,0.13915716010004228,0.13915716010004228,0.3330291884657687,3.8147788735662407,0.00036867431,2459,1229.5,5ef5c11-dirty
0.001,0.02,2,0.01,6,0.027948961491726484,0.027948961491726484,0.08167966760533454,33.07671843939812,0.000112622154,2084,1042.0,5ef5c11-dirty
0.0003,0.05,8,0.0,6,-0.025064083869862967,0.007640366310226919,-0.025064083869862967,63.12977601334564,0.000112622154,2459,1229.5,5ef5c11-dirty
0.003,0.02,2,0.01,6,0.034557966236505804,0.034557966236505804,0.06966239606542866,26.312299430639975,0.000112622154,2084,1042.0,5ef5c11-dirty
0.03,0.01,2,0.0,6,0.9454817294573136,0.9719663747722488,0.9454817294573136,0.24559835371304323,0.000112622154,3971,1985.5,5ef5c11-dirty
0.001,0.05,8,0.0,6,0.0251177630116309,0.0251177630116309,0.066547009822384,18.944386469050027,0.000112622154,2459,1229.5,5ef5c11-dirty
0.01,0.02,2,0.01,6,0.07203925046870578,0.08000683520980048,0.07203925046870578,14.977884859121009,0.000112622154,2084,1042.0,5ef5c11-dirty
0.1,0.01,2,0.0,6,0.9435898908085356,0.9718406502082845,0.9435898908085356,0.24600282472788618,0.000112622154,3971,1985.5,5ef5c11-dirty
0.03,0.005,2,0.01,7,0.1005166425366881,0.1005166425366881,0.44143562483578563,8.270454946918106,5.042856e-5,7739,3869.5,5ef5c11-dirty
0.003,0.05,8,0.0,6,0.0747100477328125,0.0747100477328125,0.30764214210984053,6.346442257174934,0.000112622154,2459,1229.5,5ef5c11-dirty
0.003,0.02,8,0.005,6,0.04214298487811151,0.049757792941359194,0.04214298487811151,18.653236549912812,0.000112622154,5852,2926.0,5ef5c11-dirty
0.03,0.02,2,0.01,6,0.1532294851832532,0.1532294851832532,0.23518551429106888,9.46059337879267,0.000112622154,2084,1042.0,5ef5c11-dirty
0.01,0.05,8,0.0,6,0.2350346830055607,0.2350346830055607,0.68635395581202,2.0262869310863167,0.000112622154,2459,1229.5,5ef5c11-dirty
0.3,0.01,2,0.0,6,0.9235069488867834,0.9631535322050248,0.9235069488867834,0.27476805799766246,0.000112622154,3971,1985.5,5ef5c11-dirty
0.3,0.01,8,0.005,8,0.43751884290125465,0.43751884290125465,0.6312536956043939,1.7110951755447525,0.00089239184,11513,5756.5,5ef5c11-dirty
0.1,0.02,2,0.01,6,0.20015385996225502,0.20015385996225502,0.40432944554320405,4.765013715411856,0.000112622154,2084,1042.0,5ef5c11-dirty
0.03,0.05,8,0.0,6,0.5004359999511767,0.5004359999511767,0.7936051326767719,0.9732663339877249,0.000112622154,2459,1229.5,5ef5c11-dirty
0.3,0.02,2,0.01,6,0.256382632162031,0.256382632162031,0.5463210631951477,2.604024831047726,0.000112622154,2084,1042.0,5ef5c11-dirty
0.1,0.05,8,0.0,6,0.642771635789655,0.642771635789655,0.8054662195430833,0.771676224267345,0.000112622154,2459,1229.5,5ef5c11-dirty
0.0003,0.01,2,0.005,6,0.0017378845163763222,0.0017378845163763222,0.003089044068200418,41.876605034973295,0.000112622154,3971,1985.5,5ef5c11-dirty
0.3,0.05,8,0.0,6,0.6582650266473395,0.6582650266473395,0.8053623425074737,0.7550305902216555,0.000112622154,2459,1229.5,5ef5c11-dirty
0.0003,0.02,2,0.02,6,-0.01127187718541103,-0.01127187718541103,0.056762304497161846,2.4698659320961083,0.000112622154,2084,1042.0,5ef5c11-dirty
0.1,0.005,2,0.01,7,0.2711379411675543,0.2711379411675543,0.5161452028414053,4.487541546216512,5.042856e-5,7739,3869.5,5ef5c11-dirty
0.01,0.02,8,0.005,6,-0.003988630468759984,0.06278508958669812,-0.003988630468759984,9.45458171485218,0.000112622154,5852,2926.0,5ef5c11-dirty
0.001,0.02,2,0.02,6,-0.011562778285146612,-0.011562778285146612,0.03619598404702401,1.212465230806376,0.000112622154,2084,1042.0,5ef5c11-dirty
0.0003,0.05,8,0.005,6,-0.04263829318047205,-0.014472709971926815,-0.04263829318047205,79.07847948873086,0.000112622154,2459,1229.5,5ef5c11-dirty
0.001,0.01,2,0.005,6,0.005798101026004232,0.034390445837306494,0.005798101026004232,36.01841232285954,0.000112622154,3971,1985.5,5ef5c11-dirty
0.003,0.02,2,0.02,6,-0.011506229130692812,-0.011506229130692812,0.04075357251421158,1.0274526971077984,0.000112622154,2084,1042.0,5ef5c11-dirty
0.001,0.05,8,0.005,6,-0.01927054807055322,-0.01053934540180524,-0.01927054807055322,36.33489469454898,0.000112622154,2459,1229.5,5ef5c11-dirty
0.01,0.02,2,0.02,6,0.035976523782096016,0.053307692137856674,0.035976523782096016,17.69741787084549,0.000112622154,2084,1042.0,5ef5c11-dirty
0.003,0.01,2,0.005,6,0.04490606013639748,0.054373693751503596,0.04490606013639748,19.843923341244864,0.000112622154,3971,1985.5,5ef5c11-dirty
0.03,0.02,8,0.005,6,0.11545048832419422,0.11545048832419422,0.25070424615186715,5.5878739314065164,0.000112622154,5852,2926.0,5ef5c11-dirty
0.3,0.005,2,0.01,7,0.34611183686314145,0.34611183686314145,0.6237822370070004,2.664078997901131,5.042856e-5,7739,3869.5,5ef5c11-dirty
0.03,0.02,2,0.02,6,0.05231957621261581,0.05231957621261581,0.05641814426491117,9.085100727137513,0.000112622154,2084,1042.0,5ef5c11-dirty
0.003,0.05,8,0.005,6,0.027385540230569612,0.030604352032453958,0.027385540230569612,17.741809646154973,0.000112622154,2459,1229.5,5ef5c11-dirty
0.0003,0.01,8,0.01,8,-0.03454520714275024,0.07487441807142531,-0.03454520714275024,6.752576115623958,0.00089239184,11513,5756.5,5ef5c11-dirty
0.1,0.02,2,0.02,6,0.06631194245675855,0.06631194245675855,0.2325842958397646,6.173083218159731,0.000112622154,2084,1042.0,5ef5c11-dirty
0.01,0.05,8,0.005,6,0.012664905434739986,0.038454447222227614,0.012664905434739986,8.77662638808925,0.000112622154,2459,1229.5,5ef5c11-dirty
0.01,0.01,2,0.005,6,0.003634117855860225,0.0729972682336374,0.003634117855860225,9.798242180419594,0.000112622154,3971,1985.5,5ef5c11-dirty
0.3,0.02,2,0.02,6,0.14846834250326277,0.14846834250326277,0.17175449322282396,3.754488176736692,0.000112622154,2084,1042.0,5ef5c11-dirty
0.0003,0.02,2,0.0,7,0.3945423153455914,0.3945423153455914,0.8888544493362973,2.440520623822021,5.042856e-5,2084,1042.0,5ef5c11-dirty
0.03,0.05,8,0.005,6,0.0752637635633842,0.0752637635633842,0.23127886533567346,5.06721748805588,0.000112622154,2459,1229.5,5ef5c11-dirty
0.1,0.02,8,0.005,6,0.2512027106702693,0.2512027106702693,0.48746987224279836,3.046651404231708,0.000112622154,5852,2926.0,5ef5c11-dirty
0.03,0.01,2,0.005,6,0.14131713635908077,0.14131713635908077,0.2629678301524927,5.838830396572188,0.000112622154,3971,1985.5,5ef5c11-dirty
0.001,0.02,2,0.0,7,0.7959750581723405,0.7959750581723405,0.9834447970983551,0.7443284307084304,5.042856e-5,2084,1042.0,5ef5c11-dirty
0.0003,0.005,2,0.02,7,0.005971656835891871,0.04135101841427313,0.005971656835891871,1.0767195412477204,5.042856e-5,7739,3869.5,5ef5c11-dirty
0.1,0.05,8,0.005,6,0.18633944628789162,0.18633944628789162,0.4456523835711829,2.8741377714793277,0.000112622154,2459,1229.5,5ef5c11-dirty
0.003,0.02,2,0.0,7,0.964234256644615,0.964234256644615,0.99408813172262,0.26703178014699475,5.042856e-5,2084,1042.0,5ef5c11-dirty
0.01,0.02,2,0.0,7,0.9932159116622646,0.9932159116622646,0.995472080357923,0.12333347305437255,5.042856e-5,2084,1042.0,5ef5c11-dirty
0.1,0.01,2,0.005,6,0.2844852743845529,0.2844852743845529,0.521472047196149,3.142325605472542,0.000112622154,3971,1985.5,5ef5c11-dirty
0.3,0.05,8,0.005,6,0.30530184367991375,0.30530184367991375,0.5422179955950512,1.6944492080752411,0.000112622154,2459,1229.5,5ef5c11-dirty
0.03,0.02,2,0.0,7,0.995648447785415,0.9962379813165373,0.995648447785415,0.09934310034615042,5.042856e-5,2084,1042.0,5ef5c11-dirty
0.3,0.02,8,0.005,6,0.4099083326065109,0.4099083326065109,0.605087473841335,1.716356201594686,0.000112622154,5852,2926.0,5ef5c11-dirty
0.1,0.02,2,0.0,7,0.9956742748071147,0.9966834148240823,0.9956742748071147,0.09544909227021725,5.042856e-5,2084,1042.0,5ef5c11-dirty
0.0003,0.05,8,0.01,6,-0.0030537003943223286,-0.0030537003943223286,0.033735214228832945,68.9461957101199,0.000112622154,2459,1229.5,5ef5c11-dirty
0.001,0.01,8,0.01,8,-0.03425048003107908,0.0748326457543872,-0.03425048003107908,2.191033949741731,0.00089239184,11513,5756.5,5ef5c11-dirty
0.3,0.02,2,0.0,7,0.9956314239174022,0.996727506908969,0.9956314239174022,0.09464298421783508,5.042856e-5,2084,1042.0,5ef5c11-dirty
0.3,0.01,2,0.005,6,0.46486782762960177,0.46486782762960177,0.6680060489496933,1.7305047085605416,0.000112622154,3971,1985.5,5ef5c11-dirty
0.001,0.005,2,0.02,7,-0.03385944134877081,-0.009755519248006333,-0.03385944134877081,28.703426492775492,5.042856e-5,7739,3869.5,5ef5c11-dirty
0.0003,0.02,2,0.005,7,-0.0018894022185558666,0.04398444546916794,-0.0018894022185558666,2.6658729315588783,5.042856e-5,2084,1042.0,5ef5c11-dirty
0.001,0.05,8,0.01,6,-0.002394774773851484,-0.002394774773851484,0.07338683669236169,31.19859587702653,0.000112622154,2459,1229.5,5ef5c11-dirty
0.001,0.02,2,0.005,7,-0.09261652587504426,-0.09261652587504426,-0.006232127445520962,21.38426439064397,5.042856e-5,2084,1042.0,5ef5c11-dirty
0.0003,0.01,2,0.01,6,0.036991591958280036,0.036991591958280036,0.04928140456869084,107.29929509295238,0.000112622154,3971,1985.5,5ef5c11-dirty
0.0003,0.02,8,0.01,6,0.027366797082616516,0.027366797082616516,0.048644183465777875,83.67531580314956,0.000112622154,5852,2926.0,5ef5c11-dirty
0.003,0.05,8,0.01,6,0.021251100962558268,0.021251100962558268,0.06713488810951389,24.38167247397594,0.000112622154,2459,1229.5,5ef5c11-dirty
0.003,0.02,2,0.005,7,-0.06300321043121611,-0.06300321043121611,0.050358137216314915,17.901641575959474,5.042856e-5,2084,1042.0,5ef5c11-dirty
0.01,0.05,8,0.01,6,0.06881650950653702,0.07438877700439014,0.06881650950653702,13.981780956694005,0.000112622154,2459,1229.5,5ef5c11-dirty
0.01,0.02,2,0.005,7,0.056239547023778015,0.056239547023778015,0.0717785075343239,10.565451248102931,5.042856e-5,2084,1042.0,5ef5c11-dirty
0.001,0.01,2,0.01,6,0.0373070768851298,0.0373070768851298,0.08199525693702481,40.56024032292052,0.000112622154,3971,1985.5,5ef5c11-dirty
0.003,0.005,2,0.02,7,0.023991420299306686,0.023991420299306686,0.17015370234415222,48.00788529302875,5.042856e-5,7739,3869.5,5ef5c11-dirty
0.03,0.02,2,0.005,7,0.12040729532233663,0.12040729532233663,0.3725196498311585,5.826145492778851,5.042856e-5,2084,1042.0,5ef5c11-dirty
0.03,0.05,8,0.01,6,0.14397215868600857,0.14397215868600857,0.2509828632283851,8.890374288351573,0.000112622154,2459,1229.5,5ef5c11-dirty
0.001,0.02,8,0.01,6,0.0278436785611345,0.0278436785611345,0.08019875932030919,33.2454305636976,0.000112622154,5852,2926.0,5ef5c11-dirty
0.1,0.02,2,0.005,7,0.22206238624011668,0.22206238624011668,0.5624674426343239,3.0960660608331594,5.042856e-5,2084,1042.0,5ef5c11-dirty
0.003,0.01,2,0.01,6,0.04001741964596277,0.04001741964596277,0.06808108813869135,27.994201610108057,0.000112622154,3971,1985.5,5ef5c11-dirty
0.003,0.01,8,0.01,8,0.02758999503987987,0.07488442302999168,0.02758999503987987,1.1640085185980882,0.00089239184,11513,5756.5,5ef5c11-dirty
0.1,0.05,8,0.01,6,0.14152765051106747,0.14152765051106747,0.358318632274855,4.445116394591634,0.000112622154,2459,1229.5,5ef5c11-dirty
0.3,0.02,2,0.005,7,0.4430614395423347,0.4430614395423347,0.8283548508812959,1.869115183766763,5.042856e-5,2084,1042.0,5ef5c11-dirty
0.0003,0.02,2,0.01,7,0.04195561116643973,0.04195561116643973,0.04399709330568795,2.6453281479705932,5.042856e-5,2084,1042.0,5ef5c11-dirty
0.3,0.05,8,0.01,6,0.17752932328741153,0.17752932328741153,0.5011964733144949,2.5070466329424343,0.000112622154,2459,1229.5,5ef5c11-dirty
0.01,0.01,2,0.01,6,0.0798956137545636,0.08219582752262995,0.0798956137545636,15.5017076027016,0.000112622154,3971,1985.5,5ef5c11-dirty
0.01,0.005,2,0.02,7,0.05278516854718614,0.05278516854718614,0.15223023681015005,28.07183219169882,5.042856e-5,7739,3869.5,5ef5c11-dirty
0.001,0.02,2,0.01,7,0.007503021705138026,0.007503021705138026,0.3997443210852628,39.65619768266892,5.042856e-5,2084,1042.0,5ef5c11-dirty
0.003,0.02,8,0.01,6,0.03459257326468498,0.03459257326468498,0.06863851199141235,26.308993681954295,0.000112622154,5852,2926.0,5ef5c11-dirty
0.0003,0.05,8,0.02,6,-0.06250876086403555,-0.0015645042127247508,-0.06250876086403555,63.578607273792095,0.000112622154,2459,1229.5,5ef5c11-dirty
0.03,0.01,2,0.01,6,0.1652529109662085,0.1652529109662085,0.27077750803695433,9.702189879046053,0.000112622154,3971,1985.5,5ef5c11-dirty
0.003,0.02,2,0.01,7,0.007323578065342704,0.007323578065342704,0.3996841175603073,16.251472488581626,5.042856e-5,2084,1042.0,5ef5c11-dirty
0.001,0.05,8,0.02,6,-0.0015676610314052817,-0.0015676610314052817,0.030383308914417942,19.098878952290885,0.000112622154,2459,1229.5,5ef5c11-dirty
0.01,0.02,2,0.01,7,0.007877092051250062,0.007877092051250062,0.30451150526289034,10.422557713852132,5.042856e-5,2084,1042.0,5ef5c11-dirty
0.1,0.01,2,0.01,6,0.2260971646693978,0.2260971646693978,0.43586829128199733,4.986652168117974,0.000112622154,3971,1985.5,5ef5c11-dirty
0.03,0.02,2,0.01,7,0.10220413662933087,0.10220413662933087,0.44701106857157985,8.00155289590275,5.042856e-5,2084,1042.0,5ef5c11-dirty
0.003,0.05,8,0.02,6,-0.0015675643269771717,-0.0015675643269771717,0.03912860914775158,6.436824850931396,0.000112622154,2459,1229.5,5ef5c11-dirty
0.03,0.005,2,0.02,7,0.050866229992946176,0.050866229992946176,0.1418654008871518,14.128205849726966,5.042856e-5,7739,3869.5,5ef5c11-dirty
0.01,0.02,8,0.01,6,0.07142395276852834,0.07999848091555126,0.07142395276852834,14.980817378116368,0.000112622154,5852,2926.0,5ef5c11-dirty
0.1,0.02,2,0.01,7,0.2656030352224788,0.2656030352224788,0.5112169716039464,4.330819576909136,5.042856e-5,2084,1042.0,5ef5c11-dirty
0.01,0.01,8,0.01,8,0.00990913453750154,0.00990913453750154,0.03813043987612928,7.427017820549798,0.00089239184,11513,5756.5,5ef5c11-dirty
0.01,0.05,8,0.02,6,0.03375128210136173,0.045185112119262946,0.03375128210136173,12.97123080946783,0.000112622154,2459,1229.5,5ef5c11-dirty
0.3,0.01,2,0.01,6,0.302757027537627,0.302757027537627,0.5846186078538638,2.664191712910915,0.000112622154,3971,1985.5,5ef5c11-dirty
0.3,0.02,2,0.01,7,0.342991068063603,0.342991068063603,0.607367193129623,2.5701880226871436,5.042856e-5,2084,1042.0,5ef5c11-dirty
0.03,0.05,8,0.02,6,0.039659404317889446,0.039659404317889446,0.05786111678062941,7.602377083475596,0.000112622154,2459,1229.5,5ef5c11-dirty
0.0003,0.02,2,0.02,7,0.044756018074064596,0.044756018074064596,0.05021882302374695,2.583557955645912,5.042856e-5,2084,1042.0,5ef5c11-dirty
0.03,0.02,8,0.01,6,0.15326222143409535,0.15326222143409535,0.23499223283294338,9.459129170007573,0.000112622154,5852,2926.0,5ef5c11-dirty
0.0003,0.01,2,0.02,6,-0.060445867760433876,0.0035182631799040784,-0.060445867760433876,3.335123092733998,0.000112622154,3971,1985.5,5ef5c11-dirty
0.001,0.02,2,0.02,7,-0.03445593084543736,-0.009612406900300102,-0.03445593084543736,27.296732627351396,5.042856e-5,2084,1042.0,5ef5c11-dirty
0.1,0.005,2,0.02,7,0.015487167678601704,0.09585474190202567,0.015487167678601704,7.3302622139724125,5.042856e-5,7739,3869.5,5ef5c11-dirty
0.1,0.05,8,0.02,6,0.04377903094822401,0.04377903094822401,0.24899751215890822,5.714432633182136,0.000112622154,2459,1229.5,5ef5c11-dirty
0.003,0.02,2,0.02,7,0.022468922391808935,0.022468922391808935,0.22590655270281773,48.67497402128637,5.042856e-5,2084,1042.0,5ef5c11-dirty
0.3,0.05,8,0.02,6,0.08047626609093123,0.08047626609093123,0.1297656100799439,3.526069299210097,0.000112622154,2459,1229.5,5ef5c11-dirty
0.001,0.01,2,0.02,6,0.0034353641049628732,0.0034353641049628732,0.03528252003759164,1.380771826692336,0.000112622154,3971,1985.5,5ef5c11-dirty
0.01,0.02,2,0.02,7,0.0476653182657886,0.0476653182657886,0.19196478808774167,28.293940508693538,5.042856e-5,2084,1042.0,5ef5c11-dirty
0.0003,0.05,8,0.0,7,-0.03173860723616239,-0.03173860723616239,0.023546028881321093,71.74798768096744,5.042856e-5,2459,1229.5,5ef5c11-dirty
0.03,0.02,2,0.02,7,0.0486929022134891,0.0486929022134891,0.16687079627817983,13.964363837881455,5.042856e-5,2084,1042.0,5ef5c11-dirty
0.1,0.02,8,0.01,6,0.20025738456034206,0.20025738456034206,0.4041176511152602,4.761919190122347,0.000112622154,5852,2926.0,5ef5c11-dirty
0.001,0.05,8,0.0,7,-0.004379608591241235,-0.004379608591241235,0.18678751780720126,21.51639785895418,5.042856e-5,2459,1229.5,5ef5c11-dirty
0.03,0.01,8,0.01,8,0.1043391212369819,0.1043391212369819,0.18194978254571398,8.578498012701282,0.00089239184,11513,5756.5,5ef5c11-dirty
0.003,0.01,2,0.02,6,0.003314123144201782,0.003314123144201782,0.03941395652436025,1.0485090934981913,0.000112622154,3971,1985.5,5ef5c11-dirty
0.3,0.005,2,0.02,7,0.24725193838071888,0.24725193838071888,0.3645686782895829,4.287685019656225,5.042856e-5,7739,3869.5,5ef5c11-dirty
0.1,0.02,2,0.02,7,0.03500256964784615,0.09532538326033692,0.03500256964784615,7.163299676923955,5.042856e-5,2084,1042.0,5ef5c11-dirty
0.003,0.05,8,0.0,7,0.0736315427415614,0.0736315427415614,0.5523732078526263,7.167512238614356,5.042856e-5,2459,1229.5,5ef5c11-dirty
0.3,0.02,2,0.02,7,0.24263523647478058,0.24263523647478058,0.3517543893638417,4.173942612676666,5.042856e-5,2084,1042.0,5ef5c11-dirty
0.01,0.05,8,0.0,7,0.3291937199955909,0.3291937199955909,0.9039572704176508,2.1539688940454784,5.042856e-5,2459,1229.5,5ef5c11-dirty
0.01,0.01,2,0.02,6,0.034190277391769025,0.05415241616155157,0.034190277391769025,19.29191457855118,0.000112622154,3971,1985.5,5ef5c11-dirty
0.0003,0.02,2,0.0,8,0.2322784829039965,0.2322784829039965,0.6324624583527567,2.258928456608818,0.00089239184,2084,1042.0,5ef5c11-dirty
0.03,0.05,8,0.0,7,0.7462651367641479,0.7462651367641479,0.9679518579369172,0.7459212540308605,5.042856e-5,2459,1229.5,5ef5c11-dirty
0.3,0.02,8,0.01,6,0.256467642767935,0.256467642767935,0.5464240837998876,2.603437045553289,0.000112622154,5852,2926.0,5ef5c11-dirty
0.001,0.02,2,0.0,8,0.6865240889829408,0.6865240889829408,0.8326202277325991,0.8012737223721595,0.00089239184,2084,1042.0,5ef5c11-dirty
0.0003,0.005,2,0.0,8,0.8852804133322961,0.9357971305551416,0.8852804133322961,0.35431378813904996,0.00089239184,7739,3869.5,5ef5c11-dirty
0.1,0.05,8,0.0,7,0.9520516400160347,0.9520516400160347,0.9749029442804735,0.3167820386804695,5.042856e-5,2459,1229.5,5ef5c11-dirty
0.003,0.02,2,0.0,8,0.8721441848778828,0.888820224574547,0.8721441848778828,0.46058237993224915,0.00089239184,2084,1042.0,5ef5c11-dirty
0.03,0.01,2,0.02,6,0.053621321747875296,0.06130856268994562,0.053621321747875296,9.609331562522355,0.000112622154,3971,1985.5,5ef5c11-dirty
0.3,0.05,8,0.0,7,0.9751213032860568,0.9754157641330854,0.9751213032860568,0.2506047675077296,5.042856e-5,2459,1229.5,5ef5c11-dirty
0.01,0.02,2,0.0,8,0.8816491121653394,0.9268036986708911,0.8816491121653394,0.3887700318979707,0.00089239184,2084,1042.0,5ef5c11-dirty
0.03,0.02,2,0.0,8,0.8836988528822304,0.9321284904471614,0.8836988528822304,0.37722061627242615,0.00089239184,2084,1042.0,5ef5c11-dirty
0.0003,0.05,8,0.005,7,-0.04288083908707094,-0.04288083908707094,-0.014334146332120705,71.92926691655325,5.042856e-5,2459,1229.5,5ef5c11-dirty
0.001,0.005,2,0.0,8,0.9796637183155471,0.9909715404830648,0.9796637183155471,0.139912652194885,0.00089239184,7739,3869.5,5ef5c11-dirty
0.1,0.02,2,0.0,8,0.8815747741792412,0.932975881132463,0.8815747741792412,0.3751493248226546,0.00089239184,2084,1042.0,5ef5c11-dirty
0.1,0.01,2,0.02,6,0.08222908439997094,0.08222908439997094,0.2512332070775231,6.425565926166169,0.000112622154,3971,1985.5,5ef5c11-dirty
0.0003,0.02,8,0.02,6,-0.06281839250409864,-0.003331290754366236,-0.06281839250409864,9.588723951764052,0.000112622154,5852,2926.0,5ef5c11-dirty
0.3,0.02,2,0.0,8,0.8519117324415801,0.928258321647148,0.8519117324415801,0.3850925800775412,0.00089239184,2084,1042.0,5ef5c11-dirty
0.1,0.01,8,0.01,8,0.20133648787344335,0.20133648787344335,0.3471319840920495,4.462351642891277,0.00089239184,11513,5756.5,5ef5c11-dirty
0.001,0.05,8,0.005,7,-0.09957738317108979,-0.09957738317108979,-0.01729684550426851,29.622839887075152,5.042856e-5,2459,1229.5,5ef5c11-dirty
0.0003,0.02,2,0.005,8,0.007969893089304817,0.007969893089304817,0.1304423309850433,71.86656396742072,0.00089239184,2084,1042.0,5ef5c11-dirty
0.3,0.01,2,0.02,6,0.1815172394335995,0.1815172394335995,0.18664395326596037,3.8633256457162264,0.000112622154,3971,1985.5,5ef5c11-dirty
0.003,0.05,8,0.005,7,-0.07857496347388117,-0.07857496347388117,0.03064220043829066,17.671772904692343,5.042856e-5,2459,1229.5,5ef5c11-dirty
0.003,0.005,2,0.0,8,0.9894960596513612,0.9959833842045112,0.9894960596513612,0.09868409959602838,0.00089239184,7739,3869.5,5ef5c11-dirty
0.001,0.02,2,0.005,8,0.05566674998702865,0.05566674998702865,0.1401218692048254,43.977721471054494,0.00089239184,2084,1042.0,5ef5c11-dirty
0.003,0.02,2,0.005,8,0.03993558844765124,0.03993558844765124,0.12332157238393471,19.748110804749093,0.00089239184,2084,1042.0,5ef5c11-dirty
0.0003,0.01,2,0.0,7,0.23252739387527413,0.23252739387527413,0.8235196712568529,3.44307199940687,5.042856e-5,3971,1985.5,5ef5c11-dirty
0.001,0.02,8,0.02,6,-0.0033638706204281734,-0.0033638706204281734,0.03498423819036183,3.0327347559573994,0.000112622154,5852,2926.0,5ef5c11-dirty
0.01,0.05,8,0.005,7,0.044787822687115154,0.044787822687115154,0.05488717299941219,9.85162123657879,5.042856e-5,2459,1229.5,5ef5c11-dirty
0.01,0.02,2,0.005,8,0.09658080832513946,0.09658080832513946,0.23015608383783406,9.493872827191383,0.00089239184,2084,1042.0,5ef5c11-dirty
0.001,0.01,2,0.0,7,0.6706136916289813,0.6706136916289813,0.979937671096862,1.0330419860894513,5.042856e-5,3971,1985.5,5ef5c11-dirty
0.01,0.005,2,0.0,8,0.9906367790362856,0.9966283852808766,0.9906367790362856,0.09132881870660399,0.00089239184,7739,3869.5,5ef5c11-dirty
0.03,0.05,8,0.005,7,0.10882266677043635,0.10882266677043635,0.30778731590347824,5.4324701697251685,5.042856e-5,2459,1229.5,5ef5c11-dirty
0.03,0.02,2,0.005,8,0.12410954354969649,0.12410954354969649,0.21356453009001014,6.0433981500909475,0.00089239184,2084,1042.0,5ef5c11-dirty
0.003,0.01,2,0.0,7,0.94227390287804,0.94227390287804,0.996929265440278,0.3441278507749859,5.042856e-5,3971,1985.5,5ef5c11-dirty
0.1,0.02,2,0.005,8,0.19709288979971568,0.19709288979971568,0.34517690915510485,3.2296836229437744,0.00089239184,2084,1042.0,5ef5c11-dirty
0.1,0.05,8,0.005,7,0.20748437678395637,0.20748437678395637,0.5273747452056271,2.898496151418752,5.042856e-5,2459,1229.5,5ef5c11-dirty
0.003,0.02,8,0.02,6,-0.0033560884643985215,-0.0033560884643985215,0.04002773167866527,1.383977346800463,0.000112622154,5852,2926.0,5ef5c11-dirty
0.3,0.01,8,0.01,8,0.30261334421989794,0.30261334421989794,0.45901603866833834,2.5810252500609105,0.00089239184,11513,5756.5,5ef5c11-dirty
0.3,0.02,2,0.005,8,0.377420903641702,0.377420903641702,0.5750771489423315,1.7096684542743663,0.00089239184,2084,1042.0,5ef5c11-dirty
0.03,0.005,2,0.0,8,0.9906730493077667,0.9967359662347156,0.9906730493077667,0.08971535119525399,0.00089239184,7739,3869.5,5ef5c11-dirty
0.01,0.01,2,0.0,7,0.9941367056677193,0.9941367056677193,0.9987895401348268,0.1106849957985094,5.042856e-5,3971,1985.5,5ef5c11-dirty
0.3,0.05,8,0.005,7,0.423369041415928,0.423369041415928,0.8099176293861085,1.784408689199677,5.042856e-5,2459,1229.5,5ef5c11-dirty
0.0003,0.02,2,0.01,8,-0.09874796917658218,-0.09874796917658218,-0.08664751902396464,2.660942373471534,0.00089239184,2084,1042.0,5ef5c11-dirty
0.03,0.01,2,0.0,7,0.9988018860714004,0.9988018860714004,0.9989204483051979,0.056591490690072264,5.042856e-5,3971,1985.5,5ef5c11-dirty
0.0003,0.05,8,0.01,7,-0.04700615484552681,-0.04353495216050961,-0.04700615484552681,71.50911398135263,5.042856e-5,2459,1229.5,5ef5c11-dirty
0.001,0.02,2,0.01,8,-0.0990298679502591,-0.0990298679502591,-0.08548556999517908,1.2831286568479436,0.00089239184,2084,1042.0,5ef5c11-dirty
0.1,0.005,2,0.0,8,0.9899766529594052,0.9967818497809057,0.9899766529594052,0.08801313185834919,0.00089239184,7739,3869.5,5ef5c11-dirty
0.1,0.01,2,0.0,7,0.9989232214921359,0.9992564216793027,0.9989232214921359,0.04776240626073398,5.042856e-5,3971,1985.5,5ef5c11-dirty
0.01,0.02,8,0.02,6,0.03562683291094383,0.05331585161379641,0.03562683291094383,17.70017197784603,0.000112622154,5852,2926.0,5ef5c11-dirty
0.003,0.02,2,0.01,8,-0.0991632696670603,-0.0991632696670603,0.029763264132098295,1.0503004210726954,0.00089239184,2084,1042.0,5ef5c11-dirty
0.001,0.05,8,0.01,7,-0.016415141433051585,-0.016415141433051585,0.3939436485029778,42.62197312359783,5.042856e-5,2459,1229.5,5ef5c11-dirty
0.01,0.02,2,0.01,8,0.007371145046095242,0.007371145046095242,0.04054835672386748,7.15585391359367,0.00089239184,2084,1042.0,5ef5c11-dirty
0.3,0.01,2,0.0,7,0.9988962535248418,0.9992611253363565,0.9988962535248418,0.04697749582702859,5.042856e-5,3971,1985.5,5ef5c11-dirty
0.003,0.05,8,0.01,7,-0.0128036407540501,-0.0128036407540501,0.3971743518920785,16.812465717276282,5.042856e-5,2459,1229.5,5ef5c11-dirty
0.03,0.02,2,0.01,8,0.10610498177625087,0.10610498177625087,0.18307289716954417,8.383739077815468,0.00089239184,2084,1042.0,5ef5c11-dirty
0.3,0.005,2,0.0,8,0.9709252159318317,0.9940605408718531,0.9709252159318317,0.10943994826093843,0.00089239184,7739,3869.5,5ef5c11-dirty
0.01,0.05,8,0.01,7,-0.0002812263390454192,-0.0002812263390454192,0.30342867568708387,9.439330021152923,5.042856e-5,2459,1229.5,5ef5c11-dirty
0.0003,0.01,2,0.005,7,-0.04092441582890628,-0.04092441582890628,-0.0023994957070064622,3.6145158345938007,5.042856e-5,3971,1985.5,5ef5c11-dirty
0.1,0.02,2,0.01,8,0.18545873504115865,0.18545873504115865,0.3321736173548472,4.331227914547274,0.00089239184,2084,1042.0,5ef5c11-dirty
0.03,0.02,8,0.02,6,0.05230650069606217,0.05230650069606217,0.05611899148474616,9.081035189439401,0.000112622154,5852,2926.0,5ef5c11-dirty
0.0003,0.01,8,0.02,8,-0.04620471859414542,0.07361588849955558,-0.04620471859414542,6.755229321187024,0.00089239184,11513,5756.5,5ef5c11-dirty
0.3,0.02,2,0.01,8,0.2597049397963413,0.2597049397963413,0.42207257200251047,2.5643782877976133,0.00089239184,2084,1042.0,5ef5c11-dirty
0.03,0.05,8,0.01,7,0.09894873395956835,0.09894873395956835,0.45246565779593945,7.432965505212779,5.042856e-5,2459,1229.5,5ef5c11-dirty
0.001,0.01,2,0.005,7,-0.09743069177128813,-0.09743069177128813,-0.006382663992693319,21.02687084541735,5.042856e-5,3971,1985.5,5ef5c11-dirty
0.0003,0.02,2,0.02,8,-0.08682865604353293,-0.08682865604353293,-0.026059877930896477,2.8620661149370727,0.00089239184,2084,1042.0,5ef5c11-dirty
0.1,0.05,8,0.01,7,0.24536679582272425,0.24536679582272425,0.49606772271123994,4.034420660047409,5.042856e-5,2459,1229.5,5ef5c11-dirty
0.001,0.02,2,0.02,8,-0.08725143747923136,-0.08725143747923136,-0.025871939439768305,1.3198710925220618,0.00089239184,2084,1042.0,5ef5c11-dirty
0.0003,0.005,2,0.005,8,0.01069262358394426,0.01069262358394426,0.13131855073935536,76.79196322760905,0.00089239184,7739,3869.5,5ef5c11-dirty
0.1,0.02,8,0.02,6,0.06627500673893616,0.06627500673893616,0.23232041130231332,6.173197545386298,0.000112622154,5852,2926.0,5ef5c11-dirty
0.003,0.01,2,0.005,7,-0.06416762203460095,-0.06416762203460095,0.05267782432294633,18.120373007323803,5.042856e-5,3971,1985.5,5ef5c11-dirty
0.3,0.05,8,0.01,7,0.3298922571884797,0.3298922571884797,0.5648593168707499,2.389897248082771,5.042856e-5,2459,1229.5,5ef5c11-dirty
0.003,0.02,2,0.02,8,-0.08723643598681459,-0.08723643598681459,0.06543829808447672,1.0547947308521493,0.00089239184,2084,1042.0,5ef5c11-dirty
0.01,0.02,2,0.02,8,0.008435723898997022,0.008435723898997022,0.10899702901124086,8.504577763704269,0.00089239184,2084,1042.0,5ef5c11-dirty
0.0003,0.05,8,0.02,7,-0.045907890899146875,-0.0441812642331092,-0.045907890899146875,72.0384069171924,5.042856e-5,2459,1229.5,5ef5c11-dirty
0.01,0.01,2,0.005,7,0.05657057195661906,0.05657057195661906,0.07492620575012043,10.808315919705361,5.042856e-5,3971,1985.5,5ef5c11-dirty
0.03,0.02,2,0.02,8,0.05142414327728374,0.05142414327728374,0.20491556185640109,8.39843117081672,0.00089239184,2084,1042.0,5ef5c11-dirty
0.001,0.05,8,0.02,7,-0.05460097576544555,-0.046219578586419896,-0.05460097576544555,21.816880567958275,5.042856e-5,2459,1229.5,5ef5c11-dirty
0.001,0.005,2,0.005,8,0.05718325048589672,0.05718325048589672,0.14070734314043698,45.952768741935614,0.00089239184,7739,3869.5,5ef5c11-dirty
0.3,0.02,8,0.02,6,0.14853380870463354,0.14853380870463354,0.1712709104786498,3.754068036996011,0.000112622154,5852,2926.0,5ef5c11-dirty
0.1,0.02,2,0.02,8,0.09211155987811964,0.09211155987811964,0.21516211857818474,6.602369514627302,0.00089239184,2084,1042.0,5ef5c11-dirty
0.001,0.01,8,0.02,8,-0.04614151116780373,0.07355400684179868,-0.04614151116780373,2.1926273164653862,0.00089239184,11513,5756.5,5ef5c11-dirty
0.03,0.01,2,0.005,7,0.12057322975974114,0.12057322975974114,0.3912582787558894,5.9736434960401565,5.042856e-5,3971,1985.5,5ef5c11-dirty
0.3,0.02,2,0.02,8,0.14971113024660176,0.14971113024660176,0.25211343978354617,3.807040311133114,0.00089239184,2084,1042.0,5ef5c11-dirty
0.003,0.05,8,0.02,7,0.010444278306545093,0.010444278306545093,0.26760943831970435,55.37114610335407,5.042856e-5,2459,1229.5,5ef5c11-dirty
0.0003,0.05,8,0.0,1,0.017888527656056388,0.017888527656056388,0.07046212256360697,79.06181558957572,0.00032680426,2459,1229.5,5ef5c11-dirty
0.0003,0.02,8,0.0,7,0.04473257033870978,0.04473257033870978,0.4078278013358562,10.654227390788801,5.042856e-5,5852,2926.0,5ef5c11-dirty
0.01,0.05,8,0.02,7,0.03600164875248344,0.03600164875248344,0.26202761823593923,27.917820276243333,5.042856e-5,2459,1229.5,5ef5c11-dirty
0.1,0.01,2,0.005,7,0.2238380211614217,0.2238380211614217,0.5717334733435954,3.1688859769147193,5.042856e-5,3971,1985.5,5ef5c11-dirty
0.003,0.005,2,0.005,8,0.04002322826772638,0.04002322826772638,0.12402971725143487,20.667265190606088,0.00089239184,7739,3869.5,5ef5c11-dirty
0.03,0.05,8,0.02,7,0.041855413924857476,0.041855413924857476,0.20718908822710375,13.42584192665392,5.042856e-5,2459,1229.5,5ef5c11-dirty
0.001,0.02,8,0.0,7,0.2453700195781552,0.2453700195781552,0.8478705243958955,3.1929759010805934,5.042856e-5,5852,2926.0,5ef5c11-dirty
0.3,0.01,2,0.005,7,0.4448578034538823,0.4448578034538823,0.8323947815194572,1.9078236929733217,5.042856e-5,3971,1985.5,5ef5c11-dirty
0.1,0.05,8,0.02,7,0.06596165208818833,0.09183530098305427,0.06596165208818833,6.775655011925375,5.042856e-5,2459,1229.5,5ef5c11-dirty
0.003,0.02,8,0.0,7,0.6474085877193942,0.6474085877193942,0.9770318229952193,1.0639664203173815,5.042856e-5,5852,2926.0,5ef5c11-dirty
0.0003,0.01,2,0.01,7,-0.04803320732515971,-0.044643611879357885,-0.04803320732515971,3.6355700976982233,5.042856e-5,3971,1985.5,5ef5c11-dirty
0.3,0.05,8,0.02,7,0.22202329259093329,0.22202329259093329,0.32372186123124463,3.9458322203411687,5.042856e-5,2459,1229.5,5ef5c11-dirty
0.003,0.01,8,0.02,8,0.07180494320912482,0.07354915755585928,0.07180494320912482,1.1648564421563734,0.00089239184,11513,5756.5,5ef5c11-dirty
0.0003,0.05,8,0.0,8,-0.04276965137655693,0.07220261371737585,-0.04276965137655693,63.233118093751735,0.00089239184,2459,1229.5,5ef5c11-dirty
0.01,0.005,2,0.005,8,0.13045152850006014,0.13045152850006014,0.256670456133884,10.134312036372007,0.00089239184,7739,3869.5,5ef5c11-dirty
0.001,0.05,8,0.0,8,0.0451396625794511,0.0912568915369209,0.0451396625794511,18.933318986911424,0.00089239184,2459,1229.5,5ef5c11-dirty
0.001,0.01,2,0.01,7,0.005688793563053504,0.005688793563053504,0.3970383175534345,40.475942857455344,5.042856e-5,3971,1985.5,5ef5c11-dirty
0.01,0.02,8,0.0,7,0.9457751147991175,0.9457751147991175,0.9943062567295786,0.3276637284905134,5.042856e-5,5852,2926.0,5ef5c11-dirty
0.003,0.05,8,0.0,8,0.14503125359146074,0.14503125359146074,0.2800713829582301,6.297196813515124,0.00089239184,2459,1229.5,5ef5c11-dirty
0.01,0.05,8,0.0,8,0.3163513376716723,0.3163513376716723,0.6327731783743016,1.9503847935324872,0.00089239184,2459,1229.5,5ef5c11-dirty
0.003,0.01,2,0.01,7,0.00588422811672595,0.00588422811672595,0.3967359830889837,16.605938220926614,5.042856e-5,3971,1985.5,5ef5c11-dirty
0.03,0.02,8,0.0,7,0.9914613987922473,0.9914613987922473,0.995639417346441,0.13797287817143783,5.042856e-5,5852,2926.0,5ef5c11-dirty
0.03,0.05,8,0.0,8,0.5922140466556556,0.5922140466556556,0.7174203604447402,0.8785792359745885,0.00089239184,2459,1229.5,5ef5c11-dirty
0.03,0.005,2,0.005,8,0.1485358630685737,0.1485358630685737,0.2355942110938475,6.667646769359824,0.00089239184,7739,3869.5,5ef5c11-dirty
0.1,0.05,8,0.0,8,0.7232410063978882,0.7292412318634003,0.7232410063978882,0.6842946501545761,0.00089239184,2459,1229.5,5ef5c11-dirty
0.01,0.01,2,0.01,7,0.0064643443938541875,0.0064643443938541875,0.3012957042966441,10.763359140747536,5.042856e-5,3971,1985.5,5ef5c11-dirty
0.1,0.02,8,0.0,7,0.9957147440350654,0.9965009880493203,0.9957147440350654,0.09799265917785152,5.042856e-5,5852,2926.0,5ef5c11-dirty
0.3,0.05,8,0.0,8,0.7149461696453906,0.7380229867566719,0.7149461696453906,0.6756400431951136,0.00089239184,2459,1229.5,5ef5c11-dirty
0.01,0.01,8,0.02,8,0.009457994860573587,0.009457994860573587,0.11378969681691574,8.81336732723684,0.00089239184,11513,5756.5,5ef5c11-dirty
0.0003,0.05,8,0.005,8,0.05363777302985829,0.05363777302985829,0.11512770686697411,88.46075184635498,0.00089239184,2459,1229.5,5ef5c11-dirty
0.03,0.01,2,0.01,7,0.10093896838290813,0.10093896838290813,0.44304182989540264,8.185910813955063,5.042856e-5,3971,1985.5,5ef5c11-dirty
0.3,0.02,8,0.0,7,0.9956481973088586,0.9967880406869053,0.9956481973088586,0.0943560520727576,5.042856e-5,5852,2926.0,5ef5c11-dirty
0.1,0.005,2,0.005,8,0.24399471136589215,0.24399471136589215,0.3858572596791834,3.4152980526025822,0.00089239184,7739,3869.5,5ef5c11-dirty
0.001,0.05,8,0.005,8,0.078651289139739,0.078651289139739,0.1278696937012186,44.1806730638303,0.00089239184,2459,1229.5,5ef5c11-dirty
0.1,0.01,2,0.01,7,0.26956404322508754,0.26956404322508754,0.5142258320801887,4.438425245656722,5.042856e-5,3971,1985.5,5ef5c11-dirty
0.003,0.05,8,0.005,8,0.062390430699111286,0.062390430699111286,0.11824408216399539,18.904350496023845,0.00089239184,2459,1229.5,5ef5c11-dirty
0.0003,0.02,8,0.005,7,-0.042970360786874114,-0.042970360786874114,-0.004384256346821273,10.75470771298941,5.042856e-5,5852,2926.0,5ef5c11-dirty
0.3,0.01,2,0.01,7,0.3456072082718093,0.3456072082718093,0.6189049859833694,2.6333964854098975,5.042856e-5,3971,1985.5,5ef5c11-dirty
0.01,0.05,8,0.005,8,0.05313933218466349,0.05313933218466349,0.1726645014645809,8.90409173633417,0.00089239184,2459,1229.5,5ef5c11-dirty
0.3,0.005,2,0.005,8,0.4660749719620855,0.4660749719620855,0.6559262187120293,1.722976471495242,0.00089239184,7739,3869.5,5ef5c11-dirty
0.03,0.05,8,0.005,8,0.07732614296917543,0.07732614296917543,0.17700914955775163,5.333619211191032,0.00089239184,2459,1229.5,5ef5c11-dirty
0.0003,0.01,2,0.02,7,-0.051707272660110416,-0.04256085589428295,-0.051707272660110416,3.762850987250912,5.042856e-5,3971,1985.5,5ef5c11-dirty
0.03,0.01,8,0.02,8,0.05162378874120209,0.05162378874120209,0.20550122211213395,8.85841881018445,0.00089239184,11513,5756.5,5ef5c11-dirty
0.1,0.05,8,0.005,8,0.1290993910455111,0.1290993910455111,0.28696969793767346,3.017145324013791,0.00089239184,2459,1229.5,5ef5c11-dirty
0.001,0.02,8,0.005,7,-0.10090269569230825,-0.10090269569230825,-0.008279939130770644,21.387444438612828,5.042856e-5,5852,2926.0,5ef5c11-dirty
0.001,0.01,2,0.02,7,-0.034716544574921085,-0.011815679088216671,-0.034716544574921085,29.275677185573397,5.042856e-5,3971,1985.5,5ef5c11-dirty
0.3,0.05,8,0.005,8,0.26136081675895645,0.26136081675895645,0.47770297000818357,1.7192724810583373,0.00089239184,2459,1229.5,5ef5c11-dirty
0.0003,0.005,2,0.01,8,-0.08401495085784881,-0.08401495085784881,-0.05701038607951726,1.0746531609469623,0.00089239184,7739,3869.5,5ef5c11-dirty
0.0003,0.05,8,0.01,8,-0.0840634786430952,0.0640764985794541,-0.0840634786430952,63.35780143458602,0.00089239184,2459,1229.5,5ef5c11-dirty
0.003,0.01,2,0.02,7,0.02303020214945395,0.02303020214945395,0.18814889592655215,48.134766613915225,5.042856e-5,3971,1985.5,5ef5c11-dirty
0.003,0.02,8,0.005,7,-0.06642902355072794,-0.06642902355072794,0.049146073835983364,17.808473713951155,5.042856e-5,5852,2926.0,5ef5c11-dirty
0.001,0.05,8,0.01,8,-0.08399015285969472,0.06407372352876377,-0.08399015285969472,18.986143758561113,0.00089239184,2459,1229.5,5ef5c11-dirty
0.01,0.01,2,0.02,7,0.05085924420608618,0.05085924420608618,0.16518922871785924,28.169576824004796,5.042856e-5,3971,1985.5,5ef5c11-dirty
0.003,0.05,8,0.01,8,0.015140721241275195,0.0640775296639999,0.015140721241275195,6.356210823542589,0.00089239184,2459,1229.5,5ef5c11-dirty
0.001,0.005,2,0.01,8,-0.08391114587586182,-0.08391114587586182,-0.053476557085924345,1.012475249211454,0.00089239184,7739,3869.5,5ef5c11-dirty
0.1,0.01,8,0.02,8,0.10786617578203066,0.10786617578203066,0.2211962215079327,6.7933347067218515,0.00089239184,11513,5756.5,5ef5c11-dirty
0.01,0.05,8,0.01,8,0.027064995394961638,0.027064995394961638,0.04242239986370734,6.472007631560211,0.00089239184,2459,1229.5,5ef5c11-dirty
0.03,0.01,2,0.02,7,0.049981350002783295,0.049981350002783295,0.15063320754556514,14.082473506809352,5.042856e-5,3971,1985.5,5ef5c11-dirty
0.01,0.02,8,0.005,7,0.054783655704915134,0.054783655704915134,0.07082893771252936,10.534192955985016,5.042856e-5,5852,2926.0,5ef5c11-dirty
0.03,0.05,8,0.01,8,0.11972605052292046,0.11972605052292046,0.18444641575687223,8.02617986947401,0.00089239184,2459,1229.5,5ef5c11-dirty
0.1,0.01,2,0.02,7,0.021565402448406438,0.09566306864286521,0.021565402448406438,7.279324870376341,5.042856e-5,3971,1985.5,5ef5c11-dirty
0.003,0.005,2,0.01,8,-0.08514504948012702,-0.08514504948012702,0.0272273257668293,1.003203201165097,0.00089239184,7739,3869.5,5ef5c11-dirty
0.1,0.05,8,0.01,8,0.15041079191205206,0.15041079191205206,0.2995630079182129,4.115220240983885,0.00089239184,2459,1229.5,5ef5c11-dirty
0.03,0.02,8,0.005,7,0.1196760169896447,0.1196760169896447,0.3719948901770798,5.817282494001299,5.042856e-5,5852,2926.0,5ef5c11-dirty
0.3,0.01,2,0.02,7,0.24594399348613688,0.24594399348613688,0.3603560271985369,4.2522359712175986,5.042856e-5,3971,1985.5,5ef5c11-dirty
0.3,0.05,8,0.01,8,0.17900716796230207,0.17900716796230207,0.34287301991917435,2.5287741586645236,0.00089239184,2459,1229.5,5ef5c11-dirty
0.0003,0.01,2,0.0,8,0.35215733686506595,0.35215733686506595,0.6791023171816234,3.0274605463542317,0.00089239184,3971,1985.5,5ef5c11-dirty
0.0003,0.05,8,0.02,8,-0.07813837257540808,0.0630143069922225,-0.07813837257540808,63.6289816124368,0.00089239184,2459,1229.5,5ef5c11-dirty
0.3,0.01,8,0.02,8,0.1733637923843229,0.1733637923843229,0.29177973527007367,3.9250769915029387,0.00089239184,11513,5756.5,5ef5c11-dirty
0.01,0.005,2,0.01,8,0.007344672696571489,0.007344672696571489,0.03725165418785479,7.552042325304168,0.00089239184,7739,3869.5,5ef5c11-dirty
0.001,0.01,2,0.0,8,0.7303502866116541,0.7303502866116541,0.9360002569012807,0.9099171758955532,0.00089239184,3971,1985.5,5ef5c11-dirty
0.1,0.02,8,0.005,7,0.22164428330740432,0.22164428330740432,0.5624058342600741,3.094588894370234,5.042856e-5,5852,2926.0,5ef5c11-dirty
0.001,0.05,8,0.02,8,-0.07808703273187305,0.06300946893030587,-0.07808703273187305,19.068356915153856,0.00089239184,2459,1229.5,5ef5c11-dirty
0.003,0.01,2,0.0,8,0.9427551887526052,0.9427551887526052,0.9649488056058254,0.33557139051779106,0.00089239184,3971,1985.5,5ef5c11-dirty
0.003,0.05,8,0.02,8,0.031673629184556885,0.06300996858628628,0.031673629184556885,6.384036677731692,0.00089239184,2459,1229.5,5ef5c11-dirty
0.01,0.01,2,0.0,8,0.9653728919965048,0.9822705302028065,0.9653728919965048,0.19749298645666977,0.00089239184,3971,1985.5,5ef5c11-dirty
0.01,0.05,8,0.02,8,0.028646068513128516,0.028646068513128516,0.09068502393248586,7.922399379589093,0.00089239184,2459,1229.5,5ef5c11-dirty
0.3,0.02,8,0.005,7,0.44261724079578324,0.44261724079578324,0.8284942927296349,1.8700338086317478,5.042856e-5,5852,2926.0,5ef5c11-dirty
0.03,0.005,2,0.01,8,0.10495233768252274,0.10495233768252274,0.18056506928981098,8.689890132076915,0.00089239184,7739,3869.5,5ef5c11-dirty
0.03,0.01,2,0.0,8,0.9643916897714603,0.9852381530225858,0.9643916897714603,0.18595428140996229,0.00089239184,3971,1985.5,5ef5c11-dirty
0.03,0.05,8,0.02,8,0.054193577670015446,0.054193577670015446,0.19545163194764073,7.522768361491226,0.00089239184,2459,1229.5,5ef5c11-dirty
0.1,0.01,2,0.0,8,0.962063812014638,0.9851795705619227,0.962063812014638,0.18641944529329896,0.00089239184,3971,1985.5,5ef5c11-dirty
0.1,0.05,8,0.02,8,0.05593624877260284,0.05593624877260284,0.19364657067728192,6.166760924120754,0.00089239184,2459,1229.5,5ef5c11-dirty
0.3,0.01,2,0.0,8,0.9314732850669408,0.9823541903316411,0.9314732850669408,0.19613685987436105,0.00089239184,3971,1985.5,5ef5c11-dirty
0.0003,0.02,8,0.01,7,-0.047020626513794586,-0.043976070562603664,-0.047020626513794586,10.691752664022514,5.042856e-5,5852,2926.0,5ef5c11-dirty
0.3,0.05,8,0.02,8,0.1068365470817543,0.1068365470817543,0.17795118785900224,3.6025868098076175,0.00089239184,2459,1229.5,5ef5c11-dirty
0.0003,0.005,8,0.0,1,0.905787234915147,0.905787234915147,0.9694486829827685,0.4635214794513319,0.00032680426,22817,11408.5,5ef5c11-dirty
0.1,0.005,2,0.01,8,0.21016898538920104,0.21016898538920104,0.35532030394233977,4.537932048010144,0.00089239184,7739,3869.5,5ef5c11-dirty
0.0003,0.01,2,0.0,1,0.2552422688073066,0.2552422688073066,0.7462857768463901,3.8013408255203975,0.00032680426,3971,1985.5,5ef5c11-dirty
0.0003,0.01,2,0.005,8,0.013965790959060963,0.013965790959060963,0.13118734437351565,75.32153623472293,0.00089239184,3971,1985.5,5ef5c11-dirty
0.001,0.01,2,0.0,1,0.6558188767092126,0.6558188767092126,0.9637742580057028,1.1417515250793258,0.00032680426,3971,1985.5,5ef5c11-dirty
0.001,0.02,8,0.01,7,0.003165938538036594,0.003165938538036594,0.3982866879961224,39.695400201365814,5.042856e-5,5852,2926.0,5ef5c11-dirty
0.001,0.01,2,0.005,8,0.05879303614420624,0.05879303614420624,0.14058705634750954,45.31503784941284,0.00089239184,3971,1985.5,5ef5c11-dirty
0.003,0.01,2,0.0,1,0.9321033956272372,0.9321033956272372,0.9947567134811193,0.38330461477235067,0.00032680426,3971,1985.5,5ef5c11-dirty
0.3,0.005,2,0.01,8,0.3242072339626443,0.3242072339626443,0.48290106263658494,2.608010266403915,0.00089239184,7739,3869.5,5ef5c11-dirty
0.003,0.01,2,0.005,8,0.04148934450132745,0.04148934450132745,0.12397881538670283,20.400626166965328,0.00089239184,3971,1985.5,5ef5c11-dirty
0.01,0.01,2,0.0,1,0.9925219948749973,0.9925219948749973,0.9987767334991935,0.1228808239919679,0.00032680426,3971,1985.5,5ef5c11-dirty
0.003,0.02,8,0.01,7,0.0038202706938647527,0.0038202706938647527,0.3983844678497273,16.291872534608537,5.042856e-5,5852,2926.0,5ef5c11-dirty
0.03,0.01,2,0.0,1,0.9984541636356048,0.9984541636356048,0.9992056211574571,0.059057399475744024,0.00032680426,3971,1985.5,5ef5c11-dirty
0.01,0.01,2,0.005,8,0.12083742284822149,0.12083742284822149,0.24891723027947915,9.905732209919973,0.00089239184,3971,1985.5,5ef5c11-dirty
0.0003,0.005,2,0.02,8,-0.06012769823429734,-0.06012769823429734,-0.004962467298826715,1.1479521635672023,0.00089239184,7739,3869.5,5ef5c11-dirty
0.1,0.01,2,0.0,1,0.9991521547333382,0.9991521547333382,0.9992796892555563,0.046003997601011634,0.00032680426,3971,1985.5,5ef5c11-dirty
0.001,0.005,8,0.0,1,0.9900162579312991,0.9900162579312991,0.9970363901497,0.14222275211033017,0.00032680426,22817,11408.5,5ef5c11-dirty
0.03,0.01,2,0.005,8,0.14202845696970148,0.14202845696970148,0.22657257979745224,6.448453149650479,0.00089239184,3971,1985.5,5ef5c11-dirty
0.3,0.01,2,0.0,1,0.9991890096169109,0.9991890096169109,0.999267032716151,0.044786371811281186,0.00032680426,3971,1985.5,5ef5c11-dirty
0.01,0.02,8,0.01,7,0.006257304068795203,0.006257304068795203,0.3036360199414609,10.414430793635201,5.042856e-5,5852,2926.0,5ef5c11-dirty
0.1,0.01,2,0.005,8,0.2304708476169172,0.2304708476169172,0.3724699698376533,3.347484900208745,0.00089239184,3971,1985.5,5ef5c11-dirty
0.0003,0.01,2,0.005,1,0.008357123759060203,0.008357123759060203,0.029532541719182643,3.8880130632859906,0.00032680426,3971,1985.5,5ef5c11-dirty
0.001,0.005,2,0.02,8,-0.060541906275764695,-0.060541906275764695,-0.0036121708999446184,1.0205328193107805,0.00089239184,7739,3869.5,5ef5c11-dirty
0.03,0.02,8,0.01,7,0.10159544677176681,0.10159544677176681,0.44638491802023345,7.999137803875993,5.042856e-5,5852,2926.0,5ef5c11-dirty
0.3,0.01,2,0.005,8,0.43732788684258106,0.43732788684258106,0.6312710858293127,1.711297905643414,0.00089239184,3971,1985.5,5ef5c11-dirty
0.001,0.01,2,0.005,1,-0.1006771378237383,0.01455598117692597,-0.1006771378237383,52.183711169876325,0.00032680426,3971,1985.5,5ef5c11-dirty
0.0003,0.01,2,0.01,8,0.003806002888391084,0.08450185264935552,0.003806002888391084,3.180099383667256,0.00089239184,3971,1985.5,5ef5c11-dirty
0.003,0.01,2,0.005,1,-0.040041393369971603,0.01320944259763102,-0.040041393369971603,22.98182803065611,0.00032680426,3971,1985.5,5ef5c11-dirty
0.003,0.005,2,0.02,8,-0.06097450857791313,-0.06097450857791313,0.07573915958033474,1.0043655860058693,0.00089239184,7739,3869.5,5ef5c11-dirty
0.1,0.02,8,0.01,7,0.26523304123203345,0.26523304123203345,0.511096404461123,4.330534044433059,5.042856e-5,5852,2926.0,5ef5c11-dirty
0.003,0.005,8,0.0,1,0.9987142825546313,0.9987142825546313,0.9994965048459166,0.05285217659831225,0.00032680426,22817,11408.5,5ef5c11-dirty
0.001,0.01,2,0.01,8,0.004223248376301668,0.08432629980449755,0.004223248376301668,1.3076191088507187,0.00089239184,3971,1985.5,5ef5c11-dirty
0.01,0.01,2,0.005,1,-0.14091297947533737,0.11319350696826655,-0.14091297947533737,11.679991816999886,0.00032680426,3971,1985.5,5ef5c11-dirty
0.003,0.01,2,0.01,8,0.028480894260405377,0.0843363130362459,0.028480894260405377,1.0217524803250582,0.00089239184,3971,1985.5,5ef5c11-dirty
0.03,0.01,2,0.005,1,0.16209906357106,0.16209906357106,0.3645498901274613,7.2153781545434885,0.00032680426,3971,1985.5,5ef5c11-dirty
0.3,0.02,8,0.01,7,0.34284022448751617,0.34284022448751617,0.6073350763057485,2.569761639309555,5.042856e-5,5852,2926.0,5ef5c11-dirty
0.01,0.005,2,0.02,8,0.006964623616549752,0.006964623616549752,0.11611926689925302,8.983953486216226,0.00089239184,7739,3869.5,5ef5c11-dirty
0.01,0.01,2,0.01,8,0.008924724635855847,0.008924724635855847,0.03842618088808446,7.434461492418324,0.00089239184,3971,1985.5,5ef5c11-dirty
0.1,0.01,2,0.005,1,0.2634788752525135,0.2634788752525135,0.5431450592289728,3.733010155147034,0.00032680426,3971,1985.5,5ef5c11-dirty
0.03,0.01,2,0.01,8,0.103999999397318,0.103999999397318,0.18203392898278714,8.58022692647472,0.00089239184,3971,1985.5,5ef5c11-dirty
0.0003,0.02,8,0.02,7,-0.04429826678332355,-0.044088429513982286,-0.04429826678332355,10.831790284178227,5.042856e-5,5852,2926.0,5ef5c11-dirty
0.3,0.01,2,0.005,1,0.41352074113771836,0.41352074113771836,0.7302712313103031,2.1235679504495586,0.00032680426,3971,1985.5,5ef5c11-dirty
0.03,0.005,2,0.02,8,0.05010003277586983,0.05010003277586983,0.205026077859403,9.06658863633473,0.00089239184,7739,3869.5,5ef5c11-dirty
0.1,0.01,2,0.01,8,0.20113713551364235,0.20113713551364235,0.3471683904153363,4.462884383474168,0.00089239184,3971,1985.5,5ef5c11-dirty
0.0003,0.01,2,0.01,1,0.010307183612197167,0.010307183612197167,0.019030019710641305,3.9207948812799978,0.00032680426,3971,1985.5,5ef5c11-dirty
0.01,0.005,8,0.0,1,0.9997109542627541,0.9997109542627541,0.9997808361690108,0.028814753422759038,0.00032680426,22817,11408.5,5ef5c11-dirty
0.001,0.02,8,0.02,7,-0.03711778028384823,-0.0160728926372265,-0.03711778028384823,27.132461580123877,5.042856e-5,5852,2926.0,5ef5c11-dirty
0.3,0.01,2,0.01,8,0.3025562521770695,0.3025562521770695,0.4590179623662257,2.5809124035335005,0.00089239184,3971,1985.5,5ef5c11-dirty
0.001,0.01,2,0.01,1,-0.014545574092981782,0.006684734468922207,-0.014545574092981782,32.77899301293405,0.00032680426,3971,1985.5,5ef5c11-dirty
0.1,0.005,2,0.02,8,0.11369045218853154,0.11369045218853154,0.22204297584371582,6.905999105085591,0.00089239184,7739,3869.5,5ef5c11-dirty
0.0003,0.01,2,0.02,8,-0.01994337082461079,0.07979241404173834,-0.01994337082461079,3.3583462472550947,0.00089239184,3971,1985.5,5ef5c11-dirty
0.003,0.01,2,0.01,1,0.015162747160238394,0.015162747160238394,0.022515814692758592,36.42539816127938,0.00032680426,3971,1985.5,5ef5c11-dirty
0.003,0.02,8,0.02,7,0.02134069884167025,0.02134069884167025,0.22447503805610886,48.613390942607005,5.042856e-5,5852,2926.0,5ef5c11-dirty
0.001,0.01,2,0.02,8,-0.019992454161680516,0.07945852414758356,-0.019992454161680516,1.3472312579602594,0.00089239184,3971,1985.5,5ef5c11-dirty
0.01,0.01,2,0.01,1,0.15375198224647751,0.15375198224647751,0.25192960734883546,23.48691825500848,0.00032680426,3971,1985.5,5ef5c11-dirty
0.3,0.005,2,0.02,8,0.1857643656182738,0.1857643656182738,0.31069914513069524,3.98907383180003,0.00089239184,7739,3869.5,5ef5c11-dirty
0.003,0.01,2,0.02,8,0.07260138176517109,0.07941114877867518,0.07260138176517109,1.0275323219987431,0.00089239184,3971,1985.5,5ef5c11-dirty
0.03,0.01,2,0.01,1,0.12743199840311908,0.12743199840311908,0.2754074785112692,11.52592405955393,0.00032680426,3971,1985.5,5ef5c11-dirty
0.01,0.02,8,0.02,7,0.04710855166962401,0.04710855166962401,0.19166870680673556,28.301132744685376,5.042856e-5,5852,2926.0,5ef5c11-dirty
0.03,0.005,8,0.0,1,0.9998039457309784,0.9998039457309784,0.9998050628452799,0.02532798255557781,0.00032680426,22817,11408.5,5ef5c11-dirty
0.01,0.01,2,0.02,8,0.008643824741936031,0.008643824741936031,0.11396445851722081,8.819455791041303,0.00089239184,3971,1985.5,5ef5c11-dirty
0.1,0.01,2,0.01,1,0.12192066695258301,0.12192066695258301,0.4963863423612819,5.786880245550357,0.00032680426,3971,1985.5,5ef5c11-dirty
0.0003,0.01,8,0.0,1,0.12271840530650173,0.12271840530650173,0.46368833057770653,8.383626923193242,0.00032680426,11513,5756.5,5ef5c11-dirty
0.03,0.02,8,0.02,7,0.04820793619673938,0.04820793619673938,0.16669756064733132,13.96204893268841,5.042856e-5,5852,2926.0,5ef5c11-dirty
0.03,0.01,2,0.02,8,0.05127218466646564,0.05127218466646564,0.20571740607613437,8.855029215421586,0.00089239184,3971,1985.5,5ef5c11-dirty
0.3,0.01,2,0.01,1,0.22262566734672076,0.22262566734672076,0.701049349789103,3.0923317242906387,0.00032680426,3971,1985.5,5ef5c11-dirty
0.1,0.01,2,0.02,8,0.10767076761728595,0.10767076761728595,0.22118022778774407,6.793298490859566,0.00089239184,3971,1985.5,5ef5c11-dirty
0.0003,0.01,2,0.02,1,0.007957356518199612,0.007957356518199612,0.018126761107821066,4.1014966652931575,0.00032680426,3971,1985.5,5ef5c11-dirty
0.001,0.01,8,0.0,1,0.369525381953727,0.369525381953727,0.8603792627721772,2.5162877014570286,0.00032680426,11513,5756.5,5ef5c11-dirty
0.1,0.02,8,0.02,7,0.03437801826966248,0.09511454648190584,0.03437801826966248,7.164163641031136,5.042856e-5,5852,2926.0,5ef5c11-dirty
0.3,0.01,2,0.02,8,0.17328371307406706,0.17328371307406706,0.29178555035475795,3.9249607333363277,0.00089239184,3971,1985.5,5ef5c11-dirty
0.001,0.01,2,0.02,1,0.007525049016926826,0.007525049016926826,0.01884647999084361,1.5526978305086512,0.00032680426,3971,1985.5,5ef5c11-dirty
0.1,0.005,8,0.0,1,0.9998116454374023,0.9998156756416565,0.9998116454374023,0.024967954240938187,0.00032680426,22817,11408.5,5ef5c11-dirty
0.003,0.01,2,0.02,1,0.013840080025104855,0.013840080025104855,0.18568483457057613,20.35068343070622,0.00032680426,3971,1985.5,5ef5c11-dirty
0.0003,0.02,8,0.0,1,0.08803754013637355,0.08803754013637355,0.3557838634222997,11.746856532212943,0.00032680426,5852,2926.0,5ef5c11-dirty
0.3,0.02,8,0.02,7,0.24243430986176295,0.24243430986176295,0.35193929191229334,4.173391290424096,5.042856e-5,5852,2926.0,5ef5c11-dirty
0.003,0.01,8,0.0,1,0.7618060866502878,0.7618060866502878,0.9794052163872851,0.8403647183724379,0.00032680426,11513,5756.5,5ef5c11-dirty
0.01,0.01,2,0.02,1,0.04793613752413037,0.04793613752413037,0.18179424401107802,27.193713456596573,0.00032680426,3971,1985.5,5ef5c11-dirty
0.001,0.02,8,0.0,1,0.26848820470787166,0.26848820470787166,0.771268276787882,3.5289574566367556,0.00032680426,5852,2926.0,5ef5c11-dirty
0.0003,0.02,8,0.0,8,0.13898844688439738,0.13898844688439738,0.19569984389998013,9.36389252284721,0.00089239184,5852,2926.0,5ef5c11-dirty
0.03,0.01,2,0.02,1,0.07166853232238779,0.07166853232238779,0.273051287671124,16.175460009818703,0.00032680426,3971,1985.5,5ef5c11-dirty
0.003,0.02,8,0.0,1,0.6335844450060276,0.6335844450060276,0.9592574205959205,1.1813756143497738,0.00032680426,5852,2926.0,5ef5c11-dirty
0.001,0.02,8,0.0,8,0.31699572932149467,0.31699572932149467,0.6482000350496275,2.80318358423573,0.00089239184,5852,2926.0,5ef5c11-dirty
0.01,0.01,8,0.0,1,0.9679405720907864,0.9679405720907864,0.9971978333400633,0.25630286284582426,0.00032680426,11513,5756.5,5ef5c11-dirty
0.1,0.01,2,0.02,1,0.12885672668012363,0.12885672668012363,0.4147055368832469,8.044771980161588,0.00032680426,3971,1985.5,5ef5c11-dirty
0.01,0.02,8,0.0,1,0.9350901048666923,0.9350901048666923,0.9928762757339644,0.366730421361878,0.00032680426,5852,2926.0,5ef5c11-dirty
0.003,0.02,8,0.0,8,0.6540392975589752,0.6540392975589752,0.8608432051029414,0.9731189730419716,0.00089239184,5852,2926.0,5ef5c11-dirty
0.3,0.005,8,0.0,1,0.9997841049966346,0.9997841049966346,0.9997891260351391,0.0255888351938682,0.00032680426,22817,11408.5,5ef5c11-dirty
0.3,0.01,2,0.02,1,0.24969928844377454,0.24969928844377454,0.4556681337861263,4.467659865415623,0.00032680426,3971,1985.5,5ef5c11-dirty
0.03,0.02,8,0.0,1,0.9889855913388198,0.9889855913388198,0.9965171822868159,0.149841571033553,0.00032680426,5852,2926.0,5ef5c11-dirty
0.01,0.02,8,0.0,8,0.8863939353518467,0.8968440302870181,0.8863939353518467,0.44275085717337453,0.00089239184,5852,2926.0,5ef5c11-dirty
0.0003,0.01,2,0.0,2,0.2585421821416454,0.2585421821416454,0.6365735985143882,3.6191206820310433,9.048635e-6,3971,1985.5,5ef5c11-dirty
0.03,0.01,8,0.0,1,0.9955310425982054,0.9955310425982054,0.9989820447657173,0.09578425439594748,0.00032680426,11513,5756.5,5ef5c11-dirty
0.001,0.01,2,0.0,2,0.66423274040197,0.66423274040197,0.9368285188314385,1.0890489555253922,9.048635e-6,3971,1985.5,5ef5c11-dirty
0.1,0.02,8,0.0,1,0.9959756411679579,0.9959756411679579,0.9970996791816464,0.09647781382167474,0.00032680426,5852,2926.0,5ef5c11-dirty
0.03,0.02,8,0.0,8,0.8860218989485846,0.9321891502275027,0.8860218989485846,0.3748581545385576,0.00089239184,5852,2926.0,5ef5c11-dirty
0.003,0.01,2,0.0,2,0.9345423151093611,0.9345423151093611,0.9887152141536305,0.3700564110114764,9.048635e-6,3971,1985.5,5ef5c11-dirty
0.3,0.02,8,0.0,1,0.9966079235289638,0.9966079235289638,0.9971629720802985,0.08966425576939646,0.00032680426,5852,2926.0,5ef5c11-dirty
0.01,0.01,2,0.0,2,0.9912084455445066,0.9912084455445066,0.9956705748299132,0.13361113665713853,9.048635e-6,3971,1985.5,5ef5c11-dirty
0.1,0.02,8,0.0,8,0.8823496675854919,0.9341836808849658,0.8823496675854919,0.37206405483734456,0.00089239184,5852,2926.0,5ef5c11-dirty
0.1,0.01,8,0.0,1,0.9988782616826954,0.9988782616826954,0.9992441682578919,0.05148653263733324,0.00032680426,11513,5756.5,5ef5c11-dirty
0.03,0.01,2,0.0,2,0.9964343446098554,0.9966236471694512,0.9964343446098554,0.08655444851161408,9.048635e-6,3971,1985.5,5ef5c11-dirty
0.3,0.02,8,0.0,8,0.8521816387083906,0.9288245538858437,0.8521816387083906,0.383790285225314,0.00089239184,5852,2926.0,5ef5c11-dirty
0.1,0.01,2,0.0,2,0.9965419225855756,0.9972093356944834,0.9965419225855756,0.07982345909522412,9.048635e-6,3971,1985.5,5ef5c11-dirty
0.0003,0.02,8,0.005,1,0.0066743835425641255,0.0066743835425641255,0.012928609964205378,11.754803872439938,0.00032680426,5852,2926.0,5ef5c11-dirty
0.3,0.01,2,0.0,2,0.9962936543461611,0.9970776900796823,0.9962936543461611,0.08100945426302837,9.048635e-6,3971,1985.5,5ef5c11-dirty
0.3,0.01,8,0.0,1,0.9991609213758301,0.9991609213758301,0.9992590936558724,0.045477505119635823,0.00032680426,11513,5756.5,5ef5c11-dirty
0.0003,0.02,8,0.005,8,0.0187058097271676,0.0187058097271676,0.12853325735098367,72.42229374984878,0.00089239184,5852,2926.0,5ef5c11-dirty
0.0003,0.01,2,0.005,2,-0.06998343287804305,-0.016673658417694633,-0.06998343287804305,126.06634405801665,9.048635e-6,3971,1985.5,5ef5c11-dirty
0.001,0.02,8,0.005,1,-0.09385121381927347,0.015357277014728964,-0.09385121381927347,50.86405314818139,0.00032680426,5852,2926.0,5ef5c11-dirty
0.0003,0.005,8,0.005,1,-0.01454409345984236,0.011718972867859483,-0.01454409345984236,1.108353663360222,0.00032680426,22817,11408.5,5ef5c11-dirty
0.001,0.01,2,0.005,2,0.00482801585531013,0.00482801585531013,0.032121636122833364,55.99765723059048,9.048635e-6,3971,1985.5,5ef5c11-dirty
0.001,0.02,8,0.005,8,0.060820231188080096,0.060820231188080096,0.13857820332634255,44.08870786779902,0.00089239184,5852,2926.0,5ef5c11-dirty
0.003,0.02,8,0.005,1,-0.03415170303124329,0.014089115295388675,-0.03415170303124329,22.45478593615048,0.00032680426,5852,2926.0,5ef5c11-dirty
0.003,0.01,2,0.005,2,0.022148333671935885,0.022148333671935885,0.06141977920066295,21.930176294562887,9.048635e-6,3971,1985.5,5ef5c11-dirty
0.0003,0.01,8,0.005,1,0.007329287944718507,0.007329287944718507,0.022479426093720143,8.436168241622717,0.00032680426,11513,5756.5,5ef5c11-dirty
0.01,0.01,2,0.005,2,0.08524612943633941,0.08524612943633941,0.10645138742624183,12.70713982345533,9.048635e-6,3971,1985.5,5ef5c11-dirty
0.003,0.02,8,0.005,8,0.04381564215651998,0.04381564215651998,0.12214016846633226,19.806595748266652,0.00089239184,5852,2926.0,5ef5c11-dirty
0.01,0.02,8,0.005,1,-0.12965208673818743,0.1139297441322468,-0.12965208673818743,11.39378512164504,0.00032680426,5852,2926.0,5ef5c11-dirty
0.03,0.01,2,0.005,2,0.08380462845112005,0.08380462845112005,0.22153446446741823,7.433823161261997,9.048635e-6,3971,1985.5,5ef5c11-dirty
0.01,0.02,8,0.005,8,0.0991866497185002,0.0991866497185002,0.22898780940415792,9.493089724777914,0.00089239184,5852,2926.0,5ef5c11-dirty
0.1,0.01,2,0.005,2,0.18303605013052612,0.18303605013052612,0.3615073694151701,4.10139131963491,9.048635e-6,3971,1985.5,5ef5c11-dirty
0.03,0.02,8,0.005,1,0.16177859058685237,0.16177859058685237,0.36356411556093277,7.049321515498256,0.00032680426,5852,2926.0,5ef5c11-dirty
0.3,0.01,2,0.005,2,0.4095829757400184,0.4095829757400184,0.6059391883652516,2.1223277402897303,9.048635e-6,3971,1985.5,5ef5c11-dirty
0.001,0.01,8,0.005,1,-0.10050337660838436,0.014721897614758684,-0.10050337660838436,52.181523922517684,0.00032680426,11513,5756.5,5ef5c11-dirty
0.03,0.02,8,0.005,8,0.12553036165866355,0.12553036165866355,0.21277630953119248,6.0395429977940704,0.00089239184,5852,2926.0,5ef5c11-dirty
0.1,0.02,8,0.005,1,0.26117514542596965,0.26117514542596965,0.5379145366135184,3.6828661008014993,0.00032680426,5852,2926.0,5ef5c11-dirty
0.0003,0.01,2,0.01,2,-0.014557529104063433,0.0007060711679892207,-0.014557529104063433,3.7701667559280163,9.048635e-6,3971,1985.5,5ef5c11-dirty
0.001,0.005,8,0.005,1,-0.10485213782890193,0.014179291116156144,-0.10485213782890193,52.61828699811861,0.00032680426,22817,11408.5,5ef5c11-dirty
0.001,0.01,2,0.01,2,-0.028464939739189468,0.06840895655827715,-0.028464939739189468,9.446663101960453,9.048635e-6,3971,1985.5,5ef5c11-dirty
0.1,0.02,8,0.005,8,0.1978197386205485,0.1978197386205485,0.344912924856274,3.2278846393498264,0.00089239184,5852,2926.0,5ef5c11-dirty
0.3,0.02,8,0.005,1,0.41013310265292025,0.41013310265292025,0.7259455884997204,2.0822947016421987,0.00032680426,5852,2926.0,5ef5c11-dirty
0.003,0.01,2,0.01,2,0.032830677444757095,0.032830677444757095,0.16767094170590646,20.279032939055462,9.048635e-6,3971,1985.5,5ef5c11-dirty
0.003,0.01,8,0.005,1,-0.039842235656770184,0.013339714909683284,-0.039842235656770184,22.987488237520967,0.00032680426,11513,5756.5,5ef5c11-dirty
0.01,0.01,2,0.01,2,0.02550151578677818,0.02550151578677818,0.11936583903076788,14.664593174104816,9.048635e-6,3971,1985.5,5ef5c11-dirty
0.3,0.02,8,0.005,8,0.3778468185787733,0.3778468185787733,0.5748586602070335,1.7089838957470411,0.00089239184,5852,2926.0,5ef5c11-dirty
0.0003,0.02,8,0.01,1,0.006972975387254597,0.006972975387254597,0.018738282285441898,11.780296573358203,0.00032680426,5852,2926.0,5ef5c11-dirty
0.0003,0.02,8,0.01,8,-0.10836594348295257,0.05853896141674203,-0.10836594348295257,9.427710120869369,0.00089239184,5852,2926.0,5ef5c11-dirty
0.001,0.02,8,0.01,1,-0.01489228293877056,0.0074610060874242155,-0.01489228293877056,31.282485541457003,0.00032680426,5852,2926.0,5ef5c11-dirty
0.01,0.01,8,0.005,1,-0.14092121558749138,0.11330926959406744,-0.14092121558749138,11.676776256041139,0.00032680426,11513,5756.5,5ef5c11-dirty
0.001,0.02,8,0.01,8,-0.1080776036333394,0.05850295379052546,-0.1080776036333394,2.945511135715084,0.00089239184,5852,2926.0,5ef5c11-dirty
0.003,0.02,8,0.01,1,0.015186245144298602,0.015186245144298602,0.023665089373296894,35.29132065054408,0.00032680426,5852,2926.0,5ef5c11-dirty
0.003,0.005,8,0.005,1,-0.04317482408769733,0.012768910767968702,-0.04317482408769733,23.19256444741965,0.00032680426,22817,11408.5,5ef5c11-dirty
0.003,0.02,8,0.01,8,0.026508311522785696,0.05850232712735901,0.026508311522785696,1.3339590629509919,0.00089239184,5852,2926.0,5ef5c11-dirty
0.01,0.02,8,0.01,1,0.15363735151745722,0.15363735151745722,0.24185539463504557,22.865145811493566,0.00032680426,5852,2926.0,5ef5c11-dirty
0.03,0.01,8,0.005,1,0.1621697949353277,0.1621697949353277,0.3648041222698146,7.21633091334608,0.00032680426,11513,5756.5,5ef5c11-dirty
0.01,0.02,8,0.01,8,0.010692021588137307,0.010692021588137307,0.039661883633933886,7.144675808969217,0.00089239184,5852,2926.0,5ef5c11-dirty
0.03,0.02,8,0.01,1,0.12587142903035217,0.12587142903035217,0.27059642200357736,11.235158464552276,0.00032680426,5852,2926.0,5ef5c11-dirty
0.03,0.02,8,0.01,8,0.10707640937181342,0.10707640937181342,0.18239480118401358,8.378741288820114,0.00089239184,5852,2926.0,5ef5c11-dirty
0.1,0.02,8,0.01,1,0.1215744759873811,0.1215744759873811,0.48530374246359737,5.6033179440972924,0.00032680426,5852,2926.0,5ef5c11-dirty
0.1,0.01,8,0.005,1,0.2634844868730173,0.2634844868730173,0.5430198719512894,3.7330924330409405,0.00032680426,11513,5756.5,5ef5c11-dirty
0.1,0.02,8,0.01,8,0.18599286198523182,0.18599286198523182,0.33207042029663725,4.328906425288038,0.00089239184,5852,2926.0,5ef5c11-dirty
0.3,0.02,8,0.01,1,0.2187657806340235,0.2187657806340235,0.692274382014099,3.0117829467458685,0.00032680426,5852,2926.0,5ef5c11-dirty
0.01,0.005,8,0.005,1,-0.14674967553250715,0.11293199334076197,-0.14674967553250715,11.799214726302674,0.00032680426,22817,11408.5,5ef5c11-dirty
0.3,0.02,8,0.01,8,0.2600463781018048,0.2600463781018048,0.4220107247843782,2.563741885869776,0.00089239184,5852,2926.0,5ef5c11-dirty
0.0003,0.02,8,0.02,1,0.007183720183002979,0.007183720183002979,0.01903612363122291,11.910567130765774,0.00032680426,5852,2926.0,5ef5c11-dirty
0.3,0.01,8,0.005,1,0.41356365830664554,0.41356365830664554,0.730429750186415,2.1234866329979933,0.00032680426,11513,5756.5,5ef5c11-dirty
0.0003,0.02,8,0.02,8,-0.09119096359534555,0.057154895302287664,-0.09119096359534555,9.591766927286038,0.00089239184,5852,2926.0,5ef5c11-dirty
0.001,0.02,8,0.02,1,0.007146175961576665,0.007146175961576665,0.019143895520826272,3.6939608105810056,0.00032680426,5852,2926.0,5ef5c11-dirty
0.001,0.02,8,0.02,8,-0.09107851637173021,0.05708889371518224,-0.09107851637173021,2.993179870797259,0.00089239184,5852,2926.0,5ef5c11-dirty
0.003,0.02,8,0.02,1,0.015233113569820022,0.015233113569820022,0.16303302727451954,17.735284962794857,0.00032680426,5852,2926.0,5ef5c11-dirty
0.0003,0.01,8,0.01,1,0.008422354336443469,0.008422354336443469,0.018301373353912603,8.416340229633569,0.00032680426,11513,5756.5,5ef5c11-dirty
0.003,0.02,8,0.02,8,0.057111022476370406,0.057111022476370406,0.06364681750885433,1.3459512371755065,0.00089239184,5852,2926.0,5ef5c11-dirty
0.03,0.005,8,0.005,1,0.16205593784463812,0.16205593784463812,0.36456291258666657,7.292568905515549,0.00032680426,22817,11408.5,5ef5c11-dirty
0.01,0.02,8,0.02,1,0.04698792605886983,0.04698792605886983,0.16688353954353383,26.479948565040036,0.00032680426,5852,2926.0,5ef5c11-dirty
0.01,0.02,8,0.02,8,0.011141543526544954,0.011141543526544954,0.10855257262661129,8.500951453667628,0.00089239184,5852,2926.0,5ef5c11-dirty
0.03,0.02,8,0.02,1,0.07065370065170194,0.07065370065170194,0.2672984878860964,15.750069852128819,0.00032680426,5852,2926.0,5ef5c11-dirty
0.001,0.01,8,0.01,1,-0.013782376696348048,0.006967754831575007,-0.013782376696348048,32.81307719074289,0.00032680426,11513,5756.5,5ef5c11-dirty
0.03,0.02,8,0.02,8,0.05222370994343646,0.05222370994343646,0.2045334600840108,8.405729979236105,0.00089239184,5852,2926.0,5ef5c11-dirty
0.1,0.02,8,0.02,1,0.12794308922700634,0.12794308922700634,0.42452959468233015,7.755715332232595,0.00032680426,5852,2926.0,5ef5c11-dirty
0.1,0.02,8,0.02,8,0.09234085906252999,0.09234085906252999,0.2149527209015506,6.603221374692358,0.00089239184,5852,2926.0,5ef5c11-dirty
0.3,0.02,8,0.02,1,0.2500902988982821,0.2500902988982821,0.42737837158123626,4.351797223717674,0.00032680426,5852,2926.0,5ef5c11-dirty
0.003,0.01,8,0.01,1,0.015258578934880753,0.015258578934880753,0.022671729800582057,36.417079450013745,0.00032680426,11513,5756.5,5ef5c11-dirty
0.0003,0.02,8,0.0,2,0.08111542932455737,0.08111542932455737,0.2517689801653433,11.204914516159457,9.048635e-6,5852,2926.0,5ef5c11-dirty
0.3,0.02,8,0.02,8,0.15006070943208094,0.15006070943208094,0.2519047659395381,3.8063388256266775,0.00089239184,5852,2926.0,5ef5c11-dirty
0.1,0.005,8,0.005,1,0.2634375983257874,0.2634375983257874,0.5429439411935953,3.7653453674523267,0.00032680426,22817,11408.5,5ef5c11-dirty
0.001,0.02,8,0.0,2,0.2639649659671716,0.2639649659671716,0.6603308843994522,3.3645626571303806,9.048635e-6,5852,2926.0,5ef5c11-dirty
0.0003,0.005,2,0.0,1,0.9204485646743719,0.9204485646743719,0.9294709905551997,0.41792095767514503,0.00032680426,7739,3869.5,5ef5c11-dirty
0.003,0.02,8,0.0,2,0.6330487460900566,0.6330487460900566,0.9240039473083216,1.130990964591653,9.048635e-6,5852,2926.0,5ef5c11-dirty
0.01,0.01,8,0.01,1,0.15381675483807863,0.15381675483807863,0.2521074018769523,23.490798442067423,0.00032680426,11513,5756.5,5ef5c11-dirty
0.001,0.005,2,0.0,1,0.9921429092109685,0.9921429092109685,0.9929535319448713,0.12605630649217966,0.00032680426,7739,3869.5,5ef5c11-dirty
0.01,0.02,8,0.0,2,0.9303913665526545,0.9303913665526545,0.9802612723693294,0.37189917742637685,9.048635e-6,5852,2926.0,5ef5c11-dirty
0.003,0.005,2,0.0,1,0.9989111338894089,0.9989111338894089,0.9990712383428741,0.049041051346476495,0.00032680426,7739,3869.5,5ef5c11-dirty
0.03,0.02,8,0.0,2,0.9815186410051622,0.9815186410051622,0.9864442464523048,0.1959385542206299,9.048635e-6,5852,2926.0,5ef5c11-dirty
0.1,0.02,8,0.0,2,0.987309587504086,0.9877531217853529,0.987309587504086,0.16508121897902375,9.048635e-6,5852,2926.0,5ef5c11-dirty
0.01,0.005,2,0.0,1,0.999724483545656,0.999724483545656,0.9997545878154563,0.028391913679688106,0.00032680426,7739,3869.5,5ef5c11-dirty
0.03,0.01,8,0.01,1,0.1274022997115261,0.1274022997115261,0.27543903595224,11.528320043048081,0.00032680426,11513,5756.5,5ef5c11-dirty
0.3,0.02,8,0.0,2,0.9866325603608544,0.9876719809258807,0.9866325603608544,0.16547877959055204,9.048635e-6,5852,2926.0,5ef5c11-dirty
0.03,0.005,2,0.0,1,0.9998071543911845,0.9998077232355254,0.9998071543911845,0.025290722895268757,0.00032680426,7739,3869.5,5ef5c11-dirty
0.3,0.005,8,0.005,1,0.41532967143298966,0.41532967143298966,0.7313911936083141,2.139938209936224,0.00032680426,22817,11408.5,5ef5c11-dirty
0.0003,0.02,8,0.005,2,-0.07344231946414004,-0.015320824548144712,-0.07344231946414004,123.91526532584736,9.048635e-6,5852,2926.0,5ef5c11-dirty
0.1,0.005,2,0.0,1,0.9998101487903731,0.9998101487903731,0.9998113211401086,0.024992310458437653,0.00032680426,7739,3869.5,5ef5c11-dirty
0.1,0.01,8,0.01,1,0.12196179091151377,0.12196179091151377,0.49639432411648227,5.786109330497722,0.00032680426,11513,5756.5,5ef5c11-dirty
0.3,0.005,2,0.0,1,0.9997845364569498,0.9997845364569498,0.9997900922808625,0.02561340150812983,0.00032680426,7739,3869.5,5ef5c11-dirty
0.001,0.02,8,0.005,2,0.007113717881456181,0.007113717881456181,0.029154495520222905,53.716768623513495,9.048635e-6,5852,2926.0,5ef5c11-dirty
0.003,0.02,8,0.005,2,0.025041524034618227,0.025041524034618227,0.05780003435811416,20.986768622057603,9.048635e-6,5852,2926.0,5ef5c11-dirty
0.0003,0.005,2,0.005,1,-0.0236089859397769,0.028670494005348268,-0.0236089859397769,1.0650312307807897,0.00032680426,7739,3869.5,5ef5c11-dirty
0.3,0.01,8,0.01,1,0.22270037281954178,0.22270037281954178,0.7010464589967703,3.0918489419404005,0.00032680426,11513,5756.5,5ef5c11-dirty
0.01,0.02,8,0.005,2,0.08945115087155302,0.08945115087155302,0.10268777626686279,12.322917037313971,9.048635e-6,5852,2926.0,5ef5c11-dirty
0.001,0.005,2,0.005,1,-0.10491471931679798,0.014212186458941848,-0.10491471931679798,52.5937508977723,0.00032680426,7739,3869.5,5ef5c11-dirty
0.0003,0.005,8,0.01,1,0.00986344560847166,0.00986344560847166,0.010126531468154013,1.1222480625646822,0.00032680426,22817,11408.5,5ef5c11-dirty
0.03,0.02,8,0.005,2,0.08992170025943498,0.08992170025943498,0.2144358369898318,7.193119948442951,9.048635e-6,5852,2926.0,5ef5c11-dirty
0.003,0.005,2,0.005,1,-0.04320743501572233,0.012791685298185668,-0.04320743501572233,23.191857561856434,0.00032680426,7739,3869.5,5ef5c11-dirty
0.0003,0.01,8,0.02,1,0.007318037085370168,0.007318037085370168,0.01935717631248225,8.465617324692337,0.00032680426,11513,5756.5,5ef5c11-dirty
0.1,0.02,8,0.005,2,0.18268261940655164,0.18268261940655164,0.3486926583306307,4.005233643006639,9.048635e-6,5852,2926.0,5ef5c11-dirty
0.01,0.005,2,0.005,1,-0.1466162130755893,0.11292577001457767,-0.1466162130755893,11.800541417323487,0.00032680426,7739,3869.5,5ef5c11-dirty
0.3,0.02,8,0.005,2,0.4022089439313774,0.4022089439313774,0.5865135425763232,2.077574962680238,9.048635e-6,5852,2926.0,5ef5c11-dirty
0.03,0.005,2,0.005,1,0.16209260075338047,0.16209260075338047,0.3646017685270302,7.292306384608921,0.00032680426,7739,3869.5,5ef5c11-dirty
0.001,0.01,8,0.02,1,0.007242801148525655,0.007242801148525655,0.01946726979491273,2.708351678441753,0.00032680426,11513,5756.5,5ef5c11-dirty
0.0003,0.02,8,0.01,2,-0.012034545975134604,-0.00032179878486111293,-0.012034545975134604,11.229938151047245,9.048635e-6,5852,2926.0,5ef5c11-dirty
0.001,0.005,8,0.01,1,-0.014530399739351236,0.006243570694805066,-0.014530399739351236,33.355568320456136,0.00032680426,22817,11408.5,5ef5c11-dirty
0.1,0.005,2,0.005,1,0.263461389786993,0.263461389786993,0.5429671388795376,3.7654702249566983,0.00032680426,7739,3869.5,5ef5c11-dirty
0.001,0.02,8,0.01,2,-0.04560381841277189,-0.0003639594420606345,-0.04560381841277189,3.501523770518488,9.048635e-6,5852,2926.0,5ef5c11-dirty
0.003,0.01,8,0.02,1,0.013971682535819537,0.013971682535819537,0.18590941697986257,20.355000298883013,0.00032680426,11513,5756.5,5ef5c11-dirty
0.3,0.005,2,0.005,1,0.41531605878295197,0.41531605878295197,0.7313463182672993,2.1399257241857867,0.00032680426,7739,3869.5,5ef5c11-dirty
0.003,0.02,8,0.01,2,0.04078005359698983,0.04078005359698983,0.14688419280119921,18.928258236961753,9.048635e-6,5852,2926.0,5ef5c11-dirty
0.01,0.02,8,0.01,2,0.0286061670033676,0.0286061670033676,0.10448209586852639,14.06071697547442,9.048635e-6,5852,2926.0,5ef5c11-dirty
0.0003,0.005,2,0.01,1,-0.017206902523846955,0.0199772009602937,-0.017206902523846955,1.046957066543757,0.00032680426,7739,3869.5,5ef5c11-dirty
0.01,0.01,8,0.02,1,0.04797745929000823,0.04797745929000823,0.18136199101779,27.18883184832308,0.00032680426,11513,5756.5,5ef5c11-dirty
0.03,0.02,8,0.01,2,0.046954847841392144,0.046954847841392144,0.14219210597192045,9.572249583774784,9.048635e-6,5852,2926.0,5ef5c11-dirty
0.003,0.005,8,0.01,1,0.015145131348346445,0.015145131348346445,0.021919648655288212,36.98887559644541,0.00032680426,22817,11408.5,5ef5c11-dirty
0.001,0.005,2,0.01,1,-0.014829462247180947,0.006250320029163428,-0.014829462247180947,33.400153334530096,0.00032680426,7739,3869.5,5ef5c11-dirty
0.1,0.02,8,0.01,2,0.12554568785308184,0.12554568785308184,0.2036785633149569,5.350919507653395,9.048635e-6,5852,2926.0,5ef5c11-dirty
0.003,0.005,2,0.01,1,0.015142909417966522,0.015142909417966522,0.021850560371467456,36.99745298684831,0.00032680426,7739,3869.5,5ef5c11-dirty
0.03,0.01,8,0.02,1,0.07170239857364302,0.07170239857364302,0.2729897805311913,16.172857851368615,0.00032680426,11513,5756.5,5ef5c11-dirty
0.3,0.02,8,0.01,2,0.26363503060280863,0.26363503060280863,0.4423032276944691,3.0415732170003853,9.048635e-6,5852,2926.0,5ef5c11-dirty
0.01,0.005,2,0.01,1,0.15366044152052322,0.15366044152052322,0.2565900864649356,23.793015070957214,0.00032680426,7739,3869.5,5ef5c11-dirty
0.0003,0.02,8,0.02,2,-0.012807638001833465,-0.0005796261793308399,-0.012807638001833465,11.46815871858279,9.048635e-6,5852,2926.0,5ef5c11-dirty
0.1,0.01,8,0.02,1,0.12886514415451145,0.12886514415451145,0.4146388723748311,8.044141929985681,0.00032680426,11513,5756.5,5ef5c11-dirty
0.03,0.005,2,0.01,1,0.12798195955036504,0.12798195955036504,0.27771549251036337,11.67258360507382,0.00032680426,7739,3869.5,5ef5c11-dirty
0.001,0.02,8,0.02,2,-0.0006141903172135225,-0.0006141903172135225,0.003537574065343274,3.570716185232835,9.048635e-6,5852,2926.0,5ef5c11-dirty
0.01,0.005,8,0.01,1,0.15363767966295003,0.15363767966295003,0.2565297099790553,23.793263505376167,0.00032680426,22817,11408.5,5ef5c11-dirty
0.1,0.005,2,0.01,1,0.12181457921023169,0.12181457921023169,0.5008825312071372,5.876231477153344,0.00032680426,7739,3869.5,5ef5c11-dirty
0.003,0.02,8,0.02,2,-0.0006611489875785935,-0.0006611489875785935,0.004822650572404748,1.5188439031347045,9.048635e-6,5852,2926.0,5ef5c11-dirty
0.3,0.01,8,0.02,1,0.2496945626840348,0.2496945626840348,0.4556615575143239,4.467694441339911,0.00032680426,11513,5756.5,5ef5c11-dirty
0.3,0.005,2,0.01,1,0.22383694681305633,0.22383694681305633,0.7044711734045587,3.1309559130469085,0.00032680426,7739,3869.5,5ef5c11-dirty
0.01,0.02,8,0.02,2,-0.006407986759141343,0.00025747785677501485,-0.006407986759141343,6.325430800405684,9.048635e-6,5852,2926.0,5ef5c11-dirty
0.0003,0.01,8,0.0,2,0.11916732418982631,0.11916732418982631,0.35176947609269965,7.989039758813378,9.048635e-6,11513,5756.5,5ef5c11-dirty
0.03,0.02,8,0.02,2,0.12212739301263732,0.12281712787294356,0.12212739301263732,10.895158764644767,9.048635e-6,5852,2926.0,5ef5c11-dirty
0.0003,0.005,2,0.02,1,0.00022581570978423782,0.009867300797221161,0.00022581570978423782,1.102087097230542,0.00032680426,7739,3869.5,5ef5c11-dirty
0.03,0.005,8,0.01,1,0.127985647808357,0.127985647808357,0.2777067852581355,11.673185482274382,0.00032680426,22817,11408.5,5ef5c11-dirty
0.001,0.01,8,0.0,2,0.3737395148266222,0.3737395148266222,0.7842338502013598,2.3975123943492824,9.048635e-6,11513,5756.5,5ef5c11-dirty
0.1,0.02,8,0.02,2,0.1814767773099326,0.1814767773099326,0.24551452023564685,6.34877530687512,9.048635e-6,5852,2926.0,5ef5c11-dirty
0.001,0.005,2,0.02,1,3.4696544143525114e-5,0.008177754652313626,3.4696544143525114e-5,1.0090284781531897,0.00032680426,7739,3869.5,5ef5c11-dirty
0.3,0.02,8,0.02,2,0.2761140379025917,0.2761140379025917,0.34730677833898627,3.9989419950376224,9.048635e-6,5852,2926.0,5ef5c11-dirty
0.003,0.01,8,0.0,2,0.77002446442514,0.77002446442514,0.9630124910323782,0.8024994519704628,9.048635e-6,11513,5756.5,5ef5c11-dirty
0.003,0.005,2,0.02,1,0.013198830891375047,0.013198830891375047,0.19550939418461522,21.38568555128009,0.00032680426,7739,3869.5,5ef5c11-dirty
0.0003,0.02,8,0.0,3,0.11462200625134082,0.11462200625134082,0.19348165086093597,11.546348172000439,3.956093e-5,5852,2926.0,5ef5c11-dirty
0.001,0.02,8,0.0,3,0.29426747015262256,0.29426747015262256,0.6671361484591951,3.4623779290210948,3.956093e-5,5852,2926.0,5ef5c11-dirty
0.01,0.01,8,0.0,2,0.9684213020920369,0.9684213020920369,0.9929039443215256,0.25149538709467817,9.048635e-6,11513,5756.5,5ef5c11-dirty
0.01,0.005,2,0.02,1,0.04812756404271817,0.04812756404271817,0.18802205004380998,27.52443857535638,0.00032680426,7739,3869.5,5ef5c11-dirty
0.003,0.02,8,0.0,3,0.6507862482412144,0.6507862482412144,0.943608658952725,1.1549644690193859,3.956093e-5,5852,2926.0,5ef5c11-dirty
0.01,0.02,8,0.0,3,0.9381580891222316,0.9381580891222316,0.9914964354985143,0.35746140943508375,3.956093e-5,5852,2926.0,5ef5c11-dirty
0.03,0.005,2,0.02,1,0.07194895512032913,0.07194895512032913,0.2751296355052225,16.366730181208325,0.00032680426,7739,3869.5,5ef5c11-dirty
0.03,0.01,8,0.0,2,0.9940065328948045,0.9940065328948045,0.996023887589104,0.11168732302689335,9.048635e-6,11513,5756.5,5ef5c11-dirty
0.1,0.005,8,0.01,1,0.12182815896302772,0.12182815896302772,0.5008579621258185,5.875837695793402,0.00032680426,22817,11408.5,5ef5c11-dirty
0.03,0.02,8,0.0,3,0.9885185914000971,0.9885185914000971,0.9953520626827856,0.15308494887895807,3.956093e-5,5852,2926.0,5ef5c11-dirty
0.1,0.005,2,0.02,1,0.12883109075198626,0.12883109075198626,0.40836580966358715,8.178692858761076,0.00032680426,7739,3869.5,5ef5c11-dirty
0.1,0.02,8,0.0,3,0.9946709308382234,0.9946709308382234,0.9955998112492924,0.11009764958718492,3.956093e-5,5852,2926.0,5ef5c11-dirty
0.1,0.01,8,0.0,2,0.9964738118370858,0.9969908581914477,0.9964738118370858,0.08244233618810072,9.048635e-6,11513,5756.5,5ef5c11-dirty
0.3,0.02,8,0.0,3,0.995118975113636,0.995118975113636,0.9953019270018489,0.10612620735130099,3.956093e-5,5852,2926.0,5ef5c11-dirty
0.3,0.005,2,0.02,1,0.2489780607694995,0.2489780607694995,0.4562125349093508,4.52691019374668,0.00032680426,7739,3869.5,5ef5c11-dirty
0.3,0.01,8,0.0,2,0.9962754362385374,0.9970570534232968,0.9962754362385374,0.08125428543590818,9.048635e-6,11513,5756.5,5ef5c11-dirty
0.0003,0.02,8,0.005,3,-0.09800889903431552,0.03356751363846218,-0.09800889903431552,11.570752342350671,3.956093e-5,5852,2926.0,5ef5c11-dirty
0.0003,0.005,2,0.0,2,0.8908474524116269,0.9297624823190125,0.8908474524116269,0.3895543654787009,9.048635e-6,7739,3869.5,5ef5c11-dirty
0.001,0.02,8,0.005,3,-0.026149260101472085,0.0335096415279878,-0.026149260101472085,3.577147303333264,3.956093e-5,5852,2926.0,5ef5c11-dirty
0.001,0.005,2,0.0,2,0.9880761797045001,0.9923747196860582,0.9880761797045001,0.1238233777190015,9.048635e-6,7739,3869.5,5ef5c11-dirty
0.3,0.005,8,0.01,1,0.2238510548132895,0.2238510548132895,0.7044542378421605,3.130861789697459,0.00032680426,22817,11408.5,5ef5c11-dirty
0.0003,0.01,8,0.005,2,-0.07048424417258618,-0.016647684028343622,-0.07048424417258618,126.55611469985683,9.048635e-6,11513,5756.5,5ef5c11-dirty
0.003,0.005,2,0.0,2,0.9978882293076698,0.9985340159538527,0.9978882293076698,0.05637877778846681,9.048635e-6,7739,3869.5,5ef5c11-dirty
0.003,0.02,8,0.005,3,0.04843444947179931,0.10911354925481215,0.04843444947179931,26.55261142873714,3.956093e-5,5852,2926.0,5ef5c11-dirty
0.01,0.005,2,0.0,2,0.9990097206732731,0.9992746368451333,0.9990097206732731,0.04157665902883564,9.048635e-6,7739,3869.5,5ef5c11-dirty
0.01,0.02,8,0.005,3,0.07433719830932858,0.12323018056670934,0.07433719830932858,14.84972488677168,3.956093e-5,5852,2926.0,5ef5c11-dirty
0.03,0.005,2,0.0,2,0.9991088704202622,0.9993364022726694,0.9991088704202622,0.0400646611748889,9.048635e-6,7739,3869.5,5ef5c11-dirty
0.001,0.01,8,0.005,2,0.004797485367397103,0.004797485367397103,0.032004805881597875,56.08841027039036,9.048635e-6,11513,5756.5,5ef5c11-dirty
0.03,0.02,8,0.005,3,0.16095910975455,0.16452403881153574,0.16095910975455,7.307731498837129,3.956093e-5,5852,2926.0,5ef5c11-dirty
0.1,0.005,2,0.0,2,0.9991176390133529,0.9993432571493079,0.9991176390133529,0.039785318328754635,9.048635e-6,7739,3869.5,5ef5c11-dirty
0.1,0.02,8,0.005,3,0.2822502512906406,0.2822502512906406,0.5343536460627546,3.7890643675545794,3.956093e-5,5852,2926.0,5ef5c11-dirty
0.3,0.005,2,0.0,2,0.9990848045400905,0.9992710493732161,0.9990848045400905,0.040958342133246825,9.048635e-6,7739,3869.5,5ef5c11-dirty
0.0003,0.005,8,0.02,1,9.92942431577684e-5,0.013325384434646332,9.92942431577684e-5,1.0874786091453088,0.00032680426,22817,11408.5,5ef5c11-dirty
0.003,0.01,8,0.005,2,0.022085404823616227,0.022085404823616227,0.0614295502514632,21.966191596506285,9.048635e-6,11513,5756.5,5ef5c11-dirty
0.3,0.02,8,0.005,3,0.43678831585753425,0.43678831585753425,0.709336074946871,2.0226770804235055,3.956093e-5,5852,2926.0,5ef5c11-dirty
0.0003,0.005,2,0.005,2,-0.06733153129924778,-0.01747149352103657,-0.06733153129924778,127.60596124446202,9.048635e-6,7739,3869.5,5ef5c11-dirty
0.0003,0.02,8,0.01,3,-0.09724374188532955,0.03374533845862023,-0.09724374188532955,11.485466175675061,3.956093e-5,5852,2926.0,5ef5c11-dirty
0.001,0.005,2,0.005,2,0.003693024539766312,0.003693024539766312,0.03383472203906259,57.08866552871706,9.048635e-6,7739,3869.5,5ef5c11-dirty
0.01,0.01,8,0.005,2,0.08513950225773093,0.08513950225773093,0.10645700177041537,12.719469863694302,9.048635e-6,11513,5756.5,5ef5c11-dirty
0.001,0.02,8,0.01,3,-0.09706919275233032,0.0337053190171677,-0.09706919275233032,3.5522575287136133,3.956093e-5,5852,2926.0,5ef5c11-dirty
0.003,0.005,2,0.005,2,0.02054429559373179,0.02054429559373179,0.06303106527377919,22.400593517921028,9.048635e-6,7739,3869.5,5ef5c11-dirty
0.003,0.02,8,0.01,3,0.008836135982655285,0.008836135982655285,0.1120698454339489,7.8647087336595645,3.956093e-5,5852,2926.0,5ef5c11-dirty
0.001,0.005,8,0.02,1,0.00016547050114995235,0.011100028606306479,0.00016547050114995235,1.0072717490740497,0.00032680426,22817,11408.5,5ef5c11-dirty
0.01,0.005,2,0.005,2,0.0829030410426047,0.0829030410426047,0.10803801724231515,12.919126551254049,9.048635e-6,7739,3869.5,5ef5c11-dirty
0.03,0.01,8,0.005,2,0.0837722929571465,0.0837722929571465,0.22147800333608308,7.435165231608847,9.048635e-6,11513,5756.5,5ef5c11-dirty
0.01,0.02,8,0.01,3,0.020312717839872665,0.020312717839872665,0.1467280690869847,15.13161816516921,3.956093e-5,5852,2926.0,5ef5c11-dirty
0.03,0.005,2,0.005,2,0.08253059075237894,0.08253059075237894,0.22449637804942266,7.556807456173319,9.048635e-6,7739,3869.5,5ef5c11-dirty
0.03,0.02,8,0.01,3,0.12181825010671077,0.12181825010671077,0.19422985179031052,10.404501487654342,3.956093e-5,5852,2926.0,5ef5c11-dirty
0.1,0.01,8,0.005,2,0.18296533793725345,0.18296533793725345,0.3615744866897778,4.102014907876881,9.048635e-6,11513,5756.5,5ef5c11-dirty
0.1,0.005,2,0.005,2,0.18168199573447597,0.18168199573447597,0.3664261941691696,4.152828414785747,9.048635e-6,7739,3869.5,5ef5c11-dirty
0.1,0.02,8,0.01,3,0.19138568663865846,0.19138568663865846,0.2267724980362724,5.682234463303799,3.956093e-5,5852,2926.0,5ef5c11-dirty
0.3,0.02,8,0.01,3,0.24658674472365935,0.24658674472365935,0.4365631461722784,3.0676359689875436,3.956093e-5,5852,2926.0,5ef5c11-dirty
0.3,0.005,2,0.005,2,0.4105837548239398,0.4105837548239398,0.6130594359360155,2.1460690756404213,9.048635e-6,7739,3869.5,5ef5c11-dirty
0.003,0.005,8,0.02,1,0.013204246421824314,0.013204246421824314,0.19527805390804395,21.378010976678034,0.00032680426,22817,11408.5,5ef5c11-dirty
0.3,0.01,8,0.005,2,0.40954709084713997,0.40954709084713997,0.6059824728702721,2.122661255246219,9.048635e-6,11513,5756.5,5ef5c11-dirty
0.0003,0.02,8,0.02,3,-0.05685892124024098,-0.05685892124024098,0.0027567373875573447,572.7130469312393,3.956093e-5,5852,2926.0,5ef5c11-dirty
0.0003,0.005,2,0.01,2,-0.006035450598458962,0.02131891276258377,-0.006035450598458962,1.0399797395413872,9.048635e-6,7739,3869.5,5ef5c11-dirty
0.001,0.02,8,0.02,3,0.032642206527931414,0.032642206527931414,0.04718661850725992,223.4172620970376,3.956093e-5,5852,2926.0,5ef5c11-dirty
0.001,0.005,2,0.01,2,-0.021969174361456078,0.06014742133495071,-0.021969174361456078,11.836848488515056,9.048635e-6,7739,3869.5,5ef5c11-dirty
0.0003,0.01,8,0.01,2,-0.011108677359114071,-0.00013992883078387146,-0.011108677359114071,8.064654146509762,9.048635e-6,11513,5756.5,5ef5c11-dirty
0.003,0.02,8,0.02,3,0.037294548443948076,0.037294548443948076,0.049702081039095694,76.8976085025969,3.956093e-5,5852,2926.0,5ef5c11-dirty
0.003,0.005,2,0.01,2,0.028645315162498235,0.028645315162498235,0.17584485686778648,21.127416115542143,9.048635e-6,7739,3869.5,5ef5c11-dirty
0.01,0.02,8,0.02,3,0.05667076390463182,0.05704102501232949,0.05667076390463182,30.718776583856172,3.956093e-5,5852,2926.0,5ef5c11-dirty
0.01,0.005,8,0.02,1,0.04812813084060155,0.04812813084060155,0.18814589814443952,27.522527935392045,0.00032680426,22817,11408.5,5ef5c11-dirty
0.001,0.01,8,0.01,2,-0.028992837196394255,0.06668138615021443,-0.028992837196394255,9.678382207498931,9.048635e-6,11513,5756.5,5ef5c11-dirty
0.01,0.005,2,0.01,2,0.02378681851663134,0.02378681851663134,0.1268003267499853,14.979521257341942,9.048635e-6,7739,3869.5,5ef5c11-dirty
0.03,0.02,8,0.02,3,0.06011949422373214,0.11796134293708822,0.06011949422373214,15.100240461928932,3.956093e-5,5852,2926.0,5ef5c11-dirty
0.03,0.005,2,0.01,2,0.04781663749238517,0.04781663749238517,0.16363174666294766,9.999516595847846,9.048635e-6,7739,3869.5,5ef5c11-dirty
0.1,0.02,8,0.02,3,0.040019594352376515,0.14269798709660478,0.040019594352376515,7.278364580644036,3.956093e-5,5852,2926.0,5ef5c11-dirty
0.003,0.01,8,0.01,2,0.03276318357517706,0.03276318357517706,0.1676192492467572,20.313092441512676,9.048635e-6,11513,5756.5,5ef5c11-dirty
0.1,0.005,2,0.01,2,0.12956183083746656,0.12956183083746656,0.22762432190032464,5.579169441450471,9.048635e-6,7739,3869.5,5ef5c11-dirty
0.3,0.02,8,0.02,3,0.2417400905556077,0.2417400905556077,0.2710768284466408,4.107180210209318,3.956093e-5,5852,2926.0,5ef5c11-dirty
0.0003,0.02,8,0.0,4,0.09464729695653704,0.09464729695653704,0.31351690602560006,11.205965111343327,1.708457e-5,5852,2926.0,5ef5c11-dirty
0.3,0.005,2,0.01,2,0.27572276988333666,0.27572276988333666,0.46396368245587166,3.167659123982815,9.048635e-6,7739,3869.5,5ef5c11-dirty
0.03,0.005,8,0.02,1,0.0719623890953809,0.0719623890953809,0.2752575682566742,16.366240995909145,0.00032680426,22817,11408.5,5ef5c11-dirty
0.001,0.02,8,0.0,4,0.2762015844441115,0.2762015844441115,0.6993721170593538,3.357194166576794,1.708457e-5,5852,2926.0,5ef5c11-dirty
0.01,0.01,8,0.01,2,0.025484707187482383,0.025484707187482383,0.11944479164881316,14.6698702587928,9.048635e-6,11513,5756.5,5ef5c11-dirty
0.003,0.02,8,0.0,4,0.6406046278434929,0.6406046278434929,0.9172589240814453,1.1227247520286285,1.708457e-5,5852,2926.0,5ef5c11-dirty
0.0003,0.005,2,0.02,2,0.014668093850880477,0.016902013991621737,0.014668093850880477,1.0903380331955534,9.048635e-6,7739,3869.5,5ef5c11-dirty
0.01,0.02,8,0.0,4,0.9337762768282721,0.9337762768282721,0.9583086540040712,0.36239599068600653,1.708457e-5,5852,2926.0,5ef5c11-dirty
0.03,0.02,8,0.0,4,0.9617541381915206,0.9833597022113789,0.9617541381915206,0.18787737121899398,1.708457e-5,5852,2926.0,5ef5c11-dirty
0.001,0.005,2,0.02,2,0.007873765197346361,0.016771837156429444,0.007873765197346361,1.0068334364661877,9.048635e-6,7739,3869.5,5ef5c11-dirty
0.03,0.01,8,0.01,2,0.04758787090726718,0.04758787090726718,0.15636816973351486,9.860773757754542,9.048635e-6,11513,5756.5,5ef5c11-dirty
0.1,0.02,8,0.0,4,0.961832819111077,0.9889741681557501,0.961832819111077,0.15959670499312395,1.708457e-5,5852,2926.0,5ef5c11-dirty
0.3,0.02,8,0.0,4,0.9603830834090635,0.9892413223574565,0.9603830834090635,0.15782221744960268,1.708457e-5,5852,2926.0,5ef5c11-dirty
0.003,0.005,2,0.02,2,0.008869246881837104,0.014821613218055009,0.008869246881837104,1.0003479955109067,9.048635e-6,7739,3869.5,5ef5c11-dirty
0.1,0.005,8,0.02,1,0.1288288773753339,0.1288288773753339,0.40832469111011055,8.178809392431823,0.00032680426,22817,11408.5,5ef5c11-dirty
0.1,0.01,8,0.01,2,0.12847105336612163,0.12847105336612163,0.21980180273496855,5.505613141430158,9.048635e-6,11513,5756.5,5ef5c11-dirty
0.01,0.005,2,0.02,2,-0.002939967740324357,-0.0025586663478403228,-0.002939967740324357,7.4911372058770604,9.048635e-6,7739,3869.5,5ef5c11-dirty
0.03,0.005,2,0.02,2,0.12539789430571777,0.12803144838813899,0.12539789430571777,11.952204918952704,9.048635e-6,7739,3869.5,5ef5c11-dirty
0.3,0.01,8,0.01,2,0.2734445956125695,0.2734445956125695,0.4584855388697895,3.124779729923374,9.048635e-6,11513,5756.5,5ef5c11-dirty
0.1,0.005,2,0.02,2,0.1830764854941028,0.1830764854941028,0.2494262697344792,6.891485632727843,9.048635e-6,7739,3869.5,5ef5c11-dirty
0.3,0.005,8,0.02,1,0.24895659703123738,0.24895659703123738,0.4560501766557867,4.527035371398499,0.00032680426,22817,11408.5,5ef5c11-dirty
0.3,0.005,2,0.02,2,0.2726769839107191,0.2726769839107191,0.3643487218632697,4.248113252733433,9.048635e-6,7739,3869.5,5ef5c11-dirty
0.0003,0.01,8,0.02,2,-0.012224275235228723,-0.0002313978430829581,-0.012224275235228723,8.161885232937948,9.048635e-6,11513,5756.5,5ef5c11-dirty
0.0003,0.005,2,0.0,3,0.8977895969824333,0.9301777807600968,0.8977895969824333,0.3911564354176173,3.956093e-5,7739,3869.5,5ef5c11-dirty
0.001,0.005,2,0.0,3,0.9894783923134556,0.9929021101664164,0.9894783923134556,0.11945379822775143,3.956093e-5,7739,3869.5,5ef5c11-dirty
0.001,0.01,8,0.02,2,-0.00022954546068914533,-0.00022954546068914533,0.006413568464758189,2.6278464500153373,9.048635e-6,11513,5756.5,5ef5c11-dirty
0.003,0.005,2,0.0,3,0.9985599383787507,0.998872900701589,0.9985599383787507,0.049172269352416365,3.956093e-5,7739,3869.5,5ef5c11-dirty
0.0003,0.005,8,0.0,2,0.9140042282049666,0.9140042282049666,0.9508161464303148,0.4361829529017853,9.048635e-6,22817,11408.5,5ef5c11-dirty
0.01,0.005,2,0.0,3,0.9995957303661266,0.9996225477135867,0.9995957303661266,0.030677892478187196,3.956093e-5,7739,3869.5,5ef5c11-dirty
0.03,0.005,2,0.0,3,0.9996752957537378,0.9996752957537378,0.9996848233524821,0.028882334750906246,3.956093e-5,7739,3869.5,5ef5c11-dirty
0.003,0.01,8,0.02,2,-0.00026031750339440183,-0.00026031750339440183,0.0073188254565970745,1.287092986585367,9.048635e-6,11513,5756.5,5ef5c11-dirty
0.1,0.005,2,0.0,3,0.9996847591389264,0.9996847591389264,0.999689868394964,0.028416780127335863,3.956093e-5,7739,3869.5,5ef5c11-dirty
0.001,0.005,8,0.0,2,0.990642675780509,0.990642675780509,0.9945405580011525,0.13696950903019892,9.048635e-6,22817,11408.5,5ef5c11-dirty
0.3,0.005,2,0.0,3,0.999621848216861,0.9996562599808352,0.999621848216861,0.029020877728840513,3.956093e-5,7739,3869.5,5ef5c11-dirty
0.01,0.01,8,0.02,2,-0.004227225212700967,-0.001621162611665891,-0.004227225212700967,7.289384842812431,9.048635e-6,11513,5756.5,5ef5c11-dirty
0.0003,0.005,2,0.005,3,-0.006399369481975247,-0.0026034331841521966,-0.006399369481975247,1.0781139194042135,3.956093e-5,7739,3869.5,5ef5c11-dirty
0.003,0.005,8,0.0,2,0.9984247115482238,0.9984247115482238,0.998571589550709,0.058240444026103656,9.048635e-6,22817,11408.5,5ef5c11-dirty
0.001,0.005,2,0.005,3,-0.012794269579175545,-0.002123353792230193,-0.012794269579175545,1.0073912484020144,3.956093e-5,7739,3869.5,5ef5c11-dirty
0.03,0.01,8,0.02,2,0.12431519393159798,0.1269243707906082,0.12431519393159798,11.623692224665687,9.048635e-6,11513,5756.5,5ef5c11-dirty
0.003,0.005,2,0.005,3,0.052848817471519614,0.10657487787037667,0.052848817471519614,27.454475677901467,3.956093e-5,7739,3869.5,5ef5c11-dirty
0.01,0.005,8,0.0,2,0.999052387366405,0.9992632315138534,0.999052387366405,0.0417622007934574,9.048635e-6,22817,11408.5,5ef5c11-dirty
0.01,0.005,2,0.005,3,0.0809817739794548,0.12103070703406192,0.0809817739794548,15.469260091601972,3.956093e-5,7739,3869.5,5ef5c11-dirty
0.1,0.01,8,0.02,2,0.1831438780630274,0.1831438780630274,0.24853266963132625,6.719058554271553,9.048635e-6,11513,5756.5,5ef5c11-dirty
0.03,0.005,2,0.005,3,0.16405501264296754,0.16405501264296754,0.1730245242990786,7.597891550968526,3.956093e-5,7739,3869.5,5ef5c11-dirty
0.3,0.01,8,0.02,2,0.2742088143585225,0.2742088143585225,0.35901811027761554,4.166242956315102,9.048635e-6,11513,5756.5,5ef5c11-dirty
0.03,0.005,8,0.0,2,0.9991049826862739,0.9993433587821333,0.9991049826862739,0.039969644554598775,9.048635e-6,22817,11408.5,5ef5c11-dirty
0.1,0.005,2,0.005,3,0.28320387425908394,0.28320387425908394,0.5457925271506553,3.9568013470300816,3.956093e-5,7739,3869.5,5ef5c11-dirty
0.0003,0.01,8,0.0,3,0.15041739542159194,0.15041739542159194,0.3020629996944087,8.235941057523393,3.956093e-5,11513,5756.5,5ef5c11-dirty
0.3,0.005,2,0.005,3,0.4372605108887354,0.4372605108887354,0.7229729458187236,2.1144396745659932,3.956093e-5,7739,3869.5,5ef5c11-dirty
0.001,0.01,8,0.0,3,0.39516247018579076,0.39516247018579076,0.792481709525988,2.4696299655466274,3.956093e-5,11513,5756.5,5ef5c11-dirty
0.0003,0.005,2,0.01,3,-0.005772864873797262,0.008911429941468077,-0.005772864873797262,1.04689731218555,3.956093e-5,7739,3869.5,5ef5c11-dirty
0.1,0.005,8,0.0,2,0.9991135728426317,0.9993480795307599,0.9991135728426317,0.03973087904056966,9.048635e-6,22817,11408.5,5ef5c11-dirty
0.001,0.005,2,0.01,3,-0.00452341860846611,0.009905994314306771,-0.00452341860846611,1.0036266172771708,3.956093e-5,7739,3869.5,5ef5c11-dirty
0.003,0.01,8,0.0,3,0.7746863540425803,0.7746863540425803,0.9714393911143289,0.8226355165349769,3.956093e-5,11513,5756.5,5ef5c11-dirty
0.003,0.005,2,0.01,3,0.007502385607822928,0.007502385607822928,0.11848532240076382,8.283482993405451,3.956093e-5,7739,3869.5,5ef5c11-dirty
0.01,0.01,8,0.0,3,0.9695359148268774,0.9695359148268774,0.9966342093968056,0.2502307219291463,3.956093e-5,11513,5756.5,5ef5c11-dirty
0.3,0.005,8,0.0,2,0.9990827061807585,0.9992789940667138,0.9990827061807585,0.0409283171219359,9.048635e-6,22817,11408.5,5ef5c11-dirty
0.01,0.005,2,0.01,3,0.017508050498149862,0.017508050498149862,0.14759746679121316,15.616821172112608,3.956093e-5,7739,3869.5,5ef5c11-dirty
0.03,0.01,8,0.0,3,0.9955071970293363,0.9955071970293363,0.998696846371352,0.09566958199590143,3.956093e-5,11513,5756.5,5ef5c11-dirty
0.03,0.005,2,0.01,3,0.12557107363802658,0.12557107363802658,0.1953238915629027,10.799956519220354,3.956093e-5,7739,3869.5,5ef5c11-dirty
0.1,0.01,8,0.0,3,0.9985676047047506,0.9985676047047506,0.9988609893889462,0.056903276015636994,3.956093e-5,11513,5756.5,5ef5c11-dirty
0.1,0.005,2,0.01,3,0.19070218116987395,0.19070218116987395,0.23363935898874913,5.9274812321378585,3.956093e-5,7739,3869.5,5ef5c11-dirty
0.3,0.01,8,0.0,3,0.998734093835867,0.9988026483526374,0.998734093835867,0.052491929624299535,3.956093e-5,11513,5756.5,5ef5c11-dirty
0.0003,0.005,8,0.005,2,-0.06756460404636479,-0.01746909896321251,-0.06756460404636479,127.58862894202116,9.048635e-6,22817,11408.5,5ef5c11-dirty
0.3,0.005,2,0.01,3,0.2489958452281386,0.2489958452281386,0.44837149647433155,3.1745117181097156,3.956093e-5,7739,3869.5,5ef5c11-dirty
0.0003,0.005,2,0.02,3,-0.05895859231903399,-0.05895859231903399,0.0045254103493227605,572.6879386346984,3.956093e-5,7739,3869.5,5ef5c11-dirty
0.0003,0.01,8,0.005,3,-0.09871273773666889,0.03359120050265939,-0.09871273773666889,8.299599304573276,3.956093e-5,11513,5756.5,5ef5c11-dirty
0.001,0.005,2,0.02,3,0.03384751951987546,0.03384751951987546,0.047737016579101794,224.88677217903287,3.956093e-5,7739,3869.5,5ef5c11-dirty
0.001,0.01,8,0.005,3,-0.022112766163120037,0.03353459975486421,-0.022112766163120037,2.644262365909628,3.956093e-5,11513,5756.5,5ef5c11-dirty
0.001,0.005,8,0.005,2,0.0036408093169932407,0.0036408093169932407,0.03388136028183396,57.141396939186336,9.048635e-6,22817,11408.5,5ef5c11-dirty
0.003,0.005,2,0.02,3,0.0387903903617233,0.0387903903617233,0.050012286640063845,77.46399176432736,3.956093e-5,7739,3869.5,5ef5c11-dirty
0.01,0.005,2,0.02,3,0.05661861233363263,0.05661861233363263,0.06235195639897577,32.23902464456988,3.956093e-5,7739,3869.5,5ef5c11-dirty
0.003,0.01,8,0.005,3,0.05037713879338909,0.10812564902978583,0.05037713879338909,27.158471761759408,3.956093e-5,11513,5756.5,5ef5c11-dirty
0.03,0.005,2,0.02,3,0.11273409015487257,0.12030278850105586,0.11273409015487257,16.09223286349736,3.956093e-5,7739,3869.5,5ef5c11-dirty
0.1,0.005,2,0.02,3,0.057637605047909955,0.1441980275523387,0.057637605047909955,7.6665853865016835,3.956093e-5,7739,3869.5,5ef5c11-dirty
0.01,0.01,8,0.005,3,0.07828540365440131,0.12223761516606683,0.07828540365440131,15.272162263986745,3.956093e-5,11513,5756.5,5ef5c11-dirty
0.003,0.005,8,0.005,2,0.020477817897499858,0.020477817897499858,0.06302809533126763,22.408224463364277,9.048635e-6,22817,11408.5,5ef5c11-dirty
0.3,0.005,2,0.02,3,0.24181295000740952,0.24181295000740952,0.2943452755874772,4.277497601319093,3.956093e-5,7739,3869.5,5ef5c11-dirty
0.0003,0.005,2,0.0,4,0.885361515273307,0.9330901693053567,0.885361515273307,0.3743828626408511,1.708457e-5,7739,3869.5,5ef5c11-dirty
0.03,0.01,8,0.005,3,0.16449261408249594,0.16449261408249594,0.1691319771594596,7.5026396345690705,3.956093e-5,11513,5756.5,5ef5c11-dirty
0.001,0.005,2,0.0,4,0.9855853799639879,0.9925304594079912,0.9855853799639879,0.12273586834820498,1.708457e-5,7739,3869.5,5ef5c11-dirty
0.003,0.005,2,0.0,4,0.9958734408625357,0.9986005812887649,0.9958734408625357,0.056385155090271234,1.708457e-5,7739,3869.5,5ef5c11-dirty
0.1,0.01,8,0.005,3,0.2832603834242612,0.2832603834242612,0.542810683159967,3.9020622447128495,3.956093e-5,11513,5756.5,5ef5c11-dirty
0.01,0.005,2,0.0,4,0.9971326163295827,0.9993409661279512,0.9971326163295827,0.041306550292561105,1.708457e-5,7739,3869.5,5ef5c11-dirty
0.01,0.005,8,0.005,2,0.0828827986153282,0.0828827986153282,0.10801798283752019,12.921842734031328,9.048635e-6,22817,11408.5,5ef5c11-dirty
0.03,0.005,2,0.0,4,0.9972375443390357,0.9994028624576825,0.9972375443390357,0.0397025719368189,1.708457e-5,7739,3869.5,5ef5c11-dirty
0.1,0.005,2,0.0,4,0.9972459117481878,0.9994262445612987,0.9972459117481878,0.03901441260146392,1.708457e-5,7739,3869.5,5ef5c11-dirty
0.3,0.01,8,0.005,3,0.4381782555931745,0.4381782555931745,0.7194166460250302,2.083503647577341,3.956093e-5,11513,5756.5,5ef5c11-dirty
0.3,0.005,2,0.0,4,0.9971208865451844,0.9994561653477293,0.9971208865451844,0.037276729920774465,1.708457e-5,7739,3869.5,5ef5c11-dirty
0.0003,0.005,2,0.005,4,0.018450571096943036,0.06783399746393927,0.018450571096943036,112.14202681081454,1.708457e-5,7739,3869.5,5ef5c11-dirty
0.0003,0.01,8,0.01,3,-0.09710568752165104,0.03406105387869661,-0.09710568752165104,8.245520879643648,3.956093e-5,11513,5756.5,5ef5c11-dirty
0.03,0.005,8,0.005,2,0.08253331373879863,0.08253331373879863,0.22448341935381108,7.557148211408309,9.048635e-6,22817,11408.5,5ef5c11-dirty
0.001,0.005,2,0.005,4,0.017624334459790728,0.0682091427583896,0.017624334459790728,35.09823579256794,1.708457e-5,7739,3869.5,5ef5c11-dirty
0.003,0.005,2,0.005,4,0.014227253090279885,0.030814302136747854,0.014227253090279885,20.929184813059727,1.708457e-5,7739,3869.5,5ef5c11-dirty
0.001,0.01,8,0.01,3,-0.09697404502220192,0.034041814563161965,-0.09697404502220192,2.628728620126859,3.956093e-5,11513,5756.5,5ef5c11-dirty
0.01,0.005,2,0.005,4,0.04848372161219578,0.09361693307759472,0.04848372161219578,11.718260102348701,1.708457e-5,7739,3869.5,5ef5c11-dirty
0.003,0.01,8,0.01,3,0.009781235925468415,0.009781235925468415,0.11565423941459387,8.138760781011955,3.956093e-5,11513,5756.5,5ef5c11-dirty
0.1,0.005,8,0.005,2,0.18166712741503127,0.18166712741503127,0.3664169439837191,4.152920535776038,9.048635e-6,22817,11408.5,5ef5c11-dirty
0.03,0.005,2,0.005,4,0.11003910841627727,0.11003910841627727,0.1410032301946131,7.057047943949211,1.708457e-5,7739,3869.5,5ef5c11-dirty
0.1,0.005,2,0.005,4,0.2212506367286791,0.2212506367286791,0.3322546793843745,3.8025604341059482,1.708457e-5,7739,3869.5,5ef5c11-dirty
0.01,0.01,8,0.01,3,0.01877213487367044,0.01877213487367044,0.14691973610841508,15.487668327130857,3.956093e-5,11513,5756.5,5ef5c11-dirty
0.3,0.005,2,0.005,4,0.4246383044684673,0.4246383044684673,0.6683675557035084,2.017372373578379,1.708457e-5,7739,3869.5,5ef5c11-dirty
0.0003,0.005,2,0.01,4,0.016641079685649186,0.01907432558459328,0.016641079685649186,60.08578781342342,1.708457e-5,7739,3869.5,5ef5c11-dirty
0.03,0.01,8,0.01,3,0.12488748943824877,0.12488748943824877,0.1951290925280058,10.677765067021912,3.956093e-5,11513,5756.5,5ef5c11-dirty
0.3,0.005,8,0.005,2,0.41055107276067976,0.41055107276067976,0.613060870047677,2.1461146739901307,9.048635e-6,22817,11408.5,5ef5c11-dirty
0.001,0.005,2,0.01,4,0.01914620748281962,0.01914620748281962,0.22079633998714585,50.31583809976351,1.708457e-5,7739,3869.5,5ef5c11-dirty
0.1,0.01,8,0.01,3,0.1912340610044725,0.1912340610044725,0.23210062392270614,5.848233810133665,3.956093e-5,11513,5756.5,5ef5c11-dirty
0.003,0.005,2,0.01,4,-0.020387716495962986,-0.020387716495962986,0.21264695059554586,27.42426217878281,1.708457e-5,7739,3869.5,5ef5c11-dirty
0.01,0.005,2,0.01,4,0.05363038111682718,0.05363038111682718,0.2794027453969211,16.904497941161107,1.708457e-5,7739,3869.5,5ef5c11-dirty
0.3,0.01,8,0.01,3,0.248503874026442,0.248503874026442,0.445469044207535,3.1393686649224843,3.956093e-5,11513,5756.5,5ef5c11-dirty
0.0003,0.005,8,0.01,2,-0.005459575829607261,0.008240953268840959,-0.005459575829607261,1.1073164092564993,9.048635e-6,22817,11408.5,5ef5c11-dirty
0.03,0.005,2,0.01,4,0.11297244254681428,0.11297244254681428,0.24386587734335663,11.442236861631898,1.708457e-5,7739,3869.5,5ef5c11-dirty
0.1,0.005,2,0.01,4,0.16432897164002064,0.16432897164002064,0.3275986642485537,6.095447108586288,1.708457e-5,7739,3869.5,5ef5c11-dirty
0.0003,0.01,8,0.02,3,-0.05791170450873068,-0.05791170450873068,0.0033025934464751337,572.3257085194554,3.956093e-5,11513,5756.5,5ef5c11-dirty
0.3,0.005,2,0.01,4,0.3446923818638989,0.3446923818638989,0.5425137087332338,3.10478328423499,1.708457e-5,7739,3869.5,5ef5c11-dirty
0.0003,0.005,2,0.02,4,-0.0181011481678756,-0.0181011481678756,-0.012959762687925322,1.1000401947627023,1.708457e-5,7739,3869.5,5ef5c11-dirty
0.001,0.01,8,0.02,3,0.03371918592893698,0.03371918592893698,0.04716511377911808,224.45950176143114,3.956093e-5,11513,5756.5,5ef5c11-dirty
0.001,0.005,8,0.01,2,-0.021783676971528,0.06003005275486307,-0.021783676971528,11.826827943069471,9.048635e-6,22817,11408.5,5ef5c11-dirty
0.001,0.005,2,0.02,4,-0.01838202418641701,-0.01838202418641701,-0.0004526682089578373,1.011207926172507,1.708457e-5,7739,3869.5,5ef5c11-dirty
0.003,0.01,8,0.02,3,0.03861808902020338,0.03861808902020338,0.04944945791944463,77.2964685146257,3.956093e-5,11513,5756.5,5ef5c11-dirty
0.003,0.005,2,0.02,4,-5.2128009346846755e-5,0.06418870571739949,-5.2128009346846755e-5,6.347582474637349,1.708457e-5,7739,3869.5,5ef5c11-dirty
0.01,0.005,2,0.02,4,-0.05175331779106007,0.04031196167083948,-0.05175331779106007,13.050394837770812,1.708457e-5,7739,3869.5,5ef5c11-dirty
0.003,0.005,8,0.01,2,0.028655116467923424,0.028655116467923424,0.1757683869042998,21.127416115542143,9.048635e-6,22817,11408.5,5ef5c11-dirty
0.01,0.01,8,0.02,3,0.057061864174763485,0.057061864174763485,0.0601732355398641,31.753162238144853,3.956093e-5,11513,5756.5,5ef5c11-dirty
0.03,0.005,2,0.02,4,0.10424453096886231,0.10424453096886231,0.10498430389059996,10.785699908546814,1.708457e-5,7739,3869.5,5ef5c11-dirty
0.1,0.005,2,0.02,4,0.15752535298919892,0.15752535298919892,0.16759962132100498,7.4523268804675595,1.708457e-5,7739,3869.5,5ef5c11-dirty
0.03,0.01,8,0.02,3,0.09491697139990427,0.11991054458549376,0.09491697139990427,15.753177573059396,3.956093e-5,11513,5756.5,5ef5c11-dirty
0.3,0.005,2,0.02,4,0.219371135966078,0.23315341991905106,0.219371135966078,4.377239048177937,1.708457e-5,7739,3869.5,5ef5c11-dirty
0.0003,0.005,2,0.0,5,0.9361008966057007,0.9361008966057007,0.9425631639847131,0.3642823016743554,0.00036867431,7739,3869.5,5ef5c11-dirty
0.01,0.005,8,0.01,2,0.02378795899324306,0.02378795899324306,0.12681576449445775,14.976897503651909,9.048635e-6,22817,11408.5,5ef5c11-dirty
0.1,0.01,8,0.02,3,0.05192745366749636,0.1440505802516466,0.05192745366749636,7.537796105769009,3.956093e-5,11513,5756.5,5ef5c11-dirty
0.001,0.005,2,0.0,5,0.9932395585955267,0.9932395585955267,0.9940704499796352,0.11716355920651503,0.00036867431,7739,3869.5,5ef5c11-dirty
0.003,0.005,2,0.0,5,0.9988493988052015,0.9988739357727267,0.9988493988052015,0.05113538356728433,0.00036867431,7739,3869.5,5ef5c11-dirty
0.01,0.005,2,0.0,5,0.9993899439913183,0.999555646490711,0.9993899439913183,0.035356100976345686,0.00036867431,7739,3869.5,5ef5c11-dirty
0.3,0.01,8,0.02,3,0.24255840816412957,0.24255840816412957,0.2876580557921814,4.222767444343665,3.956093e-5,11513,5756.5,5ef5c11-dirty
0.03,0.005,2,0.0,5,0.9994363659433202,0.9996336732498821,0.9994363659433202,0.032972273812891015,0.00036867431,7739,3869.5,5ef5c11-dirty
0.0003,0.01,8,0.0,4,0.1316841684218964,0.1316841684218964,0.40339002984009364,8.001827591374711,1.708457e-5,11513,5756.5,5ef5c11-dirty
0.1,0.005,2,0.0,5,0.9994417395609553,0.9996478581485341,0.9994417395609553,0.032567373751249296,0.00036867431,7739,3869.5,5ef5c11-dirty
0.03,0.005,8,0.01,2,0.0478181270460671,0.0478181270460671,0.16368102737326776,10.000274514363284,9.048635e-6,22817,11408.5,5ef5c11-dirty
0.3,0.005,2,0.0,5,0.9994456199392246,0.9996159205909718,0.9994456199392246,0.033366227502526616,0.00036867431,7739,3869.5,5ef5c11-dirty
0.001,0.01,8,0.0,4,0.3833155256334098,0.3833155256334098,0.8064086625957243,2.3985488556904997,1.708457e-5,11513,5756.5,5ef5c11-dirty
0.0003,0.005,2,0.005,5,-0.06777214555348052,-0.06777214555348052,-0.020131253616990412,1.086668877022003,0.00036867431,7739,3869.5,5ef5c11-dirty
0.003,0.01,8,0.0,4,0.7736120232745094,0.7736120232745094,0.9626140575282938,0.7992618918550483,1.708457e-5,11513,5756.5,5ef5c11-dirty
0.001,0.005,2,0.005,5,-0.0011628532425534905,0.00017584279663037926,-0.0011628532425534905,9.342267593503589,0.00036867431,7739,3869.5,5ef5c11-dirty
0.01,0.01,8,0.0,4,0.9694816913713955,0.9694816913713955,0.9872023306254554,0.24709050970297272,1.708457e-5,11513,5756.5,5ef5c11-dirty
0.1,0.005,8,0.01,2,0.12957786546175043,0.12957786546175043,0.22764929069306508,5.579176835777451,9.048635e-6,22817,11408.5,5ef5c11-dirty
0.003,0.005,2,0.005,5,-0.18585322967552836,0.0349809461814463,-0.18585322967552836,19.399905956891708,0.00036867431,7739,3869.5,5ef5c11-dirty
0.03,0.01,8,0.0,4,0.9892838811103779,0.9945702820545008,0.9892838811103779,0.10740801697275221,1.708457e-5,11513,5756.5,5ef5c11-dirty
0.01,0.005,2,0.005,5,0.14540533841576925,0.14540533841576925,0.24260449629877043,11.953362366092556,0.00036867431,7739,3869.5,5ef5c11-dirty
0.1,0.01,8,0.0,4,0.9894205944183313,0.9973890050267612,0.9894205944183313,0.07908309594268179,1.708457e-5,11513,5756.5,5ef5c11-dirty
0.03,0.005,2,0.005,5,0.24178139084915043,0.24178139084915043,0.3351247409468024,7.363003965050664,0.00036867431,7739,3869.5,5ef5c11-dirty
0.3,0.01,8,0.0,4,0.9889532883120933,0.9976320073452941,0.9889532883120933,0.075356393715035,1.708457e-5,11513,5756.5,5ef5c11-dirty
0.1,0.005,2,0.005,5,0.3307525248178779,0.3307525248178779,0.5257495914416122,3.6248211827804915,0.00036867431,7739,3869.5,5ef5c11-dirty
0.3,0.005,8,0.01,2,0.27572115442668726,0.27572115442668726,0.4640257890792839,3.1675574519868417,9.048635e-6,22817,11408.5,5ef5c11-dirty
0.3,0.005,2,0.005,5,0.4650484765470256,0.4650484765470256,0.6981412578223135,1.937930853734798,0.00036867431,7739,3869.5,5ef5c11-dirty
0.0003,0.01,8,0.005,4,0.020219646442853043,0.06854710719483444,0.020219646442853043,110.95051314115337,1.708457e-5,11513,5756.5,5ef5c11-dirty
0.0003,0.005,2,0.01,5,-0.02756068902149273,-0.02756068902149273,-0.014335936728573173,1.0507007819690504,0.00036867431,7739,3869.5,5ef5c11-dirty
0.001,0.01,8,0.005,4,0.018874015886775116,0.06879258967593754,0.018874015886775116,34.675086852595,1.708457e-5,11513,5756.5,5ef5c11-dirty
0.001,0.005,2,0.01,5,-0.029853022222257573,-0.029853022222257573,-0.01263086318893807,1.00660196226983,0.00036867431,7739,3869.5,5ef5c11-dirty
0.0003,0.005,8,0.02,2,-0.0018386895543058333,0.008699662390577921,-0.0018386895543058333,1.0805086619120947,9.048635e-6,22817,11408.5,5ef5c11-dirty
0.003,0.005,2,0.01,5,0.006601544303783922,0.008660314837083247,0.006601544303783922,23.01694873166574,0.00036867431,7739,3869.5,5ef5c11-dirty
0.003,0.01,8,0.005,4,0.01768872270136014,0.03416140397081951,0.01768872270136014,20.58905811536366,1.708457e-5,11513,5756.5,5ef5c11-dirty
0.01,0.005,2,0.01,5,0.013161931998647996,0.07220095030670068,0.013161931998647996,13.250885383371786,0.00036867431,7739,3869.5,5ef5c11-dirty
0.03,0.005,2,0.01,5,0.09806702677780957,0.09806702677780957,0.2844938747369887,8.515940240746625,0.00036867431,7739,3869.5,5ef5c11-dirty
0.01,0.01,8,0.005,4,0.05401396475206069,0.09611163825502929,0.05401396475206069,11.503329231682569,1.708457e-5,11513,5756.5,5ef5c11-dirty
0.1,0.005,2,0.01,5,0.15554127358506767,0.15554127358506767,0.4757133200106052,4.55382259197219,0.00036867431,7739,3869.5,5ef5c11-dirty
0.001,0.005,8,0.02,2,0.007828520659849311,0.010084935584325876,0.007828520659849311,1.006581721251914,9.048635e-6,22817,11408.5,5ef5c11-dirty
0.3,0.005,2,0.01,5,0.28644195406768114,0.28644195406768114,0.7186308157864294,2.6622892189228424,0.00036867431,7739,3869.5,5ef5c11-dirty
0.03,0.01,8,0.005,4,0.1099969639524774,0.1099969639524774,0.14134622523453397,6.959610077082301,1.708457e-5,11513,5756.5,5ef5c11-dirty
0.0003,0.005,2,0.02,5,-0.04363661254675281,-0.04363661254675281,-0.01516778576588718,1.1100841037071763,0.00036867431,7739,3869.5,5ef5c11-dirty
0.1,0.01,8,0.005,4,0.21919438321634827,0.21919438321634827,0.3300070120675562,3.758484256300705,1.708457e-5,11513,5756.5,5ef5c11-dirty
0.001,0.005,2,0.02,5,0.020566299109796442,0.020566299109796442,0.025658477826250147,45.75127984289748,0.00036867431,7739,3869.5,5ef5c11-dirty
0.003,0.005,8,0.02,2,0.008883531776876397,0.009865087016974371,0.008883531776876397,1.000454365985482,9.048635e-6,22817,11408.5,5ef5c11-dirty
0.003,0.005,2,0.02,5,0.011870742160075684,0.011870742160075684,0.023014561021983803,57.09511540152839,0.00036867431,7739,3869.5,5ef5c11-dirty
0.3,0.01,8,0.005,4,0.42001636534864467,0.42001636534864467,0.6662928339984664,1.9950433088598125,1.708457e-5,11513,5756.5,5ef5c11-dirty
0.0003,0.01,8,0.01,4,0.021126230530157074,0.021126230530157074,0.024487401814140348,56.732521896894184,1.708457e-5,11513,5756.5,5ef5c11-dirty
0.01,0.005,8,0.02,2,-0.0028892085673527636,-0.0025732019561890526,-0.0028892085673527636,7.493658671377204,9.048635e-6,22817,11408.5,5ef5c11-dirty
0.001,0.01,8,0.01,4,0.019996031515436503,0.019996031515436503,0.22112624779538553,48.590199977252276,1.708457e-5,11513,5756.5,5ef5c11-dirty
0.003,0.01,8,0.01,4,-0.018803617777612042,-0.018803617777612042,0.21153946114026967,26.674992564818265,1.708457e-5,11513,5756.5,5ef5c11-dirty
0.03,0.005,8,0.02,2,0.1253470873840767,0.12804096519449837,0.1253470873840767,11.951337317920396,9.048635e-6,22817,11408.5,5ef5c11-dirty
0.01,0.01,8,0.01,4,0.05475909815300339,0.05475909815300339,0.27856324825815915,16.698784008807927,1.708457e-5,11513,5756.5,5ef5c11-dirty
0.03,0.01,8,0.01,4,0.11354988017691107,0.11354988017691107,0.24574071674653822,11.317663089160611,1.708457e-5,11513,5756.5,5ef5c11-dirty
0.1,0.005,8,0.02,2,0.18306923634563912,0.18306923634563912,0.24937434240264836,6.891541090180192,9.048635e-6,22817,11408.5,5ef5c11-dirty
0.1,0.01,8,0.01,4,0.16319211379701268,0.16319211379701268,0.325071550703083,6.028793595271598,1.708457e-5,11513,5756.5,5ef5c11-dirty
0.3,0.01,8,0.01,4,0.34430802356126405,0.34430802356126405,0.5365953354235488,3.069768531103034,1.708457e-5,11513,5756.5,5ef5c11-dirty
0.3,0.005,8,0.02,2,0.27267473764566535,0.27267473764566535,0.36433489709758266,4.248003878313522,9.048635e-6,22817,11408.5,5ef5c11-dirty
0.0003,0.01,8,0.02,4,0.014856786078413472,0.014856786078413472,0.043079360713730704,8.104385775440452,1.708457e-5,11513,5756.5,5ef5c11-dirty
0.0003,0.005,8,0.0,3,0.9090402361293476,0.9090402361293476,0.9549548521934793,0.4597232391102304,3.956093e-5,22817,11408.5,5ef5c11-dirty
0.001,0.01,8,0.02,4,3.995636044276193e-5,0.014869900632092701,3.995636044276193e-5,2.6021074853270503,1.708457e-5,11513,5756.5,5ef5c11-dirty
0.003,0.01,8,0.02,4,0.0004762506088806346,0.06767966171750248,0.0004762506088806346,5.595730966899338,1.708457e-5,11513,5756.5,5ef5c11-dirty
0.001,0.005,8,0.0,3,0.990299981953411,0.990299981953411,0.9958314218456261,0.14018092393043435,3.956093e-5,22817,11408.5,5ef5c11-dirty
0.01,0.01,8,0.02,4,-0.05138065584331503,0.040734007143115876,-0.05138065584331503,12.761718664466297,1.708457e-5,11513,5756.5,5ef5c11-dirty
0.003,0.005,8,0.0,3,0.9986770625419519,0.9986770625419519,0.9993116823994613,0.05274983700694534,3.956093e-5,22817,11408.5,5ef5c11-dirty
0.03,0.01,8,0.02,4,0.10263901382325169,0.10263901382325169,0.10352838746362536,10.653445966406492,1.708457e-5,11513,5756.5,5ef5c11-dirty
0.01,0.005,8,0.0,3,0.9996126466583294,0.9996126466583294,0.9996696719210392,0.030977027303895593,3.956093e-5,22817,11408.5,5ef5c11-dirty
0.1,0.01,8,0.02,4,0.15629883796358165,0.15629883796358165,0.16270371390001565,7.360961392648599,1.708457e-5,11513,5756.5,5ef5c11-dirty
0.03,0.005,8,0.0,3,0.9996761147687898,0.9996761147687898,0.9996937874726166,0.02866847269382803,3.956093e-5,22817,11408.5,5ef5c11-dirty
0.3,0.01,8,0.02,4,0.2169217005830319,0.23184395575342676,0.2169217005830319,4.308955702938903,1.708457e-5,11513,5756.5,5ef5c11-dirty
0.0003,0.01,8,0.0,5,0.14556852646684668,0.14556852646684668,0.41525948280453634,7.61829929576197,0.00036867431,11513,5756.5,5ef5c11-dirty
0.1,0.005,8,0.0,3,0.9996890321669639,0.999691353287693,0.9996890321669639,0.028352547880864394,3.956093e-5,22817,11408.5,5ef5c11-dirty
0.001,0.01,8,0.0,5,0.4068069819457599,0.4068069819457599,0.869690609810008,2.282954183367954,0.00036867431,11513,5756.5,5ef5c11-dirty
0.003,0.01,8,0.0,5,0.7927261747193578,0.7927261747193578,0.9828473552071875,0.7589328021873495,0.00036867431,11513,5756.5,5ef5c11-dirty
0.3,0.005,8,0.0,3,0.9996233796297499,0.999654437955883,0.9996233796297499,0.028996669896762535,3.956093e-5,22817,11408.5,5ef5c11-dirty
0.01,0.01,8,0.0,5,0.9734816810873602,0.9734816810873602,0.9967687502250048,0.23103933190893605,0.00036867431,11513,5756.5,5ef5c11-dirty
0.03,0.01,8,0.0,5,0.9959072151159988,0.9959072151159988,0.9977797498055659,0.09346949382900409,0.00036867431,11513,5756.5,5ef5c11-dirty
0.1,0.01,8,0.0,5,0.9978321264358846,0.9983552023376386,0.9978321264358846,0.06414821735242195,0.00036867431,11513,5756.5,5ef5c11-dirty
0.0003,0.005,8,0.005,3,-0.059384315010127135,0.041651030904467826,-0.059384315010127135,1.0897397488550111,3.956093e-5,22817,11408.5,5ef5c11-dirty
0.3,0.01,8,0.0,5,0.9978602917417256,0.9984904418203375,0.9978602917417256,0.06211935210747971,0.00036867431,11513,5756.5,5ef5c11-dirty
0.0003,0.01,8,0.005,5,-0.09768797026332204,0.022469775450968173,-0.09768797026332204,7.687813626584148,0.00036867431,11513,5756.5,5ef5c11-dirty
0.001,0.005,8,0.005,3,-0.013410123057903095,0.04189104558268902,-0.013410123057903095,1.0042256357016182,3.956093e-5,22817,11408.5,5ef5c11-dirty
0.001,0.01,8,0.005,5,-0.01292425638052282,0.006262762737364402,-0.01292425638052282,9.571750085877913,0.00036867431,11513,5756.5,5ef5c11-dirty
0.003,0.01,8,0.005,5,-0.19285433750477804,0.03565974037313139,-0.19285433750477804,19.322953556082314,0.00036867431,11513,5756.5,5ef5c11-dirty
0.003,0.005,8,0.005,3,0.05276339552630868,0.10669110352455666,0.05276339552630868,27.44470225302643,3.956093e-5,22817,11408.5,5ef5c11-dirty
0.01,0.01,8,0.005,5,0.14493586517155127,0.14493586517155127,0.23992181609891075,11.833269507826282,0.00036867431,11513,5756.5,5ef5c11-dirty
0.03,0.01,8,0.005,5,0.23982240165731217,0.23982240165731217,0.3352579112743506,7.266048865058821,0.00036867431,11513,5756.5,5ef5c11-dirty
0.01,0.005,8,0.005,3,0.08091257207919343,0.12109311393222834,0.08091257207919343,15.471313686499226,3.956093e-5,22817,11408.5,5ef5c11-dirty
0.1,0.01,8,0.005,5,0.3284783222238318,0.3284783222238318,0.52120675810706,3.5779018698249145,0.00036867431,11513,5756.5,5ef5c11-dirty
0.3,0.01,8,0.005,5,0.4619426283391739,0.4619426283391739,0.6949159138437407,1.9140369178135066,0.00036867431,11513,5756.5,5ef5c11-dirty
0.03,0.005,8,0.005,3,0.16407518422060402,0.16407518422060402,0.1730073237036963,7.598201443166773,3.956093e-5,22817,11408.5,5ef5c11-dirty
0.0003,0.01,8,0.01,5,-0.09838826856607752,0.021663359873883205,-0.09838826856607752,7.727668602513921,0.00036867431,11513,5756.5,5ef5c11-dirty
0.001,0.01,8,0.01,5,-0.09836902304215149,0.0215985808192767,-0.09836902304215149,2.4929861546687,0.00036867431,11513,5756.5,5ef5c11-dirty
0.1,0.005,8,0.005,3,0.28322316108569473,0.28322316108569473,0.5457900403729211,3.95667611224481,3.956093e-5,22817,11408.5,5ef5c11-dirty
0.003,0.01,8,0.01,5,0.002999132029346142,0.009114500173063962,0.002999132029346142,22.19014339564966,0.00036867431,11513,5756.5,5ef5c11-dirty
0.01,0.01,8,0.01,5,0.01258445456097103,0.07240510493064438,0.01258445456097103,12.944603235749609,0.00036867431,11513,5756.5,5ef5c11-dirty
0.3,0.005,8,0.005,3,0.43728298099253576,0.43728298099253576,0.7229672729845341,2.114462676873492,3.956093e-5,22817,11408.5,5ef5c11-dirty
0.03,0.01,8,0.01,5,0.09868460225940667,0.09868460225940667,0.284970818734018,8.382128159458725,0.00036867431,11513,5756.5,5ef5c11-dirty
0.1,0.01,8,0.01,5,0.15732199834421493,0.15732199834421493,0.4781619357037495,4.504018827186247,0.00036867431,11513,5756.5,5ef5c11-dirty
0.0003,0.005,8,0.01,3,-0.05925404264220045,0.052126052499821836,-0.05925404264220045,1.0937505366177407,3.956093e-5,22817,11408.5,5ef5c11-dirty
0.3,0.01,8,0.01,5,0.2881717383759337,0.2881717383759337,0.7156270694001303,2.633495228618626,0.00036867431,11513,5756.5,5ef5c11-dirty
0.0003,0.01,8,0.02,5,-0.09802771559731997,0.020644488768318082,-0.09802771559731997,7.711593729311288,0.00036867431,11513,5756.5,5ef5c11-dirty
0.001,0.005,8,0.01,3,-0.05853298986957288,0.0522315843013989,-0.05853298986957288,1.003329184662152,3.956093e-5,22817,11408.5,5ef5c11-dirty
0.001,0.01,8,0.02,5,0.018641216382935498,0.02122234482508345,0.018641216382935498,45.26689404739375,0.00036867431,11513,5756.5,5ef5c11-dirty
0.003,0.01,8,0.02,5,0.011670439753967192,0.011670439753967192,0.022409186355819403,56.890573413523626,0.00036867431,11513,5756.5,5ef5c11-dirty
0.003,0.005,8,0.01,3,0.0078057647281690274,0.0078057647281690274,0.11837379690470565,8.281106088297244,3.956093e-5,22817,11408.5,5ef5c11-dirty
0.01,0.01,8,0.02,5,0.01697030757588845,0.02533502438816907,0.01697030757588845,29.196581141906677,0.00036867431,11513,5756.5,5ef5c11-dirty
0.03,0.01,8,0.02,5,-0.019757283795179614,0.03080761417304889,-0.019757283795179614,13.004421417712841,0.00036867431,11513,5756.5,5ef5c11-dirty
0.01,0.005,8,0.01,3,0.017574220322146977,0.017574220322146977,0.14758174098351545,15.620716229515736,3.956093e-5,22817,11408.5,5ef5c11-dirty
0.1,0.01,8,0.02,5,0.08118794374298638,0.08118794374298638,0.1511676433286583,7.163565885771412,0.00036867431,11513,5756.5,5ef5c11-dirty
0.3,0.01,8,0.02,5,0.17214813655430908,0.17214813655430908,0.34009212254550525,4.263787228907078,0.00036867431,11513,5756.5,5ef5c11-dirty
0.0003,0.01,8,0.0,6,0.1277749364847133,0.1277749364847133,0.36175177791962604,6.704741734524427,0.000112622154,11513,5756.5,5ef5c11-dirty
0.03,0.005,8,0.01,3,0.1255831193582683,0.1255831193582683,0.19528737166067212,10.800978843998077,3.956093e-5,22817,11408.5,5ef5c11-dirty
0.001,0.01,8,0.0,6,0.3966849411590756,0.3966849411590756,0.7965787949280172,2.027365093227443,0.000112622154,11513,5756.5,5ef5c11-dirty
0.003,0.01,8,0.0,6,0.7790944695279559,0.7790944695279559,0.9269568206120751,0.71597297468267,0.000112622154,11513,5756.5,5ef5c11-dirty
0.01,0.01,8,0.0,6,0.9442430453782342,0.948614921870375,0.9442430453782342,0.31762000449550437,0.000112622154,11513,5756.5,5ef5c11-dirty
0.1,0.005,8,0.01,3,0.19073109078846653,0.19073109078846653,0.23356870444944658,5.92727421137037,3.956093e-5,22817,11408.5,5ef5c11-dirty
0.03,0.01,8,0.0,6,0.9454000007497507,0.9697033493561126,0.9454000007497507,0.25325102029305085,0.000112622154,11513,5756.5,5ef5c11-dirty
0.1,0.01,8,0.0,6,0.9436001883638323,0.9715959608497279,0.9436001883638323,0.24684640457481405,0.000112622154,11513,5756.5,5ef5c11-dirty
0.3,0.01,8,0.0,6,0.9235123230563578,0.9631052686159094,0.9235123230563578,0.2749193621355131,0.000112622154,11513,5756.5,5ef5c11-dirty
0.3,0.005,8,0.01,3,0.24897692311612762,0.24897692311612762,0.4484041975442183,3.1744491007170796,3.956093e-5,22817,11408.5,5ef5c11-dirty
0.0003,0.01,8,0.005,6,-0.0009530606060622848,0.0017825124600140993,-0.0009530606060622848,42.2792788565753,0.000112622154,11513,5756.5,5ef5c11-dirty
0.001,0.01,8,0.005,6,0.004095095962406726,0.034406197412324105,0.004095095962406726,36.08458471652546,0.000112622154,11513,5756.5,5ef5c11-dirty
0.0003,0.005,8,0.02,3,-0.05877504504838088,-0.05877504504838088,0.004438339841835865,572.6380082925543,3.956093e-5,22817,11408.5,5ef5c11-dirty
0.003,0.01,8,0.005,6,0.04397308289312443,0.05434584477397082,0.04397308289312443,19.86014447778563,0.000112622154,11513,5756.5,5ef5c11-dirty
0.01,0.01,8,0.005,6,0.0033151360844644673,0.07297002527383321,0.0033151360844644673,9.803676568767639,0.000112622154,11513,5756.5,5ef5c11-dirty
0.001,0.005,8,0.02,3,0.03385062253136212,0.03385062253136212,0.04769925957915338,224.8756697319468,3.956093e-5,22817,11408.5,5ef5c11-dirty
0.03,0.01,8,0.005,6,0.1412111765589571,0.1412111765589571,0.26266134877609093,5.839193885377732,0.000112622154,11513,5756.5,5ef5c11-dirty
0.1,0.01,8,0.005,6,0.28444494116443675,0.28444494116443675,0.5214473127156007,3.143146915862501,0.000112622154,11513,5756.5,5ef5c11-dirty
0.003,0.005,8,0.02,3,0.03880433939652287,0.03880433939652287,0.04998770686623454,77.46468183355233,3.956093e-5,22817,11408.5,5ef5c11-dirty
0.3,0.01,8,0.005,6,0.4648750915191936,0.4648750915191936,0.6679944069217602,1.7307063192414727,0.000112622154,11513,5756.5,5ef5c11-dirty
0.0003,0.01,8,0.01,6,0.03703982417839888,0.03703982417839888,0.04825545946626441,108.01014590027793,0.000112622154,11513,5756.5,5ef5c11-dirty
0.01,0.005,8,0.02,3,0.05662856284142704,0.05662856284142704,0.06233079094248536,32.24015431344927,3.956093e-5,22817,11408.5,5ef5c11-dirty
0.001,0.01,8,0.01,6,0.03729573181344865,0.03729573181344865,0.08154099000411878,40.64139112130121,0.000112622154,11513,5756.5,5ef5c11-dirty
0.003,0.01,8,0.01,6,0.040040512893727884,0.040040512893727884,0.06775158872232839,27.988369383518684,0.000112622154,11513,5756.5,5ef5c11-dirty
0.03,0.005,8,0.02,3,0.11271468478660972,0.12029105938475387,0.11271468478660972,16.09086167038924,3.956093e-5,22817,11408.5,5ef5c11-dirty
0.01,0.01,8,0.01,6,0.07965228182674643,0.082267954223402,0.07965228182674643,15.506755431727528,0.000112622154,11513,5756.5,5ef5c11-dirty
0.03,0.01,8,0.01,6,0.16530297436497712,0.16530297436497712,0.2704626528755744,9.70110095066386,0.000112622154,11513,5756.5,5ef5c11-dirty
0.1,0.005,8,0.02,3,0.05780447065224317,0.14418888353061945,0.05780447065224317,7.666639058552514,3.956093e-5,22817,11408.5,5ef5c11-dirty
0.1,0.01,8,0.01,6,0.226169825161809,0.226169825161809,0.435621362726936,4.985705764260381,0.000112622154,11513,5756.5,5ef5c11-dirty
0.3,0.01,8,0.01,6,0.3027451746557502,0.3027451746557502,0.5846270221587864,2.663919480815367,0.000112622154,11513,5756.5,5ef5c11-dirty
0.3,0.005,8,0.02,3,0.24180475816527502,0.24180475816527502,0.2943732654359553,4.277460222569407,3.956093e-5,22817,11408.5,5ef5c11-dirty
0.0003,0.01,8,0.02,6,-0.062498871743997104,0.0019901293009998967,-0.062498871743997104,6.762531840502566,0.000112622154,11513,5756.5,5ef5c11-dirty
0.0003,0.005,8,0.0,4,0.9100160498240374,0.9100160498240374,0.9489166367826429,0.4478779811807811,1.708457e-5,22817,11408.5,5ef5c11-dirty
0.001,0.01,8,0.02,6,0.00192902840646072,0.00192902840646072,0.03485893843817604,2.240437334960883,0.000112622154,11513,5756.5,5ef5c11-dirty
0.001,0.005,8,0.0,4,0.9904310413486496,0.9904310413486496,0.9926576700392565,0.13850268031395943,1.708457e-5,22817,11408.5,5ef5c11-dirty
0.003,0.01,8,0.02,6,0.0019144972542233859,0.0019144972542233859,0.039140412406061156,1.2021068252046716,0.000112622154,11513,5756.5,5ef5c11-dirty
0.003,0.005,8,0.0,4,0.9967344080231009,0.9985243390212101,0.9967344080231009,0.05720462950773968,1.708457e-5,22817,11408.5,5ef5c11-dirty
0.01,0.01,8,0.02,6,0.033990815458554875,0.05415836375121146,0.033990815458554875,19.302666464629972,0.000112622154,11513,5756.5,5ef5c11-dirty
0.03,0.01,8,0.02,6,0.05352414833640311,0.0613107930967611,0.05352414833640311,9.60987602671345,0.000112622154,11513,5756.5,5ef5c11-dirty
0.01,0.005,8,0.0,4,0.9972181340726959,0.9993543677230736,0.9972181340726959,0.04072038938400785,1.708457e-5,22817,11408.5,5ef5c11-dirty
0.1,0.01,8,0.02,6,0.08225792791281711,0.08225792791281711,0.25122722814261284,6.4247523059484015,0.000112622154,11513,5756.5,5ef5c11-dirty
0.03,0.005,8,0.0,4,0.9972503986708021,0.9994163427555023,0.9972503986708021,0.0392444806624057,1.708457e-5,22817,11408.5,5ef5c11-dirty
0.3,0.01,8,0.02,6,0.18154016269493048,0.18154016269493048,0.18663013551207377,3.863408699575885,0.000112622154,11513,5756.5,5ef5c11-dirty
0.1,0.005,8,0.0,4,0.9972480871080742,0.9994299802747546,0.9972480871080742,0.038866226929811454,1.708457e-5,22817,11408.5,5ef5c11-dirty
0.0003,0.01,8,0.0,7,0.08349156771110952,0.08349156771110952,0.539117951593343,7.6009581986455155,5.042856e-5,11513,5756.5,5ef5c11-dirty
0.001,0.01,8,0.0,7,0.3591944384339558,0.3591944384339558,0.914117142356834,2.278293977336527,5.042856e-5,11513,5756.5,5ef5c11-dirty
0.3,0.005,8,0.0,4,0.9971205522729398,0.9994552819364411,0.9971205522729398,0.03722778512138183,1.708457e-5,22817,11408.5,5ef5c11-dirty
0.003,0.01,8,0.0,7,0.7802860812583026,0.7802860812583026,0.9889564067304737,0.7578371518986047,5.042856e-5,11513,5756.5,5ef5c11-dirty
0.01,0.01,8,0.0,7,0.9735456382047719,0.9735456382047719,0.9981363985137457,0.22985286974078334,5.042856e-5,11513,5756.5,5ef5c11-dirty
0.03,0.01,8,0.0,7,0.9965693716167481,0.9965693716167481,0.998868540577191,0.08686956329863715,5.042856e-5,11513,5756.5,5ef5c11-dirty
0.1,0.01,8,0.0,7,0.9989232798146344,0.9990978281299586,0.9989232798146344,0.051143094939127214,5.042856e-5,11513,5756.5,5ef5c11-dirty
0.0003,0.005,8,0.005,4,0.018590657597708095,0.06802093878946615,0.018590657597708095,112.13757936562354,1.708457e-5,22817,11408.5,5ef5c11-dirty
0.3,0.01,8,0.0,7,0.9988979489885016,0.9992527927553063,0.9988979489885016,0.04718784674025316,5.042856e-5,11513,5756.5,5ef5c11-dirty
0.0003,0.01,8,0.005,7,-0.04249067731705876,-0.04249067731705876,-0.0031923719273014685,7.745407575490419,5.042856e-5,11513,5756.5,5ef5c11-dirty
0.001,0.005,8,0.005,4,0.01771120957317406,0.06836722363029567,0.01771120957317406,35.06927107105147,1.708457e-5,22817,11408.5,5ef5c11-dirty
0.001,0.01,8,0.005,7,-0.10004004352490603,-0.10004004352490603,-0.00712574795790197,21.05707069310382,5.042856e-5,11513,5756.5,5ef5c11-dirty
0.003,0.01,8,0.005,7,-0.06531105666433643,-0.06531105666433643,0.05227639476429177,18.09264364908979,5.042856e-5,11513,5756.5,5ef5c11-dirty
0.003,0.005,8,0.005,4,0.014320656507528335,0.030940572435237575,0.014320656507528335,20.93186405592259,1.708457e-5,22817,11408.5,5ef5c11-dirty
0.01,0.01,8,0.005,7,0.05617932472089594,0.05617932472089594,0.07449927586708666,10.798304308346026,5.042856e-5,11513,5756.5,5ef5c11-dirty
0.03,0.01,8,0.005,7,0.12034582149496328,0.12034582149496328,0.3908598882745068,5.970652035052401,5.042856e-5,11513,5756.5,5ef5c11-dirty
0.01,0.005,8,0.005,4,0.04859699846979829,0.09365211679795875,0.04859699846979829,11.718647049672587,1.708457e-5,22817,11408.5,5ef5c11-dirty
0.03,0.005,8,0.005,4,0.11001821216245504,0.11001821216245504,0.1410038833873844,7.057729387574979,1.708457e-5,22817,11408.5,5ef5c11-dirty
0.1,0.005,8,0.005,4,0.22126980774279412,0.22126980774279412,0.3322666781881963,3.8026063534877386,1.708457e-5,22817,11408.5,5ef5c11-dirty
0.3,0.005,8,0.005,4,0.4246588252223805,0.4246588252223805,0.668341123282855,2.01735676098857,1.708457e-5,22817,11408.5,5ef5c11-dirty
0.0003,0.005,8,0.01,4,0.018012113590555805,0.01935345849376263,0.018012113590555805,60.83049487761328,1.708457e-5,22817,11408.5,5ef5c11-dirty
0.001,0.005,8,0.01,4,0.01925325650230044,0.01925325650230044,0.22084330640067185,50.3042394761817,1.708457e-5,22817,11408.5,5ef5c11-dirty
0.003,0.005,8,0.01,4,-0.020315312644799213,-0.020315312644799213,0.2126569166982291,27.41461298602261,1.708457e-5,22817,11408.5,5ef5c11-dirty
0.01,0.005,8,0.01,4,0.053692338533479135,0.053692338533479135,0.27947883056721995,16.902882803438935,1.708457e-5,22817,11408.5,5ef5c11-dirty
0.03,0.005,8,0.01,4,0.11298913111373071,0.11298913111373071,0.2438768834814727,11.44251727599003,1.708457e-5,22817,11408.5,5ef5c11-dirty
0.1,0.005,8,0.01,4,0.16434298601315506,0.16434298601315506,0.3275908143545292,6.09541282211455,1.708457e-5,22817,11408.5,5ef5c11-dirty
0.3,0.005,8,0.01,4,0.3447376760858092,0.3447376760858092,0.5425349896305671,3.104642158668288,1.708457e-5,22817,11408.5,5ef5c11-dirty
0.0003,0.005,8,0.02,4,0.009255333236426199,0.009255333236426199,0.020845768154370965,1.0810647755608882,1.708457e-5,22817,11408.5,5ef5c11-dirty
