path,depth,use_bias,use_residual,seed,layer_index,grad_norm
static,1,false,false,1,1,2.9791088
static,1,false,false,1,2,0.27792132
static,1,false,false,2,1,1.274135
static,1,false,false,2,2,0.28470662
static,1,false,false,3,1,1.4094818
static,1,false,false,3,2,0.28162354
static,1,true,false,1,1,0.7464799
static,1,true,false,1,2,0.2357017
static,1,true,false,2,1,1.0468172
static,1,true,false,2,2,0.28323707
static,1,true,false,3,1,0.7614462
static,1,true,false,3,2,0.35876226
static,1,false,true,1,1,2.4915588
static,1,false,true,1,2,0.2593676
static,1,false,true,2,1,1.4487637
static,1,false,true,2,2,0.2703872
static,1,false,true,3,1,1.3814672
static,1,false,true,3,2,0.24587297
static,1,true,true,1,1,0.98630613
static,1,true,true,1,2,0.23949753
static,1,true,true,2,1,1.1383343
static,1,true,true,2,2,0.23444913
static,1,true,true,3,1,1.044774
static,1,true,true,3,2,0.38161975
static,2,false,false,1,1,3.0445495
static,2,false,false,1,2,0.5614027
static,2,false,false,1,3,0.28477755
static,2,false,false,2,1,2.4996517
static,2,false,false,2,2,0.485752
static,2,false,false,2,3,0.26487964
static,2,false,false,3,1,2.7511787
static,2,false,false,3,2,0.55141556
static,2,false,false,3,3,0.33247945
static,2,true,false,1,1,0.9617313
static,2,true,false,1,2,0.27115655
static,2,true,false,1,3,0.2636627
static,2,true,false,2,1,1.5263573
static,2,true,false,2,2,0.2761558
static,2,true,false,2,3,0.27728063
static,2,true,false,3,1,0.94139826
static,2,true,false,3,2,0.32279012
static,2,true,false,3,3,0.3190012
static,2,false,true,1,1,4.4911237
static,2,false,true,1,2,0.43876767
static,2,false,true,1,3,0.22333108
static,2,false,true,2,1,3.378562
static,2,false,true,2,2,0.5953944
static,2,false,true,2,3,0.24501543
static,2,false,true,3,1,3.0951753
static,2,false,true,3,2,0.47569337
static,2,false,true,3,3,0.24238376
static,2,true,true,1,1,1.2914186
static,2,true,true,1,2,0.2440207
static,2,true,true,1,3,0.15484324
static,2,true,true,2,1,2.0744593
static,2,true,true,2,2,0.3047672
static,2,true,true,2,3,0.19937861
static,2,true,true,3,1,1.60445
static,2,true,true,3,2,0.4506203
static,2,true,true,3,3,0.2254946
static,3,false,false,1,1,20.239908
static,3,false,false,1,2,0.9095531
static,3,false,false,1,3,0.59842527
static,3,false,false,1,4,0.3253801
static,3,false,false,2,1,3.631302
static,3,false,false,2,2,0.73306614
static,3,false,false,2,3,0.43896034
static,3,false,false,2,4,0.2315667
static,3,false,false,3,1,3.6852715
static,3,false,false,3,2,0.69869
static,3,false,false,3,3,0.41886756
static,3,false,false,3,4,0.28794977
static,3,true,false,1,1,1.1176703
static,3,true,false,1,2,0.34344742
static,3,true,false,1,3,0.28247502
static,3,true,false,1,4,0.19159546
static,3,true,false,2,1,1.8782711
static,3,true,false,2,2,0.26280865
static,3,true,false,2,3,0.28346857
static,3,true,false,2,4,0.24528132
static,3,true,false,3,1,1.0393817
static,3,true,false,3,2,0.3577904
static,3,true,false,3,3,0.30902368
static,3,true,false,3,4,0.23745716
static,3,false,true,1,1,8.189772
static,3,false,true,1,2,1.1097327
static,3,false,true,1,3,0.51550335
static,3,false,true,1,4,0.19892175
static,3,false,true,2,1,8.168325
static,3,false,true,2,2,1.373605
static,3,false,true,2,3,0.56111455
static,3,false,true,2,4,0.25401574
static,3,false,true,3,1,5.6856565
static,3,false,true,3,2,0.90658444
static,3,false,true,3,3,0.530615
static,3,false,true,3,4,0.20316347
static,3,true,true,1,1,2.3993275
static,3,true,true,1,2,0.32309255
static,3,true,true,1,3,0.20409556
static,3,true,true,1,4,0.13773774
static,3,true,true,2,1,3.8133857
static,3,true,true,2,2,0.63522744
static,3,true,true,2,3,0.5115099
static,3,true,true,2,4,0.31069213
static,3,true,true,3,1,2.214269
static,3,true,true,3,2,0.6442725
static,3,true,true,3,3,0.29774886
static,3,true,true,3,4,0.15772282
static,4,false,false,1,1,15.700101
static,4,false,false,1,2,1.4762634
static,4,false,false,1,3,0.8305127
static,4,false,false,1,4,0.517372
static,4,false,false,1,5,0.26042262
static,4,false,false,2,1,9.276135
static,4,false,false,2,2,1.6082214
static,4,false,false,2,3,0.85375977
static,4,false,false,2,4,0.5046627
static,4,false,false,2,5,0.3666027
static,4,false,false,3,1,12.672333
static,4,false,false,3,2,1.8338606
static,4,false,false,3,3,0.8524062
static,4,false,false,3,4,0.48910308
static,4,false,false,3,5,0.28699687
static,4,true,false,1,1,1.6952873
static,4,true,false,1,2,0.5368029
static,4,true,false,1,3,0.3751678
static,4,true,false,1,4,0.282166
static,4,true,false,1,5,0.20679195
static,4,true,false,2,1,1.7079245
static,4,true,false,2,2,0.3528779
static,4,true,false,2,3,0.32901907
static,4,true,false,2,4,0.34946668
static,4,true,false,2,5,0.40534383
static,4,true,false,3,1,1.8393717
static,4,true,false,3,2,0.5657479
static,4,true,false,3,3,0.5267989
static,4,true,false,3,4,0.29968733
static,4,true,false,3,5,0.35890052
static,4,false,true,1,1,15.124477
static,4,false,true,1,2,2.1945088
static,4,false,true,1,3,1.256177
static,4,false,true,1,4,0.5184002
static,4,false,true,1,5,0.21340191
static,4,false,true,2,1,21.351717
static,4,false,true,2,2,3.92867
static,4,false,true,2,3,1.5679181
static,4,false,true,2,4,0.68457836
static,4,false,true,2,5,0.36805055
static,4,false,true,3,1,16.767302
static,4,false,true,3,2,1.9375598
static,4,false,true,3,3,1.0765278
static,4,false,true,3,4,0.45824048
static,4,false,true,3,5,0.19903807
static,4,true,true,1,1,3.3241627
static,4,true,true,1,2,0.5829633
static,4,true,true,1,3,0.3570238
static,4,true,true,1,4,0.2294503
static,4,true,true,1,5,0.20187643
static,4,true,true,2,1,5.6582866
static,4,true,true,2,2,0.8705308
static,4,true,true,2,3,0.56956697
static,4,true,true,2,4,0.33814046
static,4,true,true,2,5,0.14725177
static,4,true,true,3,1,3.9396405
static,4,true,true,3,2,1.149658
static,4,true,true,3,3,0.4118013
static,4,true,true,3,4,0.20475143
static,4,true,true,3,5,0.14137273
static,5,false,false,1,1,36.76481
static,5,false,false,1,2,3.3894658
static,5,false,false,1,3,1.7081606
static,5,false,false,1,4,0.9917663
static,5,false,false,1,5,0.5022445
static,5,false,false,1,6,0.23444933
static,5,false,false,2,1,20.176203
static,5,false,false,2,2,4.201186
static,5,false,false,2,3,2.1058075
static,5,false,false,2,4,1.0912443
static,5,false,false,2,5,0.8696153
static,5,false,false,2,6,0.22539258
static,5,false,false,3,1,11.554764
static,5,false,false,3,2,2.3245785
static,5,false,false,3,3,1.4937202
static,5,false,false,3,4,0.85591567
static,5,false,false,3,5,0.48973277
static,5,false,false,3,6,0.2601634
static,5,true,false,1,1,3.0693104
static,5,true,false,1,2,0.6203248
static,5,true,false,1,3,0.5508511
static,5,true,false,1,4,0.42727357
static,5,true,false,1,5,0.3361634
static,5,true,false,1,6,0.26197067
static,5,true,false,2,1,1.9445804
static,5,true,false,2,2,0.5088356
static,5,true,false,2,3,0.47001824
static,5,true,false,2,4,0.3236458
static,5,true,false,2,5,0.341516
static,5,true,false,2,6,0.33230674
static,5,true,false,3,1,3.2405055
static,5,true,false,3,2,0.9673802
static,5,true,false,3,3,0.87490153
static,5,true,false,3,4,0.34951365
static,5,true,false,3,5,0.26582322
static,5,true,false,3,6,0.22051726
static,5,false,true,1,1,56.074833
static,5,false,true,1,2,4.4571004
static,5,false,true,1,3,2.2169192
static,5,false,true,1,4,0.9372546
static,5,false,true,1,5,0.51858574
static,5,false,true,1,6,0.19923542
static,5,false,true,2,1,48.90634
static,5,false,true,2,2,9.595022
static,5,false,true,2,3,3.0064232
static,5,false,true,2,4,1.1492945
static,5,false,true,2,5,0.52247816
static,5,false,true,2,6,0.18428002
static,5,false,true,3,1,26.984789
static,5,false,true,3,2,5.4649606
static,5,false,true,3,3,3.0209389
static,5,false,true,3,4,1.0592862
static,5,false,true,3,5,0.43013233
static,5,false,true,3,6,0.19401743
static,5,true,true,1,1,5.1447406
static,5,true,true,1,2,1.0533406
static,5,true,true,1,3,0.6319124
static,5,true,true,1,4,0.4285935
static,5,true,true,1,5,0.439257
static,5,true,true,1,6,0.16634826
static,5,true,true,2,1,10.639088
static,5,true,true,2,2,2.2410467
static,5,true,true,2,3,1.8735998
static,5,true,true,2,4,1.1415112
static,5,true,true,2,5,0.19340187
static,5,true,true,2,6,0.13093655
static,5,true,true,3,1,4.779948
static,5,true,true,3,2,1.6121798
static,5,true,true,3,3,0.78315806
static,5,true,true,3,4,0.35248294
static,5,true,true,3,5,0.24148525
static,5,true,true,3,6,0.12980427
static,6,false,false,1,1,67.30684
static,6,false,false,1,2,4.5661535
static,6,false,false,1,3,2.5260718
static,6,false,false,1,4,1.547789
static,6,false,false,1,5,0.75332475
static,6,false,false,1,6,0.35658595
static,6,false,false,1,7,0.23255445
static,6,false,false,2,1,28.14918
static,6,false,false,2,2,6.779289
static,6,false,false,2,3,3.1411927
static,6,false,false,2,4,1.6949584
static,6,false,false,2,5,1.1468401
static,6,false,false,2,6,0.3897296
static,6,false,false,2,7,0.23211636
static,6,false,false,3,1,56.71561
static,6,false,false,3,2,7.8796573
static,6,false,false,3,3,2.9729633
static,6,false,false,3,4,1.5428171
static,6,false,false,3,5,1.0177637
static,6,false,false,3,6,0.66654915
static,6,false,false,3,7,0.32564738
static,6,true,false,1,1,2.4577327
static,6,true,false,1,2,0.6355482
static,6,true,false,1,3,0.5480656
static,6,true,false,1,4,0.27361107
static,6,true,false,1,5,0.26418215
static,6,true,false,1,6,0.17796731
static,6,true,false,1,7,0.18011974
static,6,true,false,2,1,6.727668
static,6,true,false,2,2,3.1137023
static,6,true,false,2,3,1.913706
static,6,true,false,2,4,1.8866034
static,6,true,false,2,5,1.8054008
static,6,true,false,2,6,0.45549864
static,6,true,false,2,7,0.30419198
static,6,true,false,3,1,3.4403634
static,6,true,false,3,2,0.9837481
static,6,true,false,3,3,0.7524104
static,6,true,false,3,4,0.40787122
static,6,true,false,3,5,0.41088316
static,6,true,false,3,6,0.37188062
static,6,true,false,3,7,0.23552783
static,6,false,true,1,1,58.43763
static,6,false,true,1,2,10.107084
static,6,false,true,1,3,4.6134977
static,6,false,true,1,4,1.9189163
static,6,false,true,1,5,0.99021256
static,6,false,true,1,6,0.46032155
static,6,false,true,1,7,0.22767833
static,6,false,true,2,1,83.83619
static,6,false,true,2,2,15.603034
static,6,false,true,2,3,6.8469253
static,6,false,true,2,4,3.0333822
static,6,false,true,2,5,1.2037698
static,6,false,true,2,6,0.45460388
static,6,false,true,2,7,0.26514417
static,6,false,true,3,1,61.876625
static,6,false,true,3,2,9.076432
static,6,false,true,3,3,6.492623
static,6,false,true,3,4,2.529807
static,6,false,true,3,5,0.9243655
static,6,false,true,3,6,0.41194907
static,6,false,true,3,7,0.21307929
static,6,true,true,1,1,14.177151
static,6,true,true,1,2,1.7831
static,6,true,true,1,3,1.1028488
static,6,true,true,1,4,0.69903433
static,6,true,true,1,5,0.82362306
static,6,true,true,1,6,0.2725749
static,6,true,true,1,7,0.1346481
static,6,true,true,2,1,11.035887
static,6,true,true,2,2,1.8157891
static,6,true,true,2,3,1.3658395
static,6,true,true,2,4,0.68965465
static,6,true,true,2,5,0.29279834
static,6,true,true,2,6,0.18645102
static,6,true,true,2,7,0.12970923
static,6,true,true,3,1,8.489827
static,6,true,true,3,2,1.7150518
static,6,true,true,3,3,1.140507
static,6,true,true,3,4,0.67353195
static,6,true,true,3,5,0.3338075
static,6,true,true,3,6,0.20591697
static,6,true,true,3,7,0.13968319
static,7,false,false,1,1,213.61172
static,7,false,false,1,2,9.476639
static,7,false,false,1,3,4.3967705
static,7,false,false,1,4,2.205644
static,7,false,false,1,5,1.2746336
static,7,false,false,1,6,0.6750114
static,7,false,false,1,7,0.3958182
static,7,false,false,1,8,0.25930247
static,7,false,false,2,1,72.59961
static,7,false,false,2,2,11.971158
static,7,false,false,2,3,6.251209
static,7,false,false,2,4,3.5051527
static,7,false,false,2,5,3.0349286
static,7,false,false,2,6,0.7169668
static,7,false,false,2,7,0.466278
static,7,false,false,2,8,0.25051755
static,7,false,false,3,1,67.05376
static,7,false,false,3,2,10.84249
static,7,false,false,3,3,5.0307527
static,7,false,false,3,4,3.0357957
static,7,false,false,3,5,1.716287
static,7,false,false,3,6,1.074688
static,7,false,false,3,7,0.62672645
static,7,false,false,3,8,0.3351579
static,7,true,false,1,1,3.8142843
static,7,true,false,1,2,1.0184863
static,7,true,false,1,3,1.0659425
static,7,true,false,1,4,0.88494873
static,7,true,false,1,5,0.33758658
static,7,true,false,1,6,0.33056065
static,7,true,false,1,7,0.22603445
static,7,true,false,1,8,0.563471
static,7,true,false,2,1,5.0032554
static,7,true,false,2,2,1.2482363
static,7,true,false,2,3,0.846698
static,7,true,false,2,4,0.80933577
static,7,true,false,2,5,0.7473716
static,7,true,false,2,6,0.4167325
static,7,true,false,2,7,0.33472985
static,7,true,false,2,8,0.30937997
static,7,true,false,3,1,3.7033758
static,7,true,false,3,2,0.9476169
static,7,true,false,3,3,0.8721925
static,7,true,false,3,4,0.47088644
static,7,true,false,3,5,0.480708
static,7,true,false,3,6,0.35194603
static,7,true,false,3,7,0.32409045
static,7,true,false,3,8,0.2828456
static,7,false,true,1,1,187.35986
static,7,false,true,1,2,28.358812
static,7,false,true,1,3,12.32819
static,7,false,true,1,4,5.4293013
static,7,false,true,1,5,2.450549
static,7,false,true,1,6,1.2355222
static,7,false,true,1,7,0.7437412
static,7,false,true,1,8,0.19361971
static,7,false,true,2,1,174.17032
static,7,false,true,2,2,39.2667
static,7,false,true,2,3,14.544789
static,7,false,true,2,4,7.223203
static,7,false,true,2,5,3.550668
static,7,false,true,2,6,1.0966727
static,7,false,true,2,7,0.6966979
static,7,false,true,2,8,0.18567638
static,7,false,true,3,1,101.0869
static,7,false,true,3,2,14.327165
static,7,false,true,3,3,8.197827
static,7,false,true,3,4,3.689711
static,7,false,true,3,5,1.6058601
static,7,false,true,3,6,0.83689237
static,7,false,true,3,7,0.4116273
static,7,false,true,3,8,0.19748186
static,7,true,true,1,1,13.353087
static,7,true,true,1,2,2.1035929
static,7,true,true,1,3,1.1527183
static,7,true,true,1,4,0.8444668
static,7,true,true,1,5,0.6369953
static,7,true,true,1,6,0.35201922
static,7,true,true,1,7,0.23869656
static,7,true,true,1,8,0.12124481
static,7,true,true,2,1,39.231
static,7,true,true,2,2,4.503237
static,7,true,true,2,3,3.3015492
static,7,true,true,2,4,2.1553087
static,7,true,true,2,5,0.79660517
static,7,true,true,2,6,0.4998646
static,7,true,true,2,7,0.30878457
static,7,true,true,2,8,0.17281948
static,7,true,true,3,1,14.009678
static,7,true,true,3,2,3.6015782
static,7,true,true,3,3,2.0774322
static,7,true,true,3,4,1.1973486
static,7,true,true,3,5,0.6342316
static,7,true,true,3,6,0.38505316
static,7,true,true,3,7,0.23293258
static,7,true,true,3,8,0.14740576
static,8,false,false,1,1,276.02563
static,8,false,false,1,2,18.872435
static,8,false,false,1,3,9.493701
static,8,false,false,1,4,5.642663
static,8,false,false,1,5,3.7880774
static,8,false,false,1,6,1.950618
static,8,false,false,1,7,1.0295949
static,8,false,false,1,8,0.6678165
static,8,false,false,1,9,0.25588486
static,8,false,false,2,1,111.13202
static,8,false,false,2,2,18.382996
static,8,false,false,2,3,11.356949
static,8,false,false,2,4,6.0376954
static,8,false,false,2,5,4.406806
static,8,false,false,2,6,1.3886971
static,8,false,false,2,7,0.8320573
static,8,false,false,2,8,0.50971466
static,8,false,false,2,9,0.25585613
static,8,false,false,3,1,151.56076
static,8,false,false,3,2,23.04504
static,8,false,false,3,3,11.048249
static,8,false,false,3,4,6.5630794
static,8,false,false,3,5,4.167097
static,8,false,false,3,6,2.7216141
static,8,false,false,3,7,1.0966656
static,8,false,false,3,8,0.5898528
static,8,false,false,3,9,0.214063
static,8,true,false,1,1,9.291425
static,8,true,false,1,2,2.9382603
static,8,true,false,1,3,3.0623746
static,8,true,false,1,4,2.3081222
static,8,true,false,1,5,1.2254347
static,8,true,false,1,6,0.7992287
static,8,true,false,1,7,0.3966313
static,8,true,false,1,8,0.556238
static,8,true,false,1,9,0.3271966
static,8,true,false,2,1,6.5128207
static,8,true,false,2,2,1.891082
static,8,true,false,2,3,1.2730381
static,8,true,false,2,4,1.548024
static,8,true,false,2,5,1.0710236
static,8,true,false,2,6,0.5195456
static,8,true,false,2,7,0.37958384
static,8,true,false,2,8,0.31974256
static,8,true,false,2,9,0.2750287
static,8,true,false,3,1,8.446203
static,8,true,false,3,2,2.513548
static,8,true,false,3,3,2.3156605
static,8,true,false,3,4,1.1051432
static,8,true,false,3,5,0.7956113
static,8,true,false,3,6,0.48688146
static,8,true,false,3,7,0.38481295
static,8,true,false,3,8,0.51993793
static,8,true,false,3,9,0.5457982
static,8,false,true,1,1,398.50305
static,8,false,true,1,2,79.17985
static,8,false,true,1,3,33.96654
static,8,false,true,1,4,16.490833
static,8,false,true,1,5,8.068224
static,8,false,true,1,6,3.9423897
static,8,false,true,1,7,1.8931415
static,8,false,true,1,8,0.7846341
static,8,false,true,1,9,0.5020084
static,8,false,true,2,1,402.18283
static,8,false,true,2,2,76.18058
static,8,false,true,2,3,30.236084
static,8,false,true,2,4,16.82134
static,8,false,true,2,5,10.272479
static,8,false,true,2,6,3.4718442
static,8,false,true,2,7,2.2423737
static,8,false,true,2,8,0.59425247
static,8,false,true,2,9,0.2193961
static,8,false,true,3,1,317.30835
static,8,false,true,3,2,51.514275
static,8,false,true,3,3,25.43157
static,8,false,true,3,4,9.780072
static,8,false,true,3,5,5.279783
static,8,false,true,3,6,1.8945428
static,8,false,true,3,7,0.8931315
static,8,false,true,3,8,0.41228914
static,8,false,true,3,9,0.1814393
static,8,true,true,1,1,20.465164
static,8,true,true,1,2,3.7343597
static,8,true,true,1,3,2.102505
static,8,true,true,1,4,1.8027467
static,8,true,true,1,5,1.2138292
static,8,true,true,1,6,0.640327
static,8,true,true,1,7,0.42434752
static,8,true,true,1,8,0.25124106
static,8,true,true,1,9,0.14543219
static,8,true,true,2,1,53.42955
static,8,true,true,2,2,5.1136785
static,8,true,true,2,3,4.4614697
static,8,true,true,2,4,2.6290672
static,8,true,true,2,5,0.8351438
static,8,true,true,2,6,0.5618722
static,8,true,true,2,7,0.35015437
static,8,true,true,2,8,0.23196156
static,8,true,true,2,9,0.1169718
static,8,true,true,3,1,44.895344
static,8,true,true,3,2,6.9543386
static,8,true,true,3,3,5.380702
static,8,true,true,3,4,3.2149298
static,8,true,true,3,5,1.1762915
static,8,true,true,3,6,0.9065057
static,8,true,true,3,7,0.578365
static,8,true,true,3,8,0.22903696
static,8,true,true,3,9,0.12614363
static,9,false,false,1,1,236.10045
static,9,false,false,1,2,26.449684
static,9,false,false,1,3,14.806232
static,9,false,false,1,4,9.598046
static,9,false,false,1,5,5.5382004
static,9,false,false,1,6,3.0284731
static,9,false,false,1,7,1.7898165
static,9,false,false,1,8,1.0499716
static,9,false,false,1,9,0.4526554
static,9,false,false,1,10,0.23101398
static,9,false,false,2,1,240.60396
static,9,false,false,2,2,45.80311
static,9,false,false,2,3,29.055338
static,9,false,false,2,4,13.956775
static,9,false,false,2,5,11.651942
static,9,false,false,2,6,2.9775755
static,9,false,false,2,7,1.7616402
static,9,false,false,2,8,0.9301229
static,9,false,false,2,9,0.5602883
static,9,false,false,2,10,0.2146555
static,9,false,false,3,1,224.10309
static,9,false,false,3,2,45.919373
static,9,false,false,3,3,19.969753
static,9,false,false,3,4,17.735416
static,9,false,false,3,5,11.052051
static,9,false,false,3,6,7.4938784
static,9,false,false,3,7,1.4674513
static,9,false,false,3,8,0.7025245
static,9,false,false,3,9,0.37410724
static,9,false,false,3,10,0.19966798
static,9,true,false,1,1,18.570707
static,9,true,false,1,2,4.3145742
static,9,true,false,1,3,3.5882099
static,9,true,false,1,4,2.31894
static,9,true,false,1,5,1.6167248
static,9,true,false,1,6,0.959613
static,9,true,false,1,7,0.4217363
static,9,true,false,1,8,0.7070171
static,9,true,false,1,9,0.41032678
static,9,true,false,1,10,0.2841766
static,9,true,false,2,1,76.88096
static,9,true,false,2,2,41.54688
static,9,true,false,2,3,23.686644
static,9,true,false,2,4,24.309042
static,9,true,false,2,5,24.376608
static,9,true,false,2,6,4.479339
static,9,true,false,2,7,1.7043461
static,9,true,false,2,8,0.6568083
static,9,true,false,2,9,0.6032852
static,9,true,false,2,10,0.67113394
static,9,true,false,3,1,13.49866
static,9,true,false,3,2,4.245615
static,9,true,false,3,3,3.372072
static,9,true,false,3,4,2.3488197
static,9,true,false,3,5,2.356549
static,9,true,false,3,6,1.0784228
static,9,true,false,3,7,1.1234647
static,9,true,false,3,8,0.6768435
static,9,true,false,3,9,0.544904
static,9,true,false,3,10,0.37896928
static,9,false,true,1,1,640.03625
static,9,false,true,1,2,112.17578
static,9,false,true,1,3,48.125446
static,9,false,true,1,4,23.221407
static,9,false,true,1,5,14.35709
static,9,false,true,1,6,6.3900533
static,9,false,true,1,7,3.369488
static,9,false,true,1,8,1.3433007
static,9,false,true,1,9,0.9017027
static,9,false,true,1,10,0.21868467
static,9,false,true,2,1,772.26483
static,9,false,true,2,2,138.49457
static,9,false,true,2,3,58.203247
static,9,false,true,2,4,24.960476
static,9,false,true,2,5,16.501945
static,9,false,true,2,6,7.63795
static,9,false,true,2,7,4.5419335
static,9,false,true,2,8,1.439662
static,9,false,true,2,9,0.5476717
static,9,false,true,2,10,0.18857798
static,9,false,true,3,1,761.7137
static,9,false,true,3,2,107.46272
static,9,false,true,3,3,64.54469
static,9,false,true,3,4,24.469461
static,9,false,true,3,5,11.5074415
static,9,false,true,3,6,4.570756
static,9,false,true,3,7,1.9700378
static,9,false,true,3,8,0.9841235
static,9,false,true,3,9,0.4495746
static,9,false,true,3,10,0.23154509
static,9,true,true,1,1,27.877014
static,9,true,true,1,2,4.5628076
static,9,true,true,1,3,2.5313923
static,9,true,true,1,4,1.8643814
static,9,true,true,1,5,1.3799475
static,9,true,true,1,6,0.7893323
static,9,true,true,1,7,0.44262606
static,9,true,true,1,8,0.30142856
static,9,true,true,1,9,0.1854595
static,9,true,true,1,10,0.10814746
static,9,true,true,2,1,53.505405
static,9,true,true,2,2,6.499084
static,9,true,true,2,3,4.800438
static,9,true,true,2,4,2.8075
static,9,true,true,2,5,1.3009324
static,9,true,true,2,6,0.8051514
static,9,true,true,2,7,0.5240853
static,9,true,true,2,8,0.34416193
static,9,true,true,2,9,0.19846462
static,9,true,true,2,10,0.14318174
static,9,true,true,3,1,48.532215
static,9,true,true,3,2,10.912477
static,9,true,true,3,3,11.801331
static,9,true,true,3,4,4.2498136
static,9,true,true,3,5,3.8682933
static,9,true,true,3,6,1.4647342
static,9,true,true,3,7,0.6260196
static,9,true,true,3,8,0.37753946
static,9,true,true,3,9,0.23614424
static,9,true,true,3,10,0.17690887
static,10,false,false,1,1,712.05664
static,10,false,false,1,2,71.23939
static,10,false,false,1,3,43.475555
static,10,false,false,1,4,21.446297
static,10,false,false,1,5,11.980926
static,10,false,false,1,6,5.6324472
static,10,false,false,1,7,3.4532006
static,10,false,false,1,8,2.200444
static,10,false,false,1,9,0.98305464
static,10,false,false,1,10,0.63501257
static,10,false,false,1,11,0.25421527
static,10,false,false,2,1,316.27014
static,10,false,false,2,2,42.223232
static,10,false,false,2,3,20.32084
static,10,false,false,2,4,12.047258
static,10,false,false,2,5,6.8293104
static,10,false,false,2,6,3.4186213
static,10,false,false,2,7,2.034826
static,10,false,false,2,8,1.0214505
static,10,false,false,2,9,0.56217074
static,10,false,false,2,10,0.34635574
static,10,false,false,2,11,0.20120506
static,10,false,false,3,1,269.06192
static,10,false,false,3,2,63.665653
static,10,false,false,3,3,30.817635
static,10,false,false,3,4,24.299944
static,10,false,false,3,5,16.09136
static,10,false,false,3,6,10.090996
static,10,false,false,3,7,2.9745235
static,10,false,false,3,8,1.5650576
static,10,false,false,3,9,0.7441153
static,10,false,false,3,10,0.38044995
static,10,false,false,3,11,0.18822934
static,10,true,false,1,1,20.612337
static,10,true,false,1,2,4.156191
static,10,true,false,1,3,3.37497
static,10,true,false,1,4,1.8848946
static,10,true,false,1,5,1.4309753
static,10,true,false,1,6,1.4174769
static,10,true,false,1,7,0.6552121
static,10,true,false,1,8,0.9166091
static,10,true,false,1,9,0.5098418
static,10,true,false,1,10,0.37897184
static,10,true,false,1,11,0.2699422
static,10,true,false,2,1,53.83702
static,10,true,false,2,2,27.94854
static,10,true,false,2,3,16.744104
static,10,true,false,2,4,17.054283
static,10,true,false,2,5,16.54896
static,10,true,false,2,6,3.133287
static,10,true,false,2,7,1.4200367
static,10,true,false,2,8,1.0189981
static,10,true,false,2,9,0.73551035
static,10,true,false,2,10,0.80498356
static,10,true,false,2,11,0.30373076
static,10,true,false,3,1,14.620472
static,10,true,false,3,2,4.880316
static,10,true,false,3,3,3.7594738
static,10,true,false,3,4,3.571494
static,10,true,false,3,5,4.4394784
static,10,true,false,3,6,1.5072086
static,10,true,false,3,7,1.7403297
static,10,true,false,3,8,1.8152919
static,10,true,false,3,9,1.5930808
static,10,true,false,3,10,0.6991778
static,10,true,false,3,11,0.6615045
static,10,false,true,1,1,2665.6333
static,10,false,true,1,2,486.52194
static,10,false,true,1,3,134.44466
static,10,false,true,1,4,72.36046
static,10,false,true,1,5,35.91776
static,10,false,true,1,6,23.19789
static,10,false,true,1,7,10.989841
static,10,false,true,1,8,3.1285021
static,10,false,true,1,9,1.8016068
static,10,false,true,1,10,0.61766267
static,10,false,true,1,11,0.23705861
static,10,false,true,2,1,2744.4287
static,10,false,true,2,2,513.2152
static,10,false,true,2,3,227.39034
static,10,false,true,2,4,123.63824
static,10,false,true,2,5,69.199974
static,10,false,true,2,6,36.51745
static,10,false,true,2,7,25.309586
static,10,false,true,2,8,6.674148
static,10,false,true,2,9,2.4740875
static,10,false,true,2,10,0.8694309
static,10,false,true,2,11,0.308775
static,10,false,true,3,1,2175.6838
static,10,false,true,3,2,324.28284
static,10,false,true,3,3,117.537506
static,10,false,true,3,4,55.982018
static,10,false,true,3,5,30.64356
static,10,false,true,3,6,14.949977
static,10,false,true,3,7,5.225402
static,10,false,true,3,8,2.2140384
static,10,false,true,3,9,1.3846048
static,10,false,true,3,10,0.43100923
static,10,false,true,3,11,0.21738891
static,10,true,true,1,1,31.76916
static,10,true,true,1,2,7.137471
static,10,true,true,1,3,4.1890545
static,10,true,true,1,4,3.4339182
static,10,true,true,1,5,2.317183
static,10,true,true,1,6,1.1905558
static,10,true,true,1,7,0.82861084
static,10,true,true,1,8,0.58328867
static,10,true,true,1,9,0.3422511
static,10,true,true,1,10,0.18881829
static,10,true,true,1,11,0.124035686
static,10,true,true,2,1,148.71883
static,10,true,true,2,2,15.467117
static,10,true,true,2,3,11.753016
static,10,true,true,2,4,7.428833
static,10,true,true,2,5,2.37549
static,10,true,true,2,6,1.6974144
static,10,true,true,2,7,0.9988542
static,10,true,true,2,8,0.65362304
static,10,true,true,2,9,0.38472864
static,10,true,true,2,10,0.2624997
static,10,true,true,2,11,0.16547136
static,10,true,true,3,1,71.12051
static,10,true,true,3,2,17.606848
static,10,true,true,3,3,17.46664
static,10,true,true,3,4,6.0247025
static,10,true,true,3,5,5.934463
static,10,true,true,3,6,2.3167202
static,10,true,true,3,7,1.0139252
static,10,true,true,3,8,0.6437808
static,10,true,true,3,9,0.43072566
static,10,true,true,3,10,0.31412753
static,10,true,true,3,11,0.1520479
static,15,false,false,1,1,34836.285
static,15,false,false,1,2,2141.1526
static,15,false,false,1,3,1409.1423
static,15,false,false,1,4,718.5387
static,15,false,false,1,5,412.6812
static,15,false,false,1,6,169.31258
static,15,false,false,1,7,81.92248
static,15,false,false,1,8,47.96551
static,15,false,false,1,9,32.282154
static,15,false,false,1,10,18.597752
static,15,false,false,1,11,7.9916334
static,15,false,false,1,12,4.76655
static,15,false,false,1,13,2.3983114
static,15,false,false,1,14,1.2930303
static,15,false,false,1,15,0.6050229
static,15,false,false,1,16,0.23979634
static,15,false,false,2,1,17196.424
static,15,false,false,2,2,3793.3855
static,15,false,false,2,3,2752.8079
static,15,false,false,2,4,990.36285
static,15,false,false,2,5,881.8536
static,15,false,false,2,6,675.95844
static,15,false,false,2,7,295.92072
static,15,false,false,2,8,97.67836
static,15,false,false,2,9,52.03745
static,15,false,false,2,10,15.2188
static,15,false,false,2,11,10.023315
static,15,false,false,2,12,4.2097883
static,15,false,false,2,13,2.4637706
static,15,false,false,2,14,1.213225
static,15,false,false,2,15,0.60301507
static,15,false,false,2,16,0.25081638
static,15,false,false,3,1,4773.633
static,15,false,false,3,2,1186.8282
static,15,false,false,3,3,601.57556
static,15,false,false,3,4,390.89664
static,15,false,false,3,5,289.62662
static,15,false,false,3,6,174.12819
static,15,false,false,3,7,82.93663
static,15,false,false,3,8,32.30778
static,15,false,false,3,9,21.709053
static,15,false,false,3,10,11.848678
static,15,false,false,3,11,9.557849
static,15,false,false,3,12,4.6892033
static,15,false,false,3,13,2.8920488
static,15,false,false,3,14,1.4997122
static,15,false,false,3,15,0.41569847
static,15,false,false,3,16,0.20906703
static,15,true,false,1,1,93.08738
static,15,true,false,1,2,26.061022
static,15,true,false,1,3,27.000818
static,15,true,false,1,4,19.437748
static,15,true,false,1,5,9.607435
static,15,true,false,1,6,11.890945
static,15,true,false,1,7,5.831299
static,15,true,false,1,8,3.8396378
static,15,true,false,1,9,2.067819
static,15,true,false,1,10,1.5524901
static,15,true,false,1,11,1.3874547
static,15,true,false,1,12,0.6832879
static,15,true,false,1,13,0.42310068
static,15,true,false,1,14,0.34096077
static,15,true,false,1,15,0.19883749
static,15,true,false,1,16,0.25192234
static,15,true,false,2,1,95.94014
static,15,true,false,2,2,37.991203
static,15,true,false,2,3,23.135
static,15,true,false,2,4,22.45429
static,15,true,false,2,5,22.988998
static,15,true,false,2,6,6.856929
static,15,true,false,2,7,4.786123
static,15,true,false,2,8,3.5608752
static,15,true,false,2,9,2.2368608
static,15,true,false,2,10,1.9039085
static,15,true,false,2,11,0.9980633
static,15,true,false,2,12,0.57834595
static,15,true,false,2,13,0.42637187
static,15,true,false,2,14,0.30261266
static,15,true,false,2,15,0.24131742
static,15,true,false,2,16,0.3456587
static,15,true,false,3,1,97.10937
static,15,true,false,3,2,28.437859
static,15,true,false,3,3,23.41275
static,15,true,false,3,4,19.553783
static,15,true,false,3,5,25.493347
static,15,true,false,3,6,10.259381
static,15,true,false,3,7,11.273541
static,15,true,false,3,8,7.3552413
static,15,true,false,3,9,3.619751
static,15,true,false,3,10,2.053781
static,15,true,false,3,11,1.3812908
static,15,true,false,3,12,0.5670658
static,15,true,false,3,13,0.3450619
static,15,true,false,3,14,0.34032032
static,15,true,false,3,15,0.24129072
static,15,true,false,3,16,0.33337358
static,15,false,true,1,1,73906.51
static,15,false,true,1,2,18553.445
static,15,false,true,1,3,8024.1494
static,15,false,true,1,4,5010.919
static,15,false,true,1,5,3312.544
static,15,false,true,1,6,3263.5461
static,15,false,true,1,7,939.64874
static,15,false,true,1,8,657.5996
static,15,false,true,1,9,257.2987
static,15,false,true,1,10,166.38078
static,15,false,true,1,11,14.168085
static,15,false,true,1,12,5.7467155
static,15,false,true,1,13,2.0186083
static,15,false,true,1,14,0.9186326
static,15,false,true,1,15,0.41243476
static,15,false,true,1,16,0.22581623
static,15,false,true,2,1,214701.16
static,15,false,true,2,2,47661.246
static,15,false,true,2,3,21547.225
static,15,false,true,2,4,2664.4424
static,15,false,true,2,5,1540.9781
static,15,false,true,2,6,605.229
static,15,false,true,2,7,353.5714
static,15,false,true,2,8,118.91878
static,15,false,true,2,9,74.42184
static,15,false,true,2,10,29.055695
static,15,false,true,2,11,14.24302
static,15,false,true,2,12,4.8443227
static,15,false,true,2,13,2.307585
static,15,false,true,2,14,1.0330784
static,15,false,true,2,15,0.41328526
static,15,false,true,2,16,0.19080961
static,15,false,true,3,1,58029.344
static,15,false,true,3,2,11549.335
static,15,false,true,3,3,5681.4004
static,15,false,true,3,4,3889.2566
static,15,false,true,3,5,1234.2557
static,15,false,true,3,6,633.59753
static,15,false,true,3,7,361.3522
static,15,false,true,3,8,180.90094
static,15,false,true,3,9,55.841015
static,15,false,true,3,10,31.507278
static,15,false,true,3,11,14.69097
static,15,false,true,3,12,6.215938
static,15,false,true,3,13,3.588934
static,15,false,true,3,14,0.99406874
static,15,false,true,3,15,0.45881766
static,15,false,true,3,16,0.22518772
static,15,true,true,1,1,621.70844
static,15,true,true,1,2,113.813255
static,15,true,true,1,3,80.151955
static,15,true,true,1,4,64.951965
static,15,true,true,1,5,41.605038
static,15,true,true,1,6,30.83218
static,15,true,true,1,7,22.675869
static,15,true,true,1,8,27.183134
static,15,true,true,1,9,8.959803
static,15,true,true,1,10,3.6707928
static,15,true,true,1,11,2.4281316
static,15,true,true,1,12,1.4611995
static,15,true,true,1,13,0.79609627
static,15,true,true,1,14,0.38406464
static,15,true,true,1,15,0.22943394
static,15,true,true,1,16,0.1298286
static,15,true,true,2,1,776.67725
static,15,true,true,2,2,158.4735
static,15,true,true,2,3,92.14284
static,15,true,true,2,4,54.87435
static,15,true,true,2,5,39.230232
static,15,true,true,2,6,29.423784
static,15,true,true,2,7,15.078808
static,15,true,true,2,8,10.409019
static,15,true,true,2,9,5.8967466
static,15,true,true,2,10,3.9079652
static,15,true,true,2,11,2.6724832
static,15,true,true,2,12,2.337621
static,15,true,true,2,13,1.3498203
static,15,true,true,2,14,0.92449546
static,15,true,true,2,15,0.28211355
static,15,true,true,2,16,0.11564165
static,15,true,true,3,1,593.1082
static,15,true,true,3,2,139.84616
static,15,true,true,3,3,124.03938
static,15,true,true,3,4,44.721516
static,15,true,true,3,5,39.6816
static,15,true,true,3,6,18.608831
static,15,true,true,3,7,9.363725
static,15,true,true,3,8,6.3477564
static,15,true,true,3,9,3.6617448
static,15,true,true,3,10,2.4808426
static,15,true,true,3,11,1.1903261
static,15,true,true,3,12,0.7123519
static,15,true,true,3,13,0.43353388
static,15,true,true,3,14,0.31301555
static,15,true,true,3,15,0.21273686
static,15,true,true,3,16,0.13809748
static,20,false,false,1,1,412398.2
static,20,false,false,1,2,45361.293
static,20,false,false,1,3,31609.559
static,20,false,false,1,4,17887.76
static,20,false,false,1,5,9717.974
static,20,false,false,1,6,5164.0527
static,20,false,false,1,7,2731.7942
static,20,false,false,1,8,1811.9071
static,20,false,false,1,9,1256.4355
static,20,false,false,1,10,664.40936
static,20,false,false,1,11,218.77325
static,20,false,false,1,12,155.18953
static,20,false,false,1,13,92.70954
static,20,false,false,1,14,54.787292
static,20,false,false,1,15,23.241674
static,20,false,false,1,16,5.6376467
static,20,false,false,1,17,4.093341
static,20,false,false,1,18,1.9298705
static,20,false,false,1,19,1.0912384
static,20,false,false,1,20,0.5011794
static,20,false,false,1,21,0.23872526
static,20,false,false,2,1,157581.9
static,20,false,false,2,2,37128.7
static,20,false,false,2,3,24415.293
static,20,false,false,2,4,11552.372
static,20,false,false,2,5,9099.868
static,20,false,false,2,6,5881.017
static,20,false,false,2,7,2873.8276
static,20,false,false,2,8,1146.054
static,20,false,false,2,9,639.11896
static,20,false,false,2,10,387.86087
static,20,false,false,2,11,218.55446
static,20,false,false,2,12,137.67012
static,20,false,false,2,13,84.29028
static,20,false,false,2,14,51.52772
static,20,false,false,2,15,29.328697
static,20,false,false,2,16,13.480894
static,20,false,false,2,17,4.756624
static,20,false,false,2,18,1.6678348
static,20,false,false,2,19,1.1221424
static,20,false,false,2,20,0.73231924
static,20,false,false,2,21,0.23719338
static,20,false,false,3,1,83656.695
static,20,false,false,3,2,16236.124
static,20,false,false,3,3,8031.388
static,20,false,false,3,4,5822.639
static,20,false,false,3,5,4121.4
static,20,false,false,3,6,2742.6545
static,20,false,false,3,7,1649.6471
static,20,false,false,3,8,704.25934
static,20,false,false,3,9,426.6627
static,20,false,false,3,10,313.36075
static,20,false,false,3,11,224.06429
static,20,false,false,3,12,129.04318
static,20,false,false,3,13,76.2639
static,20,false,false,3,14,48.54871
static,20,false,false,3,15,15.698328
static,20,false,false,3,16,7.8397083
static,20,false,false,3,17,4.800603
static,20,false,false,3,18,2.1179948
static,20,false,false,3,19,1.016765
static,20,false,false,3,20,0.46756667
static,20,false,false,3,21,0.17631128
static,20,true,false,1,1,1786.5426
static,20,true,false,1,2,524.3439
static,20,true,false,1,3,536.5094
static,20,true,false,1,4,254.77911
static,20,true,false,1,5,171.80988
static,20,true,false,1,6,152.1392
static,20,true,false,1,7,45.447918
static,20,true,false,1,8,36.51665
static,20,true,false,1,9,24.068954
static,20,true,false,1,10,14.584645
static,20,true,false,1,11,17.876549
static,20,true,false,1,12,10.454871
static,20,true,false,1,13,9.765399
static,20,true,false,1,14,11.197375
static,20,true,false,1,15,7.7266226
static,20,true,false,1,16,4.4661045
static,20,true,false,1,17,1.2465527
static,20,true,false,1,18,1.4669126
static,20,true,false,1,19,0.3845497
static,20,true,false,1,20,0.5504378
static,20,true,false,1,21,0.3849919
static,20,true,false,2,1,1353.1698
static,20,true,false,2,2,466.87265
static,20,true,false,2,3,352.3645
static,20,true,false,2,4,356.9904
static,20,true,false,2,5,272.99875
static,20,true,false,2,6,194.13976
static,20,true,false,2,7,153.91992
static,20,true,false,2,8,106.025215
static,20,true,false,2,9,76.952156
static,20,true,false,2,10,109.45984
static,20,true,false,2,11,81.077385
static,20,true,false,2,12,78.21643
static,20,true,false,2,13,59.531258
static,20,true,false,2,14,48.161263
static,20,true,false,2,15,62.240597
static,20,true,false,2,16,52.05124
static,20,true,false,2,17,8.864876
static,20,true,false,2,18,2.5236704
static,20,true,false,2,19,0.44129995
static,20,true,false,2,20,0.28541395
static,20,true,false,2,21,0.34286225
static,20,true,false,3,1,178.74974
static,20,true,false,3,2,55.147217
static,20,true,false,3,3,53.278152
static,20,true,false,3,4,37.24778
static,20,true,false,3,5,54.60521
static,20,true,false,3,6,20.036844
static,20,true,false,3,7,26.159534
static,20,true,false,3,8,15.581781
static,20,true,false,3,9,13.1296
static,20,true,false,3,10,5.6938553
static,20,true,false,3,11,3.9647617
static,20,true,false,3,12,3.84313
static,20,true,false,3,13,3.0564134
static,20,true,false,3,14,2.5602667
static,20,true,false,3,15,1.1938319
static,20,true,false,3,16,1.8419324
static,20,true,false,3,17,1.6442405
static,20,true,false,3,18,1.1816921
static,20,true,false,3,19,0.24416667
static,20,true,false,3,20,0.17760447
static,20,true,false,3,21,0.2385087
static,20,false,true,1,1,1.5437532e6
static,20,false,true,1,2,316281.94
static,20,false,true,1,3,166385.33
static,20,false,true,1,4,90558.68
static,20,false,true,1,5,50410.156
static,20,false,true,1,6,37753.734
static,20,false,true,1,7,12273.895
static,20,false,true,1,8,8563.456
static,20,false,true,1,9,3511.262
static,20,false,true,1,10,2253.2754
static,20,false,true,1,11,597.41034
static,20,false,true,1,12,352.33487
static,20,false,true,1,13,198.1913
static,20,false,true,1,14,120.53141
static,20,false,true,1,15,49.67038
static,20,false,true,1,16,22.912928
static,20,false,true,1,17,11.925764
static,20,false,true,1,18,5.7845883
static,20,false,true,1,19,4.7344365
static,20,false,true,1,20,1.81018
static,20,false,true,1,21,0.27682367
static,20,false,true,2,1,2.9475045e6
static,20,false,true,2,2,631775.2
static,20,false,true,2,3,324797.88
static,20,false,true,2,4,131860.08
static,20,false,true,2,5,95256.36
static,20,false,true,2,6,35380.438
static,20,false,true,2,7,19567.08
static,20,false,true,2,8,7657.027
static,20,false,true,2,9,3061.3235
static,20,false,true,2,10,1520.2571
static,20,false,true,2,11,973.5316
static,20,false,true,2,12,294.73306
static,20,false,true,2,13,218.08086
static,20,false,true,2,14,56.210278
static,20,false,true,2,15,30.666948
static,20,false,true,2,16,13.756685
static,20,false,true,2,17,8.00539
static,20,false,true,2,18,5.3060703
static,20,false,true,2,19,1.4815965
static,20,false,true,2,20,0.6179902
static,20,false,true,2,21,0.22682798
static,20,false,true,3,1,1.7359075e6
static,20,false,true,3,2,267439.06
static,20,false,true,3,3,149757.62
static,20,false,true,3,4,74822.85
static,20,false,true,3,5,43412.246
static,20,false,true,3,6,23356.615
static,20,false,true,3,7,10231.447
static,20,false,true,3,8,5328.8843
static,20,false,true,3,9,2123.1262
static,20,false,true,3,10,858.70337
static,20,false,true,3,11,418.7443
static,20,false,true,3,12,232.6648
static,20,false,true,3,13,133.73143
static,20,false,true,3,14,55.74489
static,20,false,true,3,15,16.535372
static,20,false,true,3,16,8.13105
static,20,false,true,3,17,4.0813966
static,20,false,true,3,18,1.7984612
static,20,false,true,3,19,1.0482421
static,20,false,true,3,20,0.40352917
static,20,false,true,3,21,0.2025283
static,20,true,true,1,1,5304.8555
static,20,true,true,1,2,895.65265
static,20,true,true,1,3,581.916
static,20,true,true,1,4,349.12045
static,20,true,true,1,5,295.6496
static,20,true,true,1,6,171.0612
static,20,true,true,1,7,84.21934
static,20,true,true,1,8,57.38498
static,20,true,true,1,9,40.423355
static,20,true,true,1,10,26.441153
static,20,true,true,1,11,16.767237
static,20,true,true,1,12,11.630534
static,20,true,true,1,13,9.658214
static,20,true,true,1,14,3.5677593
static,20,true,true,1,15,2.4230247
static,20,true,true,1,16,1.6007434
static,20,true,true,1,17,1.1991975
static,20,true,true,1,18,0.7684175
static,20,true,true,1,19,0.3743241
static,20,true,true,1,20,0.26117903
static,20,true,true,1,21,0.2108381
static,20,true,true,2,1,14615.054
static,20,true,true,2,2,2779.592
static,20,true,true,2,3,1721.0731
static,20,true,true,2,4,1099.845
static,20,true,true,2,5,661.555
static,20,true,true,2,6,482.21964
static,20,true,true,2,7,244.093
static,20,true,true,2,8,193.92311
static,20,true,true,2,9,93.14899
static,20,true,true,2,10,72.06909
static,20,true,true,2,11,52.707615
static,20,true,true,2,12,44.508293
static,20,true,true,2,13,27.834951
static,20,true,true,2,14,19.460264
static,20,true,true,2,15,3.5018299
static,20,true,true,2,16,1.8132474
static,20,true,true,2,17,1.0933285
static,20,true,true,2,18,0.8130476
static,20,true,true,2,19,0.37452298
static,20,true,true,2,20,0.251594
static,20,true,true,2,21,0.111251846
static,20,true,true,3,1,14037.058
static,20,true,true,3,2,3089.8289
static,20,true,true,3,3,2662.6052
static,20,true,true,3,4,1166.0692
static,20,true,true,3,5,949.1044
static,20,true,true,3,6,316.3873
static,20,true,true,3,7,181.68295
static,20,true,true,3,8,153.6764
static,20,true,true,3,9,76.07922
static,20,true,true,3,10,51.435368
static,20,true,true,3,11,20.179033
static,20,true,true,3,12,13.748107
static,20,true,true,3,13,13.636261
static,20,true,true,3,14,4.9005456
static,20,true,true,3,15,4.425891
static,20,true,true,3,16,2.5248923
static,20,true,true,3,17,1.7481402
static,20,true,true,3,18,0.80829453
static,20,true,true,3,19,0.37539342
static,20,true,true,3,20,0.22451656
static,20,true,true,3,21,0.12973881
static,25,false,false,1,1,1.4128486e7
static,25,false,false,1,2,1.0242179e6
static,25,false,false,1,3,661123.5
static,25,false,false,1,4,321543.6
static,25,false,false,1,5,199348.53
static,25,false,false,1,6,135537.0
static,25,false,false,1,7,68443.72
static,25,false,false,1,8,36954.023
static,25,false,false,1,9,29380.12
static,25,false,false,1,10,16002.862
static,25,false,false,1,11,4862.4863
static,25,false,false,1,12,3402.3281
static,25,false,false,1,13,2103.2368
static,25,false,false,1,14,1242.5958
static,25,false,false,1,15,550.4653
static,25,false,false,1,16,148.51192
static,25,false,false,1,17,82.814445
static,25,false,false,1,18,56.79396
static,25,false,false,1,19,22.616125
static,25,false,false,1,20,11.067015
static,25,false,false,1,21,6.714197
static,25,false,false,1,22,3.6936214
static,25,false,false,1,23,2.5902033
static,25,false,false,1,24,1.8059319
static,25,false,false,1,25,0.4650738
static,25,false,false,1,26,0.19420955
static,25,false,false,2,1,3.0169995e6
static,25,false,false,2,2,808693.94
static,25,false,false,2,3,215026.23
static,25,false,false,2,4,156185.45
static,25,false,false,2,5,95141.12
static,25,false,false,2,6,57601.547
static,25,false,false,2,7,39073.03
static,25,false,false,2,8,23397.824
static,25,false,false,2,9,11953.313
static,25,false,false,2,10,11337.917
static,25,false,false,2,11,7495.9805
static,25,false,false,2,12,3765.7134
static,25,false,false,2,13,2160.5884
static,25,false,false,2,14,837.0935
static,25,false,false,2,15,576.0241
static,25,false,false,2,16,260.318
static,25,false,false,2,17,101.62041
static,25,false,false,2,18,53.25457
static,25,false,false,2,19,34.170605
static,25,false,false,2,20,23.592314
static,25,false,false,2,21,15.580704
static,25,false,false,2,22,9.698892
static,25,false,false,2,23,5.0973697
static,25,false,false,2,24,2.7681234
static,25,false,false,2,25,0.75723994
static,25,false,false,2,26,0.3129108
static,25,false,false,3,1,8.389759e6
static,25,false,false,3,2,1.8535712e6
static,25,false,false,3,3,1.1337459e6
static,25,false,false,3,4,944612.0
static,25,false,false,3,5,177015.25
static,25,false,false,3,6,156591.73
static,25,false,false,3,7,171134.44
static,25,false,false,3,8,50246.113
static,25,false,false,3,9,24362.73
static,25,false,false,3,10,14406.545
static,25,false,false,3,11,9463.653
static,25,false,false,3,12,5852.272
static,25,false,false,3,13,4706.301
static,25,false,false,3,14,3247.0073
static,25,false,false,3,15,1106.0704
static,25,false,false,3,16,469.83362
static,25,false,false,3,17,352.10583
static,25,false,false,3,18,390.85187
static,25,false,false,3,19,73.85822
static,25,false,false,3,20,47.581905
static,25,false,false,3,21,10.9920025
static,25,false,false,3,22,5.7733855
static,25,false,false,3,23,2.5788987
static,25,false,false,3,24,1.4047866
static,25,false,false,3,25,0.5428834
static,25,false,false,3,26,0.19480263
static,25,true,false,1,1,4772.709
static,25,true,false,1,2,664.62897
static,25,true,false,1,3,477.73645
static,25,true,false,1,4,281.31274
static,25,true,false,1,5,136.45226
static,25,true,false,1,6,99.927956
static,25,true,false,1,7,61.578506
static,25,true,false,1,8,86.52705
static,25,true,false,1,9,44.25178
static,25,true,false,1,10,25.396717
static,25,true,false,1,11,16.860262
static,25,true,false,1,12,12.6803465
static,25,true,false,1,13,10.183344
static,25,true,false,1,14,8.971398
static,25,true,false,1,15,6.693949
static,25,true,false,1,16,3.904363
static,25,true,false,1,17,2.7410963
static,25,true,false,1,18,1.4919487
static,25,true,false,1,19,1.2155347
static,25,true,false,1,20,1.3369296
static,25,true,false,1,21,1.0050348
static,25,true,false,1,22,0.5725607
static,25,true,false,1,23,0.35428646
static,25,true,false,1,24,0.27660412
static,25,true,false,1,25,0.2920084
static,25,true,false,1,26,0.33945158
static,25,true,false,2,1,3377.4922
static,25,true,false,2,2,1109.3708
static,25,true,false,2,3,1147.7083
static,25,true,false,2,4,1090.7566
static,25,true,false,2,5,721.05225
static,25,true,false,2,6,496.12494
static,25,true,false,2,7,346.6031
static,25,true,false,2,8,296.40372
static,25,true,false,2,9,195.63911
static,25,true,false,2,10,206.81435
static,25,true,false,2,11,115.745155
static,25,true,false,2,12,86.689514
static,25,true,false,2,13,57.33246
static,25,true,false,2,14,45.142357
static,25,true,false,2,15,67.21871
static,25,true,false,2,16,81.385254
static,25,true,false,2,17,11.553652
static,25,true,false,2,18,7.308747
static,25,true,false,2,19,6.2210994
static,25,true,false,2,20,3.7637265
static,25,true,false,2,21,2.164392
static,25,true,false,2,22,2.2946131
static,25,true,false,2,23,1.0775921
static,25,true,false,2,24,0.3963733
static,25,true,false,2,25,0.48877323
static,25,true,false,2,26,0.24959597
static,25,true,false,3,1,2742.5396
static,25,true,false,3,2,1022.80554
static,25,true,false,3,3,634.7855
static,25,true,false,3,4,539.6626
static,25,true,false,3,5,373.7775
static,25,true,false,3,6,188.27975
static,25,true,false,3,7,200.56285
static,25,true,false,3,8,139.23709
static,25,true,false,3,9,123.1168
static,25,true,false,3,10,92.56881
static,25,true,false,3,11,75.96787
static,25,true,false,3,12,107.14092
static,25,true,false,3,13,88.13168
static,25,true,false,3,14,72.05295
static,25,true,false,3,15,25.022741
static,25,true,false,3,16,42.87219
static,25,true,false,3,17,41.532536
static,25,true,false,3,18,28.521606
static,25,true,false,3,19,4.899913
static,25,true,false,3,20,2.1009064
static,25,true,false,3,21,1.9966443
static,25,true,false,3,22,1.6239359
static,25,true,false,3,23,1.115105
static,25,true,false,3,24,0.7688064
static,25,true,false,3,25,0.33550462
static,25,true,false,3,26,0.23327054
static,25,false,true,1,1,7.640082e7
static,25,false,true,1,2,1.81443e7
static,25,false,true,1,3,8.371122e6
static,25,false,true,1,4,4.092817e6
static,25,false,true,1,5,2.5108e6
static,25,false,true,1,6,2.3261408e6
static,25,false,true,1,7,679565.9
static,25,false,true,1,8,458579.53
static,25,false,true,1,9,178659.44
static,25,false,true,1,10,119877.484
static,25,false,true,1,11,21274.777
static,25,false,true,1,12,13471.042
static,25,false,true,1,13,6401.4043
static,25,false,true,1,14,2648.857
static,25,false,true,1,15,1306.698
static,25,false,true,1,16,588.4246
static,25,false,true,1,17,246.82643
static,25,false,true,1,18,134.53874
static,25,false,true,1,19,106.159966
static,25,false,true,1,20,41.436066
static,25,false,true,1,21,11.091681
static,25,false,true,1,22,4.963116
static,25,false,true,1,23,2.122556
static,25,false,true,1,24,1.1340538
static,25,false,true,1,25,0.5493563
static,25,false,true,1,26,0.19263628
static,25,false,true,2,1,4.2539123e8
static,25,false,true,2,2,1.0542584e8
static,25,false,true,2,3,8.4420296e7
static,25,false,true,2,4,1.6812996e7
static,25,false,true,2,5,1.8672206e7
static,25,false,true,2,6,7.986984e6
static,25,false,true,2,7,4.6817045e6
static,25,false,true,2,8,2.2806968e6
static,25,false,true,2,9,907776.5
static,25,false,true,2,10,454437.12
static,25,false,true,2,11,306416.9
static,25,false,true,2,12,78209.34
static,25,false,true,2,13,67102.98
static,25,false,true,2,14,11249.957
static,25,false,true,2,15,7688.9946
static,25,false,true,2,16,3291.0044
static,25,false,true,2,17,1869.7783
static,25,false,true,2,18,1320.5979
static,25,false,true,2,19,102.1224
static,25,false,true,2,20,107.2574
static,25,false,true,2,21,7.87541
static,25,false,true,2,22,3.9428432
static,25,false,true,2,23,1.8713981
static,25,false,true,2,24,1.0053327
static,25,false,true,2,25,0.44617984
static,25,false,true,2,26,0.24275358
static,25,false,true,3,1,9.6237704e7
static,25,false,true,3,2,1.4450734e7
static,25,false,true,3,3,1.0145265e7
static,25,false,true,3,4,5.476701e6
static,25,false,true,3,5,3.1170065e6
static,25,false,true,3,6,1.2042682e6
static,25,false,true,3,7,592541.8
static,25,false,true,3,8,218480.48
static,25,false,true,3,9,112896.87
static,25,false,true,3,10,75759.03
static,25,false,true,3,11,32587.773
static,25,false,true,3,12,17897.486
static,25,false,true,3,13,10010.297
static,25,false,true,3,14,2357.703
static,25,false,true,3,15,991.5052
static,25,false,true,3,16,594.1517
static,25,false,true,3,17,305.56927
static,25,false,true,3,18,127.63183
static,25,false,true,3,19,79.18688
static,25,false,true,3,20,30.874233
static,25,false,true,3,21,16.044628
static,25,false,true,3,22,6.3981986
static,25,false,true,3,23,2.74693
static,25,false,true,3,24,1.3035489
static,25,false,true,3,25,0.5415167
static,25,false,true,3,26,0.23028933
static,25,true,true,1,1,64891.3
static,25,true,true,1,2,7271.571
static,25,true,true,1,3,4749.2554
static,25,true,true,1,4,2847.469
static,25,true,true,1,5,2514.3484
static,25,true,true,1,6,1262.6051
static,25,true,true,1,7,920.3595
static,25,true,true,1,8,649.09705
static,25,true,true,1,9,377.722
static,25,true,true,1,10,297.66125
static,25,true,true,1,11,262.1254
static,25,true,true,1,12,219.26288
static,25,true,true,1,13,95.50255
static,25,true,true,1,14,43.760056
static,25,true,true,1,15,27.69698
static,25,true,true,1,16,15.232756
static,25,true,true,1,17,10.090451
static,25,true,true,1,18,6.3190775
static,25,true,true,1,19,6.680405
static,25,true,true,1,20,2.3046768
static,25,true,true,1,21,1.4604983
static,25,true,true,1,22,0.8516685
static,25,true,true,1,23,0.52734345
static,25,true,true,1,24,0.3772668
static,25,true,true,1,25,0.25961939
static,25,true,true,1,26,0.20538077
static,25,true,true,2,1,48431.66
static,25,true,true,2,2,10874.765
static,25,true,true,2,3,7920.994
static,25,true,true,2,4,6323.8545
static,25,true,true,2,5,3844.1387
static,25,true,true,2,6,2205.709
static,25,true,true,2,7,1544.3469
static,25,true,true,2,8,1129.3547
static,25,true,true,2,9,716.5298
static,25,true,true,2,10,535.46967
static,25,true,true,2,11,372.54962
static,25,true,true,2,12,318.27524
static,25,true,true,2,13,174.11995
static,25,true,true,2,14,106.60754
static,25,true,true,2,15,43.13878
static,25,true,true,2,16,26.195024
static,25,true,true,2,17,22.279976
static,25,true,true,2,18,24.434017
static,25,true,true,2,19,12.11327
static,25,true,true,2,20,9.72539
static,25,true,true,2,21,10.718974
static,25,true,true,2,22,4.886817
static,25,true,true,2,23,2.6488965
static,25,true,true,2,24,0.47822577
static,25,true,true,2,25,0.24311565
static,25,true,true,2,26,0.25448883
static,25,true,true,3,1,255174.44
static,25,true,true,3,2,53302.293
static,25,true,true,3,3,34152.098
static,25,true,true,3,4,22852.086
static,25,true,true,3,5,15294.36
static,25,true,true,3,6,4518.1694
static,25,true,true,3,7,3226.0664
static,25,true,true,3,8,3494.457
static,25,true,true,3,9,1034.7655
static,25,true,true,3,10,519.182
static,25,true,true,3,11,318.25543
static,25,true,true,3,12,299.33255
static,25,true,true,3,13,281.34912
static,25,true,true,3,14,109.11832
static,25,true,true,3,15,128.55203
static,25,true,true,3,16,59.79947
static,25,true,true,3,17,43.749798
static,25,true,true,3,18,20.684374
static,25,true,true,3,19,5.8523107
static,25,true,true,3,20,3.178676
static,25,true,true,3,21,1.9259849
static,25,true,true,3,22,0.98523915
static,25,true,true,3,23,0.59934694
static,25,true,true,3,24,0.36647415
static,25,true,true,3,25,0.2009246
static,25,true,true,3,26,0.15708935
static,30,false,false,1,1,1.1598606e8
static,30,false,false,1,2,8.0703645e6
static,30,false,false,1,3,5.8726095e6
static,30,false,false,1,4,2.7079742e6
static,30,false,false,1,5,1.7948706e6
static,30,false,false,1,6,705263.25
static,30,false,false,1,7,350368.12
static,30,false,false,1,8,202117.11
static,30,false,false,1,9,130384.53
static,30,false,false,1,10,76126.16
static,30,false,false,1,11,28997.047
static,30,false,false,1,12,20583.834
static,30,false,false,1,13,11644.036
static,30,false,false,1,14,7422.6216
static,30,false,false,1,15,3480.8623
static,30,false,false,1,16,1628.8712
static,30,false,false,1,17,1075.6089
static,30,false,false,1,18,670.6876
static,30,false,false,1,19,351.98917
static,30,false,false,1,20,139.95557
static,30,false,false,1,21,92.46301
static,30,false,false,1,22,56.882393
static,30,false,false,1,23,32.814693
static,30,false,false,1,24,23.458895
static,30,false,false,1,25,8.812755
static,30,false,false,1,26,5.690762
static,30,false,false,1,27,3.7319503
static,30,false,false,1,28,1.5013022
static,30,false,false,1,29,0.7241017
static,30,false,false,1,30,0.42826152
static,30,false,false,1,31,0.25447097
static,30,false,false,2,1,1.9180814e8
static,30,false,false,2,2,5.4820292e7
static,30,false,false,2,3,9.992371e6
static,30,false,false,2,4,1.1291115e7
static,30,false,false,2,5,6.0704445e6
static,30,false,false,2,6,1.0597541e6
static,30,false,false,2,7,771043.6
static,30,false,false,2,8,413272.8
static,30,false,false,2,9,203942.62
static,30,false,false,2,10,143344.39
static,30,false,false,2,11,94364.805
static,30,false,false,2,12,63466.61
static,30,false,false,2,13,28222.936
static,30,false,false,2,14,15572.287
static,30,false,false,2,15,10547.4375
static,30,false,false,2,16,7978.4805
static,30,false,false,2,17,6318.325
static,30,false,false,2,18,1831.0188
static,30,false,false,2,19,2062.8672
static,30,false,false,2,20,806.7283
static,30,false,false,2,21,457.99692
static,30,false,false,2,22,305.68198
static,30,false,false,2,23,149.22546
static,30,false,false,2,24,65.272316
static,30,false,false,2,25,23.353245
static,30,false,false,2,26,10.304409
static,30,false,false,2,27,8.151101
static,30,false,false,2,28,3.2608626
static,30,false,false,2,29,0.6806939
static,30,false,false,2,30,0.36108443
static,30,false,false,2,31,0.18685827
static,30,false,false,3,1,2.053165e7
static,30,false,false,3,2,3.9114848e6
static,30,false,false,3,3,3.3473102e6
static,30,false,false,3,4,1.5486166e6
static,30,false,false,3,5,880622.7
static,30,false,false,3,6,941410.75
static,30,false,false,3,7,594223.75
static,30,false,false,3,8,347497.4
static,30,false,false,3,9,184223.14
static,30,false,false,3,10,147271.95
static,30,false,false,3,11,78495.92
static,30,false,false,3,12,63266.6
static,30,false,false,3,13,30477.09
static,30,false,false,3,14,28296.852
static,30,false,false,3,15,22762.53
static,30,false,false,3,16,8926.792
static,30,false,false,3,17,4488.6875
static,30,false,false,3,18,3529.084
static,30,false,false,3,19,909.3275
static,30,false,false,3,20,668.5946
static,30,false,false,3,21,441.25705
static,30,false,false,3,22,333.57278
static,30,false,false,3,23,72.51706
static,30,false,false,3,24,35.929684
static,30,false,false,3,25,17.116863
static,30,false,false,3,26,6.273319
static,30,false,false,3,27,3.9832373
static,30,false,false,3,28,2.7053754
static,30,false,false,3,29,1.1829864
static,30,false,false,3,30,0.83965987
static,30,false,false,3,31,0.26958868
static,30,true,false,1,1,18608.398
static,30,true,false,1,2,5889.4927
static,30,true,false,1,3,5782.425
static,30,true,false,1,4,2522.1685
static,30,true,false,1,5,1376.3817
static,30,true,false,1,6,738.0403
static,30,true,false,1,7,485.62775
static,30,true,false,1,8,440.31628
static,30,true,false,1,9,377.03033
static,30,true,false,1,10,193.93202
static,30,true,false,1,11,205.96617
static,30,true,false,1,12,131.71616
static,30,true,false,1,13,86.16827
static,30,true,false,1,14,66.353065
static,30,true,false,1,15,40.933205
static,30,true,false,1,16,27.741205
static,30,true,false,1,17,29.922422
static,30,true,false,1,18,16.638731
static,30,true,false,1,19,12.009033
static,30,true,false,1,20,11.099266
static,30,true,false,1,21,8.912312
static,30,true,false,1,22,6.307256
static,30,true,false,1,23,4.5217695
static,30,true,false,1,24,3.2473867
static,30,true,false,1,25,2.2189462
static,30,true,false,1,26,2.0289245
static,30,true,false,1,27,1.2638972
static,30,true,false,1,28,0.78349
static,30,true,false,1,29,0.4327844
static,30,true,false,1,30,0.38863564
static,30,true,false,1,31,0.25484207
static,30,true,false,2,1,37478.82
static,30,true,false,2,2,10127.891
static,30,true,false,2,3,9410.776
static,30,true,false,2,4,9610.376
static,30,true,false,2,5,4355.37
static,30,true,false,2,6,3305.575
static,30,true,false,2,7,3832.4373
static,30,true,false,2,8,2490.4578
static,30,true,false,2,9,1900.7449
static,30,true,false,2,10,2691.1902
static,30,true,false,2,11,2020.59
static,30,true,false,2,12,2048.0508
static,30,true,false,2,13,1514.4896
static,30,true,false,2,14,1199.3663
static,30,true,false,2,15,1517.5255
static,30,true,false,2,16,1271.2653
static,30,true,false,2,17,215.02173
static,30,true,false,2,18,77.32197
static,30,true,false,2,19,30.27585
static,30,true,false,2,20,22.431581
static,30,true,false,2,21,14.25641
static,30,true,false,2,22,10.411659
static,30,true,false,2,23,8.550325
static,30,true,false,2,24,2.2747257
static,30,true,false,2,25,1.7186489
static,30,true,false,2,26,1.4330908
static,30,true,false,2,27,0.88642037
static,30,true,false,2,28,0.45054674
static,30,true,false,2,29,0.3398978
static,30,true,false,2,30,0.27843332
static,30,true,false,2,31,0.20746654
static,30,true,false,3,1,6091.63
static,30,true,false,3,2,2069.1145
static,30,true,false,3,3,2385.673
static,30,true,false,3,4,1465.9541
static,30,true,false,3,5,1400.3004
static,30,true,false,3,6,738.0778
static,30,true,false,3,7,861.37695
static,30,true,false,3,8,808.82544
static,30,true,false,3,9,557.89465
static,30,true,false,3,10,287.8553
static,30,true,false,3,11,367.4183
static,30,true,false,3,12,79.04134
static,30,true,false,3,13,73.34068
static,30,true,false,3,14,74.10052
static,30,true,false,3,15,21.00903
static,30,true,false,3,16,25.183401
static,30,true,false,3,17,15.528943
static,30,true,false,3,18,10.905198
static,30,true,false,3,19,9.622768
static,30,true,false,3,20,7.354533
static,30,true,false,3,21,5.9007134
static,30,true,false,3,22,6.392805
static,30,true,false,3,23,5.6015544
static,30,true,false,3,24,3.8745992
static,30,true,false,3,25,1.9120587
static,30,true,false,3,26,1.5998739
static,30,true,false,3,27,1.2599375
static,30,true,false,3,28,0.940038
static,30,true,false,3,29,1.0461195
static,30,true,false,3,30,1.4013436
static,30,true,false,3,31,0.2552816
static,30,false,true,1,1,2.0303923e10
static,30,false,true,1,2,3.3964534e9
static,30,false,true,1,3,1.9908623e9
static,30,false,true,1,4,6.276899e8
static,30,false,true,1,5,2.7388355e8
static,30,false,true,1,6,2.1780162e8
static,30,false,true,1,7,4.707742e7
static,30,false,true,1,8,2.1181346e7
static,30,false,true,1,9,1.4467271e7
static,30,false,true,1,10,8.715416e6
static,30,false,true,1,11,2.764636e6
static,30,false,true,1,12,2.2657092e6
static,30,false,true,1,13,699922.7
static,30,false,true,1,14,477499.12
static,30,false,true,1,15,180089.45
static,30,false,true,1,16,102994.01
static,30,false,true,1,17,45302.094
static,30,false,true,1,18,26378.506
static,30,false,true,1,19,22038.088
static,30,false,true,1,20,8722.317
static,30,false,true,1,21,2194.223
static,30,false,true,1,22,1069.3331
static,30,false,true,1,23,319.96115
static,30,false,true,1,24,168.54802
static,30,false,true,1,25,89.60306
static,30,false,true,1,26,15.874068
static,30,false,true,1,27,9.999429
static,30,false,true,1,28,3.6804774
static,30,false,true,1,29,2.3773985
static,30,false,true,1,30,1.7514179
static,30,false,true,1,31,0.21630676
static,30,false,true,2,1,2.4624187e10
static,30,false,true,2,2,6.07956e9
static,30,false,true,2,3,5.2157307e9
static,30,false,true,2,4,1.1048253e9
static,30,false,true,2,5,1.2054598e9
static,30,false,true,2,6,5.2431968e8
static,30,false,true,2,7,3.0143254e8
static,30,false,true,2,8,1.4713168e8
static,30,false,true,2,9,5.8777156e7
static,30,false,true,2,10,2.9412068e7
static,30,false,true,2,11,1.9796482e7
static,30,false,true,2,12,5.3174585e6
static,30,false,true,2,13,4.410003e6
static,30,false,true,2,14,747331.8
static,30,false,true,2,15,505046.0
static,30,false,true,2,16,218008.98
static,30,false,true,2,17,134942.44
static,30,false,true,2,18,83769.24
static,30,false,true,2,19,7509.4043
static,30,false,true,2,20,6881.437
static,30,false,true,2,21,1325.1122
static,30,false,true,2,22,513.8172
static,30,false,true,2,23,323.16962
static,30,false,true,2,24,238.83195
static,30,false,true,2,25,94.40982
static,30,false,true,2,26,27.25244
static,30,false,true,2,27,14.869413
static,30,false,true,2,28,4.985835
static,30,false,true,2,29,2.3459952
static,30,false,true,2,30,0.9502758
static,30,false,true,2,31,0.32431287
static,30,false,true,3,1,6.872179e9
static,30,false,true,3,2,9.9402445e8
static,30,false,true,3,3,6.389789e8
static,30,false,true,3,4,3.0582224e8
static,30,false,true,3,5,1.9286917e8
static,30,false,true,3,6,7.403954e7
static,30,false,true,3,7,3.7478424e7
static,30,false,true,3,8,1.730844e7
static,30,false,true,3,9,6.77221e6
static,30,false,true,3,10,3.5839958e6
static,30,false,true,3,11,1.8901288e6
static,30,false,true,3,12,1.1245704e6
static,30,false,true,3,13,496133.44
static,30,false,true,3,14,199318.03
static,30,false,true,3,15,93024.01
static,30,false,true,3,16,54407.06
static,30,false,true,3,17,29431.395
static,30,false,true,3,18,14349.586
static,30,false,true,3,19,5151.2954
static,30,false,true,3,20,2914.8462
static,30,false,true,3,21,1552.0149
static,30,false,true,3,22,967.9106
static,30,false,true,3,23,455.32303
static,30,false,true,3,24,290.60208
static,30,false,true,3,25,61.589043
static,30,false,true,3,26,18.137997
static,30,false,true,3,27,11.98475
static,30,false,true,3,28,3.713803
static,30,false,true,3,29,2.042769
static,30,false,true,3,30,0.44317907
static,30,false,true,3,31,0.2494403
static,30,true,true,1,1,598675.8
static,30,true,true,1,2,99223.72
static,30,true,true,1,3,54947.14
static,30,true,true,1,4,51718.312
static,30,true,true,1,5,50987.875
static,30,true,true,1,6,18240.19
static,30,true,true,1,7,15547.51
static,30,true,true,1,8,11880.669
static,30,true,true,1,9,4964.6045
static,30,true,true,1,10,4403.4756
static,30,true,true,1,11,2794.8047
static,30,true,true,1,12,1771.594
static,30,true,true,1,13,1532.4762
static,30,true,true,1,14,537.75616
static,30,true,true,1,15,383.82077
static,30,true,true,1,16,262.33395
static,30,true,true,1,17,195.78545
static,30,true,true,1,18,132.38507
static,30,true,true,1,19,123.37164
static,30,true,true,1,20,82.09986
static,30,true,true,1,21,20.125656
static,30,true,true,1,22,12.258961
static,30,true,true,1,23,8.263914
static,30,true,true,1,24,5.4189487
static,30,true,true,1,25,2.7482994
static,30,true,true,1,26,2.143094
static,30,true,true,1,27,1.2347234
static,30,true,true,1,28,0.6191146
static,30,true,true,1,29,0.43079096
static,30,true,true,1,30,0.21478155
static,30,true,true,1,31,0.12800185
static,30,true,true,2,1,584648.75
static,30,true,true,2,2,116827.766
static,30,true,true,2,3,75978.41
static,30,true,true,2,4,54371.91
static,30,true,true,2,5,35225.57
static,30,true,true,2,6,28930.248
static,30,true,true,2,7,15562.404
static,30,true,true,2,8,13709.832
static,30,true,true,2,9,7096.49
static,30,true,true,2,10,5727.489
static,30,true,true,2,11,2700.6455
static,30,true,true,2,12,2292.8228
static,30,true,true,2,13,1275.9049
static,30,true,true,2,14,812.84924
static,30,true,true,2,15,359.02454
static,30,true,true,2,16,229.9559
static,30,true,true,2,17,121.07909
static,30,true,true,2,18,94.6545
static,30,true,true,2,19,68.4564
static,30,true,true,2,20,42.24057
static,30,true,true,2,21,31.561253
static,30,true,true,2,22,18.249748
static,30,true,true,2,23,14.181023
static,30,true,true,2,24,6.3363414
static,30,true,true,2,25,4.5341554
static,30,true,true,2,26,3.3730679
static,30,true,true,2,27,2.1584935
static,30,true,true,2,28,1.5743046
static,30,true,true,2,29,1.7829419
static,30,true,true,2,30,0.23028024
static,30,true,true,2,31,0.15499409
static,30,true,true,3,1,492546.22
static,30,true,true,3,2,93948.805
static,30,true,true,3,3,64417.605
static,30,true,true,3,4,33060.207
static,30,true,true,3,5,23833.027
static,30,true,true,3,6,15148.988
static,30,true,true,3,7,13017.585
static,30,true,true,3,8,7758.6494
static,30,true,true,3,9,5061.2676
static,30,true,true,3,10,3637.074
static,30,true,true,3,11,2010.7908
static,30,true,true,3,12,1554.2155
static,30,true,true,3,13,502.07004
static,30,true,true,3,14,350.01245
static,30,true,true,3,15,375.67383
static,30,true,true,3,16,155.80856
static,30,true,true,3,17,96.2287
static,30,true,true,3,18,55.053875
static,30,true,true,3,19,38.439823
static,30,true,true,3,20,25.775105
static,30,true,true,3,21,19.700832
static,30,true,true,3,22,9.765753
static,30,true,true,3,23,6.639758
static,30,true,true,3,24,3.5874283
static,30,true,true,3,25,2.137779
static,30,true,true,3,26,2.136749
static,30,true,true,3,27,0.8819701
static,30,true,true,3,28,0.57367295
static,30,true,true,3,29,0.3645442
static,30,true,true,3,30,0.18866913
static,30,true,true,3,31,0.1479914
static,35,false,false,1,1,2.7285627e10
static,35,false,false,1,2,1.1160392e9
static,35,false,false,1,3,9.022439e8
static,35,false,false,1,4,3.3001942e8
static,35,false,false,1,5,2.2685502e8
static,35,false,false,1,6,7.2590536e7
static,35,false,false,1,7,2.6130702e7
static,35,false,false,1,8,1.4576618e7
static,35,false,false,1,9,6.374024e6
static,35,false,false,1,10,4.943738e6
static,35,false,false,1,11,2.789538e6
static,35,false,false,1,12,1.1643624e6
static,35,false,false,1,13,601496.6
static,35,false,false,1,14,354147.6
static,35,false,false,1,15,136352.95
static,35,false,false,1,16,72253.26
static,35,false,false,1,17,44003.51
static,35,false,false,1,18,31159.805
static,35,false,false,1,19,12881.526
static,35,false,false,1,20,7268.9155
static,35,false,false,1,21,3734.6323
static,35,false,false,1,22,1712.5321
static,35,false,false,1,23,958.81616
static,35,false,false,1,24,747.3785
static,35,false,false,1,25,575.8941
static,35,false,false,1,26,513.0489
static,35,false,false,1,27,346.73157
static,35,false,false,1,28,34.079792
static,35,false,false,1,29,18.400366
static,35,false,false,1,30,9.9665
static,35,false,false,1,31,5.69063
static,35,false,false,1,32,3.372513
static,35,false,false,1,33,2.0071936
static,35,false,false,1,34,0.96867293
static,35,false,false,1,35,0.39140353
static,35,false,false,1,36,0.2047841
static,35,false,false,2,1,1.5704207e9
static,35,false,false,2,2,4.377996e8
static,35,false,false,2,3,1.3620253e8
static,35,false,false,2,4,9.295371e7
static,35,false,false,2,5,5.6025956e7
static,35,false,false,2,6,2.339443e7
static,35,false,false,2,7,1.0553316e7
static,35,false,false,2,8,5.199531e6
static,35,false,false,2,9,3.006566e6
static,35,false,false,2,10,1.8635819e6
static,35,false,false,2,11,1.1392332e6
static,35,false,false,2,12,646439.44
static,35,false,false,2,13,334336.62
static,35,false,false,2,14,234037.92
static,35,false,false,2,15,90162.625
static,35,false,false,2,16,64732.184
static,35,false,false,2,17,48161.26
static,35,false,false,2,18,11263.999
static,35,false,false,2,19,10840.971
static,35,false,false,2,20,4737.209
static,35,false,false,2,21,3176.0483
static,35,false,false,2,22,2197.4783
static,35,false,false,2,23,939.292
static,35,false,false,2,24,475.69073
static,35,false,false,2,25,275.41583
static,35,false,false,2,26,115.08022
static,35,false,false,2,27,55.96183
static,35,false,false,2,28,32.071354
static,35,false,false,2,29,19.163422
static,35,false,false,2,30,7.2184296
static,35,false,false,2,31,4.3258
static,35,false,false,2,32,3.1187901
static,35,false,false,2,33,1.4895117
static,35,false,false,2,34,0.8003642
static,35,false,false,2,35,0.38401645
static,35,false,false,2,36,0.18998584
static,35,false,false,3,1,3.5723754e8
static,35,false,false,3,2,6.5980264e7
static,35,false,false,3,3,5.3018964e7
static,35,false,false,3,4,3.2793912e7
static,35,false,false,3,5,1.8227928e7
static,35,false,false,3,6,2.5407306e7
static,35,false,false,3,7,1.6850826e7
static,35,false,false,3,8,9.882909e6
static,35,false,false,3,9,5.564817e6
static,35,false,false,3,10,4.567544e6
static,35,false,false,3,11,2.468269e6
static,35,false,false,3,12,1.9994725e6
static,35,false,false,3,13,953892.7
static,35,false,false,3,14,892967.9
static,35,false,false,3,15,725971.44
static,35,false,false,3,16,278614.84
static,35,false,false,3,17,135904.75
static,35,false,false,3,18,108604.52
static,35,false,false,3,19,16857.586
static,35,false,false,3,20,10858.012
static,35,false,false,3,21,4999.9565
static,35,false,false,3,22,4787.372
static,35,false,false,3,23,1312.6965
static,35,false,false,3,24,568.4409
static,35,false,false,3,25,395.22424
static,35,false,false,3,26,118.436676
static,35,false,false,3,27,60.326786
static,35,false,false,3,28,30.074673
static,35,false,false,3,29,13.557074
static,35,false,false,3,30,8.500957
static,35,false,false,3,31,4.386742
static,35,false,false,3,32,2.4129071
static,35,false,false,3,33,1.3147534
static,35,false,false,3,34,0.73086023
static,35,false,false,3,35,0.39796698
static,35,false,false,3,36,0.19055225
static,35,true,false,1,1,39718.02
static,35,true,false,1,2,13623.185
static,35,true,false,1,3,13218.236
static,35,true,false,1,4,5905.4414
static,35,true,false,1,5,3522.2224
static,35,true,false,1,6,2318.0823
static,35,true,false,1,7,1212.833
static,35,true,false,1,8,1236.188
static,35,true,false,1,9,1098.9084
static,35,true,false,1,10,1017.6731
static,35,true,false,1,11,674.9437
static,35,true,false,1,12,478.637
static,35,true,false,1,13,202.68007
static,35,true,false,1,14,189.88489
static,35,true,false,1,15,129.57399
static,35,true,false,1,16,103.040794
static,35,true,false,1,17,104.72666
static,35,true,false,1,18,54.552494
static,35,true,false,1,19,66.20892
static,35,true,false,1,20,46.261864
static,35,true,false,1,21,32.22987
static,35,true,false,1,22,21.882612
static,35,true,false,1,23,15.532271
static,35,true,false,1,24,9.981261
static,35,true,false,1,25,10.658776
static,35,true,false,1,26,7.7794757
static,35,true,false,1,27,4.584729
static,35,true,false,1,28,3.0123065
static,35,true,false,1,29,2.1106336
static,35,true,false,1,30,1.6149932
static,35,true,false,1,31,1.2515433
static,35,true,false,1,32,0.84693676
static,35,true,false,1,33,0.6543988
static,35,true,false,1,34,0.4812849
static,35,true,false,1,35,0.50853866
static,35,true,false,1,36,0.37830538
static,35,true,false,2,1,289509.94
static,35,true,false,2,2,119975.734
static,35,true,false,2,3,100883.94
static,35,true,false,2,4,98229.805
static,35,true,false,2,5,64167.74
static,35,true,false,2,6,37284.258
static,35,true,false,2,7,28537.227
static,35,true,false,2,8,12179.88
static,35,true,false,2,9,11264.868
static,35,true,false,2,10,14441.016
static,35,true,false,2,11,11963.681
static,35,true,false,2,12,10778.961
static,35,true,false,2,13,8601.415
static,35,true,false,2,14,6423.977
static,35,true,false,2,15,8441.292
static,35,true,false,2,16,7182.483
static,35,true,false,2,17,1294.6445
static,35,true,false,2,18,529.4807
static,35,true,false,2,19,339.0007
static,35,true,false,2,20,310.4697
static,35,true,false,2,21,253.07925
static,35,true,false,2,22,178.22824
static,35,true,false,2,23,150.18135
static,35,true,false,2,24,124.31341
static,35,true,false,2,25,108.68382
static,35,true,false,2,26,87.354
static,35,true,false,2,27,36.133358
static,35,true,false,2,28,20.601608
static,35,true,false,2,29,8.782865
static,35,true,false,2,30,6.92518
static,35,true,false,2,31,4.621742
static,35,true,false,2,32,2.4219368
static,35,true,false,2,33,1.2980946
static,35,true,false,2,34,0.418464
static,35,true,false,2,35,0.3041491
static,35,true,false,2,36,0.3057583
static,35,true,false,3,1,29831.502
static,35,true,false,3,2,8498.293
static,35,true,false,3,3,8344.152
static,35,true,false,3,4,6477.6006
static,35,true,false,3,5,5040.4277
static,35,true,false,3,6,4525.861
static,35,true,false,3,7,2603.8792
static,35,true,false,3,8,1754.4241
static,35,true,false,3,9,1307.4949
static,35,true,false,3,10,858.11224
static,35,true,false,3,11,767.6618
static,35,true,false,3,12,584.0853
static,35,true,false,3,13,311.73798
static,35,true,false,3,14,185.56635
static,35,true,false,3,15,112.53418
static,35,true,false,3,16,106.393234
static,35,true,false,3,17,97.03687
static,35,true,false,3,18,72.17367
static,35,true,false,3,19,60.241405
static,35,true,false,3,20,45.036076
static,35,true,false,3,21,31.094347
static,35,true,false,3,22,32.52831
static,35,true,false,3,23,26.903574
static,35,true,false,3,24,16.145348
static,35,true,false,3,25,16.282106
static,35,true,false,3,26,8.828253
static,35,true,false,3,27,9.182556
static,35,true,false,3,28,7.0619817
static,35,true,false,3,29,7.9943547
static,35,true,false,3,30,7.1711216
static,35,true,false,3,31,1.5111532
static,35,true,false,3,32,1.3650857
static,35,true,false,3,33,1.1180977
static,35,true,false,3,34,0.8521773
static,35,true,false,3,35,0.3991577
static,35,true,false,3,36,0.23012939
static,35,false,true,1,1,7.33214e11
static,35,false,true,1,2,2.026063e11
static,35,false,true,1,3,1.1790639e11
static,35,false,true,1,4,3.745073e10
static,35,false,true,1,5,1.6454975e10
static,35,false,true,1,6,1.2891135e10
static,35,false,true,1,7,2.6045443e9
static,35,false,true,1,8,1.1424978e9
static,35,false,true,1,9,7.693334e8
static,35,false,true,1,10,4.836906e8
static,35,false,true,1,11,1.487912e8
static,35,false,true,1,12,1.3497222e8
static,35,false,true,1,13,3.2735182e7
static,35,false,true,1,14,2.205998e7
static,35,false,true,1,15,4.231184e6
static,35,false,true,1,16,2.3760192e6
static,35,false,true,1,17,1.0943244e6
static,35,false,true,1,18,535347.44
static,35,false,true,1,19,425987.88
static,35,false,true,1,20,252518.5
static,35,false,true,1,21,142409.56
static,35,false,true,1,22,61846.367
static,35,false,true,1,23,22522.234
static,35,false,true,1,24,18678.684
static,35,false,true,1,25,13577.526
static,35,false,true,1,26,3949.94
static,35,false,true,1,27,3009.6753
static,35,false,true,1,28,467.02304
static,35,false,true,1,29,282.51962
static,35,false,true,1,30,87.10176
static,35,false,true,1,31,59.058346
static,35,false,true,1,32,39.68672
static,35,false,true,1,33,16.440931
static,35,false,true,1,34,3.5824652
static,35,false,true,1,35,0.5332022
static,35,false,true,1,36,0.19137856
static,35,false,true,2,1,4.3335913e11
static,35,false,true,2,2,8.747965e10
static,35,false,true,2,3,6.0918243e10
static,35,false,true,2,4,1.7234235e10
static,35,false,true,2,5,1.4152504e10
static,35,false,true,2,6,7.3986826e9
static,35,false,true,2,7,3.5318397e9
static,35,false,true,2,8,1.7843247e9
static,35,false,true,2,9,8.1270637e8
static,35,false,true,2,10,4.00548e8
static,35,false,true,2,11,2.4403418e8
static,35,false,true,2,12,7.958798e7
static,35,false,true,2,13,5.4039276e7
static,35,false,true,2,14,1.2804186e7
static,35,false,true,2,15,7.842292e6
static,35,false,true,2,16,3.7497732e6
static,35,false,true,2,17,2.6323408e6
static,35,false,true,2,18,1.1007484e6
static,35,false,true,2,19,224602.48
static,35,false,true,2,20,146409.02
static,35,false,true,2,21,50604.703
static,35,false,true,2,22,27132.287
static,35,false,true,2,23,15277.006
static,35,false,true,2,24,10311.104
static,35,false,true,2,25,3335.9863
static,35,false,true,2,26,1420.493
static,35,false,true,2,27,946.671
static,35,false,true,2,28,265.0091
static,35,false,true,2,29,67.55742
static,35,false,true,2,30,28.505428
static,35,false,true,2,31,11.498979
static,35,false,true,2,32,4.246419
static,35,false,true,2,33,2.1419523
static,35,false,true,2,34,0.98634416
static,35,false,true,2,35,0.5091216
static,35,false,true,2,36,0.21581118
static,35,false,true,3,1,5.0403977e11
static,35,false,true,3,2,9.6468025e10
static,35,false,true,3,3,5.3593678e10
static,35,false,true,3,4,1.9589251e10
static,35,false,true,3,5,1.2128698e10
static,35,false,true,3,6,6.4023767e9
static,35,false,true,3,7,3.730682e9
static,35,false,true,3,8,2.2411494e9
static,35,false,true,3,9,6.987849e8
static,35,false,true,3,10,4.2892048e8
static,35,false,true,3,11,2.5336877e8
static,35,false,true,3,12,1.816596e8
static,35,false,true,3,13,3.6362724e7
static,35,false,true,3,14,1.8473774e7
static,35,false,true,3,15,7.6173835e6
static,35,false,true,3,16,5.866312e6
static,35,false,true,3,17,1.1827168e6
static,35,false,true,3,18,421700.28
static,35,false,true,3,19,229282.48
static,35,false,true,3,20,89367.875
static,35,false,true,3,21,44976.043
static,35,false,true,3,22,17658.447
static,35,false,true,3,23,6917.2515
static,35,false,true,3,24,3244.231
static,35,false,true,3,25,1714.5282
static,35,false,true,3,26,993.7874
static,35,false,true,3,27,389.30246
static,35,false,true,3,28,158.0271
static,35,false,true,3,29,80.20083
static,35,false,true,3,30,42.970375
static,35,false,true,3,31,10.614596
static,35,false,true,3,32,5.806822
static,35,false,true,3,33,2.510876
static,35,false,true,3,34,1.0625206
static,35,false,true,3,35,0.50786406
static,35,false,true,3,36,0.21615036
static,35,true,true,1,1,5.4070185e6
static,35,true,true,1,2,1.02227675e6
static,35,true,true,1,3,448349.62
static,35,true,true,1,4,436650.47
static,35,true,true,1,5,394714.28
static,35,true,true,1,6,168840.23
static,35,true,true,1,7,131889.62
static,35,true,true,1,8,105120.25
static,35,true,true,1,9,46367.832
static,35,true,true,1,10,41279.62
static,35,true,true,1,11,24861.236
static,35,true,true,1,12,18731.947
static,35,true,true,1,13,13820.124
static,35,true,true,1,14,9048.151
static,35,true,true,1,15,4539.435
static,35,true,true,1,16,2630.621
static,35,true,true,1,17,2420.3735
static,35,true,true,1,18,1365.4017
static,35,true,true,1,19,1161.918
static,35,true,true,1,20,505.56604
static,35,true,true,1,21,298.9799
static,35,true,true,1,22,102.05265
static,35,true,true,1,23,87.803696
static,35,true,true,1,24,43.601765
static,35,true,true,1,25,27.953974
static,35,true,true,1,26,21.32873
static,35,true,true,1,27,22.265516
static,35,true,true,1,28,6.1164184
static,35,true,true,1,29,4.5384607
static,35,true,true,1,30,2.6259732
static,35,true,true,1,31,1.5833163
static,35,true,true,1,32,1.0029874
static,35,true,true,1,33,0.89357364
static,35,true,true,1,34,0.29638332
static,35,true,true,1,35,0.18900014
static,35,true,true,1,36,0.12364972
static,35,true,true,2,1,8.937057e6
static,35,true,true,2,2,2.0081888e6
static,35,true,true,2,3,1.5160804e6
static,35,true,true,2,4,1.0352926e6
static,35,true,true,2,5,559452.9
static,35,true,true,2,6,536880.25
static,35,true,true,2,7,265358.25
static,35,true,true,2,8,257234.58
static,35,true,true,2,9,135229.88
static,35,true,true,2,10,101869.95
static,35,true,true,2,11,32850.047
static,35,true,true,2,12,33421.676
static,35,true,true,2,13,17661.27
static,35,true,true,2,14,13621.071
static,35,true,true,2,15,5492.2056
static,35,true,true,2,16,4494.188
static,35,true,true,2,17,2248.9048
static,35,true,true,2,18,1744.196
static,35,true,true,2,19,1295.3732
static,35,true,true,2,20,863.3745
static,35,true,true,2,21,724.4399
static,35,true,true,2,22,448.44754
static,35,true,true,2,23,393.0049
static,35,true,true,2,24,171.78401
static,35,true,true,2,25,129.741
static,35,true,true,2,26,100.158264
static,35,true,true,2,27,64.63205
static,35,true,true,2,28,49.73153
static,35,true,true,2,29,57.562054
static,35,true,true,2,30,3.461805
static,35,true,true,2,31,2.6540678
static,35,true,true,2,32,1.451707
static,35,true,true,2,33,0.9537685
static,35,true,true,2,34,0.6431419
static,35,true,true,2,35,0.20507786
static,35,true,true,2,36,0.13165419
static,35,true,true,3,1,1.2691345e7
static,35,true,true,3,2,1.3350844e6
static,35,true,true,3,3,1.01448125e6
static,35,true,true,3,4,497558.53
static,35,true,true,3,5,395491.53
static,35,true,true,3,6,214566.5
static,35,true,true,3,7,157024.58
static,35,true,true,3,8,110344.69
static,35,true,true,3,9,85156.914
static,35,true,true,3,10,58330.527
static,35,true,true,3,11,25077.076
static,35,true,true,3,12,17391.303
static,35,true,true,3,13,7578.428
static,35,true,true,3,14,6259.917
static,35,true,true,3,15,4114.766
static,35,true,true,3,16,2514.3706
static,35,true,true,3,17,1850.5531
static,35,true,true,3,18,1121.5928
static,35,true,true,3,19,464.19415
static,35,true,true,3,20,498.30124
static,35,true,true,3,21,321.37286
static,35,true,true,3,22,178.7195
static,35,true,true,3,23,110.23715
static,35,true,true,3,24,49.45463
static,35,true,true,3,25,28.557013
static,35,true,true,3,26,16.898489
static,35,true,true,3,27,11.950561
static,35,true,true,3,28,7.4850707
static,35,true,true,3,29,5.4388
static,35,true,true,3,30,3.8545892
static,35,true,true,3,31,3.229378
static,35,true,true,3,32,1.6473441
static,35,true,true,3,33,0.58523464
static,35,true,true,3,34,0.2998101
static,35,true,true,3,35,0.28118065
static,35,true,true,3,36,0.11590548
static,40,false,false,1,1,1.8128226e12
static,40,false,false,1,2,7.471447e10
static,40,false,false,1,3,5.967983e10
static,40,false,false,1,4,2.1576323e10
static,40,false,false,1,5,1.4842948e10
static,40,false,false,1,6,4.7309993e9
static,40,false,false,1,7,1.7304163e9
static,40,false,false,1,8,8.9529306e8
static,40,false,false,1,9,4.1643062e8
static,40,false,false,1,10,3.1509366e8
static,40,false,false,1,11,1.8927192e8
static,40,false,false,1,12,9.168625e7
static,40,false,false,1,13,4.5989212e7
static,40,false,false,1,14,2.8637852e7
static,40,false,false,1,15,9.007961e6
static,40,false,false,1,16,3.9216538e6
static,40,false,false,1,17,2.9505678e6
static,40,false,false,1,18,1.696541e6
static,40,false,false,1,19,764554.8
static,40,false,false,1,20,575533.1
static,40,false,false,1,21,267026.75
static,40,false,false,1,22,117327.73
static,40,false,false,1,23,67742.85
static,40,false,false,1,24,56320.9
static,40,false,false,1,25,51837.465
static,40,false,false,1,26,46894.32
static,40,false,false,1,27,31937.156
static,40,false,false,1,28,2103.7097
static,40,false,false,1,29,1934.2585
static,40,false,false,1,30,865.26263
static,40,false,false,1,31,255.54028
static,40,false,false,1,32,106.06589
static,40,false,false,1,33,88.02091
static,40,false,false,1,34,51.258568
static,40,false,false,1,35,14.320533
static,40,false,false,1,36,4.060327
static,40,false,false,1,37,2.6162152
static,40,false,false,1,38,1.5852897
static,40,false,false,1,39,0.7682155
static,40,false,false,1,40,0.47327617
static,40,false,false,1,41,0.20085974
static,40,false,false,2,1,1.2844132e10
static,40,false,false,2,2,3.2172992e9
static,40,false,false,2,3,1.1759818e9
static,40,false,false,2,4,5.7772256e8
static,40,false,false,2,5,3.3805014e8
static,40,false,false,2,6,2.5096674e8
static,40,false,false,2,7,1.1023273e8
static,40,false,false,2,8,5.379878e7
static,40,false,false,2,9,2.654763e7
static,40,false,false,2,10,1.5379271e7
static,40,false,false,2,11,9.608289e6
static,40,false,false,2,12,6.705646e6
static,40,false,false,2,13,3.9393302e6
static,40,false,false,2,14,3.561594e6
static,40,false,false,2,15,2.511942e6
static,40,false,false,2,16,1.6298536e6
static,40,false,false,2,17,825084.2
static,40,false,false,2,18,313491.7
static,40,false,false,2,19,278222.06
static,40,false,false,2,20,134265.9
static,40,false,false,2,21,69384.02
static,40,false,false,2,22,47589.35
static,40,false,false,2,23,26663.375
static,40,false,false,2,24,17190.871
static,40,false,false,2,25,10778.288
static,40,false,false,2,26,4181.9756
static,40,false,false,2,27,2910.645
static,40,false,false,2,28,1934.4545
static,40,false,false,2,29,1514.5646
static,40,false,false,2,30,1299.1094
static,40,false,false,2,31,672.1786
static,40,false,false,2,32,553.1907
static,40,false,false,2,33,123.40987
static,40,false,false,2,34,18.60131
static,40,false,false,2,35,11.632629
static,40,false,false,2,36,5.6484623
static,40,false,false,2,37,3.6382706
static,40,false,false,2,38,2.4059434
static,40,false,false,2,39,0.9746598
static,40,false,false,2,40,0.4466527
static,40,false,false,2,41,0.22525272
static,40,false,false,3,1,2.1023121e10
static,40,false,false,3,2,3.1427535e9
static,40,false,false,3,3,2.8525074e9
static,40,false,false,3,4,2.2150374e9
static,40,false,false,3,5,1.4433404e9
static,40,false,false,3,6,9.1625126e8
static,40,false,false,3,7,7.7564486e8
static,40,false,false,3,8,4.2727066e8
static,40,false,false,3,9,2.7058288e8
static,40,false,false,3,10,1.8724995e8
static,40,false,false,3,11,9.539978e7
static,40,false,false,3,12,6.6153332e7
static,40,false,false,3,13,5.222114e7
static,40,false,false,3,14,3.0452234e7
static,40,false,false,3,15,9.868248e6
static,40,false,false,3,16,4.0575785e6
static,40,false,false,3,17,1.8280102e6
static,40,false,false,3,18,1.3910309e6
static,40,false,false,3,19,300968.4
static,40,false,false,3,20,185736.27
static,40,false,false,3,21,138268.05
static,40,false,false,3,22,95506.336
static,40,false,false,3,23,70526.36
static,40,false,false,3,24,47028.152
static,40,false,false,3,25,26424.97
static,40,false,false,3,26,19883.941
static,40,false,false,3,27,13601.801
static,40,false,false,3,28,2105.088
static,40,false,false,3,29,1671.6167
static,40,false,false,3,30,1297.4236
static,40,false,false,3,31,362.27063
static,40,false,false,3,32,187.97618
static,40,false,false,3,33,85.5161
static,40,false,false,3,34,54.882942
static,40,false,false,3,35,31.327267
static,40,false,false,3,36,21.77954
static,40,false,false,3,37,4.500284
static,40,false,false,3,38,2.3761055
static,40,false,false,3,39,1.5929297
static,40,false,false,3,40,0.43861344
static,40,false,false,3,41,0.25248554
static,40,true,false,1,1,115226.03
static,40,true,false,1,2,23274.623
static,40,true,false,1,3,18413.525
static,40,true,false,1,4,9768.132
static,40,true,false,1,5,7604.2607
static,40,true,false,1,6,5398.4956
static,40,true,false,1,7,3418.552
static,40,true,false,1,8,6765.148
static,40,true,false,1,9,4179.952
static,40,true,false,1,10,2734.747
static,40,true,false,1,11,2409.1921
static,40,true,false,1,12,2029.1111
static,40,true,false,1,13,793.9398
static,40,true,false,1,14,700.6258
static,40,true,false,1,15,614.3992
static,40,true,false,1,16,366.283
static,40,true,false,1,17,402.56775
static,40,true,false,1,18,382.1666
static,40,true,false,1,19,441.29446
static,40,true,false,1,20,253.89294
static,40,true,false,1,21,272.38565
static,40,true,false,1,22,193.25896
static,40,true,false,1,23,69.95859
static,40,true,false,1,24,59.103878
static,40,true,false,1,25,45.072376
static,40,true,false,1,26,30.886992
static,40,true,false,1,27,25.276339
static,40,true,false,1,28,16.364248
static,40,true,false,1,29,10.383861
static,40,true,false,1,30,6.163805
static,40,true,false,1,31,3.4169621
static,40,true,false,1,32,1.6907195
static,40,true,false,1,33,1.5304977
static,40,true,false,1,34,1.6466968
static,40,true,false,1,35,0.9889886
static,40,true,false,1,36,0.73419535
static,40,true,false,1,37,0.3853894
static,40,true,false,1,38,0.33232343
static,40,true,false,1,39,0.14113677
static,40,true,false,1,40,0.15421276
static,40,true,false,1,41,0.16420391
static,40,true,false,2,1,785287.06
static,40,true,false,2,2,259482.03
static,40,true,false,2,3,256577.34
static,40,true,false,2,4,240183.2
static,40,true,false,2,5,92487.12
static,40,true,false,2,6,62688.555
static,40,true,false,2,7,39898.516
static,40,true,false,2,8,28273.365
static,40,true,false,2,9,27341.6
static,40,true,false,2,10,25989.252
static,40,true,false,2,11,22500.637
static,40,true,false,2,12,16085.271
static,40,true,false,2,13,13852.46
static,40,true,false,2,14,11323.103
static,40,true,false,2,15,15691.712
static,40,true,false,2,16,29180.078
static,40,true,false,2,17,2531.4143
static,40,true,false,2,18,2292.9255
static,40,true,false,2,19,1841.9288
static,40,true,false,2,20,1145.9639
static,40,true,false,2,21,785.1159
static,40,true,false,2,22,932.3941
static,40,true,false,2,23,381.56165
static,40,true,false,2,24,169.1903
static,40,true,false,2,25,149.08673
static,40,true,false,2,26,116.929085
static,40,true,false,2,27,59.577724
static,40,true,false,2,28,47.687935
static,40,true,false,2,29,35.26418
static,40,true,false,2,30,47.0282
static,40,true,false,2,31,20.007473
static,40,true,false,2,32,17.763853
static,40,true,false,2,33,9.373457
static,40,true,false,2,34,3.4304655
static,40,true,false,2,35,1.9351485
static,40,true,false,2,36,0.85023534
static,40,true,false,2,37,0.62877136
static,40,true,false,2,38,0.5807931
static,40,true,false,2,39,0.31246224
static,40,true,false,2,40,0.20493029
static,40,true,false,2,41,0.17180032
static,40,true,false,3,1,318830.44
static,40,true,false,3,2,139926.27
static,40,true,false,3,3,118865.42
static,40,true,false,3,4,53216.453
static,40,true,false,3,5,36693.434
static,40,true,false,3,6,29402.23
static,40,true,false,3,7,28692.12
static,40,true,false,3,8,13398.887
static,40,true,false,3,9,8272.043
static,40,true,false,3,10,6086.8457
static,40,true,false,3,11,3540.3298
static,40,true,false,3,12,3533.6536
static,40,true,false,3,13,2475.1914
static,40,true,false,3,14,1902.5791
static,40,true,false,3,15,1158.9171
static,40,true,false,3,16,1204.4669
static,40,true,false,3,17,887.6016
static,40,true,false,3,18,681.4173
static,40,true,false,3,19,563.2956
static,40,true,false,3,20,501.43198
static,40,true,false,3,21,430.00446
static,40,true,false,3,22,393.49066
static,40,true,false,3,23,304.0649
static,40,true,false,3,24,181.84354
static,40,true,false,3,25,110.674545
static,40,true,false,3,26,132.56987
static,40,true,false,3,27,113.495804
static,40,true,false,3,28,97.59327
static,40,true,false,3,29,102.020805
static,40,true,false,3,30,137.58968
static,40,true,false,3,31,27.149464
static,40,true,false,3,32,7.606546
static,40,true,false,3,33,4.8829293
static,40,true,false,3,34,4.466552
static,40,true,false,3,35,2.200266
static,40,true,false,3,36,1.345562
static,40,true,false,3,37,1.1927333
static,40,true,false,3,38,0.8373785
static,40,true,false,3,39,0.40848443
static,40,true,false,3,40,0.29697797
static,40,true,false,3,41,0.3081312
static,40,false,true,1,1,1.823226e13
static,40,false,true,1,2,4.9134447e12
static,40,false,true,1,3,2.847533e12
static,40,false,true,1,4,1.0717257e12
static,40,false,true,1,5,5.1081046e11
static,40,false,true,1,6,2.4089151e11
static,40,false,true,1,7,6.325912e10
static,40,false,true,1,8,3.317966e10
static,40,false,true,1,9,2.1709498e10
static,40,false,true,1,10,1.2614489e10
static,40,false,true,1,11,6.407077e9
static,40,false,true,1,12,6.0216177e9
static,40,false,true,1,13,7.666572e8
static,40,false,true,1,14,5.328115e8
static,40,false,true,1,15,2.1528234e8
static,40,false,true,1,16,1.2257108e8
static,40,false,true,1,17,5.5411736e7
static,40,false,true,1,18,3.440303e7
static,40,false,true,1,19,2.7870474e7
static,40,false,true,1,20,1.0466244e7
static,40,false,true,1,21,2.5481e6
static,40,false,true,1,22,1.252712e6
static,40,false,true,1,23,576748.44
static,40,false,true,1,24,207977.31
static,40,false,true,1,25,135923.14
static,40,false,true,1,26,43402.043
static,40,false,true,1,27,30361.975
static,40,false,true,1,28,7024.39
static,40,false,true,1,29,4154.377
static,40,false,true,1,30,1456.5809
static,40,false,true,1,31,881.78235
static,40,false,true,1,32,459.53235
static,40,false,true,1,33,198.76225
static,40,false,true,1,34,78.10814
static,40,false,true,1,35,37.74776
static,40,false,true,1,36,14.994008
static,40,false,true,1,37,7.516136
static,40,false,true,1,38,3.2464993
static,40,false,true,1,39,1.5211388
static,40,false,true,1,40,0.644946
static,40,false,true,1,41,0.3901247
static,40,false,true,2,1,9.4164046e13
static,40,false,true,2,2,2.1908087e13
static,40,false,true,2,3,1.896855e13
static,40,false,true,2,4,3.887894e12
static,40,false,true,2,5,4.3749396e12
static,40,false,true,2,6,1.8505157e12
static,40,false,true,2,7,1.0989493e12
static,40,false,true,2,8,5.3297018e11
static,40,false,true,2,9,2.1193389e11
static,40,false,true,2,10,1.0588291e11
static,40,false,true,2,11,7.16266e10
static,40,false,true,2,12,1.8305055e10
static,40,false,true,2,13,1.5677433e10
static,40,false,true,2,14,2.6155732e9
static,40,false,true,2,15,1.8059912e9
static,40,false,true,2,16,7.4760115e8
static,40,false,true,2,17,4.3456323e8
static,40,false,true,2,18,3.0692077e8
static,40,false,true,2,19,2.285925e7
static,40,false,true,2,20,2.45368e7
static,40,false,true,2,21,1.2731495e6
static,40,false,true,2,22,681148.25
static,40,false,true,2,23,350520.03
static,40,false,true,2,24,220174.77
static,40,false,true,2,25,81933.234
static,40,false,true,2,26,39868.688
static,40,false,true,2,27,16015.82
static,40,false,true,2,28,6106.3115
static,40,false,true,2,29,2622.5442
static,40,false,true,2,30,997.5086
static,40,false,true,2,31,643.1566
static,40,false,true,2,32,329.2449
static,40,false,true,2,33,92.916626
static,40,false,true,2,34,58.278183
static,40,false,true,2,35,28.679474
static,40,false,true,2,36,14.265718
static,40,false,true,2,37,4.883385
static,40,false,true,2,38,2.2038913
static,40,false,true,2,39,1.469512
static,40,false,true,2,40,0.5568342
static,40,false,true,2,41,0.22610012
static,40,false,true,3,1,2.6027003e13
static,40,false,true,3,2,7.547691e11
static,40,false,true,3,3,4.4079917e11
static,40,false,true,3,4,2.2237867e11
static,40,false,true,3,5,1.1554684e11
static,40,false,true,3,6,4.8176394e10
static,40,false,true,3,7,3.1002397e10
static,40,false,true,3,8,1.4676353e10
static,40,false,true,3,9,7.017822e9
static,40,false,true,3,10,4.56831e9
static,40,false,true,3,11,2.2323118e9
static,40,false,true,3,12,1.897049e9
static,40,false,true,3,13,5.832095e8
static,40,false,true,3,14,4.0542864e8
static,40,false,true,3,15,1.879434e8
static,40,false,true,3,16,1.31847176e8
static,40,false,true,3,17,4.492309e7
static,40,false,true,3,18,3.3240482e7
static,40,false,true,3,19,1.1402813e7
static,40,false,true,3,20,6.34165e6
static,40,false,true,3,21,4.4633095e6
static,40,false,true,3,22,2.8970218e6
static,40,false,true,3,23,1.1753041e6
static,40,false,true,3,24,853494.56
static,40,false,true,3,25,128952.45
static,40,false,true,3,26,30501.75
static,40,false,true,3,27,22464.904
static,40,false,true,3,28,7111.76
static,40,false,true,3,29,3568.7444
static,40,false,true,3,30,2109.2861
static,40,false,true,3,31,521.71344
static,40,false,true,3,32,204.75714
static,40,false,true,3,33,102.80922
static,40,false,true,3,34,62.608902
static,40,false,true,3,35,28.917349
static,40,false,true,3,36,10.718011
static,40,false,true,3,37,4.7928977
static,40,false,true,3,38,2.1741269
static,40,false,true,3,39,0.9359149
static,40,false,true,3,40,0.4429468
static,40,false,true,3,41,0.19074006
static,40,true,true,1,1,6.5947324e7
static,40,true,true,1,2,1.0950923e7
static,40,true,true,1,3,5.5425205e6
static,40,true,true,1,4,3.654778e6
static,40,true,true,1,5,2.938998e6
static,40,true,true,1,6,1.5124082e6
static,40,true,true,1,7,1.187476e6
static,40,true,true,1,8,833284.7
static,40,true,true,1,9,514826.7
static,40,true,true,1,10,441732.0
static,40,true,true,1,11,316648.97
static,40,true,true,1,12,259942.67
static,40,true,true,1,13,119952.16
static,40,true,true,1,14,75302.91
static,40,true,true,1,15,39401.12
static,40,true,true,1,16,28751.963
static,40,true,true,1,17,22459.484
static,40,true,true,1,18,12305.15
static,40,true,true,1,19,10097.676
static,40,true,true,1,20,3423.225
static,40,true,true,1,21,2896.9385
static,40,true,true,1,22,1672.1216
static,40,true,true,1,23,999.8556
static,40,true,true,1,24,690.78424
static,40,true,true,1,25,497.11475
static,40,true,true,1,26,239.89995
static,40,true,true,1,27,212.59921
static,40,true,true,1,28,88.53356
static,40,true,true,1,29,33.257805
static,40,true,true,1,30,23.70445
static,40,true,true,1,31,15.061462
static,40,true,true,1,32,10.792687
static,40,true,true,1,33,7.6878085
static,40,true,true,1,34,3.6089368
static,40,true,true,1,35,2.3915548
static,40,true,true,1,36,1.3717614
static,40,true,true,1,37,0.9052047
static,40,true,true,1,38,0.6113676
static,40,true,true,1,39,0.32619828
static,40,true,true,1,40,0.23971912
static,40,true,true,1,41,0.14195022
static,40,true,true,2,1,5.9538504e7
static,40,true,true,2,2,1.1186255e7
static,40,true,true,2,3,9.928147e6
static,40,true,true,2,4,5.133308e6
static,40,true,true,2,5,2.8786808e6
static,40,true,true,2,6,2.3275208e6
static,40,true,true,2,7,1.2936715e6
static,40,true,true,2,8,1.0708485e6
static,40,true,true,2,9,782315.25
static,40,true,true,2,10,615557.8
static,40,true,true,2,11,229206.3
static,40,true,true,2,12,201304.75
static,40,true,true,2,13,106411.66
static,40,true,true,2,14,62875.438
static,40,true,true,2,15,34931.957
static,40,true,true,2,16,29106.453
static,40,true,true,2,17,18074.041
static,40,true,true,2,18,13939.667
static,40,true,true,2,19,11447.794
static,40,true,true,2,20,6711.7437
static,40,true,true,2,21,6338.2163
static,40,true,true,2,22,2799.4312
static,40,true,true,2,23,1819.1757
static,40,true,true,2,24,1338.1058
static,40,true,true,2,25,1037.7589
static,40,true,true,2,26,360.319
static,40,true,true,2,27,212.31064
static,40,true,true,2,28,189.21753
static,40,true,true,2,29,166.71835
static,40,true,true,2,30,28.773071
static,40,true,true,2,31,26.217743
static,40,true,true,2,32,15.767408
static,40,true,true,2,33,6.3678775
static,40,true,true,2,34,4.240012
static,40,true,true,2,35,2.4911969
static,40,true,true,2,36,1.754229
static,40,true,true,2,37,0.9232593
static,40,true,true,2,38,0.616982
static,40,true,true,2,39,0.32913783
static,40,true,true,2,40,0.24184951
static,40,true,true,2,41,0.15625742
static,40,true,true,3,1,6.784386e7
static,40,true,true,3,2,1.3289015e7
static,40,true,true,3,3,8.936051e6
static,40,true,true,3,4,3.220066e6
static,40,true,true,3,5,2.1213222e6
static,40,true,true,3,6,1.3266039e6
static,40,true,true,3,7,1.310825e6
static,40,true,true,3,8,684118.0
static,40,true,true,3,9,475141.56
static,40,true,true,3,10,362786.38
static,40,true,true,3,11,211838.14
static,40,true,true,3,12,174497.6
static,40,true,true,3,13,69767.53
static,40,true,true,3,14,48223.543
static,40,true,true,3,15,37380.797
static,40,true,true,3,16,20969.664
static,40,true,true,3,17,16239.154
static,40,true,true,3,18,7954.4434
static,40,true,true,3,19,5813.304
static,40,true,true,3,20,5117.5034
static,40,true,true,3,21,3289.0955
static,40,true,true,3,22,1411.0911
static,40,true,true,3,23,1117.6997
static,40,true,true,3,24,887.393
static,40,true,true,3,25,327.22653
static,40,true,true,3,26,227.80011
static,40,true,true,3,27,212.07144
static,40,true,true,3,28,88.398026
static,40,true,true,3,29,66.29645
static,40,true,true,3,30,32.04945
static,40,true,true,3,31,16.418507
static,40,true,true,3,32,8.179624
static,40,true,true,3,33,3.9831045
static,40,true,true,3,34,2.6908991
static,40,true,true,3,35,1.8661337
static,40,true,true,3,36,1.0580126
static,40,true,true,3,37,0.7480854
static,40,true,true,3,38,0.42441124
static,40,true,true,3,39,0.3223721
static,40,true,true,3,40,0.18636397
static,40,true,true,3,41,0.114195086
static,45,false,false,1,1,2.1675853e13
static,45,false,false,1,2,8.952596e11
static,45,false,false,1,3,7.122853e11
static,45,false,false,1,4,2.5740005e11
static,45,false,false,1,5,1.7775505e11
static,45,false,false,1,6,5.683917e10
static,45,false,false,1,7,2.0471208e10
static,45,false,false,1,8,1.0796896e10
static,45,false,false,1,9,5.03889e9
static,45,false,false,1,10,3.7455217e9
static,45,false,false,1,11,2.1842875e9
static,45,false,false,1,12,9.2390106e8
static,45,false,false,1,13,4.7056426e8
static,45,false,false,1,14,2.8553693e8
static,45,false,false,1,15,9.379454e7
static,45,false,false,1,16,4.2893212e7
static,45,false,false,1,17,3.0620754e7
static,45,false,false,1,18,1.8590426e7
static,45,false,false,1,19,8.0428365e6
static,45,false,false,1,20,5.637551e6
static,45,false,false,1,21,2.7347665e6
static,45,false,false,1,22,1.1844038e6
static,45,false,false,1,23,676396.6
static,45,false,false,1,24,560093.8
static,45,false,false,1,25,503388.16
static,45,false,false,1,26,453691.9
static,45,false,false,1,27,309992.72
static,45,false,false,1,28,36241.32
static,45,false,false,1,29,29580.867
static,45,false,false,1,30,12227.705
static,45,false,false,1,31,3929.241
static,45,false,false,1,32,1884.0197
static,45,false,false,1,33,1125.4294
static,45,false,false,1,34,786.4572
static,45,false,false,1,35,327.02454
static,45,false,false,1,36,155.25636
static,45,false,false,1,37,117.34787
static,45,false,false,1,38,66.39456
static,45,false,false,1,39,25.126305
static,45,false,false,1,40,14.006167
static,45,false,false,1,41,6.9209695
static,45,false,false,1,42,4.939595
static,45,false,false,1,43,3.0733516
static,45,false,false,1,44,1.4608756
static,45,false,false,1,45,0.56978536
static,45,false,false,1,46,0.19597553
static,45,false,false,2,1,2.5278089e11
static,45,false,false,2,2,5.8474238e10
static,45,false,false,2,3,2.2057425e10
static,45,false,false,2,4,1.124015e10
static,45,false,false,2,5,6.2889636e9
static,45,false,false,2,6,4.803792e9
static,45,false,false,2,7,1.9851439e9
static,45,false,false,2,8,7.8720634e8
static,45,false,false,2,9,4.3424182e8
static,45,false,false,2,10,2.358649e8
static,45,false,false,2,11,1.2982253e8
static,45,false,false,2,12,9.850842e7
static,45,false,false,2,13,6.021114e7
static,45,false,false,2,14,5.4726492e7
static,45,false,false,2,15,2.9507622e7
static,45,false,false,2,16,2.0620244e7
static,45,false,false,2,17,1.2072936e7
static,45,false,false,2,18,8.1653915e6
static,45,false,false,2,19,9.079412e6
static,45,false,false,2,20,3.6074512e6
static,45,false,false,2,21,2.0776074e6
static,45,false,false,2,22,1.3413508e6
static,45,false,false,2,23,690202.0
static,45,false,false,2,24,299265.78
static,45,false,false,2,25,109563.36
static,45,false,false,2,26,48533.21
static,45,false,false,2,27,33342.266
static,45,false,false,2,28,14546.522
static,45,false,false,2,29,3553.054
static,45,false,false,2,30,2340.7927
static,45,false,false,2,31,1281.6312
static,45,false,false,2,32,1113.9244
static,45,false,false,2,33,383.40332
static,45,false,false,2,34,197.39462
static,45,false,false,2,35,127.43234
static,45,false,false,2,36,70.36755
static,45,false,false,2,37,40.43402
static,45,false,false,2,38,24.620182
static,45,false,false,2,39,13.548742
static,45,false,false,2,40,8.098067
static,45,false,false,2,41,6.020153
static,45,false,false,2,42,3.7037861
static,45,false,false,2,43,1.5481833
static,45,false,false,2,44,1.1084262
static,45,false,false,2,45,0.36835718
static,45,false,false,2,46,0.20639847
static,45,false,false,3,1,2.6372781e11
static,45,false,false,3,2,4.5687083e10
static,45,false,false,3,3,3.797395e10
static,45,false,false,3,4,2.20657e10
static,45,false,false,3,5,1.4826015e10
static,45,false,false,3,6,9.613016e9
static,45,false,false,3,7,7.6481603e9
static,45,false,false,3,8,4.104351e9
static,45,false,false,3,9,2.6163453e9
static,45,false,false,3,10,1.7309025e9
static,45,false,false,3,11,9.213091e8
static,45,false,false,3,12,6.260738e8
static,45,false,false,3,13,5.1535856e8
static,45,false,false,3,14,2.918607e8
static,45,false,false,3,15,9.101891e7
static,45,false,false,3,16,4.904151e7
static,45,false,false,3,17,2.4265598e7
static,45,false,false,3,18,1.3737187e7
static,45,false,false,3,19,6.694089e6
static,45,false,false,3,20,3.365889e6
static,45,false,false,3,21,2.5321845e6
static,45,false,false,3,22,1.5794105e6
static,45,false,false,3,23,1.3194976e6
static,45,false,false,3,24,759928.56
static,45,false,false,3,25,534983.0
static,45,false,false,3,26,433310.66
static,45,false,false,3,27,197864.94
static,45,false,false,3,28,20226.51
static,45,false,false,3,29,16325.192
static,45,false,false,3,30,12650.1
static,45,false,false,3,31,4380.0386
static,45,false,false,3,32,2397.5469
static,45,false,false,3,33,1661.386
static,45,false,false,3,34,1438.8367
static,45,false,false,3,35,690.29175
static,45,false,false,3,36,256.99908
static,45,false,false,3,37,139.70573
static,45,false,false,3,38,62.70357
static,45,false,false,3,39,36.38291
static,45,false,false,3,40,18.977764
static,45,false,false,3,41,12.198755
static,45,false,false,3,42,7.354814
static,45,false,false,3,43,2.5271826
static,45,false,false,3,44,0.8863006
static,45,false,false,3,45,0.50693375
static,45,false,false,3,46,0.22398429
static,45,true,false,1,1,407544.88
static,45,true,false,1,2,118874.77
static,45,true,false,1,3,93913.6
static,45,true,false,1,4,47847.715
static,45,true,false,1,5,35922.184
static,45,true,false,1,6,42575.39
static,45,true,false,1,7,27486.959
static,45,true,false,1,8,28091.84
static,45,true,false,1,9,17104.977
static,45,true,false,1,10,18962.936
static,45,true,false,1,11,8422.27
static,45,true,false,1,12,7455.792
static,45,true,false,1,13,4244.012
static,45,true,false,1,14,4021.4648
static,45,true,false,1,15,2510.2988
static,45,true,false,1,16,1901.796
static,45,true,false,1,17,1744.6196
static,45,true,false,1,18,1499.7711
static,45,true,false,1,19,1230.625
static,45,true,false,1,20,631.1622
static,45,true,false,1,21,748.40265
static,45,true,false,1,22,621.83026
static,45,true,false,1,23,303.5038
static,45,true,false,1,24,190.4149
static,45,true,false,1,25,249.3375
static,45,true,false,1,26,229.37973
static,45,true,false,1,27,263.21866
static,45,true,false,1,28,144.82237
static,45,true,false,1,29,114.74209
static,45,true,false,1,30,109.12609
static,45,true,false,1,31,104.84516
static,45,true,false,1,32,40.833935
static,45,true,false,1,33,29.940372
static,45,true,false,1,34,29.151932
static,45,true,false,1,35,23.73517
static,45,true,false,1,36,24.207916
static,45,true,false,1,37,8.017667
static,45,true,false,1,38,8.122239
static,45,true,false,1,39,8.156433
static,45,true,false,1,40,8.39971
static,45,true,false,1,41,5.6013184
static,45,true,false,1,42,3.9896104
static,45,true,false,1,43,0.53194344
static,45,true,false,1,44,0.49365416
static,45,true,false,1,45,0.2477041
static,45,true,false,1,46,0.28635612
static,45,true,false,2,1,2.1062738e6
static,45,true,false,2,2,627654.8
static,45,true,false,2,3,718036.4
static,45,true,false,2,4,801269.44
static,45,true,false,2,5,659663.8
static,45,true,false,2,6,501338.72
static,45,true,false,2,7,311298.12
static,45,true,false,2,8,304283.84
static,45,true,false,2,9,114125.52
static,45,true,false,2,10,143419.03
static,45,true,false,2,11,114454.29
static,45,true,false,2,12,103527.53
static,45,true,false,2,13,75919.57
static,45,true,false,2,14,66233.82
static,45,true,false,2,15,83088.875
static,45,true,false,2,16,96795.09
static,45,true,false,2,17,12436.469
static,45,true,false,2,18,6041.681
static,45,true,false,2,19,6840.444
static,45,true,false,2,20,4748.083
static,45,true,false,2,21,2519.1133
static,45,true,false,2,22,2877.6936
static,45,true,false,2,23,964.6967
static,45,true,false,2,24,324.5819
static,45,true,false,2,25,225.81761
static,45,true,false,2,26,210.57822
static,45,true,false,2,27,113.68196
static,45,true,false,2,28,99.6049
static,45,true,false,2,29,73.20594
static,45,true,false,2,30,95.94978
static,45,true,false,2,31,78.895615
static,45,true,false,2,32,85.241455
static,45,true,false,2,33,27.93609
static,45,true,false,2,34,14.656701
static,45,true,false,2,35,7.219626
static,45,true,false,2,36,6.138782
static,45,true,false,2,37,6.0126586
static,45,true,false,2,38,5.283908
static,45,true,false,2,39,4.1564317
static,45,true,false,2,40,2.1598728
static,45,true,false,2,41,2.3166103
static,45,true,false,2,42,1.3895522
static,45,true,false,2,43,0.89812756
static,45,true,false,2,44,0.80811375
static,45,true,false,2,45,0.44000873
static,45,true,false,2,46,0.44157618
static,45,true,false,3,1,765235.25
static,45,true,false,3,2,294046.72
static,45,true,false,3,3,229310.42
static,45,true,false,3,4,154951.86
static,45,true,false,3,5,168375.42
static,45,true,false,3,6,144429.98
static,45,true,false,3,7,127443.58
static,45,true,false,3,8,50917.043
static,45,true,false,3,9,35151.445
static,45,true,false,3,10,24666.518
static,45,true,false,3,11,10319.592
static,45,true,false,3,12,10182.866
static,45,true,false,3,13,3679.0356
static,45,true,false,3,14,2334.774
static,45,true,false,3,15,2096.8464
static,45,true,false,3,16,2634.1555
static,45,true,false,3,17,1921.5941
static,45,true,false,3,18,1629.6729
static,45,true,false,3,19,1846.5452
static,45,true,false,3,20,1273.6399
static,45,true,false,3,21,1407.0605
static,45,true,false,3,22,1076.029
static,45,true,false,3,23,768.8974
static,45,true,false,3,24,478.79358
static,45,true,false,3,25,496.4085
static,45,true,false,3,26,412.9359
static,45,true,false,3,27,336.56427
static,45,true,false,3,28,273.3625
static,45,true,false,3,29,262.78326
static,45,true,false,3,30,380.7605
static,45,true,false,3,31,317.75934
static,45,true,false,3,32,30.651775
static,45,true,false,3,33,22.230635
static,45,true,false,3,34,27.404173
static,45,true,false,3,35,6.954048
static,45,true,false,3,36,4.4980173
static,45,true,false,3,37,4.6419578
static,45,true,false,3,38,2.872886
static,45,true,false,3,39,2.463072
static,45,true,false,3,40,1.1308275
static,45,true,false,3,41,0.8793795
static,45,true,false,3,42,0.75025207
static,45,true,false,3,43,0.36776975
static,45,true,false,3,44,0.27402344
static,45,true,false,3,45,0.19135821
static,45,true,false,3,46,0.19552286
static,45,false,true,1,1,1.2004977e15
static,45,false,true,1,2,2.3043894e14
static,45,false,true,1,3,1.3166162e14
static,45,false,true,1,4,4.996226e13
static,45,false,true,1,5,2.3907105e13
static,45,false,true,1,6,1.0557033e13
static,45,false,true,1,7,2.664472e12
static,45,false,true,1,8,1.4875305e12
static,45,false,true,1,9,9.8832666e11
static,45,false,true,1,10,5.6656016e11
static,45,false,true,1,11,2.9764888e11
static,45,false,true,1,12,2.8290757e11
static,45,false,true,1,13,3.3572018e10
static,45,false,true,1,14,2.157396e10
static,45,false,true,1,15,8.0594545e9
static,45,false,true,1,16,4.555981e9
static,45,false,true,1,17,2.1893484e9
static,45,false,true,1,18,1.2648138e9
static,45,false,true,1,19,1.01326534e9
static,45,false,true,1,20,3.6905053e8
static,45,false,true,1,21,9.954911e7
static,45,false,true,1,22,4.824324e7
static,45,false,true,1,23,1.3759933e7
static,45,false,true,1,24,8.042309e6
static,45,false,true,1,25,4.903429e6
static,45,false,true,1,26,1.354498e6
static,45,false,true,1,27,968784.25
static,45,false,true,1,28,247514.9
static,45,false,true,1,29,153926.31
static,45,false,true,1,30,101890.586
static,45,false,true,1,31,28157.418
static,45,false,true,1,32,16298.368
static,45,false,true,1,33,10452.933
static,45,false,true,1,34,4304.9727
static,45,false,true,1,35,2388.3083
static,45,false,true,1,36,629.9006
static,45,false,true,1,37,414.64713
static,45,false,true,1,38,206.41994
static,45,false,true,1,39,68.65242
static,45,false,true,1,40,41.584003
static,45,false,true,1,41,9.814515
static,45,false,true,1,42,4.572583
static,45,false,true,1,43,1.8912945
static,45,false,true,1,44,0.83808833
static,45,false,true,1,45,0.41662252
static,45,false,true,1,46,0.203468
static,45,false,true,2,1,4.8736792e14
static,45,false,true,2,2,9.131155e13
static,45,false,true,2,3,6.263562e13
static,45,false,true,2,4,1.913528e13
static,45,false,true,2,5,1.5459676e13
static,45,false,true,2,6,8.4406724e12
static,45,false,true,2,7,3.8546207e12
static,45,false,true,2,8,1.8664937e12
static,45,false,true,2,9,7.985664e11
static,45,false,true,2,10,4.1461767e11
static,45,false,true,2,11,2.51525e11
static,45,false,true,2,12,9.784321e10
static,45,false,true,2,13,6.026355e10
static,45,false,true,2,14,1.5662063e10
static,45,false,true,2,15,9.04693e9
static,45,false,true,2,16,4.6384036e9
static,45,false,true,2,17,2.9280755e9
static,45,false,true,2,18,1.3770196e9
static,45,false,true,2,19,3.509204e8
static,45,false,true,2,20,1.51705e8
static,45,false,true,2,21,7.4798184e7
static,45,false,true,2,22,2.916878e7
static,45,false,true,2,23,1.8347758e7
static,45,false,true,2,24,1.0272128e7
static,45,false,true,2,25,3.6641345e6
static,45,false,true,2,26,1.3363515e6
static,45,false,true,2,27,703615.06
static,45,false,true,2,28,264560.1
static,45,false,true,2,29,127893.414
static,45,false,true,2,30,51490.855
static,45,false,true,2,31,30657.693
static,45,false,true,2,32,12412.547
static,45,false,true,2,33,7737.3643
static,45,false,true,2,34,3429.1516
static,45,false,true,2,35,1821.7118
static,45,false,true,2,36,901.865
static,45,false,true,2,37,446.0859
static,45,false,true,2,38,151.7634
static,45,false,true,2,39,77.55233
static,45,false,true,2,40,27.736984
static,45,false,true,2,41,15.231213
static,45,false,true,2,42,7.4223094
static,45,false,true,2,43,3.1330256
static,45,false,true,2,44,1.3139414
static,45,false,true,2,45,0.56859547
static,45,false,true,2,46,0.22623388
static,45,false,true,3,1,3.97884e14
static,45,false,true,3,2,4.11033e13
static,45,false,true,3,3,2.566053e13
static,45,false,true,3,4,1.1466471e13
static,45,false,true,3,5,5.854838e12
static,45,false,true,3,6,3.1324106e12
static,45,false,true,3,7,1.6024989e12
static,45,false,true,3,8,8.534309e11
static,45,false,true,3,9,4.9302444e11
static,45,false,true,3,10,2.7267282e11
static,45,false,true,3,11,1.573269e11
static,45,false,true,3,12,9.079827e10
static,45,false,true,3,13,3.702222e10
static,45,false,true,3,14,2.6793056e10
static,45,false,true,3,15,1.011175e10
static,45,false,true,3,16,6.2393016e9
static,45,false,true,3,17,2.941004e9
static,45,false,true,3,18,1.3000488e9
static,45,false,true,3,19,6.033829e8
static,45,false,true,3,20,3.4075194e8
static,45,false,true,3,21,1.7941576e8
static,45,false,true,3,22,9.799716e7
static,45,false,true,3,23,6.379505e7
static,45,false,true,3,24,1.5094101e7
static,45,false,true,3,25,6.775307e6
static,45,false,true,3,26,2.945922e6
static,45,false,true,3,27,2.4962102e6
static,45,false,true,3,28,824068.06
static,45,false,true,3,29,343884.62
static,45,false,true,3,30,349193.66
static,45,false,true,3,31,46901.13
static,45,false,true,3,32,13562.163
static,45,false,true,3,33,8467.862
static,45,false,true,3,34,4355.701
static,45,false,true,3,35,3123.9128
static,45,false,true,3,36,1101.1921
static,45,false,true,3,37,433.13895
static,45,false,true,3,38,161.9411
static,45,false,true,3,39,85.11319
static,45,false,true,3,40,44.70386
static,45,false,true,3,41,13.155795
static,45,false,true,3,42,9.414997
static,45,false,true,3,43,2.765376
static,45,false,true,3,44,1.5882901
static,45,false,true,3,45,0.44573283
static,45,false,true,3,46,0.23462132
static,45,true,true,1,1,4.1563968e8
static,45,true,true,1,2,1.1267105e8
static,45,true,true,1,3,5.6135108e7
static,45,true,true,1,4,4.4522216e7
static,45,true,true,1,5,3.634188e7
static,45,true,true,1,6,2.0710016e7
static,45,true,true,1,7,1.4470865e7
static,45,true,true,1,8,1.0506034e7
static,45,true,true,1,9,5.488091e6
static,45,true,true,1,10,4.860005e6
static,45,true,true,1,11,1.717184e6
static,45,true,true,1,12,1.1472585e6
static,45,true,true,1,13,1.0483237e6
static,45,true,true,1,14,464756.78
static,45,true,true,1,15,326903.56
static,45,true,true,1,16,237175.6
static,45,true,true,1,17,219829.39
static,45,true,true,1,18,109213.09
static,45,true,true,1,19,76351.266
static,45,true,true,1,20,24311.383
static,45,true,true,1,21,12433.548
static,45,true,true,1,22,7467.6772
static,45,true,true,1,23,5052.918
static,45,true,true,1,24,3628.1255
static,45,true,true,1,25,2397.5605
static,45,true,true,1,26,1517.8827
static,45,true,true,1,27,1285.3668
static,45,true,true,1,28,662.94257
static,45,true,true,1,29,503.80035
static,45,true,true,1,30,357.60312
static,45,true,true,1,31,167.62744
static,45,true,true,1,32,100.72815
static,45,true,true,1,33,76.99799
static,45,true,true,1,34,30.005497
static,45,true,true,1,35,21.686436
static,45,true,true,1,36,15.05603
static,45,true,true,1,37,8.828136
static,45,true,true,1,38,8.427812
static,45,true,true,1,39,4.20966
static,45,true,true,1,40,2.2387662
static,45,true,true,1,41,1.2259586
static,45,true,true,1,42,0.88592654
static,45,true,true,1,43,0.5463463
static,45,true,true,1,44,0.31862503
static,45,true,true,1,45,0.20844938
static,45,true,true,1,46,0.113943085
static,45,true,true,2,1,8.251359e8
static,45,true,true,2,2,1.5834984e8
static,45,true,true,2,3,1.0155342e8
static,45,true,true,2,4,6.991282e7
static,45,true,true,2,5,3.0082242e7
static,45,true,true,2,6,1.9461218e7
static,45,true,true,2,7,1.2140978e7
static,45,true,true,2,8,1.069992e7
static,45,true,true,2,9,6.343414e6
static,45,true,true,2,10,4.225085e6
static,45,true,true,2,11,2.2583112e6
static,45,true,true,2,12,1.8463352e6
static,45,true,true,2,13,1.6262124e6
static,45,true,true,2,14,505107.84
static,45,true,true,2,15,320371.62
static,45,true,true,2,16,149314.73
static,45,true,true,2,17,124927.5
static,45,true,true,2,18,109030.5
static,45,true,true,2,19,64200.37
static,45,true,true,2,20,35680.89
static,45,true,true,2,21,34083.26
static,45,true,true,2,22,16128.215
static,45,true,true,2,23,10744.394
static,45,true,true,2,24,4535.7007
static,45,true,true,2,25,3449.9482
static,45,true,true,2,26,1567.124
static,45,true,true,2,27,1013.6667
static,45,true,true,2,28,683.30096
static,45,true,true,2,29,586.9907
static,45,true,true,2,30,269.02423
static,45,true,true,2,31,200.70619
static,45,true,true,2,32,130.58096
static,45,true,true,2,33,67.89313
static,45,true,true,2,34,35.92943
static,45,true,true,2,35,28.343298
static,45,true,true,2,36,19.763968
static,45,true,true,2,37,9.503365
static,45,true,true,2,38,8.574117
static,45,true,true,2,39,4.299491
static,45,true,true,2,40,2.7578206
static,45,true,true,2,41,1.6446451
static,45,true,true,2,42,1.3951035
static,45,true,true,2,43,0.7158549
static,45,true,true,2,44,0.39093807
static,45,true,true,2,45,0.20688702
static,45,true,true,2,46,0.17083111
static,45,true,true,3,1,2.7847583e9
static,45,true,true,3,2,1.1515474e8
static,45,true,true,3,3,8.472412e7
static,45,true,true,3,4,3.363663e7
static,45,true,true,3,5,2.462939e7
static,45,true,true,3,6,1.8246362e7
static,45,true,true,3,7,1.3046514e7
static,45,true,true,3,8,1.0574468e7
static,45,true,true,3,9,4.1329072e6
static,45,true,true,3,10,3.554179e6
static,45,true,true,3,11,3.8702732e6
static,45,true,true,3,12,1.5208424e6
static,45,true,true,3,13,1.1196975e6
static,45,true,true,3,14,859523.6
static,45,true,true,3,15,535537.6
static,45,true,true,3,16,394038.56
static,45,true,true,3,17,335702.72
static,45,true,true,3,18,221661.28
static,45,true,true,3,19,86127.695
static,45,true,true,3,20,105838.42
static,45,true,true,3,21,68666.7
static,45,true,true,3,22,37537.367
static,45,true,true,3,23,21658.484
static,45,true,true,3,24,4310.8643
static,45,true,true,3,25,2759.083
static,45,true,true,3,26,1977.2561
static,45,true,true,3,27,1641.5404
static,45,true,true,3,28,1112.7579
static,45,true,true,3,29,983.384
static,45,true,true,3,30,742.10284
static,45,true,true,3,31,650.93414
static,45,true,true,3,32,300.62122
static,45,true,true,3,33,60.690445
static,45,true,true,3,34,36.444427
static,45,true,true,3,35,23.145363
static,45,true,true,3,36,12.196412
static,45,true,true,3,37,7.862358
static,45,true,true,3,38,6.190862
static,45,true,true,3,39,4.574128
static,45,true,true,3,40,2.8973007
static,45,true,true,3,41,1.9254558
static,45,true,true,3,42,0.9695521
static,45,true,true,3,43,0.80381626
static,45,true,true,3,44,0.31218863
static,45,true,true,3,45,0.1953712
static,45,true,true,3,46,0.12003957
static,50,false,false,1,1,4.465048e15
static,50,false,false,1,2,1.8141227e14
static,50,false,false,1,3,1.4579011e14
static,50,false,false,1,4,5.194857e13
static,50,false,false,1,5,3.5966606e13
static,50,false,false,1,6,1.1371426e13
static,50,false,false,1,7,3.746948e12
static,50,false,false,1,8,2.1594432e12
static,50,false,false,1,9,9.385755e11
static,50,false,false,1,10,7.0138895e11
static,50,false,false,1,11,4.145095e11
static,50,false,false,1,12,9.154649e10
static,50,false,false,1,13,4.1848783e10
static,50,false,false,1,14,5.06761e9
static,50,false,false,1,15,2.4829097e9
static,50,false,false,1,16,1.3043404e9
static,50,false,false,1,17,7.3038317e8
static,50,false,false,1,18,6.3038784e8
static,50,false,false,1,19,2.1177386e8
static,50,false,false,1,20,9.748604e7
static,50,false,false,1,21,7.223264e7
static,50,false,false,1,22,4.6084348e7
static,50,false,false,1,23,2.1595722e7
static,50,false,false,1,24,2.1449062e7
static,50,false,false,1,25,9.562929e6
static,50,false,false,1,26,7.074994e6
static,50,false,false,1,27,7.115608e6
static,50,false,false,1,28,4.1082488e6
static,50,false,false,1,29,4.6302105e6
static,50,false,false,1,30,1.4272928e6
static,50,false,false,1,31,424068.34
static,50,false,false,1,32,53288.926
static,50,false,false,1,33,31531.805
static,50,false,false,1,34,16649.94
static,50,false,false,1,35,9182.466
static,50,false,false,1,36,3568.9407
static,50,false,false,1,37,1639.0397
static,50,false,false,1,38,1211.9368
static,50,false,false,1,39,638.77625
static,50,false,false,1,40,444.41016
static,50,false,false,1,41,265.0178
static,50,false,false,1,42,179.73036
static,50,false,false,1,43,79.42231
static,50,false,false,1,44,55.73638
static,50,false,false,1,45,37.46723
static,50,false,false,1,46,10.726376
static,50,false,false,1,47,5.4551187
static,50,false,false,1,48,1.4914026
static,50,false,false,1,49,0.7798639
static,50,false,false,1,50,0.38888982
static,50,false,false,1,51,0.21723518
static,50,false,false,2,1,6.671561e12
static,50,false,false,2,2,1.5837967e12
static,50,false,false,2,3,3.671023e11
static,50,false,false,2,4,2.8395117e11
static,50,false,false,2,5,1.5030362e11
static,50,false,false,2,6,8.54888e10
static,50,false,false,2,7,3.0242886e10
static,50,false,false,2,8,1.8469067e10
static,50,false,false,2,9,1.1446829e10
static,50,false,false,2,10,6.772263e9
static,50,false,false,2,11,3.616563e9
static,50,false,false,2,12,3.072869e9
static,50,false,false,2,13,1.8584717e9
static,50,false,false,2,14,1.5840508e9
static,50,false,false,2,15,9.086961e8
static,50,false,false,2,16,7.260395e8
static,50,false,false,2,17,4.8615754e8
static,50,false,false,2,18,3.5410205e8
static,50,false,false,2,19,4.0420006e8
static,50,false,false,2,20,1.5729035e8
static,50,false,false,2,21,9.017867e7
static,50,false,false,2,22,5.8726736e7
static,50,false,false,2,23,2.9089736e7
static,50,false,false,2,24,1.1846166e7
static,50,false,false,2,25,3.9030815e6
static,50,false,false,2,26,1.8403634e6
static,50,false,false,2,27,1.442137e6
static,50,false,false,2,28,617179.1
static,50,false,false,2,29,112229.73
static,50,false,false,2,30,69589.78
static,50,false,false,2,31,42707.105
static,50,false,false,2,32,30850.697
static,50,false,false,2,33,14434.204
static,50,false,false,2,34,10044.837
static,50,false,false,2,35,6151.868
static,50,false,false,2,36,4179.1235
static,50,false,false,2,37,1837.5626
static,50,false,false,2,38,969.9126
static,50,false,false,2,39,387.9363
static,50,false,false,2,40,392.58722
static,50,false,false,2,41,230.69391
static,50,false,false,2,42,205.81012
static,50,false,false,2,43,95.62395
static,50,false,false,2,44,61.06808
static,50,false,false,2,45,15.843618
static,50,false,false,2,46,10.025778
static,50,false,false,2,47,3.7490227
static,50,false,false,2,48,1.8839713
static,50,false,false,2,49,0.93263674
static,50,false,false,2,50,0.5055054
static,50,false,false,2,51,0.24329962
static,50,false,false,3,1,1.7909306e12
static,50,false,false,3,2,2.721161e11
static,50,false,false,3,3,1.4728313e11
static,50,false,false,3,4,1.0108216e11
static,50,false,false,3,5,6.957706e10
static,50,false,false,3,6,4.748417e10
static,50,false,false,3,7,3.384221e10
static,50,false,false,3,8,2.0024676e10
static,50,false,false,3,9,1.4244663e10
static,50,false,false,3,10,9.638271e9
static,50,false,false,3,11,6.985516e9
static,50,false,false,3,12,5.563717e9
static,50,false,false,3,13,4.420292e9
static,50,false,false,3,14,2.6974085e9
static,50,false,false,3,15,1.5068426e9
static,50,false,false,3,16,9.3634746e8
static,50,false,false,3,17,4.7913574e8
static,50,false,false,3,18,2.6619006e8
static,50,false,false,3,19,1.3949899e8
static,50,false,false,3,20,6.804637e7
static,50,false,false,3,21,4.6701828e7
static,50,false,false,3,22,2.8552858e7
static,50,false,false,3,23,2.4063536e7
static,50,false,false,3,24,1.2655273e7
static,50,false,false,3,25,1.0787079e7
static,50,false,false,3,26,9.348577e6
static,50,false,false,3,27,3.665419e6
static,50,false,false,3,28,189582.86
static,50,false,false,3,29,134362.22
static,50,false,false,3,30,117326.875
static,50,false,false,3,31,74179.77
static,50,false,false,3,32,37629.598
static,50,false,false,3,33,35433.418
static,50,false,false,3,34,32436.404
static,50,false,false,3,35,14608.019
static,50,false,false,3,36,3359.7393
static,50,false,false,3,37,2410.7517
static,50,false,false,3,38,1006.0634
static,50,false,false,3,39,701.119
static,50,false,false,3,40,382.5577
static,50,false,false,3,41,291.50555
static,50,false,false,3,42,183.07132
static,50,false,false,3,43,61.62745
static,50,false,false,3,44,20.42441
static,50,false,false,3,45,11.697921
static,50,false,false,3,46,5.7819805
static,50,false,false,3,47,2.8323658
static,50,false,false,3,48,1.4744625
static,50,false,false,3,49,0.7324054
static,50,false,false,3,50,0.45284596
static,50,false,false,3,51,0.23101273
static,50,true,false,1,1,4.295378e6
static,50,true,false,1,2,560484.5
static,50,true,false,1,3,198162.42
static,50,true,false,1,4,187175.27
static,50,true,false,1,5,159318.92
static,50,true,false,1,6,159974.73
static,50,true,false,1,7,153485.02
static,50,true,false,1,8,150659.6
static,50,true,false,1,9,68924.49
static,50,true,false,1,10,53637.613
static,50,true,false,1,11,47345.19
static,50,true,false,1,12,40871.094
static,50,true,false,1,13,27179.973
static,50,true,false,1,14,19655.629
static,50,true,false,1,15,15126.517
static,50,true,false,1,16,13796.832
static,50,true,false,1,17,15224.983
static,50,true,false,1,18,10091.989
static,50,true,false,1,19,8354.95
static,50,true,false,1,20,8459.3125
static,50,true,false,1,21,7919.2075
static,50,true,false,1,22,5558.368
static,50,true,false,1,23,3003.6262
static,50,true,false,1,24,1642.0438
static,50,true,false,1,25,1311.9855
static,50,true,false,1,26,912.52765
static,50,true,false,1,27,1342.943
static,50,true,false,1,28,683.6768
static,50,true,false,1,29,545.616
static,50,true,false,1,30,558.58124
static,50,true,false,1,31,527.8875
static,50,true,false,1,32,95.92006
static,50,true,false,1,33,69.703026
static,50,true,false,1,34,110.44569
static,50,true,false,1,35,81.68298
static,50,true,false,1,36,63.434666
static,50,true,false,1,37,38.010582
static,50,true,false,1,38,39.91864
static,50,true,false,1,39,36.135647
static,50,true,false,1,40,37.543022
static,50,true,false,1,41,23.072365
static,50,true,false,1,42,20.139692
static,50,true,false,1,43,6.2684126
static,50,true,false,1,44,4.7298994
static,50,true,false,1,45,2.3763933
static,50,true,false,1,46,1.6138324
static,50,true,false,1,47,1.1706821
static,50,true,false,1,48,0.7591194
static,50,true,false,1,49,0.76646096
static,50,true,false,1,50,0.31835985
static,50,true,false,1,51,0.23931105
static,50,true,false,2,1,2.7576038e7
static,50,true,false,2,2,8.275749e6
static,50,true,false,2,3,8.2328975e6
static,50,true,false,2,4,7.111839e6
static,50,true,false,2,5,4.3246715e6
static,50,true,false,2,6,2.91445e6
static,50,true,false,2,7,2.2277538e6
static,50,true,false,2,8,2.2034118e6
static,50,true,false,2,9,1.490455e6
static,50,true,false,2,10,1.1644362e6
static,50,true,false,2,11,1.0281836e6
static,50,true,false,2,12,884771.06
static,50,true,false,2,13,631288.2
static,50,true,false,2,14,568673.06
static,50,true,false,2,15,902872.5
static,50,true,false,2,16,1.5745899e6
static,50,true,false,2,17,109374.08
static,50,true,false,2,18,98872.19
static,50,true,false,2,19,100883.58
static,50,true,false,2,20,66197.68
static,50,true,false,2,21,38618.496
static,50,true,false,2,22,47649.227
static,50,true,false,2,23,11463.569
static,50,true,false,2,24,3036.6448
static,50,true,false,2,25,1552.4945
static,50,true,false,2,26,1633.6744
static,50,true,false,2,27,807.79486
static,50,true,false,2,28,632.73486
static,50,true,false,2,29,557.6
static,50,true,false,2,30,620.60614
static,50,true,false,2,31,557.97
static,50,true,false,2,32,675.9368
static,50,true,false,2,33,199.73392
static,50,true,false,2,34,110.15686
static,50,true,false,2,35,80.429955
static,50,true,false,2,36,109.53642
static,50,true,false,2,37,69.477806
static,50,true,false,2,38,68.71306
static,50,true,false,2,39,47.154377
static,50,true,false,2,40,18.682653
static,50,true,false,2,41,17.163124
static,50,true,false,2,42,8.29679
static,50,true,false,2,43,5.937149
static,50,true,false,2,44,5.4290233
static,50,true,false,2,45,3.126343
static,50,true,false,2,46,3.8331761
static,50,true,false,2,47,1.3089373
static,50,true,false,2,48,0.6546971
static,50,true,false,2,49,0.40067533
static,50,true,false,2,50,0.22549282
static,50,true,false,2,51,0.20131637
static,50,true,false,3,1,9.843637e6
static,50,true,false,3,2,4.6055855e6
static,50,true,false,3,3,3.6248112e6
static,50,true,false,3,4,1.2211856e6
static,50,true,false,3,5,682636.2
static,50,true,false,3,6,144235.33
static,50,true,false,3,7,147029.56
static,50,true,false,3,8,148848.7
static,50,true,false,3,9,103677.414
static,50,true,false,3,10,83112.016
static,50,true,false,3,11,62980.01
static,50,true,false,3,12,59324.996
static,50,true,false,3,13,57027.426
static,50,true,false,3,14,54045.574
static,50,true,false,3,15,30635.525
static,50,true,false,3,16,31713.914
static,50,true,false,3,17,26503.547
static,50,true,false,3,18,24313.445
static,50,true,false,3,19,18341.84
static,50,true,false,3,20,15281.319
static,50,true,false,3,21,13377.807
static,50,true,false,3,22,12084.758
static,50,true,false,3,23,9312.716
static,50,true,false,3,24,2333.799
static,50,true,false,3,25,1802.9418
static,50,true,false,3,26,1779.2686
static,50,true,false,3,27,1019.8801
static,50,true,false,3,28,806.4877
static,50,true,false,3,29,835.121
static,50,true,false,3,30,883.0857
static,50,true,false,3,31,1100.1052
static,50,true,false,3,32,97.855484
static,50,true,false,3,33,70.74177
static,50,true,false,3,34,76.99555
static,50,true,false,3,35,37.96367
static,50,true,false,3,36,20.966625
static,50,true,false,3,37,17.398886
static,50,true,false,3,38,14.56623
static,50,true,false,3,39,9.2363825
static,50,true,false,3,40,5.1993594
static,50,true,false,3,41,7.2794123
static,50,true,false,3,42,5.110689
static,50,true,false,3,43,2.9554627
static,50,true,false,3,44,1.8903764
static,50,true,false,3,45,1.8751206
static,50,true,false,3,46,1.2462878
static,50,true,false,3,47,0.64189446
static,50,true,false,3,48,0.41629642
static,50,true,false,3,49,0.3274482
static,50,true,false,3,50,0.25371838
static,50,true,false,3,51,0.33434206
static,50,false,true,1,1,7.455356e16
static,50,false,true,1,2,2.0705397e16
static,50,false,true,1,3,1.2044419e16
static,50,false,true,1,4,3.7817842e15
static,50,false,true,1,5,1.6401635e15
static,50,false,true,1,6,1.3182366e15
static,50,false,true,1,7,2.616889e14
static,50,false,true,1,8,1.0737565e14
static,50,false,true,1,9,7.650097e13
static,50,false,true,1,10,4.8161846e13
static,50,false,true,1,11,1.42662e13
static,50,false,true,1,12,1.3115166e13
static,50,false,true,1,13,3.150203e12
static,50,false,true,1,14,2.2519457e12
static,50,false,true,1,15,3.589975e11
static,50,false,true,1,16,2.258637e11
static,50,false,true,1,17,8.4152164e10
static,50,false,true,1,18,4.554667e10
static,50,false,true,1,19,3.677462e10
static,50,false,true,1,20,1.6243744e10
static,50,false,true,1,21,1.1758308e10
static,50,false,true,1,22,5.5371704e9
static,50,false,true,1,23,7.8168256e8
static,50,false,true,1,24,3.7933165e8
static,50,false,true,1,25,2.278937e8
static,50,false,true,1,26,6.797162e7
static,50,false,true,1,27,3.675227e7
static,50,false,true,1,28,7.9559185e6
static,50,false,true,1,29,5.06713e6
static,50,false,true,1,30,2.8179588e6
static,50,false,true,1,31,991194.94
static,50,false,true,1,32,664428.9
static,50,false,true,1,33,311369.06
static,50,false,true,1,34,146476.53
static,50,false,true,1,35,43023.36
static,50,false,true,1,36,20050.658
static,50,false,true,1,37,9335.803
static,50,false,true,1,38,5069.9175
static,50,false,true,1,39,2343.978
static,50,false,true,1,40,1666.3529
static,50,false,true,1,41,706.6476
static,50,false,true,1,42,307.66434
static,50,false,true,1,43,144.81285
static,50,false,true,1,44,57.865803
static,50,false,true,1,45,30.458385
static,50,false,true,1,46,19.382475
static,50,false,true,1,47,8.502404
static,50,false,true,1,48,4.7314215
static,50,false,true,1,49,2.2093294
static,50,false,true,1,50,0.6031401
static,50,false,true,1,51,0.22709778
static,50,false,true,2,1,9.231586e16
static,50,false,true,2,2,2.2225137e16
static,50,false,true,2,3,1.9741145e16
static,50,false,true,2,4,4.0457945e15
static,50,false,true,2,5,4.5416294e15
static,50,false,true,2,6,1.9248501e15
static,50,false,true,2,7,1.1448637e15
static,50,false,true,2,8,5.5412752e14
static,50,false,true,2,9,2.207888e14
static,50,false,true,2,10,1.1007937e14
static,50,false,true,2,11,7.475863e13
static,50,false,true,2,12,1.9248364e13
static,50,false,true,2,13,1.6366918e13
static,50,false,true,2,14,2.7083895e12
static,50,false,true,2,15,1.8210496e12
static,50,false,true,2,16,7.72239e11
static,50,false,true,2,17,4.581168e11
static,50,false,true,2,18,3.2210223e11
static,50,false,true,2,19,2.793099e10
static,50,false,true,2,20,2.636291e10
static,50,false,true,2,21,3.5401615e9
static,50,false,true,2,22,1.3742026e9
static,50,false,true,2,23,9.241135e8
static,50,false,true,2,24,3.8046736e8
static,50,false,true,2,25,1.31627064e8
static,50,false,true,2,26,6.2661532e7
static,50,false,true,2,27,2.8148012e7
static,50,false,true,2,28,1.2815957e7
static,50,false,true,2,29,5.072305e6
static,50,false,true,2,30,1.9094302e6
static,50,false,true,2,31,1.0536499e6
static,50,false,true,2,32,467401.53
static,50,false,true,2,33,314637.22
static,50,false,true,2,34,166463.34
static,50,false,true,2,35,91286.43
static,50,false,true,2,36,46319.0
static,50,false,true,2,37,23227.225
static,50,false,true,2,38,7521.1196
static,50,false,true,2,39,3796.4246
static,50,false,true,2,40,1358.9182
static,50,false,true,2,41,734.965
static,50,false,true,2,42,351.74747
static,50,false,true,2,43,183.5799
static,50,false,true,2,44,73.80698
static,50,false,true,2,45,39.94067
static,50,false,true,2,46,17.38833
static,50,false,true,2,47,10.173892
static,50,false,true,2,48,3.089489
static,50,false,true,2,49,1.0501207
static,50,false,true,2,50,0.4931728
static,50,false,true,2,51,0.18970571
static,50,false,true,3,1,3.9514983e16
static,50,false,true,3,2,6.928076e15
static,50,false,true,3,3,3.807201e15
static,50,false,true,3,4,1.1463562e15
static,50,false,true,3,5,8.186123e14
static,50,false,true,3,6,4.3041817e14
static,50,false,true,3,7,2.6304822e14
static,50,false,true,3,8,1.5939981e14
static,50,false,true,3,9,4.7086683e13
static,50,false,true,3,10,3.003768e13
static,50,false,true,3,11,1.8223884e13
static,50,false,true,3,12,1.3325863e13
static,50,false,true,3,13,2.1594892e12
static,50,false,true,3,14,1.3168572e12
static,50,false,true,3,15,5.8488914e11
static,50,false,true,3,16,4.5169462e11
static,50,false,true,3,17,9.1038425e10
static,50,false,true,3,18,3.691767e10
static,50,false,true,3,19,1.7348082e10
static,50,false,true,3,20,8.3756145e9
static,50,false,true,3,21,4.974007e9
static,50,false,true,3,22,2.6006574e9
static,50,false,true,3,23,1.2826246e9
static,50,false,true,3,24,6.178071e8
static,50,false,true,3,25,1.6246611e8
static,50,false,true,3,26,8.180252e7
static,50,false,true,3,27,5.113969e7
static,50,false,true,3,28,2.0782962e7
static,50,false,true,3,29,9.838615e6
static,50,false,true,3,30,8.566926e6
static,50,false,true,3,31,1.6613352e6
static,50,false,true,3,32,1.212081e6
static,50,false,true,3,33,431219.78
static,50,false,true,3,34,208301.8
static,50,false,true,3,35,160520.38
static,50,false,true,3,36,75690.36
static,50,false,true,3,37,46551.473
static,50,false,true,3,38,7807.7734
static,50,false,true,3,39,3991.4395
static,50,false,true,3,40,1679.6826
static,50,false,true,3,41,951.0315
static,50,false,true,3,42,689.7882
static,50,false,true,3,43,179.79683
static,50,false,true,3,44,92.25138
static,50,false,true,3,45,39.902504
static,50,false,true,3,46,19.297432
static,50,false,true,3,47,7.7561707
static,50,false,true,3,48,3.8859007
static,50,false,true,3,49,1.6838009
static,50,false,true,3,50,0.5923443
static,50,false,true,3,51,0.22599907
static,50,true,true,1,1,5.2651126e9
static,50,true,true,1,2,1.1378863e9
static,50,true,true,1,3,6.920936e8
static,50,true,true,1,4,5.648874e8
static,50,true,true,1,5,5.7198803e8
static,50,true,true,1,6,2.1028571e8
static,50,true,true,1,7,1.5292467e8
static,50,true,true,1,8,9.429899e7
static,50,true,true,1,9,5.871067e7
static,50,true,true,1,10,4.7456456e7
static,50,true,true,1,11,1.8281004e7
static,50,true,true,1,12,1.2021589e7
static,50,true,true,1,13,9.212596e6
static,50,true,true,1,14,5.239517e6
static,50,true,true,1,15,3.3004955e6
static,50,true,true,1,16,2.69783e6
static,50,true,true,1,17,2.571279e6
static,50,true,true,1,18,1.0037097e6
static,50,true,true,1,19,627196.7
static,50,true,true,1,20,219144.58
static,50,true,true,1,21,175079.75
static,50,true,true,1,22,115829.71
static,50,true,true,1,23,76964.87
static,50,true,true,1,24,61523.145
static,50,true,true,1,25,36368.465
static,50,true,true,1,26,15189.406
static,50,true,true,1,27,13753.28
static,50,true,true,1,28,6829.49
static,50,true,true,1,29,4870.656
static,50,true,true,1,30,3196.7292
static,50,true,true,1,31,1772.8958
static,50,true,true,1,32,1286.6672
static,50,true,true,1,33,825.6241
static,50,true,true,1,34,590.5754
static,50,true,true,1,35,273.12317
static,50,true,true,1,36,154.26337
static,50,true,true,1,37,110.92553
static,50,true,true,1,38,80.37896
static,50,true,true,1,39,52.32117
static,50,true,true,1,40,37.608864
static,50,true,true,1,41,20.961424
static,50,true,true,1,42,11.594371
static,50,true,true,1,43,6.9237742
static,50,true,true,1,44,4.7115126
static,50,true,true,1,45,2.5587218
static,50,true,true,1,46,1.4068396
static,50,true,true,1,47,1.0890342
static,50,true,true,1,48,0.5634923
static,50,true,true,1,49,0.3664986
static,50,true,true,1,50,0.2372974
static,50,true,true,1,51,0.14089772
static,50,true,true,2,1,5.2727967e9
static,50,true,true,2,2,1.1053517e9
static,50,true,true,2,3,6.4702016e8
static,50,true,true,2,4,4.239901e8
static,50,true,true,2,5,2.9671072e8
static,50,true,true,2,6,2.7291565e8
static,50,true,true,2,7,1.3664614e8
static,50,true,true,2,8,1.291715e8
static,50,true,true,2,9,7.0580344e7
static,50,true,true,2,10,5.4656884e7
static,50,true,true,2,11,1.7280212e7
static,50,true,true,2,12,1.7020712e7
static,50,true,true,2,13,9.32206e6
static,50,true,true,2,14,7.0099765e6
static,50,true,true,2,15,2.780795e6
static,50,true,true,2,16,2.242659e6
static,50,true,true,2,17,1.113941e6
static,50,true,true,2,18,780689.0
static,50,true,true,2,19,641946.4
static,50,true,true,2,20,410124.88
static,50,true,true,2,21,285062.75
static,50,true,true,2,22,205981.38
static,50,true,true,2,23,191331.86
static,50,true,true,2,24,101499.21
static,50,true,true,2,25,78392.48
static,50,true,true,2,26,49997.844
static,50,true,true,2,27,33222.34
static,50,true,true,2,28,25747.88
static,50,true,true,2,29,28423.598
static,50,true,true,2,30,4919.77
static,50,true,true,2,31,2965.529
static,50,true,true,2,32,2927.6362
static,50,true,true,2,33,1107.2401
static,50,true,true,2,34,757.01917
static,50,true,true,2,35,506.83762
static,50,true,true,2,36,368.68173
static,50,true,true,2,37,195.6883
static,50,true,true,2,38,187.72533
static,50,true,true,2,39,81.01273
static,50,true,true,2,40,67.18131
static,50,true,true,2,41,39.9615
static,50,true,true,2,42,19.718153
static,50,true,true,2,43,20.425356
static,50,true,true,2,44,5.530012
static,50,true,true,2,45,2.42698
static,50,true,true,2,46,2.036172
static,50,true,true,2,47,1.0512545
static,50,true,true,2,48,0.54680264
static,50,true,true,2,49,0.44813156
static,50,true,true,2,50,0.20666501
static,50,true,true,2,51,0.12259322
static,50,true,true,3,1,5.4198036e9
static,50,true,true,3,2,2.8247165e8
static,50,true,true,3,3,1.9650178e8
static,50,true,true,3,4,9.013597e7
static,50,true,true,3,5,6.727899e7
static,50,true,true,3,6,4.7367644e7
static,50,true,true,3,7,3.2860536e7
static,50,true,true,3,8,2.4879566e7
static,50,true,true,3,9,1.4242959e7
static,50,true,true,3,10,1.1879922e7
static,50,true,true,3,11,8.2242755e6
static,50,true,true,3,12,3.7612058e6
static,50,true,true,3,13,2.767125e6
static,50,true,true,3,14,2.1068618e6
static,50,true,true,3,15,1.4307805e6
static,50,true,true,3,16,922219.7
static,50,true,true,3,17,763464.56
static,50,true,true,3,18,471034.06
static,50,true,true,3,19,231367.23
static,50,true,true,3,20,236596.9
static,50,true,true,3,21,154280.73
static,50,true,true,3,22,85159.96
static,50,true,true,3,23,53393.906
static,50,true,true,3,24,28521.19
static,50,true,true,3,25,20499.236
static,50,true,true,3,26,13345.96
static,50,true,true,3,27,10811.572
static,50,true,true,3,28,5692.4897
static,50,true,true,3,29,4794.0566
static,50,true,true,3,30,3161.1912
static,50,true,true,3,31,2648.3472
static,50,true,true,3,32,795.0908
static,50,true,true,3,33,471.4953
static,50,true,true,3,34,287.49258
static,50,true,true,3,35,205.8371
static,50,true,true,3,36,137.9659
static,50,true,true,3,37,89.234825
static,50,true,true,3,38,72.881325
static,50,true,true,3,39,59.9292
static,50,true,true,3,40,35.991615
static,50,true,true,3,41,17.616089
static,50,true,true,3,42,11.5079155
static,50,true,true,3,43,7.786454
static,50,true,true,3,44,3.4594502
static,50,true,true,3,45,1.9770361
static,50,true,true,3,46,1.3061239
static,50,true,true,3,47,0.8364938
static,50,true,true,3,48,0.47727278
static,50,true,true,3,49,0.33311912
static,50,true,true,3,50,0.16475244
static,50,true,true,3,51,0.12253923
