glk,gtf,tid,input_idx
-0.0032330279,-0.0032232723,1,1
-0.011465103,-0.011469359,1,1
0.0007456536,0.0007473774,1,1
0.0008387535,0.00084447855,1,1
0.0009712351,0.0009670581,1,1
-0.002327621,-0.0023295735,1,1
-0.003958721,-0.0039617782,1,1
0.004121154,0.004122654,1,1
-0.0021100056,-0.002109592,1,1
0.0012921585,0.0012966251,1,1
-0.0007419116,-0.0007432998,1,1
-0.0025171244,-0.002514793,1,1
0.00068060344,0.000679943,1,1
0.00036704843,0.0003715308,1,1
-0.0012275934,-0.0012279624,1,1
0.0024212291,0.0024186464,1,1
-0.0014067236,-0.0014033848,1,1
-0.0008069217,-0.0008089372,1,1
-0.004134254,-0.0041289353,1,1
0.00926179,0.009260128,1,1
-0.0043007345,-0.004291074,1,1
-0.004629724,-0.004632558,1,1
-0.0012374052,-0.0012387994,1,1
-4.248763e-5,-4.438827e-5,1,1
0.0047098882,0.0047238665,1,1
-0.000105080566,-9.85392e-5,1,1
-0.005520182,-0.00553238,1,1
-0.004728707,-0.0047208024,1,1
0.0048653358,0.0048633944,1,1
-0.0014154,-0.0014190613,1,1
0.0015241253,0.0015224451,1,1
-0.00093345804,-0.0009433883,1,1
0.0018269055,0.0018317596,1,1
0.002984622,0.0029819035,1,1
0.0009631603,0.000962602,1,1
-0.0016396506,-0.0016362196,1,1
-0.00026913037,-0.00026526666,1,1
-0.0018082256,-0.0018050551,1,1
0.00041283018,0.0004077532,1,1
0.0023685647,0.002368967,1,1
0.0024369322,0.00243607,1,1
-0.00029485472,-0.00029239344,1,1
0.0007622784,0.0007679311,1,1
-0.00040997658,-0.0004078773,1,1
0.0005834038,0.0005790414,1,1
0.0024741003,0.0024818426,1,1
-0.005240527,-0.0052407198,1,1
-0.00556566,-0.00556099,1,1
-7.435833e-5,-7.103976e-5,1,1
-0.0016186271,-0.0016189928,1,1
-0.00022616761,-0.00022223768,1,1
0.0012460623,0.0012457827,1,1
0.00062288606,0.00062232034,1,1
-0.0015681237,-0.0015631526,1,1
-0.0040084743,-0.0040103095,1,1
-7.337393e-5,-6.515337e-5,1,1
0.0021114184,0.002118524,1,1
-0.0068011163,-0.0067982767,1,1
0.0029991448,0.0030121224,1,1
-0.00031115237,-0.0003089337,1,1
0.0019731252,0.001977706,1,1
0.0019756872,0.0019815755,1,1
0.0056111054,0.0056095715,1,1
0.0009808468,0.000980487,1,1
0.00058167585,0.00058488775,1,1
-0.0050175767,-0.0050033233,1,1
0.0014428181,0.0014503844,1,1
-0.009640685,-0.009643171,1,1
0.000281461,0.00028076075,1,1
-0.013570927,-0.013569434,1,1
0.007609877,0.0075989957,1,1
0.0011568944,0.0011478383,1,1
0.00079623505,0.00079546653,1,1
-0.0054101185,-0.0054169376,1,1
-4.1966032e-5,-4.0913263e-5,1,1
0.0027732244,0.0027694816,1,1
0.00018222898,0.00018798938,1,1
-0.004674114,-0.0046812687,1,1
0.00198851,0.0019934336,1,1
-0.0007516479,-0.00074588176,1,1
-0.002862508,-0.0028645983,1,1
0.0013700312,0.0013646212,1,1
-0.00010678193,-0.0001080605,1,1
0.0029010305,0.002896386,1,1
-0.00047357287,-0.0004730489,1,1
0.0010506739,0.001056717,1,1
0.005596349,0.005602801,1,1
-0.0053192494,-0.005309837,1,1
1.0048859e-5,9.882274e-6,1,1
-0.0010042733,-0.0010016894,1,1
-0.0020037703,-0.0020100398,1,1
0.0064681177,0.0064545786,1,1
9.3180504e-5,9.928481e-5,1,1
0.005063061,0.005059795,1,1
-0.00080730766,-0.00079854747,1,1
-0.00043126068,-0.00043618484,1,1
0.00045028343,0.0004447343,1,1
-0.00013198848,-0.0001367506,1,1
0.0008053284,0.000806565,1,1
-0.0038292317,-0.0038303784,1,1
0.0011566412,0.0011617177,1,1
-0.004379202,-0.004377585,1,1
-8.789338e-5,-8.846887e-5,1,1
0.0002873399,0.00029304097,1,1
-0.0023694732,-0.0023738935,1,1
0.0032797505,0.0032732561,1,1
-0.00077431696,-0.0007770485,1,1
-0.0015295666,-0.001531976,1,1
-0.0025174343,-0.0025059842,1,1
0.0001855492,0.0001802123,1,1
-0.0018649274,-0.0018785443,1,1
0.0013954864,0.0013935267,1,1
-0.0045964373,-0.00459039,1,1
0.004627017,0.004622969,1,1
-0.00048491152,-0.00048406704,1,1
0.0013967274,0.0013912597,1,1
0.007625481,0.0076225214,1,1
-0.0010090044,-0.00100932,1,1
0.0014483047,0.001447163,1,1
6.905283e-5,6.7728455e-5,1,1
-0.0006126665,-0.0006147997,1,1
-0.0039815945,-0.0039769355,1,1
-0.00036221414,-0.00035542576,1,1
-0.0018580728,-0.0018596803,1,1
0.0044979383,0.004502442,1,1
0.0013676046,0.0013653926,1,1
0.0018556884,0.0018653442,1,1
-0.0029721004,-0.0029660529,1,1
0.0012911224,0.0012874771,1,1
-0.002774273,-0.0027664125,1,1
0.0030167096,0.0030121226,1,1
-0.000826072,-0.0008247345,1,1
0.0012069916,0.0012083919,1,1
0.0014267804,0.0014262558,1,1
0.0032486771,0.0032503344,1,1
-0.004348295,-0.0043456675,1,1
0.0003653978,0.00036252892,1,1
-0.0004848015,-0.0004859382,1,1
0.00022810797,0.00023032406,1,1
0.0015769752,0.0015830892,1,1
-2.5510028e-5,-1.6631227e-5,1,1
0.0009938455,0.0009972651,1,1
0.00048464598,0.0004848911,1,1
-0.005573738,-0.0055736145,1,1
-0.0011421228,-0.001140219,1,1
0.0012681033,0.0012698591,1,1
0.00380729,0.0038003447,1,1
0.0022570803,0.002255702,1,1
-0.0008191802,-0.00081844383,1,1
-0.0019395892,-0.0019329903,1,1
0.00059353135,0.0005960051,1,1
-0.0034453827,-0.003456307,1,1
0.002086826,0.0020867637,1,1
0.0036304889,0.003621884,1,1
0.008581157,0.00858541,1,1
0.0005144919,0.000514407,1,1
0.00342275,0.003416783,1,1
0.0022274714,0.0022303066,1,1
-8.7312976e-5,-8.998988e-5,1,1
0.0015320284,0.0015368471,1,1
-9.1380505e-5,-9.262957e-5,1,1
0.00041000027,0.0004130184,1,1
-0.0023079487,-0.002301041,1,1
-0.0011923973,-0.0011897269,1,1
0.0048101004,0.004808456,1,1
0.0026431591,0.0026488905,1,1
-0.0007192962,-0.00072785106,1,1
-0.0014472121,-0.001450737,1,1
-0.00086352,-0.00086456,1,1
0.002000172,0.0020045363,1,1
-0.0009105465,-0.0009174383,1,1
2.017738e-5,2.2429776e-5,1,1
-0.00074396364,-0.00074910617,1,1
-0.0017911389,-0.0017951067,1,1
-0.0025927175,-0.0025915354,1,1
-0.00079799566,-0.0007870746,1,1
-0.0050145225,-0.0050065443,1,1
-0.00073273975,-0.0007401518,1,1
-0.005412291,-0.0054157134,1,1
-0.0036864944,-0.0036828048,1,1
0.004226586,0.0042274576,1,1
-0.0015924507,-0.0015978593,1,1
-0.0032631892,-0.0032738564,1,1
0.0003442531,0.00034299548,1,1
0.0011714788,0.0011839784,1,1
-5.2353455e-5,-4.9177394e-5,1,1
1.8667586e-5,1.60838e-5,1,1
0.006832297,0.0068313587,1,1
0.0068537043,0.0068492913,1,1
-0.00592882,-0.0059427535,1,1
0.0054798173,0.0054796063,1,1
0.0002993642,0.00030192963,1,1
0.001413539,0.0014107635,1,1
-0.0038646099,-0.003863165,1,1
0.0030485415,0.0030583115,1,1
-0.00068956264,-0.0006895721,1,1
0.00042529454,0.00042123508,1,1
0.002418434,0.0024235314,1,1
0.002845368,0.0028398894,1,1
0.00011993004,0.00011738965,1,1
-0.0009466654,-0.00095219177,1,1
7.631552e-5,7.9115074e-5,1,1
0.0024035762,0.0023997286,1,1
-0.006708378,-0.0067012436,1,1
-0.0018478662,-0.0018516214,1,1
0.0014082972,0.0014107465,1,1
-0.00426906,-0.0042741033,1,1
0.0028292583,0.0028289615,1,1
0.00032703555,0.0003305567,1,1
-0.0004987358,-0.00050034054,1,1
-0.0066865883,-0.0066920416,1,1
-0.0010572289,-0.0010597467,1,1
0.0009927516,0.0009933155,1,1
0.0041714935,0.0041751056,1,1
-0.002481384,-0.0024763946,1,1
6.525594e-5,6.248221e-5,1,1
0.003963364,0.003964615,1,1
-0.003208724,-0.003202982,1,1
0.00041597022,0.00042006606,1,1
-0.0011312317,-0.001132108,1,1
-0.0008076761,-0.00080803805,1,1
0.0003971253,0.00038779897,1,1
-0.0016151768,-0.0016083579,1,1
0.00019974905,0.00020002465,1,1
0.0024421199,0.0024482948,1,1
-0.013009097,-0.013008675,1,1
0.0006802744,0.00067969464,1,1
-0.0019237396,-0.0019248795,1,1
-0.004113313,-0.0041142143,1,1
-0.0019520659,-0.0019457834,1,1
0.0008999495,0.00089473237,1,1
-0.0010888408,-0.0010817377,1,1
-0.0013584777,-0.0013544731,1,1
-0.0061919363,-0.0061898264,1,1
-0.007435237,-0.0074341693,1,1
0.0014337439,0.0014325032,1,1
0.0044965306,0.004504237,1,1
-0.00123784,-0.0012408812,1,1
-0.002694975,-0.0026979297,1,1
0.004493928,0.0044919625,1,1
-0.0017347811,-0.0017375553,1,1
-0.00092317304,-0.00092236063,1,1
0.00085062464,0.00084487826,1,1
-0.0054952516,-0.005497052,1,1
-0.0010303551,-0.001025864,1,1
0.0008084315,0.00081394834,1,1
-0.002026902,-0.002033389,1,1
0.00054751086,0.0005442022,1,1
0.00089456845,0.0009045747,1,1
-0.00035361343,-0.00035423783,1,1
-0.001519961,-0.0015182387,2,1
0.00217477,0.002176651,2,1
-0.00034945866,-0.00034690037,2,1
0.0017754207,0.0017768599,2,1
-0.0012259171,-0.0012262549,2,1
0.00014093154,0.0001439696,2,1
-0.0010028887,-0.0010013775,2,1
-0.0032075928,-0.0032046793,2,1
-0.0029779247,-0.0029755975,2,1
0.00022954094,0.00023208463,2,1
-0.000100124416,-9.3715025e-5,2,1
0.00038310373,0.0003858088,2,1
0.00026906494,0.00026876884,2,1
6.6974375e-5,6.769779e-5,2,1
0.00026025227,0.00025880142,2,1
0.0027367636,0.0027390155,2,1
0.0014203829,0.0014239284,2,1
-0.0006520976,-0.0006509493,2,1
-0.0022070562,-0.0022051658,2,1
-0.00039959673,-0.0003956991,2,1
0.0002506003,0.00025119312,2,1
0.0003071787,0.0003113412,2,1
0.0017983749,0.0018021467,2,1
-0.0023855325,-0.00238241,2,1
0.0010409066,0.0010446849,2,1
-0.0011947767,-0.0011922956,2,1
0.0007598601,0.0007622011,2,1
-0.0004695575,-0.00046925782,2,1
0.00010470691,0.0001099425,2,1
-0.00043146175,-0.00042894302,2,1
0.0001295915,0.0001268982,2,1
-0.00029936136,-0.00029563517,2,1
0.00017287243,0.00017584603,2,1
0.0009612503,0.0009672202,2,1
0.002166562,0.0021741316,2,1
-0.0011815148,-0.001178497,2,1
-0.00013085235,-0.00012570458,2,1
0.00019107058,0.00019485933,2,1
3.7760987e-5,3.881181e-5,2,1
0.001798073,0.0018026747,2,1
-6.831441e-5,-6.591638e-5,2,1
0.00046084868,0.00046100194,2,1
-0.00046575646,-0.00046320123,2,1
-0.0017187769,-0.0017204257,2,1
0.00012294204,0.00012510612,2,1
0.0012650352,0.0012645427,2,1
0.00036539495,0.00036613096,2,1
-0.0021622325,-0.0021640926,2,1
0.0003006625,0.00030716462,2,1
-0.0010895709,-0.0010832429,2,1
0.00086353044,0.0008698529,2,1
-0.000471826,-0.00047086622,2,1
-0.00042006336,-0.0004178786,2,1
0.00010991817,0.00011137741,2,1
0.00025069987,0.00025266458,2,1
0.00017534861,0.0001781022,2,1
-0.005613812,-0.005614808,2,1
-0.0009745563,-0.00096989534,2,1
0.0030969884,0.003099408,2,1
0.0012824027,0.0012851314,2,1
6.015659e-5,6.201473e-5,2,1
0.0017750746,0.0017802439,2,1
0.0013846979,0.0013859109,2,1
-5.7263132e-5,-5.2176547e-5,2,1
0.0005907157,0.00059321837,2,1
-0.0011030709,-0.0010981383,2,1
-0.00016480945,-0.00016522354,2,1
0.0004796879,0.00048175151,2,1
-0.00016792292,-0.00016265191,2,1
-0.00047624536,-0.00047275715,2,1
-0.0008931545,-0.00089410716,2,1
-0.00095680007,-0.00095363136,2,1
-0.005551293,-0.0055512865,2,1
-0.0011791401,-0.0011731504,2,1
4.582208e-5,4.7709105e-5,2,1
-0.0007188111,-0.00071757485,2,1
-0.0011400182,-0.0011345417,2,1
-0.00050684717,-0.00050376257,2,1
-0.0021878793,-0.0021874544,2,1
0.00034647036,0.00035081073,2,1
-0.0032942314,-0.0032908495,2,1
0.0011420003,0.0011472728,2,1
0.0005309024,0.0005350055,2,1
-0.0018793785,-0.0018787892,2,1
0.00037218144,0.00037796618,2,1
-0.0019254623,-0.0019223669,2,1
1.1133786e-6,4.139679e-6,2,1
3.1783453e-5,3.3434975e-5,2,1
0.00022908383,0.00022964644,2,1
5.662583e-5,5.8709356e-5,2,1
0.0043187137,0.0043260707,2,1
0.00018529504,0.00018805728,2,1
0.0004084535,0.0004124355,2,1
7.9874015e-5,8.175605e-5,2,1
-0.0045832074,-0.0045772432,2,1
-0.0015875766,-0.0015874554,2,1
0.00072275725,0.0007257312,2,1
-0.00031259103,-0.00031131878,2,1
0.0010357504,0.0010394772,2,1
-0.00027927881,-0.00027654853,2,1
0.0005890342,0.0005959458,2,1
-4.3947162e-5,-4.2661795e-5,2,1
-0.0003964235,-0.0003946614,2,1
-0.0016675292,-0.0016696645,2,1
-0.0005522804,-0.0005501786,2,1
6.7152665e-5,6.745852e-5,2,1
-0.0015172298,-0.0015175177,2,1
-0.0025289154,-0.0025279177,2,1
-5.388696e-5,-5.1956496e-5,2,1
0.001362729,0.0013632904,2,1
5.330087e-5,5.6968187e-5,2,1
0.0031431722,0.0031432996,2,1
0.00011035252,0.00011083515,2,1
3.944054e-5,4.2003572e-5,2,1
1.0878677e-5,1.4191348e-5,2,1
0.00035901245,0.0003566785,2,1
0.00026042535,0.00026062064,2,1
0.0027962457,0.0027991582,2,1
-0.00030390781,-0.0003004701,2,1
-6.6669e-5,-6.404233e-5,2,1
-0.00032965397,-0.00032815515,2,1
-0.00020781203,-0.00020545757,2,1
-0.00013023117,-0.00013008369,2,1
0.003810264,0.0038130742,2,1
9.637269e-5,9.996469e-5,2,1
0.0030538712,0.0030539918,2,1
0.0047578937,0.0047567184,2,1
0.0036683695,0.0036654032,2,1
-0.0027739517,-0.0027677005,2,1
-0.00021300813,-0.00020933234,2,1
-0.007321458,-0.007321149,2,1
0.00017827621,0.00018300136,2,1
0.00044825158,0.00045049237,2,1
0.0019335267,0.0019333875,2,1
-0.0006542541,-0.0006549714,2,1
-3.5886074e-5,-3.347203e-5,2,1
0.0066174064,0.006619584,2,1
0.000114827846,0.00011808608,2,1
-0.0007464256,-0.0007414942,2,1
0.0014288215,0.0014307451,2,1
-6.671168e-5,-6.515816e-5,2,1
0.002375092,0.0023790256,2,1
1.3789205e-6,2.198583e-6,2,1
0.0007783693,0.0007837076,2,1
-0.0022342827,-0.0022304773,2,1
9.05156e-5,9.028749e-5,2,1
-0.0027692686,-0.0027642946,2,1
-0.000109549255,-0.0001025478,2,1
0.0011367302,0.0011411847,2,1
0.00015739514,0.0001608976,2,1
0.000835764,0.0008427582,2,1
0.0017182771,0.0017179974,2,1
6.44375e-5,6.7180714e-5,2,1
0.0022700913,0.0022672238,2,1
0.004751416,0.004757144,2,1
-7.411745e-5,-7.137674e-5,2,1
-0.0009306793,-0.00092742295,2,1
-0.0008535375,-0.00084998616,2,1
-0.0020529612,-0.00205293,2,1
0.0008585506,0.0008621184,2,1
-0.00015997849,-0.00016006146,2,1
0.000388021,0.00039115368,2,1
0.00235661,0.00235984,2,1
-0.00026090522,-0.00025866518,2,1
0.0004743951,0.00047860976,2,1
2.3258614e-5,3.126289e-5,2,1
0.0012834895,0.0012842168,2,1
-0.0018174191,-0.001817212,2,1
-2.200298e-5,-1.9481284e-5,2,1
-0.00027293045,-0.0002698897,2,1
-0.0021315778,-0.002126706,2,1
0.0005194471,0.0005199173,2,1
0.00026368772,0.00026237374,2,1
-0.00022937877,-0.00022499317,2,1
0.00086828077,0.0008710147,2,1
0.0004590743,0.00046363103,2,1
-0.0041263094,-0.0041219713,2,1
-0.0032588746,-0.003257677,2,1
3.0925185e-5,3.6297995e-5,2,1
-0.001320323,-0.0013182111,2,1
0.0006223569,0.0006237378,2,1
-0.0032779633,-0.0032690454,2,1
0.00022413432,0.00022395032,2,1
-0.0009894058,-0.000986703,2,1
-0.00062077213,-0.0006179203,2,1
-0.00039684743,-0.0003947076,2,1
0.010212321,0.010213155,2,1
0.00012784224,0.00012930366,2,1
-0.0015458666,-0.0015435936,2,1
0.00016140482,0.00016740285,2,1
0.00018371697,0.00018838437,2,1
-0.0012575603,-0.0012540782,2,1
-0.00019010135,-0.00018689988,2,1
-0.00039533098,-0.00039337238,2,1
0.00072915305,0.00073253823,2,1
-0.0020078656,-0.0020099946,2,1
-0.0006936093,-0.0006924517,2,1
-0.0011833917,-0.0011805765,2,1
0.0043209777,0.0043188995,2,1
-1.0293536e-5,-7.3627966e-6,2,1
-0.000857625,-0.00085579883,2,1
0.0016594995,0.0016621113,2,1
0.0008757245,0.0008770885,2,1
-0.00075079466,-0.00074533216,2,1
0.0002206083,0.00022263356,2,1
-0.0015419337,-0.0015329838,2,1
0.0042834533,0.0042864857,2,1
-0.0008725674,-0.00087100937,2,1
1.0747803e-5,1.2992899e-5,2,1
-0.0006137922,-0.0006118546,2,1
-0.0018368292,-0.0018341911,2,1
-0.00019405792,-0.00019176591,2,1
0.00026915883,0.00027199718,2,1
0.0024779087,0.0024789036,2,1
0.00011056495,0.0001091069,2,1
-3.5636655e-5,-3.4349705e-5,2,1
0.004057118,0.0040597823,2,1
-5.4074735e-5,-5.3005017e-5,2,1
-0.00042145557,-0.0004223093,2,1
1.5941989e-6,6.5749273e-6,2,1
0.007250839,0.007253129,2,1
0.0014342793,0.0014363513,2,1
0.0009800161,0.0009841791,2,1
-0.001417423,-0.0014163068,2,1
0.0030733496,0.00308117,2,1
0.0016469725,0.001650924,2,1
0.0002441685,0.0002473439,2,1
0.0018997948,0.0019029725,2,1
-0.0002963778,-0.00029423332,2,1
0.00034424834,0.00034724516,2,1
0.00077513256,0.00077616394,2,1
-0.000686967,-0.0006829053,2,1
0.00086318335,0.00086469663,2,1
-0.00025201714,-0.00024717973,2,1
-0.00054161984,-0.00053971645,2,1
-0.0016250615,-0.0016243629,2,1
0.0011556312,0.0011548449,2,1
0.0008290717,0.00083075516,2,1
0.0032243968,0.0032241659,2,1
0.006764278,0.006764095,2,1
0.0015814425,0.0015855962,2,1
0.0022056468,0.002205798,2,1
-0.00032557885,-0.0003238679,2,1
8.307095e-5,8.50938e-5,2,1
0.003374592,0.0033730625,2,1
0.001571626,0.0015716754,2,1
-0.002655742,-0.0026540193,2,1
-0.0025541496,-0.0025519296,2,1
0.0033289557,0.0033293439,2,1
0.0010758406,0.0010787459,2,1
0.0002734531,0.00027308887,3,1
0.0045749485,0.004574104,3,1
0.0016528732,0.0016526295,3,1
-0.0002860692,-0.00029039982,3,1
0.0022616067,0.0022652554,3,1
0.0018536692,0.0018502114,3,1
0.0049972637,0.004995926,3,1
-0.0074765244,-0.007473412,3,1
-0.0005915431,-0.0005875277,3,1
-0.008173332,-0.008169741,3,1
-0.0032641138,-0.0032645212,3,1
-0.0051836064,-0.0051813195,3,1
0.0049708034,0.0049722292,3,1
-0.0019917067,-0.0019881441,3,1
-0.0022159887,-0.002217453,3,1
-0.0063709235,-0.006367818,3,1
0.0010147755,0.0010156325,3,1
0.0041567283,0.004161167,3,1
-0.0026794523,-0.0026761338,3,1
0.0047826217,0.004785451,3,1
-0.0040741903,-0.004076088,3,1
0.004246569,0.0042477543,3,1
0.0026563976,0.0026531685,3,1
0.001500993,0.0014989253,3,1
-0.008349615,-0.008345032,3,1
0.00053746544,0.0005308337,3,1
0.0019734204,0.001976141,3,1
-0.0025996952,-0.0026011395,3,1
0.0025274227,0.002523205,3,1
0.00028893646,0.00028647768,3,1
-0.009004412,-0.009001059,3,1
0.0006918029,0.00069338473,3,1
0.0026797054,0.0026866435,3,1
-0.0013422278,-0.0013442425,3,1
0.0017909195,0.0017905235,3,1
-0.0089482665,-0.00894723,3,1
-0.004236346,-0.0042354716,3,1
-0.0013838994,-0.0013877794,3,1
0.0026962645,0.0026958303,3,1
0.0012401625,0.0012367996,3,1
0.0046680053,0.0046629687,3,1
-0.014118063,-0.014114833,3,1
0.0011411423,0.0011324519,3,1
-0.005055164,-0.0050544804,3,1
-0.00039593843,-0.0003930702,3,1
0.00041875913,0.0004184025,3,1
-0.0032118983,-0.0032082729,3,1
-0.004986425,-0.0049866843,3,1
0.0021531659,0.0021530765,3,1
-0.0012116364,-0.0012153579,3,1
0.0017658207,0.0017723782,3,1
0.00031528747,0.0003147045,3,1
0.00086945156,0.000867054,3,1
-0.002330753,-0.0023270252,3,1
0.0036281936,0.003630549,3,1
-0.00070304034,-0.0007048143,3,1
0.0011867958,0.0011890499,3,1
-0.00800084,-0.008006468,3,1
0.0017750273,0.0017704924,3,1
0.00482222,0.004819424,3,1
-0.00216184,-0.0021562139,3,1
0.0015254833,0.0015245798,3,1
-0.0011638132,-0.0011604285,3,1
-0.0069893957,-0.006988368,3,1
0.011636715,0.011635858,3,1
-0.00022662674,-0.00022601127,3,1
-0.0042291726,-0.004233422,3,1
0.0041531366,0.0041564363,3,1
-0.008165787,-0.008166405,3,1
0.00072433986,0.0007262217,3,1
-0.0008059827,-0.0008037609,3,1
0.00053999166,0.00053506834,3,1
0.00083754753,0.00084263843,3,1
0.0028621722,0.0028617885,3,1
0.00069149176,0.0006956863,3,1
-0.0023369596,-0.0023330797,3,1
-0.01113949,-0.011138569,3,1
-0.002179472,-0.0021876425,3,1
-0.00016432436,-0.00016649689,3,1
-0.0010540591,-0.0010525404,3,1
0.0013848646,0.0013815502,3,1
0.002894356,0.0028906595,3,1
0.0023595865,0.0023651351,3,1
-0.0054912264,-0.005487653,3,1
0.00026837832,0.00026820277,3,1
-0.00033813046,-0.00033118884,3,1
-0.00092398113,-0.00093185983,3,1
0.003575497,0.0035839435,3,1
0.0037395824,0.0037393302,3,1
0.0013587518,0.001361077,3,1
-0.001327403,-0.0013304775,3,1
-0.003080651,-0.0030779028,3,1
0.00030942349,0.00030805112,3,1
0.0019006621,0.0019087424,3,1
-0.0021800566,-0.0021831389,3,1
-0.00071758585,-0.00071962696,3,1
-0.0039693196,-0.003969803,3,1
0.00313429,0.0031326353,3,1
-0.0024854287,-0.0024829637,3,1
-0.0014505351,-0.0014461145,3,1
0.003169147,0.0031650409,3,1
-0.0072420076,-0.0072413743,3,1
-0.0015150321,-0.0015118484,3,1
-0.0007295372,-0.00072526565,3,1
-0.005073613,-0.005072861,3,1
-0.001429875,-0.001434203,3,1
-0.0018578165,-0.0018514566,3,1
-0.00057216187,-0.0005750389,3,1
0.0010453815,0.0010444835,3,1
-0.004353938,-0.004354602,3,1
0.002842399,0.002838897,3,1
-0.002950263,-0.0029488679,3,1
-0.00532485,-0.0053221066,3,1
-0.0045821536,-0.00458184,3,1
0.00010206358,0.000102817176,3,1
0.005485021,0.005488522,3,1
1.847e-5,1.7197122e-5,3,1
0.0038056918,0.0038065317,3,1
-0.00092089624,-0.00091797987,3,1
0.00079612585,0.0008019422,3,1
-0.000584744,-0.00058797706,3,1
-0.00282588,-0.0028188992,3,1
-0.0072750365,-0.007275502,3,1
0.0015265682,0.0015327781,3,1
-0.0015697563,-0.0015647251,3,1
0.0025946228,0.0025980389,3,1
0.0017046181,0.0017099318,3,1
-0.0039694244,-0.0039710784,3,1
-0.0016063399,-0.0016030109,3,1
-0.0016893011,-0.0016862665,3,1
0.002872261,0.0028802007,3,1
-0.00066925556,-0.0006701264,3,1
-0.0037521184,-0.003747061,3,1
-0.0017743098,-0.0017739573,3,1
0.0018547429,0.0018571892,3,1
0.00016870342,0.00017113825,3,1
0.0038010583,0.0038028362,3,1
0.0005869995,0.0005917371,3,1
0.0022456134,0.0022467908,3,1
-0.0026213138,-0.0026238118,3,1
-0.0060097016,-0.0060074665,3,1
0.0011193259,0.0011184718,3,1
-0.008341458,-0.008345673,3,1
0.027507372,0.027512807,3,1
0.0028064635,0.002803118,3,1
-0.003931393,-0.0039395103,3,1
0.014010717,0.014009315,3,1
-0.0060724327,-0.006074846,3,1
-0.002112623,-0.00210992,3,1
0.0006966133,0.0006936588,3,1
0.0012676218,0.0012684043,3,1
0.0017106561,0.0017062401,3,1
-0.0016886747,-0.0016843947,3,1
0.0007951278,0.00079646835,3,1
0.001808437,0.0018068051,3,1
-0.0016645386,-0.0016654775,3,1
-0.001692052,-0.0016941174,3,1
0.0038782656,0.003880934,3,1
-0.004685989,-0.0046889344,3,1
0.00013514748,0.00013653463,3,1
-0.0040485966,-0.0040491507,3,1
-0.0013798864,-0.001383424,3,1
-0.0057290373,-0.005725161,3,1
-0.0061824354,-0.006183389,3,1
-0.00053880987,-0.00053534313,3,1
0.0005414563,0.0005419443,3,1
-0.008715719,-0.008720598,3,1
-0.003814867,-0.003815417,3,1
0.0064820754,0.006478353,3,1
0.013276497,0.013272591,3,1
0.0049987077,0.0049925935,3,1
0.0011887724,0.0011895052,3,1
-0.0026994084,-0.002695542,3,1
-0.0055959723,-0.0055970307,3,1
-0.0015403334,-0.0015386477,3,1
0.0071783997,0.0071813795,3,1
0.0071667302,0.0071716877,3,1
0.0114893075,0.011488658,3,1
0.00039555482,0.00039362433,3,1
-0.0014067264,-0.0014046419,3,1
0.0019072782,0.0019086046,3,1
-0.0014117523,-0.0014166485,3,1
-0.0009967191,-0.0009947693,3,1
0.005522265,0.0055225035,3,1
0.003820159,0.0038189536,3,1
-0.00026841578,-0.00026374482,3,1
-0.008737299,-0.0087453155,3,1
-0.0014474976,-0.0014479464,3,1
-0.0028709946,-0.0028710954,3,1
0.0027255153,0.0027226417,3,1
-0.006731207,-0.00673392,3,1
0.0065645976,0.006567884,3,1
0.001592554,0.0015914128,3,1
0.0023141322,0.0023114006,3,1
-8.661404e-6,-1.0328938e-5,3,1
-5.0323957e-5,-4.9427323e-5,3,1
0.006697741,0.0066967676,3,1
-0.00039445423,-0.00039741374,3,1
-0.0031762559,-0.003173295,3,1
0.010665108,0.010665383,3,1
-0.0049917907,-0.0049937293,3,1
-0.001960291,-0.0019586326,3,1
-0.0013494965,-0.001348836,3,1
0.000107928936,0.00010955278,3,1
0.001885327,0.0018900633,3,1
-0.00015829797,-0.00015469937,3,1
-0.0038230703,-0.0038250783,3,1
0.0066436115,0.006643224,3,1
-0.0025291874,-0.0025350214,3,1
-0.0013358268,-0.0013379707,3,1
0.004294886,0.004292109,3,1
0.0011315512,0.0011305306,3,1
-0.001013499,-0.0010119464,3,1
0.0005036548,0.0004987533,3,1
0.005774474,0.0057808165,3,1
-0.003990184,-0.003981772,3,1
0.0028445544,0.0028431076,3,1
-0.0071008434,-0.007099504,3,1
0.00041298004,0.00041222727,3,1
-0.00047388324,-0.00047231527,3,1
-0.005117906,-0.0051149903,3,1
0.0013282868,0.0013271885,3,1
-0.0074883597,-0.0074860994,3,1
-0.0010040055,-0.0010047132,3,1
-0.003825233,-0.0038231711,3,1
0.0045319777,0.0045316652,3,1
-0.0014155804,-0.0014122913,3,1
0.00079022814,0.0007898394,3,1
0.0023151222,0.0023131925,3,1
0.002759841,0.0027599218,3,1
-0.0015002486,-0.001492906,3,1
0.000710558,0.0007133069,3,1
-0.006273478,-0.006269562,3,1
-0.00072805595,-0.0007286685,3,1
-0.004969837,-0.0049695014,3,1
0.0009661099,0.0009668514,3,1
-0.0022897634,-0.00229172,3,1
-0.0011188616,-0.0011136442,3,1
0.0023569523,0.0023564128,3,1
0.004425886,0.004425565,3,1
0.003445038,0.003444248,3,1
-0.0024279465,-0.0024288904,3,1
-0.0036581678,-0.0036555934,3,1
0.0061011068,0.006101095,3,1
-0.0014858083,-0.0014871971,3,1
-0.005071557,-0.0050742454,3,1
0.002072084,0.0020708519,3,1
0.012237404,0.012236795,3,1
-0.0011070067,-0.0011055996,3,1
0.00017323329,0.00017254859,3,1
0.00889608,0.008895969,4,1
0.005241534,0.0052392543,4,1
-0.00044237456,-0.00043917005,4,1
-0.0016681305,-0.0016608433,4,1
-0.0007569676,-0.0007553128,4,1
-0.003228474,-0.0032247659,4,1
-0.0025535568,-0.0025496595,4,1
0.005911804,0.005910511,4,1
-0.007818248,-0.007815276,4,1
-0.0015311906,-0.0015299645,4,1
0.0008046902,0.0008064433,4,1
-0.0030846575,-0.0030858323,4,1
0.011144741,0.011143097,4,1
-0.0006596949,-0.0006579295,4,1
0.0036664351,0.0036684694,4,1
0.0072976416,0.007298563,4,1
0.011434131,0.011438929,4,1
0.005156256,0.0051579718,4,1
-0.0024390125,-0.0024351245,4,1
-0.0005759506,-0.00057250675,4,1
0.0008446011,0.00084908097,4,1
-0.0006875436,-0.00068827224,4,1
-0.014171604,-0.014167291,4,1
0.0045210426,0.004522956,4,1
0.0023276529,0.002332485,4,1
0.0017482672,0.0017496395,4,1
-0.009703016,-0.009695258,4,1
0.0009013796,0.0009001201,4,1
0.005384816,0.0053796144,4,1
-0.0020801793,-0.0020766149,4,1
0.0056927917,0.005696461,4,1
-0.0011541327,-0.0011533792,4,1
0.008316881,0.0083179325,4,1
-0.0011054039,-0.0011110038,4,1
0.018926466,0.018923985,4,1
-0.0008160108,-0.00081154244,4,1
-0.0030285171,-0.003028351,4,1
-0.00013524895,-0.0001334461,4,1
0.0002303404,0.00023314833,4,1
0.00025318458,0.00024949218,4,1
-0.018684812,-0.01867472,4,1
-0.0057182997,-0.0057170293,4,1
0.001286325,0.0012865885,4,1
-0.0017029089,-0.0016994688,4,1
0.0174124,0.017411906,4,1
-0.0004848157,-0.00048110404,4,1
-0.0023382697,-0.0023369773,4,1
0.0019182955,0.0019145141,4,1
-7.729826e-5,-7.481871e-5,4,1
-0.0031705194,-0.0031664416,4,1
-0.00088491885,-0.000891876,4,1
-0.006549616,-0.0065592634,4,1
-0.00055794214,-0.000556258,4,1
0.027113399,0.027108043,4,1
-0.0002478377,-0.00024355642,4,1
0.005397216,0.0054002516,4,1
-0.005226723,-0.0052249143,4,1
-0.0002682114,-0.00026777774,4,1
-0.0029821147,-0.002979326,4,1
-0.004216331,-0.0042130467,4,1
0.00068445003,0.0006896018,4,1
-0.00054457685,-0.00054076547,4,1
0.00042866406,0.0004294628,4,1
0.005342681,0.0053449553,4,1
0.00474805,0.0047547473,4,1
-0.014678933,-0.014682045,4,1
0.003489009,0.003488454,4,1
-0.011786281,-0.011785754,4,1
-0.0050484487,-0.005036811,4,1
-0.0014268328,-0.0014151115,4,1
0.03348556,0.03349068,4,1
0.0015019298,0.0015045509,4,1
-0.0027098053,-0.002701032,4,1
-0.001039853,-0.0010394354,4,1
-0.0016711814,-0.0016667153,4,1
0.0037342347,0.0037396422,4,1
0.0035222692,0.003526185,4,1
0.0041108495,0.00411319,4,1
0.0073635187,0.0073657273,4,1
8.156495e-5,8.622985e-5,4,1
-0.011786637,-0.011783975,4,1
0.008914199,0.0089180935,4,1
0.01596133,0.01596585,4,1
0.006298969,0.0062973434,4,1
-0.008099632,-0.008094884,4,1
0.0066815303,0.0066864807,4,1
-0.00027169666,-0.0002718547,4,1
0.0021709993,0.0021761428,4,1
-0.004034854,-0.0040346426,4,1
0.014997497,0.014996369,4,1
-0.011173435,-0.011180299,4,1
-0.010110908,-0.01010907,4,1
-0.0009732238,-0.00096999283,4,1
0.006101601,0.006104148,4,1
-0.0014886935,-0.0014931075,4,1
-0.0029190455,-0.0029140406,4,1
-0.01229952,-0.0122989835,4,1
0.020830821,0.02083071,4,1
0.009940629,0.009932015,4,1
-0.02016768,-0.020162392,4,1
-0.039890926,-0.039886586,4,1
0.00470363,0.0047054053,4,1
-0.0027079456,-0.0027031596,4,1
-0.0016107128,-0.0016175655,4,1
0.006911466,0.0069173174,4,1
-0.006845146,-0.0068381764,4,1
0.007302716,0.0073059076,4,1
-0.0027613754,-0.0027588077,4,1
0.005233801,0.005233793,4,1
0.0006383453,0.00064210204,4,1
-0.00095011224,-0.0009499693,4,1
-0.0036403823,-0.003638985,4,1
-0.0050064353,-0.005005565,4,1
0.0033478993,0.0033471107,4,1
0.011890961,0.011896213,4,1
0.006116293,0.0061181034,4,1
0.0073817107,0.007384321,4,1
-0.012001019,-0.0119969295,4,1
0.001561542,0.0015642561,4,1
-0.0002241808,-0.00022076869,4,1
-0.009687375,-0.00968391,4,1
0.01892177,0.018916726,4,1
-0.0013798432,-0.0013764079,4,1
-0.0065089096,-0.006503016,4,1
0.011471173,0.011473169,4,1
0.0027480377,0.0027511877,4,1
-0.0013347978,-0.0013317048,4,1
-0.009244786,-0.00923879,4,1
0.00058470777,0.0005926714,4,1
-0.00022413622,-0.00022394831,4,1
0.0010647153,0.00107184,4,1
-0.0131653985,-0.013159236,4,1
-0.0022993414,-0.0022946484,4,1
0.0015904197,0.0015907929,4,1
0.012914115,0.012918859,4,1
0.014249732,0.01426004,4,1
-0.0010936803,-0.0010925954,4,1
0.0054688775,0.005475232,4,1
-0.002336503,-0.0023396502,4,1
-0.004981698,-0.0049780663,4,1
-0.01046785,-0.010465196,4,1
0.0016931958,0.0016986404,4,1
0.0015972717,0.001597571,4,1
0.006301842,0.00630195,4,1
0.0071476223,0.0071547516,4,1
0.0010291527,0.0010275142,4,1
0.0056602242,0.00566362,4,1
-0.004892656,-0.0048859953,4,1
0.008109088,0.0081167845,4,1
0.005277096,0.0052833366,4,1
0.0049042036,0.004908948,4,1
-0.011639641,-0.011639222,4,1
-0.006394883,-0.0063889865,4,1
-0.005504952,-0.0055020675,4,1
-0.0052727065,-0.0052734003,4,1
0.0076703145,0.007673483,4,1
-0.004713737,-0.004713704,4,1
0.027910884,0.027917488,4,1
0.0045071426,0.0045123347,4,1
-0.0009900203,-0.000988832,4,1
0.026406525,0.026417417,4,1
0.0428881,0.042888306,4,1
0.0010770155,0.0010760395,4,1
0.0028223572,0.002829829,4,1
0.00413479,0.004133993,4,1
-0.0047332086,-0.0047306903,4,1
0.006856881,0.006855812,4,1
-0.01645962,-0.016453203,4,1
0.006280071,0.0062891394,4,1
-0.026718942,-0.026723878,4,1
-0.037195824,-0.037200633,4,1
-0.008388683,-0.008388744,4,1
0.00025810944,0.0002585925,4,1
0.003408798,0.003414317,4,1
0.00021480906,0.00021298492,4,1
0.0032635406,0.0032624532,4,1
0.014004538,0.014001615,4,1
0.0032094659,0.003212249,4,1
-0.004803914,-0.0047974247,4,1
-0.003389175,-0.0033860644,4,1
-0.00044478057,-0.00044259187,4,1
-0.018097756,-0.018097034,4,1
0.0045645516,0.0045698793,4,1
9.720251e-5,9.740217e-5,4,1
0.00031400315,0.00031345055,4,1
-0.0070205242,-0.0070211184,4,1
-0.005516303,-0.0055158455,4,1
0.0070014657,0.0070071784,4,1
0.026809582,0.026811989,4,1
-0.0006539715,-0.00065587374,4,1
0.002290791,0.0022910128,4,1
0.030166471,0.030151866,4,1
0.00062376045,0.0006223416,4,1
-0.0009421649,-0.00094184256,4,1
0.006296675,0.0062997355,4,1
-0.004153077,-0.0041427715,4,1
0.031191573,0.031194296,4,1
0.004076686,0.0040792082,4,1
0.027195642,0.02719377,4,1
0.027521582,0.02752013,4,1
0.00074146944,0.00074282585,4,1
0.0012351116,0.0012374081,4,1
-0.007284845,-0.0072838776,4,1
0.0121947015,0.012201304,4,1
-0.0071113002,-0.007103541,4,1
0.014014192,0.014017284,4,1
0.001818852,0.0018223278,4,1
-0.0003385297,-0.00034092687,4,1
-0.007008256,-0.0070007234,4,1
0.0015655508,0.0015688279,4,1
0.0034923607,0.0034957302,4,1
0.0052940105,0.005291194,4,1
0.0035217106,0.0035210857,4,1
-0.011142765,-0.011134893,4,1
0.0015851554,0.0015835384,4,1
0.002201673,0.0022023052,4,1
0.0022430646,0.0022441545,4,1
0.00030776954,0.00030809685,4,1
0.0062582335,0.006260083,4,1
-0.00069259363,-0.0006902409,4,1
0.0156199,0.01561607,4,1
0.013064631,0.013067778,4,1
0.0044955662,0.0045004473,4,1
0.012529506,0.012530755,4,1
-0.0008032866,-0.0007951643,4,1
0.009061496,0.0090651605,4,1
0.0021695683,0.002168657,4,1
-0.0018868023,-0.0018905443,4,1
-0.009391359,-0.009389254,4,1
-0.005539756,-0.005544736,4,1
0.012980431,0.0129793575,4,1
0.0045862277,0.0045925407,4,1
-0.00043041096,-0.000429344,4,1
-0.0371465,-0.037143502,4,1
-0.025641797,-0.025645912,4,1
0.0018322875,0.0018316355,4,1
-0.0035252755,-0.0035259852,4,1
0.0037513345,0.0037534845,4,1
0.010179318,0.010180809,4,1
-0.005440154,-0.0054347855,4,1
0.0035186668,0.0035163169,4,1
-0.008669855,-0.008678253,4,1
-0.009116479,-0.009117891,4,1
-0.0033988198,-0.0034035179,4,1
-0.00061864214,-0.00061348506,4,1
0.0015841662,0.0015889447,4,1
0.0025368638,0.0025354358,4,1
0.007091341,0.007088092,4,1
0.0053070746,0.0053049177,4,1
-0.0031961235,-0.0031921486,4,1
-0.018605217,-0.018604767,5,1
0.00050832756,0.00051569263,5,1
0.0039488636,0.0039491234,5,1
0.0048568854,0.004858905,5,1
0.00082471204,0.00082688296,5,1
-0.00041085665,-0.00040709518,5,1
-0.004004932,-0.004008064,5,1
0.00030990242,0.0003159198,5,1
0.0020125553,0.002014559,5,1
-0.00030792604,-0.0003052996,5,1
-0.004904339,-0.0049001793,5,1
0.0076190853,0.007621224,5,1
0.011464344,0.011468841,5,1
0.0027630161,0.0027650634,5,1
3.0309695e-5,3.3677174e-5,5,1
-0.00091221754,-0.00090905273,5,1
0.0027518112,0.0027525842,5,1
0.00025411398,0.00025756043,5,1
0.0019186493,0.0019216308,5,1
0.0024442617,0.0024477197,5,1
0.00026283323,0.00026582458,5,1
-0.0009658304,-0.00096419954,5,1
-0.0004336553,-0.0004322317,5,1
-0.0001189134,-0.00011482469,5,1
0.00014732542,0.00014983384,5,1
-0.0013411661,-0.001341044,5,1
0.023328254,0.023327177,5,1
0.002310622,0.0023115224,5,1
0.015369635,0.015371389,5,1
0.0010809636,0.0010851526,5,1
0.0002898085,0.00029109273,5,1
0.0026579981,0.0026600624,5,1
0.0032890132,0.0032925492,5,1
-0.0017420232,-0.0017417378,5,1
0.0046534105,0.004657303,5,1
-0.0073209694,-0.0073158653,5,1
-0.0023121804,-0.0023086406,5,1
0.0029103027,0.0029096445,5,1
0.012773889,0.012775112,5,1
-0.007012189,-0.007008786,5,1
-0.005216325,-0.005218767,5,1
0.00094248075,0.00094722246,5,1
-0.006583234,-0.006581927,5,1
0.0019413815,0.0019444701,5,1
-0.00010866443,-0.00010465728,5,1
-0.0010856191,-0.0010841725,5,1
0.004410453,0.0044119763,5,1
0.0051012835,0.0051023155,5,1
-0.009650956,-0.009648713,5,1
-0.004174144,-0.0041728145,5,1
0.002794664,0.0027984572,5,1
0.0015023651,0.0015056015,5,1
-0.0025972726,-0.002595398,5,1
0.0005700869,0.0005691033,5,1
-0.0064206365,-0.006415446,5,1
-0.04052693,-0.040523995,5,1
0.003243716,0.0032459388,5,1
0.025293285,0.025292847,5,1
-0.0023943977,-0.0023926178,5,1
0.022106238,0.022108922,5,1
5.926323e-6,8.209607e-6,5,1
5.8357546e-5,6.174432e-5,5,1
-0.00045177096,-0.0004474067,5,1
0.0024150093,0.002416227,5,1
0.023483993,0.023485027,6,1
0.017572422,0.017575894,6,1
0.040309705,0.040304635,6,1
0.012657492,0.012657352,6,1
-0.039578907,-0.03958097,6,1
0.027224058,0.027219849,6,1
0.012944633,0.012939364,6,1
-0.013083862,-0.013088838,6,1
0.011001669,0.011005317,6,1
0.015283024,0.015282406,6,1
0.0030070292,0.0030052154,6,1
-0.011098534,-0.0110963555,6,1
-0.0142849265,-0.014289706,6,1
-0.021156747,-0.021154964,6,1
0.013922673,0.013919282,6,1
-0.0118233785,-0.01182355,6,1
0.015920276,0.015915371,6,1
0.03914553,0.039152417,6,1
-0.008675162,-0.008673201,6,1
-0.0126123205,-0.01260999,6,1
-0.00438107,-0.0043842145,6,1
-0.015846532,-0.015849553,6,1
-0.01860613,-0.018604042,6,1
-0.009136722,-0.009132899,6,1
-0.01256552,-0.0125641,6,1
0.015109345,0.01510821,6,1
-0.018474117,-0.018474417,6,1
-0.017710002,-0.017714115,6,1
0.015621472,0.015618905,6,1
0.008495004,0.008500618,6,1
0.011829424,0.011827401,6,1
0.011004149,0.01099518,6,1
0.007380887,0.007382661,6,1
0.010245723,0.010246331,6,1
-0.000825953,-0.00082854356,6,1
-0.0051987586,-0.005200082,6,1
0.03234423,0.03234282,6,1
-0.0097846305,-0.009783679,6,1
-0.0131442575,-0.013139099,6,1
-0.015745638,-0.015746323,6,1
0.0036221987,0.0036243496,6,1
-0.016069843,-0.01606524,6,1
0.0010062618,0.0010001137,6,1
-0.00676337,-0.006766068,6,1
-0.015752502,-0.015749829,6,1
-0.0019824465,-0.0019881756,6,1
0.0044903285,0.004490959,6,1
-0.03675165,-0.0367455,6,1
-0.0044490076,-0.0044453293,6,1
-0.012772048,-0.012774813,6,1
0.016918391,0.01692131,6,1
0.017191445,0.0171946,6,1
-0.0069670924,-0.0069633704,6,1
0.017387392,0.017386012,6,1
0.033622462,0.03362739,6,1
-0.029988477,-0.029981384,6,1
-0.018942174,-0.018941103,6,1
0.0079327915,0.007930747,6,1
0.015006293,0.015001875,6,1
0.022765787,0.022764308,6,1
0.011931956,0.011930709,6,1
0.011971101,0.011966062,6,1
-0.018492758,-0.018500863,6,1
0.016873425,0.016875776,6,1
1.45422055e-5,1.5552427e-5,1,2
0.0018464039,0.0018478064,1,2
9.1125396e-5,9.02449e-5,1,2
0.0026264442,0.0026184078,1,2
0.00034399703,0.0003550989,1,2
-6.896689e-5,-6.556884e-5,1,2
0.00018965182,0.00019187624,1,2
-0.0023409498,-0.0023402476,1,2
0.00013499858,0.00013377194,1,2
0.00366887,0.0036750704,1,2
0.0007633491,0.00076109363,1,2
-0.00064670324,-0.0006470641,1,2
0.0025039506,0.0025018011,1,2
-0.0027066055,-0.0027122917,1,2
0.00054973975,0.00055257283,1,2
-0.00015219052,-0.00014463124,1,2
0.00014479044,0.00015157335,1,2
0.00125571,0.0012495479,1,2
0.0006246846,0.00062593434,1,2
0.0073104003,0.007304466,1,2
-0.0013972713,-0.0014009089,1,2
-0.0009281524,-0.0009230369,1,2
-0.0031648038,-0.0031638644,1,2
-0.00011184145,-0.00011041626,1,2
-0.002457879,-0.0024465078,1,2
0.002002092,0.0020011826,1,2
-0.0015381431,-0.0015396611,1,2
-0.0021479193,-0.0021483197,1,2
-0.0037746192,-0.0037699987,1,2
-0.003212196,-0.003213214,1,2
0.0006112326,0.0006146498,1,2
-0.0021311746,-0.0021250185,1,2
-0.0035927147,-0.0035913722,1,2
0.00017494081,0.00018435065,1,2
-0.0063093263,-0.0063028936,1,2
-0.0015803349,-0.0015768136,1,2
-3.2794407e-5,-3.3751745e-5,1,2
-0.00061649637,-0.00062180724,1,2
0.002279779,0.0022800365,1,2
-0.0023866221,-0.0023961577,1,2
-0.0034076567,-0.0034073698,1,2
-0.000327468,-0.00032968083,1,2
-0.0018051121,-0.0018034523,1,2
0.0039084493,0.0039051187,1,2
-0.0016377829,-0.0016382069,1,2
-0.00029051502,-0.0002864352,1,2
-0.0050267493,-0.005033224,1,2
0.00011087222,0.000111641864,1,2
-0.0003041449,-0.00029786845,1,2
0.006154117,0.0061465,1,2
0.0030371957,0.0030419491,1,2
-0.00059936946,-0.0005979336,1,2
-0.0005756016,-0.00057461864,1,2
8.604976e-5,8.9583125e-5,1,2
0.0013484372,0.0013461591,1,2
0.0028523628,0.002850531,1,2
0.00044908328,0.0004433975,1,2
-0.0014604351,-0.0014568135,1,2
0.0066089137,0.0066071986,1,2
0.0013465415,0.0013464023,1,2
-0.00061585393,-0.0006172556,1,2
-0.0007568595,-0.000753763,1,2
-0.0049182917,-0.0049123126,1,2
0.00044274633,0.0004448797,1,2
-0.0024821877,-0.002487949,1,2
0.0014978931,0.0014951555,1,2
0.004042993,0.004035036,1,2
0.0012052826,0.0012159008,1,2
-4.1298856e-5,-4.2948166e-5,1,2
-0.0017640928,-0.0017707763,1,2
0.0017801338,0.0017832124,1,2
-8.9392735e-5,-9.478857e-5,1,2
-0.0067179636,-0.0067156693,1,2
0.0025054074,0.0025089798,1,2
0.0024029722,0.0024132186,1,2
-0.00057252607,-0.0005725672,1,2
6.940219e-5,6.283673e-5,1,2
-0.0027109382,-0.002702469,1,2
-0.00019609145,-0.00020429358,1,2
0.00042367852,0.00043175346,1,2
3.3127282e-5,3.1776373e-5,1,2
0.0016221416,0.0016160741,1,2
-0.0016397132,-0.0016398659,1,2
-0.00093687593,-0.0009366647,1,2
0.0001720559,0.00016865144,1,2
-0.00025263644,-0.0002520113,1,2
-0.00037345983,-0.00038185224,1,2
-0.003189689,-0.0031777204,1,2
0.003214241,0.0032095502,1,2
-0.0033792923,-0.0033759577,1,2
0.0012361581,0.0012330775,1,2
0.0007617075,0.00076140795,1,2
-0.00028941967,-0.0002870511,1,2
0.0043487274,0.0043503717,1,2
-0.003237702,-0.0032485984,1,2
0.00010962512,0.00010966534,1,2
-0.00239762,-0.0024038502,1,2
0.00021225701,0.00020910987,1,2
6.561442e-5,6.985058e-5,1,2
0.0020304993,0.002036938,1,2
-0.002994563,-0.002990056,1,2
-0.00076830905,-0.0007721117,1,2
-0.00076048885,-0.0007610118,1,2
-0.00011254134,-0.00011577105,1,2
0.005138312,0.0051482487,1,2
-0.0071718236,-0.007168288,1,2
0.00046403045,0.0004693187,1,2
-0.00014077223,-0.00013870007,1,2
0.0008963201,0.0008973342,1,2
-0.0026073453,-0.0026146956,1,2
0.00072394556,0.00073229126,1,2
-0.0028417048,-0.0028420056,1,2
0.00038041797,0.0003886305,1,2
-0.0017255037,-0.001723255,1,2
0.0037725642,0.0037676094,1,2
-2.6361184e-5,-2.2529795e-5,1,2
-0.0016038234,-0.0016074307,1,2
0.0017769296,0.0017846978,1,2
0.00053193234,0.00052753626,1,2
-0.0031230296,-0.0031217532,1,2
-0.0029692794,-0.0029747698,1,2
-0.0014597995,-0.0014572287,1,2
-0.0031048555,-0.0031021377,1,2
-7.515401e-5,-7.489389e-5,1,2
0.0015161695,0.0015103986,1,2
0.0015113538,0.0014993089,1,2
0.0011360332,0.0011305675,1,2
-0.0016848871,-0.001685308,1,2
0.0019725657,0.001980871,1,2
0.001042296,0.0010484578,1,2
0.00026426336,0.00025890543,1,2
0.001752826,0.0017543592,1,2
0.0008461209,0.00084447116,1,2
0.004839096,0.004830906,1,2
-0.0033121465,-0.00330886,1,2
-0.00088952226,-0.0008896004,1,2
6.1699575e-5,6.4592066e-5,1,2
0.00014736714,0.00013893994,1,2
-0.0016287288,-0.0016314711,1,2
0.0012867575,0.0012906706,1,2
-0.0008377966,-0.00083900854,1,2
0.008110192,0.00811459,1,2
0.0030842281,0.003096854,1,2
-0.0017418615,-0.0017340168,1,2
0.0003715452,0.00037249475,1,2
-0.0024942358,-0.0024952916,1,2
0.002186863,0.0021832886,1,2
0.00053433515,0.00053998444,1,2
0.008176435,0.008181,1,2
0.0034809073,0.003475747,1,2
0.0010168941,0.0010153896,1,2
-0.0003337234,-0.00033051166,1,2
-0.0033784756,-0.0033840688,1,2
0.00014906093,0.00015316773,1,2
0.00026749444,0.0002723675,1,2
0.0004804727,0.0004715072,1,2
-5.7192006e-5,-5.2053347e-5,1,2
0.0030612182,0.0030557332,1,2
0.0004309373,0.00042645077,1,2
0.0005270909,0.0005288632,1,2
0.00094514946,0.0009320914,1,2
0.00022741755,0.00023171787,1,2
0.0014181039,0.001423174,1,2
0.000943084,0.0009456564,1,2
2.724174e-5,2.4782426e-5,1,2
0.00262499,0.0026401062,1,2
0.0015073573,0.001503449,1,2
-0.0016026454,-0.0016045915,1,2
0.00032121153,0.00032168205,1,2
0.0028809977,0.002883701,1,2
0.0020580408,0.0020567384,1,2
-0.0006931752,-0.00068888825,1,2
0.0039067045,0.003909648,1,2
-0.009320358,-0.009330383,1,2
0.0019922445,0.0019901118,1,2
-0.00015358366,-0.00015400174,1,2
-0.0027199262,-0.0027126167,1,2
0.001303152,0.0013030384,1,2
3.1447732e-6,2.886507e-7,1,2
-0.0012549532,-0.00125776,1,2
-0.00047508552,-0.00047063886,1,2
-0.00028800944,-0.0002966941,1,2
0.00013836054,0.00013849433,1,2
-0.0009611948,-0.00095020817,1,2
0.00029898295,0.00029632266,1,2
-0.0035063107,-0.0035118344,1,2
0.005539862,0.005534444,1,2
-0.004247987,-0.0042515662,1,2
-0.0023760365,-0.0023734325,1,2
-0.0011737269,-0.0011684567,1,2
0.0001682226,0.0001709597,1,2
-0.0008008152,-0.0008050279,1,2
0.0023923032,0.0024015915,1,2
-0.001804325,-0.0018083215,1,2
0.00048899325,0.00049382035,1,2
0.0011434319,0.0011476973,1,2
-0.00032458996,-0.0003090303,1,2
0.0014485073,0.0014589046,1,2
0.0005100429,0.00050868373,1,2
-0.0018900979,-0.0018881795,1,2
0.00023594523,0.00024010189,1,2
-0.0026402974,-0.0026436178,1,2
-0.00061710866,-0.0006102869,1,2
0.0034208675,0.0034114714,1,2
0.0041451305,0.004150024,1,2
0.008919349,0.008914936,1,2
0.0020354686,0.00203731,1,2
3.8826354e-5,4.274211e-5,1,2
-1.7162532e-5,-2.0166935e-5,1,2
-0.0025771419,-0.0025784462,1,2
-0.0021808206,-0.0021815265,1,2
-0.0011553494,-0.0011461617,1,2
-0.0031394714,-0.0031392148,1,2
-0.001960015,-0.0019556598,1,2
0.001420639,0.0014249794,1,2
-0.0035112104,-0.0035149073,1,2
-7.3204174e-6,-1.1256368e-5,1,2
-0.00012859998,-0.00013095471,1,2
0.00080159376,0.00080527255,1,2
-0.0007046008,-0.00070271204,1,2
0.00050439755,0.00050006784,1,2
-0.00017392512,-0.00016974992,1,2
0.0002239437,0.00021790352,1,2
-0.00017671805,-0.00017306267,1,2
-0.0008143208,-0.0008143292,1,2
-7.9834186e-5,-8.26556e-5,1,2
0.0008824152,0.00088461314,1,2
0.00056585716,0.0005687702,1,2
0.006314896,0.0063173096,1,2
-0.0008789793,-0.00087117834,1,2
0.003924195,0.003925263,1,2
0.00051484944,0.0005096784,1,2
0.0009670206,0.00096580415,1,2
-0.00223772,-0.002231716,1,2
-0.00012329294,-0.00012443791,1,2
0.000728336,0.00073274353,1,2
-0.0003694786,-0.00036489687,1,2
0.0004986656,0.00049285113,1,2
0.0051241475,0.0051259464,1,2
0.0014347943,0.0014363651,1,2
0.0008120789,0.0008162493,1,2
-0.0018905436,-0.001885401,1,2
0.00022270893,0.00022388133,1,2
-0.0068908324,-0.006890683,1,2
-0.000732569,-0.0007282364,1,2
0.0032610823,0.003257998,1,2
0.0073920097,0.007398398,1,2
-0.000102042955,-0.00010214601,1,2
0.00070903066,0.0007063568,1,2
0.002929836,0.0029316687,1,2
-0.00052405143,-0.0005221202,2,2
0.00016825959,0.00016956868,2,2
-4.120165e-5,-3.9307248e-5,2,2
0.00021642317,0.00022101727,2,2
0.0019306503,0.0019331903,2,2
-0.005914012,-0.0059158923,2,2
-0.0014226125,-0.0014200058,2,2
-0.0005576415,-0.00055614056,2,2
0.0013110698,0.0013184696,2,2
0.003638151,0.0036381138,2,2
2.477884e-5,2.670271e-5,2,2
0.00050182175,0.000503234,2,2
0.0025527934,0.0025547568,2,2
0.0004316059,0.0004334146,2,2
0.0016466568,0.0016471586,2,2
0.00022904306,0.00023059538,2,2
0.0008296132,0.00083230797,2,2
-0.000106431035,-0.00010339286,2,2
0.0004225585,0.00042289455,2,2
0.00011881382,0.0001210341,2,2
-0.0001403208,-0.00013458221,2,2
-0.0002073995,-0.00020667873,2,2
-0.0005296107,-0.0005254547,2,2
3.6695976e-5,4.1115538e-5,2,2
-0.0040165437,-0.0040165014,2,2
-0.011000001,-0.010997726,2,2
3.7299135e-6,5.270976e-6,2,2
0.00032758465,0.00033039215,2,2
0.001640756,0.0016347968,2,2
-0.00094513904,-0.0009437144,2,2
-0.0003395454,-0.000335082,2,2
-0.0015051333,-0.0015014049,2,2
0.00013021125,0.00013404773,2,2
0.0006695228,0.0006722157,2,2
4.419184e-5,4.9042963e-5,2,2
0.0006071565,0.00060844165,2,2
0.0018036441,0.0018072143,2,2
0.0018207156,0.0018232034,2,2
0.00016157173,0.00016444299,2,2
4.5548e-5,4.902939e-5,2,2
0.00090847054,0.0009126711,2,2
8.685207e-5,8.822873e-5,2,2
0.0010167965,0.0010204517,2,2
-0.0005479549,-0.0005490898,2,2
-0.00031463665,-0.00031252924,2,2
0.0029651239,0.002965061,2,2
0.0004566076,0.00045754146,2,2
0.000127553,0.00012930034,2,2
0.00036697777,0.00037150967,2,2
-0.00022316983,-0.0002189137,2,2
0.0006414768,0.00064244005,2,2
0.008415637,0.008416154,2,2
-0.00015773655,-0.0001567831,2,2
-0.0003894976,-0.00038693432,2,2
0.000135083,0.00013742251,2,2
-0.0002887776,-0.00028504423,2,2
0.0008935196,0.0008944261,2,2
0.00013367277,0.00013762103,2,2
-0.0057149464,-0.0057156095,2,2
0.00076690357,0.00076473714,2,2
0.0014993474,0.0015031121,2,2
0.004269277,0.0042673396,2,2
0.0017252944,0.001723146,2,2
0.0023473788,0.002351089,2,2
0.0012392701,0.0012452125,2,2
-0.0010039385,-0.0010023251,2,2
4.656275e-5,4.6150173e-5,2,2
0.00021297397,0.00021762717,2,2
-2.022385e-5,-1.8156663e-5,2,2
0.00066115725,0.0006635131,2,2
-0.0002450628,-0.00023964344,2,2
-0.007495284,-0.0074996445,2,2
-0.00724771,-0.007249012,2,2
0.0004232252,0.00042488347,2,2
-0.0013351279,-0.0013317525,2,2
-0.00016198427,-0.00016118534,2,2
0.0073551666,0.0073541566,2,2
-0.0005262715,-0.0005241202,2,2
-0.00034655098,-0.00033974447,2,2
0.0022800383,0.002283576,2,2
6.93946e-5,7.210881e-5,2,2
0.0023819935,0.002386241,2,2
0.00018925351,0.00019476404,2,2
0.00080580544,0.0008057102,2,2
0.00050405326,0.0005019914,2,2
0.0010768563,0.0010803844,2,2
0.0005271336,0.000533836,2,2
0.00035789056,0.00035945536,2,2
0.009274151,0.009268207,2,2
0.0023423827,0.0023439955,2,2
-0.0068034003,-0.006798017,2,2
-0.00012536226,-0.00012364784,2,2
-0.00063867064,-0.0006367709,2,2
0.002458222,0.0024635745,2,2
0.0017194019,0.0017214288,2,2
0.00082602835,0.0008261921,2,2
0.00078952586,0.0007911151,2,2
0.0005020446,0.0005040108,2,2
-0.0023963666,-0.002396114,2,2
7.2909235e-5,7.70947e-5,2,2
-0.0009267768,-0.0009263488,2,2
3.4663633e-5,3.6315585e-5,2,2
0.00012951325,0.00012978594,2,2
-0.0017725093,-0.0017688789,2,2
-0.0009457469,-0.00094409543,2,2
0.0028700773,0.0028722344,2,2
0.0011770584,0.0011804152,2,2
-0.0033698683,-0.0033717665,2,2
-0.00094058306,-0.0009357188,2,2
-0.00074197206,-0.000735309,2,2
-0.0003622568,-0.00035919982,2,2
0.00012387523,0.00012565579,2,2
0.0037725081,0.003782404,2,2
-0.000410171,-0.00040356995,2,2
0.00048928725,0.0004953547,2,2
0.0011034417,0.0011078583,2,2
0.00033722288,0.00034094125,2,2
0.0008732455,0.0008744385,2,2
-0.0017058536,-0.0017051831,2,2
0.002519758,0.0025232977,2,2
-0.00029239373,-0.00029120638,2,2
0.0014949479,0.0014998709,2,2
9.093288e-5,9.512019e-5,2,2
-0.0004971359,-0.0004949819,2,2
-0.0009725818,-0.0009731395,2,2
0.0022797936,0.0022817308,2,2
-9.24256e-5,-8.754681e-5,2,2
0.00019842229,0.00020188662,2,2
-0.0006283486,-0.0006303271,2,2
-0.0011035992,-0.0010987108,2,2
0.0011273936,0.0011288923,2,2
-0.0014970789,-0.0014958692,2,2
-0.0014839157,-0.0014791527,2,2
0.000243553,0.00024840058,2,2
0.0002470373,0.0002473293,2,2
8.215293e-5,8.436134e-5,2,2
0.001153137,0.0011578808,2,2
6.558787e-5,6.59058e-5,2,2
0.00021296639,0.00021618478,2,2
0.00044202083,0.00044586355,2,2
-0.00055086165,-0.0005467462,2,2
0.00048703962,0.00048812554,2,2
0.0018277097,0.0018300159,2,2
0.0018591101,0.0018640304,2,2
0.0001728288,0.00017666515,2,2
-0.0005376529,-0.0005378191,2,2
-0.0006772889,-0.0006760138,2,2
0.00034925286,0.00034977662,2,2
-0.0051703453,-0.0051649637,2,2
1.9966845e-5,2.0679132e-5,2,2
-0.0014542527,-0.0014529136,2,2
-0.00037025436,-0.00036452393,2,2
0.00017141005,0.00017414552,2,2
-0.0016337116,-0.0016331252,2,2
0.0005766723,0.0005805382,2,2
0.0003031766,0.0003070971,2,2
-0.00086536456,-0.0008681006,2,2
0.0012198183,0.001222121,2,2
1.7127444e-5,2.3265653e-5,2,2
-9.353519e-5,-9.06311e-5,2,2
-0.0032820436,-0.0032805805,2,2
-0.000997078,-0.0009968014,2,2
0.00058057293,0.00058247824,2,2
0.00083131925,0.0008310484,2,2
-0.00015152288,-0.00014748557,2,2
7.8657264e-5,8.004703e-5,2,2
0.0015177628,0.0015188464,2,2
-0.00036364142,-0.00036021773,2,2
-0.0005124482,-0.00050787494,2,2
0.0005492248,0.00055396394,2,2
-0.0004324272,-0.00042792805,2,2
0.00048022848,0.0004829423,2,2
-0.0014986978,-0.0014924194,2,2
-0.000502828,-0.000500786,2,2
0.0006374064,0.00063504186,2,2
-0.00010291545,-0.00010223943,2,2
-0.00055768987,-0.00055403775,2,2
-6.6312416e-5,-6.446943e-5,2,2
0.0012597605,0.0012608382,2,2
0.0009110226,0.00091436686,2,2
2.5471145e-5,2.7321907e-5,2,2
-0.0005826195,-0.0005804911,2,2
-0.0005509176,-0.0005483118,2,2
0.0017857769,0.0017881966,2,2
0.0011092381,0.001109555,2,2
-0.00046890692,-0.00047029086,2,2
-0.00020775324,-0.00020815327,2,2
0.00042832075,0.00042994754,2,2
0.0032041664,0.003208278,2,2
0.00017576398,0.00017932289,2,2
-0.0016001366,-0.0015989854,2,2
7.022916e-5,7.393916e-5,2,2
3.0587566e-5,3.498566e-5,2,2
0.0011558066,0.0011572874,2,2
0.0027688793,0.0027677265,2,2
0.0006746696,0.0006810078,2,2
0.0011814019,0.0011861253,2,2
-0.0015505638,-0.0015536646,2,2
0.0019028923,0.0019049855,2,2
0.00013089123,0.00013332577,2,2
-0.00059980573,-0.00059938314,2,2
-0.0014694474,-0.0014645194,2,2
0.0008721672,0.00087352097,2,2
6.3133506e-5,6.594805e-5,2,2
0.0011894972,0.0011926192,2,2
-0.00017101648,-0.00016954888,2,2
0.0009404593,0.00094601954,2,2
-0.001537832,-0.0015384076,2,2
0.0010769691,0.0010790934,2,2
-0.0011404953,-0.0011362209,2,2
-0.000102607235,-9.9934216e-5,2,2
-0.00042392037,-0.00042110667,2,2
0.0007189012,0.00072437484,2,2
-0.0009142802,-0.000912507,2,2
0.0003497811,0.00035038014,2,2
-0.00010188316,-9.801429e-5,2,2
-0.001087331,-0.0010849228,2,2
0.0018041732,0.0018055296,2,2
-0.0014978424,-0.0014928357,2,2
-0.00052830577,-0.00052520604,2,2
0.00016801966,0.00016744559,2,2
-0.0022425007,-0.002242324,2,2
0.0003597427,0.00036149027,2,2
0.0069628726,0.006965177,2,2
-0.0018724411,-0.001870236,2,2
0.0018470307,0.0018498931,2,2
-0.0002405723,-0.00023995376,2,2
0.0032139188,0.0032146566,2,2
0.00010134117,0.00010526191,2,2
-9.1779766e-5,-8.895339e-5,2,2
-0.0017175612,-0.0017169798,2,2
0.0015957335,0.0015886206,2,2
-0.0006764648,-0.0006725992,2,2
-0.00079893076,-0.0007961215,2,2
0.0029878616,0.0029926738,2,2
-0.00037157355,-0.00037038015,2,2
-0.0011846501,-0.0011842856,2,2
-0.0007122361,-0.00070728676,2,2
0.0016529473,0.0016545967,2,2
0.0005540994,0.00055730744,2,2
3.7860565e-5,3.654213e-5,2,2
0.00034632432,0.0003550681,2,2
-0.00058845856,-0.00058600004,2,2
-0.0011494687,-0.0011437449,2,2
0.001018568,0.0010266462,2,2
-0.0005578615,-0.0005560546,2,2
-0.00055424444,-0.0005506097,2,2
-0.00017338929,-0.00016997507,2,2
-0.0008923702,-0.00089255185,2,2
-0.0004403868,-0.0004398775,2,2
0.009932204,0.009935109,3,2
-0.0018631456,-0.0018654863,3,2
0.0025133821,0.002514691,3,2
-0.0010665803,-0.0010684055,3,2
-0.0041246517,-0.0041223005,3,2
0.0014905116,0.0014889276,3,2
-0.0012792271,-0.0012803941,3,2
0.006434365,0.0064359005,3,2
0.0028568297,0.0028570627,3,2
-0.00035888527,-0.00035524933,3,2
0.0058173393,0.0058197198,3,2
-0.0050410097,-0.005041008,3,2
0.0048482316,0.004845268,3,2
0.005350307,0.0053505055,3,2
8.585155e-5,8.696703e-5,3,2
-0.0036360982,-0.003641049,3,2
0.0031723215,0.0031736812,3,2
-0.00056095887,-0.0005601673,3,2
0.003684004,0.0036838653,3,2
0.008099476,0.0080971215,3,2
0.0009184478,0.0009168575,3,2
-0.0022311946,-0.0022235352,3,2
0.005751587,0.0057498454,3,2
0.008410538,0.008413199,3,2
-0.009778105,-0.009773519,3,2
0.00077139406,0.00076920446,3,2
-0.0038484698,-0.0038447413,3,2
0.0011448264,0.0011402871,3,2
0.0004454577,0.0004396887,3,2
-0.00011639075,-0.00011384546,3,2
0.0012608098,0.0012541946,3,2
0.0012613204,0.0012597786,3,2
0.00010540633,0.00010397934,3,2
0.001236881,0.0012358141,3,2
-0.005201302,-0.0052001583,3,2
-0.0021108156,-0.0021086643,3,2
-0.0018784994,-0.0018801112,3,2
-0.00031488072,-0.00032260228,3,2
-0.003771649,-0.0037719572,3,2
0.004527051,0.0045249145,3,2
-0.00025774882,-0.00026066328,3,2
-0.004159286,-0.004153838,3,2
0.0019903383,0.0019897502,3,2
0.0034440858,0.0034410865,3,2
7.005466e-5,6.9756374e-5,3,2
-0.002346155,-0.002353584,3,2
0.0019645332,0.001963205,3,2
0.0066432427,0.006644824,3,2
-0.0026262242,-0.0026204553,3,2
0.0017875964,0.0017816463,3,2
-0.0015279906,-0.0015279074,3,2
-0.0016362596,-0.0016329533,3,2
-0.0062793256,-0.0062746005,3,2
-0.0012484688,-0.0012436709,3,2
7.5476455e-5,7.362679e-5,3,2
-0.0041649477,-0.0041605905,3,2
-0.0018060043,-0.0018112002,3,2
0.0018938533,0.001896186,3,2
0.0041270624,0.004121394,3,2
0.00030684785,0.0003068269,3,2
-0.006864119,-0.006870766,3,2
0.03702804,0.03703454,3,2
-0.004173773,-0.004171778,3,2
0.0054670447,0.0054702056,3,2
0.0010302702,0.0010276773,3,2
0.0019830365,0.0019795373,3,2
0.00045718942,0.00045514404,3,2
-0.0038058793,-0.003799711,3,2
0.00092392706,0.00091999763,3,2
-0.006059617,-0.0060575954,3,2
-0.0010995093,-0.0011002447,3,2
0.0038923968,0.0038870086,3,2
0.0024148736,0.0024173106,3,2
0.0007573,0.0007575812,3,2
0.00017519308,0.00017488592,3,2
0.0003225046,0.00032297772,3,2
-0.0013473547,-0.0013504374,3,2
-0.00262757,-0.0026216402,3,2
-0.0007560592,-0.00076282053,3,2
-0.004142878,-0.0041402252,3,2
-0.0024250203,-0.0024184305,3,2
0.0016454561,0.001643087,3,2
0.0037293031,0.0037363013,3,2
-0.0022852167,-0.0022872926,3,2
0.002053558,0.0020511313,3,2
-0.00041180957,-0.00041056634,3,2
-0.009495941,-0.009489381,3,2
-0.0028188059,-0.0028179577,3,2
-0.0019142773,-0.0019127799,3,2
-0.009827853,-0.009830448,3,2
-0.007263342,-0.0072613633,3,2
-0.00034856412,-0.00034731635,3,2
4.0251693e-5,3.8345595e-5,3,2
-0.0003930241,-0.00039465638,3,2
0.0019207596,0.0019234095,3,2
0.0006329228,0.00062699674,3,2
-0.0055135563,-0.0055215056,3,2
-0.00080074876,-0.0007978881,3,2
-0.002505178,-0.002501708,3,2
-0.0047158003,-0.004717107,3,2
-0.004297975,-0.0042989473,3,2
0.00087587704,0.0008771806,3,2
-0.0004818189,-0.00048057857,3,2
0.0025722627,0.0025683208,3,2
0.0012428322,0.0012377171,3,2
-0.0029892,-0.0029886758,3,2
0.0016758043,0.0016788373,3,2
-0.0013545337,-0.0013574329,3,2
0.015058474,0.015054739,3,2
-0.002117052,-0.0021151374,3,2
0.0029596207,0.0029608528,3,2
0.0039557144,0.0039525833,3,2
0.0055218744,0.005514721,3,2
0.0037594545,0.0037546288,3,2
-0.0024976444,-0.0024980567,3,2
0.00031018694,0.00030937244,3,2
0.002942459,0.0029444736,3,2
-0.005708249,-0.005703566,3,2
0.00094423676,0.0009452612,3,2
0.0029776772,0.0029770005,3,2
-0.0036371117,-0.0036361844,3,2
0.0017287409,0.0017284091,3,2
-0.0020556953,-0.0020595922,3,2
0.00024437002,0.00023770769,3,2
-0.0018845573,-0.0018833273,3,2
0.006259758,0.006258916,3,2
-0.004535459,-0.0045325356,3,2
-0.0060303216,-0.006032416,3,2
-0.0006391756,-0.00063455105,3,2
-0.0030930014,-0.0030941905,3,2
-0.0042327074,-0.0042316555,3,2
0.0045039346,0.004499867,3,2
0.006296464,0.006294025,3,2
0.005447466,0.0054467,3,2
-0.006024944,-0.0060261656,3,2
0.0054747886,0.0054743323,3,2
-0.004815941,-0.004818171,3,2
0.002549125,0.0025493451,3,2
0.0035491602,0.0035462573,3,2
-0.0014772239,-0.0014790334,3,2
-0.0017831025,-0.0017847102,3,2
0.0041764937,0.0041772206,3,2
0.0007183398,0.0007155291,3,2
-0.0038734307,-0.003872855,3,2
-0.0017850107,-0.0017835954,3,2
-0.003373537,-0.0033735717,3,2
0.00131924,0.0013239426,3,2
0.0019839304,0.0019833192,3,2
-0.0019114327,-0.0019116012,3,2
0.0020886245,0.0020915896,3,2
0.0025749777,0.0025745628,3,2
-0.0039335517,-0.0039351494,3,2
-0.0038362315,-0.0038399368,3,2
0.00475334,0.0047499114,3,2
0.0019111743,0.0019106765,3,2
-0.00085285376,-0.00085357646,3,2
-0.00014844863,-0.00015333881,3,2
0.000632906,0.00062884577,3,2
0.00062032597,0.0006165712,3,2
0.0009854231,0.0009871009,3,2
0.004351763,0.0043487865,3,2
0.002774194,0.0027760202,3,2
0.00033087074,0.0003342762,3,2
-0.0012413651,-0.0012445982,3,2
0.003522506,0.0035290243,3,2
0.0018412044,0.0018439805,3,2
0.0060702045,0.00606861,3,2
-0.0017858279,-0.001785977,3,2
0.006894946,0.006897768,3,2
0.0015625593,0.0015652768,3,2
-0.006509901,-0.006511419,3,2
-0.012147485,-0.012147884,3,2
-0.0051558744,-0.0051502544,3,2
0.000834759,0.00083288416,3,2
-0.0022622847,-0.0022637297,3,2
-0.0023600997,-0.002353399,3,2
0.0019135015,0.0019118468,3,2
-0.0034371342,-0.003433183,3,2
0.003219934,0.0032155851,3,2
-0.005485317,-0.0054871948,3,2
-0.00034348253,-0.00034160292,3,2
-0.0007355872,-0.00073889084,3,2
-0.0024005582,-0.0024084048,3,2
0.0042075417,0.004213325,3,2
0.001397765,0.0014002387,3,2
-0.00034559326,-0.00034689717,3,2
0.00075172895,0.00075654365,3,2
0.00025767984,0.00026000058,3,2
0.0030232845,0.0030238952,3,2
0.0003329903,0.0003336226,3,2
0.0017544436,0.0017576333,3,2
0.00015572175,0.000148411,3,2
-0.0010682594,-0.0010703407,3,2
0.0017015651,0.0017013543,3,2
-0.007818826,-0.007819361,3,2
-0.0004423058,-0.00044958596,3,2
0.0002093926,0.00020681125,3,2
-9.754629e-6,-1.948509e-6,3,2
1.5810938e-5,1.5537868e-5,3,2
-0.0075847767,-0.0075904136,3,2
0.0029265108,0.0029298218,3,2
0.0077549336,0.0077555226,3,2
-3.885919e-5,-4.1234132e-5,3,2
-0.0040051844,-0.0039999983,3,2
-0.0020495094,-0.0020523067,3,2
-0.003006692,-0.0030099172,3,2
0.0012642207,0.0012692398,3,2
-0.0006855876,-0.0006817101,3,2
-0.002906708,-0.002907343,3,2
-0.00043788168,-0.00043983932,3,2
0.008028597,0.008024344,3,2
0.0055043735,0.0055071604,3,2
0.0037180802,0.0037239417,3,2
0.0030035065,0.002997229,3,2
0.003942327,0.003939555,3,2
-0.0010601039,-0.0010586901,3,2
0.00011848426,0.00011966003,3,2
0.0010866215,0.0010855756,3,2
-0.0013304263,-0.0013277322,3,2
-0.00025218548,-0.00024985574,3,2
-0.0036649695,-0.0036628374,3,2
0.0015384026,0.0015384404,3,2
0.0017188926,0.001720199,3,2
0.0041105216,0.0041104103,3,2
0.0015440232,0.001543871,3,2
0.0017240104,0.0017193776,3,2
0.002993425,0.0029972703,3,2
-0.0033698427,-0.003371742,3,2
-0.0029259108,-0.0029256078,3,2
0.0021069658,0.0021031948,3,2
0.001673438,0.0016747318,3,2
-0.0025984333,-0.0026029085,3,2
0.0016879714,0.0016824524,3,2
-0.0019092922,-0.0019102864,3,2
0.001954084,0.0019473863,3,2
0.0020611307,0.0020564196,3,2
0.0024561437,0.0024545905,3,2
0.00037960144,0.00037812567,3,2
0.00027299445,0.00026975299,3,2
0.0059186416,0.005915791,3,2
0.0025108177,0.0025137665,3,2
0.003609705,0.0036100075,3,2
0.003197965,0.0031974737,3,2
-0.007529424,-0.007524072,3,2
-0.0065983734,-0.0065998714,3,2
0.0026930748,0.0026952021,3,2
-0.0009586361,-0.0009604457,3,2
0.0036557335,0.0036593392,3,2
-0.003434841,-0.0034347018,3,2
0.0033321767,0.0033368776,3,2
-0.01329497,-0.013293546,4,2
-0.0062019317,-0.006198143,4,2
-0.0009681112,-0.0009669783,4,2
0.0014704167,0.0014707001,4,2
-0.0050959657,-0.005089145,4,2
7.1855604e-5,7.221861e-5,4,2
0.021308903,0.02130353,4,2
-0.03855574,-0.038558744,4,2
-0.0020352353,-0.00203824,4,2
0.0009097622,0.00091395696,4,2
-0.0006191618,-0.00061920326,4,2
-0.0028171032,-0.002811377,4,2
-0.013874529,-0.013881678,4,2
0.005717577,0.0057232426,4,2
-0.00055523927,-0.0005544869,4,2
-0.007851372,-0.007853788,4,2
-0.001794776,-0.0017867959,4,2
-0.023398645,-0.023399707,4,2
-0.003100696,-0.0030959004,4,2
0.008723361,0.008720917,4,2
-0.0040853545,-0.0040846337,4,2
0.005403761,0.0054058367,4,2
0.009495318,0.009495136,4,2
-0.00043332716,-0.00043483565,4,2
0.0003823517,0.00038427024,4,2
-0.0012505956,-0.0012468828,4,2
0.0038070886,0.00380723,4,2
0.01694046,0.01693744,4,2
-0.021784151,-0.021789797,4,2
0.01821858,0.01821783,4,2
-0.0056305085,-0.0056315637,4,2
-0.0038802351,-0.003880082,4,2
-0.003526204,-0.0035226694,4,2
-0.0002802983,-0.00028238844,4,2
0.00092930417,0.0009297196,4,2
0.0001441133,0.0001513695,4,2
-0.0054692146,-0.005473484,4,2
-0.005124482,-0.0051248143,4,2
0.0042891153,0.0042884233,4,2
0.008702201,0.008697112,4,2
0.00835105,0.008353764,4,2
0.0142360255,0.014237297,4,2
-0.00105293,-0.0010530521,4,2
0.0016898405,0.0016901337,4,2
0.0019782188,0.0019710567,4,2
-0.005552866,-0.005551949,4,2
-2.77586e-6,-3.0471215e-6,4,2
-0.0019239202,-0.0019257203,4,2
-0.00017401521,-0.00017430683,4,2
-0.024823055,-0.02481698,4,2
0.004831398,0.00483315,4,2
-0.0010033761,-0.0010035688,4,2
-0.0008971338,-0.0008937543,4,2
-0.00026591163,-0.00026451677,4,2
-0.0013229471,-0.0013198412,4,2
0.00058415113,0.00058914133,4,2
0.005009629,0.005011122,4,2
-0.0069603976,-0.006960682,4,2
-0.012303461,-0.012299113,4,2
0.0020326355,0.0020353738,4,2
-1.5259168e-6,7.769112e-6,4,2
0.0181885,0.018189553,4,2
-0.009451758,-0.009445635,4,2
-0.002008007,-0.0020056027,4,2
0.0013383125,0.0013392268,4,2
-0.0031768156,-0.0031749401,4,2
-0.00074940815,-0.00074846926,4,2
-0.01605625,-0.016044881,4,2
0.007338368,0.0073347227,4,2
-0.03396861,-0.033967078,4,2
0.0067625022,0.006768112,4,2
0.001143458,0.0011381917,4,2
-0.0023444805,-0.0023396187,4,2
0.0012397529,0.0012446619,4,2
-0.008679308,-0.008681598,4,2
0.0075314604,0.0075348024,4,2
9.052414e-5,9.561383e-5,4,2
-0.0004733083,-0.00047048443,4,2
-0.0048715887,-0.004867171,4,2
0.022213995,0.02221127,4,2
-0.0016204354,-0.0016173836,4,2
-0.03794753,-0.03795418,4,2
0.017344486,0.017349262,4,2
-0.00012694793,-0.00012437455,4,2
0.009301505,0.009299798,4,2
0.00033195375,0.00033469472,4,2
-0.039156627,-0.039154384,4,2
0.007403385,0.007411411,4,2
0.010619338,0.010627191,4,2
0.008125482,0.008127742,4,2
-0.022168616,-0.022166945,4,2
-0.016347935,-0.01634619,4,2
0.0177297,0.017730564,4,2
-0.00038801247,-0.00038048133,4,2
-0.00041662174,-0.00041943675,4,2
0.0059668343,0.0059676277,4,2
-0.002317329,-0.0023185385,4,2
-0.0010312485,-0.0010290064,4,2
-0.00058817596,-0.0005870143,4,2
0.009115321,0.009115641,4,2
0.00043217302,0.0004335451,4,2
-0.0040692445,-0.0040639658,4,2
-0.0059155156,-0.00590701,4,2
-0.0042759962,-0.004268374,4,2
-0.0072778054,-0.007274133,4,2
-0.009895241,-0.009889114,4,2
0.002441538,0.0024425013,4,2
-0.004178182,-0.004170228,4,2
0.0037548426,0.0037578319,4,2
0.0002076328,0.00021037999,4,2
-0.015868103,-0.015863795,4,2
0.00068171683,0.00068504433,4,2
0.007408778,0.007412916,4,2
-0.019146206,-0.019147463,4,2
0.009621222,0.009625576,4,2
-0.021012023,-0.021013262,4,2
-0.003211445,-0.0032107201,4,2
0.0005545214,0.0005608091,4,2
-0.014951266,-0.014941261,4,2
-0.003068095,-0.0030726925,4,2
0.00857193,0.0085658375,4,2
-0.001341498,-0.0013376557,4,2
0.014662342,0.014662458,4,2
0.0010690531,0.0010711675,4,2
-0.0035699208,-0.0035661182,4,2
-0.00062696496,-0.0006221763,4,2
-0.0018942109,-0.0018896478,4,2
-0.000875183,-0.00087422266,4,2
-0.013919916,-0.013922632,4,2
-0.017370932,-0.017361466,4,2
0.002348381,0.0023478486,4,2
0.006069554,0.0060719526,4,2
0.003917208,0.0039189286,4,2
-0.001057118,-0.0010515405,4,2
-0.00023032333,-0.00023350479,4,2
0.035739653,0.03574918,4,2
-0.0010713643,-0.0010659052,4,2
0.024823368,0.024824286,4,2
-0.018652044,-0.018652333,4,2
-0.013079405,-0.013072165,4,2
0.022755425,0.022763403,4,2
-0.0029825983,-0.00297511,4,2
0.002303409,0.0022999404,4,2
-0.011150688,-0.01114912,4,2
0.014925651,0.014932792,4,2
-0.00391219,-0.0039120037,4,2
0.0037626822,0.0037623257,4,2
0.013770319,0.013766891,4,2
0.0023789052,0.002377113,4,2
0.0019193401,0.0019285372,4,2
0.0014545496,0.0014660547,4,2
0.004788472,0.0047869626,4,2
0.00631463,0.006315521,4,2
0.00037902105,0.00038394117,4,2
0.015244412,0.015251843,4,2
-0.00047461133,-0.00047395387,4,2
0.0040306044,0.0040289126,4,2
-0.030971924,-0.03096987,4,2
-0.009281273,-0.009282151,4,2
0.0018011556,0.0018079188,4,2
0.00020068983,0.00020048782,4,2
0.0028055857,0.0028074826,4,2
0.00037024394,0.00037195857,4,2
-0.020496229,-0.020498054,4,2
-0.0013596336,-0.0013609868,4,2
-0.0012891929,-0.0012811556,4,2
0.005717097,0.0057178997,4,2
-0.018712519,-0.018711967,4,2
-0.0024878324,-0.00248406,4,2
0.0003434906,0.00034466098,4,2
0.0050140447,0.0050121564,4,2
-0.0026476353,-0.002642615,4,2
0.015493675,0.015489326,4,2
-0.0035294862,-0.0035252739,4,2
-0.00044525095,-0.00044367107,4,2
-0.024392515,-0.024386855,4,2
-0.0033387733,-0.0033413684,4,2
0.012136745,0.012142744,4,2
-0.038384106,-0.038385864,4,2
-0.024267066,-0.02426712,4,2
-0.0010212737,-0.0010253827,4,2
0.008051841,0.008052405,4,2
-0.0016580153,-0.0016520408,4,2
0.014071455,0.014072577,4,2
-0.00016410102,-0.00016279225,4,2
0.00639782,0.0063996976,4,2
-0.0016165794,-0.001613504,4,2
-0.000117984,-0.00011468161,4,2
-0.00053745083,-0.0005347581,4,2
-0.018623862,-0.018618863,4,2
-0.012352451,-0.012346789,4,2
0.0021469933,0.002151653,4,2
-0.019858273,-0.019866563,4,2
-0.02288391,-0.022880798,4,2
-0.012376471,-0.012367164,4,2
-0.016401999,-0.016403494,4,2
-0.033696145,-0.033694588,4,2
-0.000994472,-0.0009917405,4,2
0.0013840112,0.0013868891,4,2
0.018711766,0.018710844,4,2
0.006459508,0.0064617693,4,2
-0.002129567,-0.0021271599,4,2
-0.002710271,-0.0027013128,4,2
0.00030776858,0.00030880043,4,2
-0.011447038,-0.0114513,4,2
-0.000107972126,-0.000110047884,4,2
-0.0013465186,-0.0013422358,4,2
-0.0011930403,-0.0011866161,4,2
-0.0010768867,-0.0010724665,4,2
0.00017278234,0.00017653212,4,2
-0.0038330427,-0.0038329435,4,2
-0.0053757452,-0.0053729173,4,2
0.01290656,0.012909017,4,2
-0.00085291825,-0.0008504517,4,2
-0.0034757436,-0.0034696471,4,2
0.00047201946,0.00047672796,4,2
-0.0053859428,-0.0053889407,4,2
0.010585974,0.010590503,4,2
0.010059489,0.0100615155,4,2
-0.0008391243,-0.0008375909,4,2
0.0024354884,0.0024381008,4,2
-0.009445595,-0.009441153,4,2
-0.0004067692,-0.00040034618,4,2
0.02335961,0.023352133,4,2
-0.0003166358,-0.0003199163,4,2
-0.00093842176,-0.0009364679,4,2
0.010867188,0.010850527,4,2
0.007058269,0.0070642075,4,2
-0.0052104313,-0.0052036354,4,2
-0.0029583685,-0.0029612014,4,2
-0.0010888653,-0.001087654,4,2
-0.0007348726,-0.000734657,4,2
0.006374367,0.006375247,4,2
0.0043856762,0.0043909308,4,2
0.00074583665,0.00075133564,4,2
-0.00073181983,-0.00073274475,4,2
-0.022097932,-0.022092827,4,2
0.0065850625,0.0065895976,4,2
0.005757632,0.0057645403,4,2
-0.0345581,-0.034565747,4,2
-0.005477076,-0.00547787,4,2
-0.0027869812,-0.00278331,4,2
0.0213498,0.021357708,4,2
-0.0064804037,-0.006477764,4,2
0.013572156,0.013572109,4,2
-0.010293127,-0.010290543,4,2
0.001671336,0.0016650809,4,2
0.010509587,0.010513662,4,2
0.024832211,0.024827743,4,2
-0.019104,-0.019098891,4,2
-4.3094584e-5,-4.0111558e-5,5,2
-0.00013819363,-0.00013689944,5,2
0.0015054606,0.0015093446,5,2
-0.024316745,-0.024315676,5,2
-0.0024389187,-0.002437202,5,2
0.00870359,0.008707624,5,2
-0.0019665142,-0.0019631987,5,2
0.00068657624,0.0006879282,5,2
-0.016365808,-0.016365435,5,2
-0.0009804694,-0.0009762342,5,2
0.00030323825,0.0003038789,5,2
-0.0029722413,-0.0029715258,5,2
-0.03668616,-0.036680248,5,2
0.003128594,0.0031303614,5,2
-0.0041440106,-0.0041403244,5,2
0.014748405,0.01474892,5,2
-0.0012704902,-0.0012699595,5,2
-0.00089382875,-0.00089165865,5,2
-0.0024374572,-0.002430218,5,2
0.0012391051,0.0012415204,5,2
-0.00084454136,-0.0008429144,5,2
-0.012129504,-0.012125982,5,2
0.0024849817,0.0024880155,5,2
0.00013669046,0.00014361419,5,2
-0.0024414118,-0.0024400165,5,2
0.0013890717,0.0013923093,5,2
0.031545617,0.031552058,5,2
0.0035735795,0.0035752098,5,2
-0.005633953,-0.0056312443,5,2
-0.0016342654,-0.0016298398,5,2
-0.0008747875,-0.00087511336,5,2
-0.033549994,-0.033551954,5,2
-0.0010690939,-0.0010656428,5,2
0.00022968034,0.00023095898,5,2
-0.00042134366,-0.00041970974,5,2
-0.0016921156,-0.0016906785,5,2
0.0070225,0.007023958,5,2
0.0004335282,0.00043158338,5,2
-0.00052226847,-0.0005189857,5,2
-0.00028291484,-0.0002833269,5,2
0.013409113,0.013411821,5,2
0.001958272,0.0019602934,5,2
-0.0020912685,-0.0020905791,5,2
-0.00011461541,-0.000113082635,5,2
0.0017383901,0.0017409001,5,2
0.007475438,0.007476881,5,2
-0.001198757,-0.0011987813,5,2
-0.020667763,-0.020666681,5,2
-0.000888664,-0.0008818029,5,2
0.022006704,0.022007735,5,2
-0.004819379,-0.004816192,5,2
0.0028892974,0.002892419,5,2
0.0003033037,0.00030618737,5,2
-0.013491955,-0.013483723,5,2
0.00462941,0.0046334374,5,2
-0.002415365,-0.0024117688,5,2
0.002946661,0.0029519163,5,2
0.0049021826,0.004906596,5,2
-0.0027175278,-0.0027168812,5,2
0.00223751,0.0022394913,5,2
0.009968574,0.009972437,5,2
-0.0020025964,-0.0019976988,5,2
0.0009771226,0.0009773638,5,2
0.0007138275,0.00071675645,5,2
-0.0091171395,-0.009113604,6,2
0.0047990545,0.004801808,6,2
0.012226128,0.012230132,6,2
-0.025365457,-0.025362903,6,2
0.009812616,0.009806259,6,2
-0.014169237,-0.014174078,6,2
0.008304792,0.008303509,6,2
0.009492644,0.009485928,6,2
0.009401253,0.009397296,6,2
0.02340069,0.02339588,6,2
0.033518568,0.033518933,6,2
-0.015959874,-0.015962139,6,2
-0.011153909,-0.011161921,6,2
0.011060924,0.011062169,6,2
-0.016011704,-0.016012136,6,2
-0.015793059,-0.015789932,6,2
0.017998049,0.017996838,6,2
-0.008408207,-0.008407279,6,2
0.007667216,0.0076655117,6,2
0.009102262,0.009107505,6,2
-0.010212364,-0.0102145905,6,2
0.00035649136,0.0003540274,6,2
0.00019695019,0.00019418595,6,2
0.0037391302,0.0037420837,6,2
0.0123378895,0.012334458,6,2
-0.008004525,-0.008001468,6,2
-0.015795406,-0.015795154,6,2
-0.023030628,-0.0230308,6,2
-0.0006664859,-0.00066526415,6,2
0.0061359825,0.00613397,6,2
0.020103037,0.020101458,6,2
-0.027238932,-0.027245423,6,2
0.02249554,0.02249807,6,2
0.002973625,0.002973148,6,2
-0.014318332,-0.014318805,6,2
0.017961469,0.01795862,6,2
-0.00881024,-0.008814438,6,2
-0.003692226,-0.0036914197,6,2
-0.005136117,-0.005140429,6,2
0.005780131,0.0057799243,6,2
-0.021194147,-0.021190284,6,2
0.0070236125,0.007026824,6,2
0.009773503,0.009778486,6,2
0.01678676,0.016787156,6,2
-0.020911185,-0.020915939,6,2
0.007076139,0.007078004,6,2
-0.027289119,-0.027289117,6,2
-0.001073692,-0.0010740241,6,2
-0.020425662,-0.020422298,6,2
-0.0074074343,-0.007412473,6,2
-0.006988849,-0.0069868085,6,2
0.011132069,0.011133241,6,2
-0.0068342825,-0.006833944,6,2
-0.0145393135,-0.014537761,6,2
0.016051617,0.016054511,6,2
-0.02518153,-0.025180355,6,2
-0.020083427,-0.020087056,6,2
-0.019156467,-0.019155681,6,2
-0.005801071,-0.0057982197,6,2
-0.0010367734,-0.0010374287,6,2
-0.0043906365,-0.004393984,6,2
0.0049629523,0.004963553,6,2
0.005598211,0.005603501,6,2
0.0027979442,0.0028013906,6,2
-0.0024913256,-0.0024861745,1,3
0.0038336795,0.0038366423,1,3
0.00058439106,0.0005799324,1,3
0.0035611351,0.0035621712,1,3
-7.99973e-5,-8.702654e-5,1,3
0.0082310755,0.008228016,1,3
0.018771995,0.018779015,1,3
0.00072246994,0.0007207124,1,3
-0.0014372544,-0.0014342316,1,3
-0.009245673,-0.009241587,1,3
0.00453835,0.00453989,1,3
-0.013776191,-0.013785903,1,3
-0.00026874724,-0.0002628327,1,3
-0.01037051,-0.010363469,1,3
0.0014448811,0.0014451729,1,3
-0.0022195517,-0.002217649,1,3
0.00077688793,0.0007659167,1,3
-0.0029677062,-0.0029621047,1,3
-0.0077734403,-0.007770976,1,3
-0.00051070604,-0.0005101561,1,3
-0.00033443587,-0.00033640192,1,3
-0.0033608237,-0.0033603227,1,3
0.0035953464,0.0035971513,1,3
0.0006104407,0.0006125825,1,3
-0.0038658136,-0.0038717752,1,3
0.0035091443,0.003493824,1,3
0.00043275626,0.00043340522,1,3
-0.0019564093,-0.0019589749,1,3
-0.0023369999,-0.0023221401,1,3
-0.0018691961,-0.0018561837,1,3
0.0023079629,0.002307726,1,3
-0.002730988,-0.0027266224,1,3
0.0010840041,0.0010860971,1,3
0.0018622269,0.0018774996,1,3
-0.0029217855,-0.0029258933,1,3
-0.0037218847,-0.003721142,1,3
-0.0005479331,-0.0005426093,1,3
0.0048217387,0.0048236446,1,3
-0.0011747795,-0.001167206,1,3
-0.0076632593,-0.007673676,1,3
0.010383396,0.010385221,1,3
0.0016251403,0.0016329596,1,3
0.01228987,0.012289049,1,3
0.00026977336,0.000273294,1,3
0.0044133533,0.004407953,1,3
-0.0051616407,-0.0051620016,1,3
0.00064062804,0.00063466013,1,3
-0.008274888,-0.008272331,1,3
-0.009794563,-0.009795919,1,3
-0.001528066,-0.0015249556,1,3
-0.00131228,-0.0013068184,1,3
-0.0005006143,-0.0004892041,1,3
-0.00040784085,-0.00041025467,1,3
0.002877422,0.0028815793,1,3
-0.011225928,-0.011226822,1,3
0.0043762014,0.0043652635,1,3
-0.004739679,-0.004745791,1,3
-0.00039330148,-0.00039522568,1,3
-0.0006736956,-0.0006809235,1,3
0.0055315015,0.0055312775,1,3
0.0018211674,0.001824727,1,3
-0.00043503422,-0.00043693013,1,3
-0.017946398,-0.017958429,1,3
0.00051101996,0.0005167625,1,3
0.0009964986,0.0009869668,1,3
0.0027725343,0.0027697822,1,3
0.0075060255,0.007511704,1,3
0.0038281078,0.0038247567,1,3
-0.0027880964,-0.002792897,1,3
-0.0034036285,-0.0034052648,1,3
0.00079669076,0.00078844087,1,3
0.011530984,0.011519106,1,3
-0.0001803958,-0.00017908409,1,3
-0.0027937023,-0.0027878585,1,3
-0.0010964931,-0.0011002138,1,3
0.013506351,0.013514911,1,3
-0.0045906347,-0.004589762,1,3
0.008050283,0.008046931,1,3
0.0027128847,0.0027124798,1,3
0.0010088434,0.0010027426,1,3
0.0035091862,0.003508344,1,3
0.0018878161,0.0018903537,1,3
0.0030382618,0.0030345751,1,3
-0.0036760038,-0.0036777372,1,3
0.0013600613,0.001356181,1,3
0.012248059,0.012249501,1,3
0.028365329,0.028363088,1,3
0.000479191,0.0004777149,1,3
-0.0012042727,-0.0012111657,1,3
-0.007511469,-0.007513948,1,3
-0.00019714294,-0.00020048696,1,3
0.0026569262,0.0026546223,1,3
0.0110551575,0.011068942,1,3
0.0077195144,0.007716412,1,3
0.00015211276,0.00015462612,1,3
-0.0036029143,-0.003603326,1,3
0.0022537867,0.0022567858,1,3
0.0010099692,0.0010106054,1,3
0.00046402853,0.00046767236,1,3
-0.0031948728,-0.0031964683,1,3
-0.008120091,-0.0081289355,1,3
-0.0031832042,-0.0031938688,1,3
-0.010223029,-0.01022513,1,3
0.0004021336,0.00039833182,1,3
-0.0026468893,-0.002644398,1,3
0.003947474,0.003940542,1,3
0.00073585607,0.0007392629,1,3
0.008273666,0.008267447,1,3
0.0010900309,0.0010922629,1,3
-0.007825044,-0.007820888,1,3
-0.002633299,-0.00263306,1,3
-0.0009836052,-0.0009860568,1,3
0.0019597693,0.00196471,1,3
-0.02026519,-0.020265035,1,3
0.003603249,0.0035992102,1,3
0.0029552416,0.0029483146,1,3
-0.0074106655,-0.007407023,1,3
0.0020815374,0.002082442,1,3
0.0050678244,0.005068414,1,3
-0.00077307934,-0.0007688198,1,3
-0.004297989,-0.004299806,1,3
0.0039109364,0.0039208136,1,3
0.0024432421,0.0024527,1,3
0.0015772005,0.0015743874,1,3
0.0084126005,0.008414333,1,3
-8.31563e-5,-7.76665e-5,1,3
0.0011347017,0.0011359631,1,3
-0.0010812539,-0.0010800867,1,3
0.012569398,0.012555054,1,3
-0.0048008454,-0.004796177,1,3
-0.0091691455,-0.009179785,1,3
0.0063652475,0.0063633765,1,3
0.0023636327,0.0023635041,1,3
-0.0077428673,-0.0077430247,1,3
-0.0017000828,-0.0017054742,1,3
-0.0020013622,-0.0020024,1,3
0.0008639316,0.00086993095,1,3
-0.002380615,-0.002387671,1,3
-0.0067265574,-0.0067195813,1,3
-0.004306415,-0.004312877,1,3
0.0024875023,0.0024883177,1,3
-0.0011376236,-0.0011304935,1,3
0.017870687,0.017871462,1,3
0.004302327,0.004308528,1,3
-0.00035666715,-0.00035405,1,3
0.011104933,0.01110292,1,3
0.00084053545,0.0008390063,1,3
-0.0009441726,-0.0009382366,1,3
0.00055643043,0.0005497401,1,3
0.0008691372,0.0008726779,1,3
-0.0022215343,-0.0022161263,1,3
-0.008897668,-0.008902902,1,3
0.006635607,0.0066288547,1,3
0.0036402966,0.0036411132,1,3
-0.004727845,-0.004730864,1,3
0.0013884942,0.0013909389,1,3
0.0002542036,0.00025265993,1,3
0.008436753,0.008434749,1,3
0.004854551,0.00484689,1,3
0.0011948735,0.001199409,1,3
0.00010977829,0.00011850529,1,3
0.000723386,0.0007222367,1,3
-0.003336276,-0.00333786,1,3
0.0004680783,0.00047285046,1,3
-0.0031103005,-0.0031090996,1,3
-0.0057612266,-0.005758627,1,3
0.00062142557,0.00061439426,1,3
0.0016102879,0.0016148225,1,3
-0.0065501905,-0.0065488624,1,3
-0.007165229,-0.007164398,1,3
-0.003022627,-0.0030225764,1,3
0.00015104111,0.00015856397,1,3
0.0057272026,0.0057312017,1,3
-0.005379584,-0.0053840494,1,3
0.0002284048,0.00022810808,1,3
0.0057805744,0.0057892427,1,3
0.0016130552,0.0016111387,1,3
0.00046697055,0.0004639069,1,3
-0.001573041,-0.0015731655,1,3
0.010088731,0.010081691,1,3
-0.0132464245,-0.013246057,1,3
-0.0046864054,-0.004684535,1,3
-0.0026938305,-0.0026931376,1,3
0.006366992,0.0063684843,1,3
-0.008343775,-0.008336882,1,3
-0.009548838,-0.00955787,1,3
0.005800736,0.0057977065,1,3
-0.0014360233,-0.001431958,1,3
-0.0019059214,-0.0019134706,1,3
-0.005039429,-0.0050361785,1,3
-0.008223092,-0.008229091,1,3
-0.0011808195,-0.0011758326,1,3
0.001312259,0.0013173725,1,3
0.0020241537,0.0020296646,1,3
-0.0050544688,-0.0050600218,1,3
-0.004057165,-0.0040609054,1,3
-0.0012169883,-0.0012243036,1,3
-0.0026275595,-0.00262913,1,3
0.00050263834,0.0004958762,1,3
-0.00042605892,-0.0004384365,1,3
-0.000925377,-0.00092519494,1,3
-0.009147275,-0.0091477,1,3
0.0012532225,0.0012461157,1,3
0.0016940247,0.0016997721,1,3
-0.0032595778,-0.0032720247,1,3
0.006048576,0.00605259,1,3
0.0002301204,0.00023638061,1,3
-0.0018367369,-0.0018234313,1,3
-0.012443547,-0.012448433,1,3
-0.011853903,-0.011857872,1,3
0.0035355387,0.0035333398,1,3
-0.0064776465,-0.006480478,1,3
-0.0063876435,-0.006384777,1,3
-0.00044810647,-0.00044368842,1,3
-0.002689408,-0.0026907132,1,3
-0.005676425,-0.0056707137,1,3
0.028445208,0.028442241,1,3
-0.001578936,-0.0015825457,1,3
0.0002841477,0.0002861145,1,3
-0.0016403956,-0.0016462666,1,3
-0.0017574929,-0.0017589974,1,3
-0.00022885528,-0.00022655795,1,3
0.0067142006,0.0067110015,1,3
-0.0060236948,-0.0060108043,1,3
-0.01184907,-0.01184491,1,3
-0.0036028062,-0.0036069404,1,3
-0.008441146,-0.008441302,1,3
0.0028515947,0.002859862,1,3
-0.0070557273,-0.007052635,1,3
-0.009121143,-0.009119892,1,3
0.010520788,0.010510632,1,3
-0.0037260703,-0.0037311148,1,3
0.0005433288,0.00054450386,1,3
0.0058681997,0.0058702314,1,3
-0.007564602,-0.0075727156,1,3
-0.0012954,-0.0012911985,1,3
0.0019394981,0.001936214,1,3
0.0020110607,0.002010348,1,3
-0.0016306398,-0.0016228926,1,3
0.007904336,0.00790637,1,3
0.0060635945,0.006059987,1,3
0.0022197717,0.0022238132,1,3
-0.0013968948,-0.0013907701,1,3
0.00014802294,0.00014451696,1,3
-0.0022176004,-0.0022219876,1,3
-0.009548985,-0.009557007,1,3
0.0008714948,0.0008708811,1,3
0.0035377324,0.0035333964,1,3
0.0032743851,0.0032766375,1,3
-0.0057461234,-0.0057363454,1,3
-0.0018041467,-0.0017996634,2,3
0.011056449,0.011058585,2,3
0.0022925246,0.0022925525,2,3
-0.0012889036,-0.0012850678,2,3
-0.0011788756,-0.0011772237,2,3
-5.0932806e-5,-4.5770532e-5,2,3
0.0024937275,0.002495382,2,3
0.008777768,0.008776596,2,3
-0.0005275509,-0.0005249137,2,3
0.001431409,0.0014301462,2,3
-0.0011739687,-0.0011757106,2,3
0.0018116283,0.0018155805,2,3
8.1038605e-5,8.042365e-5,2,3
0.00257223,0.0025759519,2,3
-0.00040464487,-0.00040058605,2,3
0.009370047,0.009376178,2,3
0.0037441128,0.0037436725,2,3
-0.003456338,-0.00345348,2,3
-0.009034781,-0.009036846,2,3
0.0029667227,0.0029713968,2,3
-0.002367137,-0.0023707526,2,3
-0.001878523,-0.0018773149,2,3
-0.0013784477,-0.0013760042,2,3
-0.00045661235,-0.00045531619,2,3
-0.0006413061,-0.0006382084,2,3
-0.0036177665,-0.0036140599,2,3
-0.0023961314,-0.002395289,2,3
0.0055391127,0.005544968,2,3
0.0015118516,0.00150889,2,3
-0.00048325188,-0.00048497008,2,3
-0.0015638215,-0.0015618172,2,3
0.002156771,0.002163051,2,3
-0.0009269238,-0.0009290946,2,3
0.0016650322,0.0016698877,2,3
0.0005961166,0.00060337334,2,3
0.004443995,0.0044460203,2,3
-0.006569098,-0.006565818,2,3
0.0020576955,0.0020590627,2,3
0.00353533,0.0035344013,2,3
-0.0045749727,-0.0045738397,2,3
0.007407489,0.007410934,2,3
-0.0066318153,-0.0066280575,2,3
0.006261098,0.006265403,2,3
0.00011561214,0.000121207166,2,3
-3.8322418e-5,-3.345116e-5,2,3
0.0010917304,0.0010980153,2,3
8.96725e-5,9.258615e-5,2,3
-0.0071743545,-0.0071724495,2,3
-0.0018975917,-0.0018962123,2,3
0.0003868441,0.0003910087,2,3
-0.0077590775,-0.007758775,2,3
0.0014567024,0.0014573318,2,3
-0.0042484025,-0.004243953,2,3
-0.00046412527,-0.0004623707,2,3
0.00047594472,0.0004802725,2,3
0.0023148148,0.0023172908,2,3
0.0015617469,0.0015629298,2,3
-0.000509403,-0.00050809403,2,3
-0.003004753,-0.0030008927,2,3
-0.0007255824,-0.0007238398,2,3
-0.0004479756,-0.00044750795,2,3
0.007969377,0.0079721995,2,3
0.0011487755,0.0011503769,2,3
0.003312695,0.0033110615,2,3
0.00079048844,0.00079110556,2,3
-0.00051431265,-0.00051259244,2,3
-0.0029684317,-0.0029682075,2,3
-0.0008122249,-0.0008082588,2,3
-0.005919916,-0.005916591,2,3
-0.0049385433,-0.004941756,2,3
-0.00030965393,-0.0003074583,2,3
-0.0028090614,-0.0028040577,2,3
-0.0028963902,-0.0028976202,2,3
0.0043902425,0.0043838257,2,3
0.0033004365,0.003302548,2,3
-0.0036558197,-0.003655081,2,3
0.002784773,0.0027858664,2,3
-0.0026136253,-0.0026103647,2,3
0.002404602,0.00240626,2,3
-0.00018920419,-0.00018397854,2,3
0.00032980097,0.0003332068,2,3
-0.00073150784,-0.00072919804,2,3
0.0012309169,0.0012325369,2,3
-0.001051957,-0.001052286,2,3
0.00295543,0.0029578889,2,3
-0.010646269,-0.010644334,2,3
-3.2912005e-5,-2.8873355e-5,2,3
-0.0025929555,-0.0025934817,2,3
-0.0005018246,-0.00050303416,2,3
-0.0016467108,-0.0016420191,2,3
0.0016440368,0.0016454658,2,3
0.006293308,0.0062999306,2,3
0.0023064616,0.002309791,2,3
0.00023565884,0.0002375203,2,3
-0.011582457,-0.011577598,2,3
-0.0017919583,-0.0017897871,2,3
0.00012725804,0.00012507879,2,3
-0.024688791,-0.024686318,2,3
0.0016953467,0.001700709,2,3
0.00060841785,0.000612012,2,3
-0.0027089631,-0.0027057421,2,3
0.005440416,0.0054395255,2,3
0.0005907015,0.0005958962,2,3
0.00022256763,0.0002244749,2,3
-0.00077211676,-0.00076663424,2,3
-6.558692e-5,-6.11811e-5,2,3
0.00046495415,0.0004660939,2,3
0.0052603106,0.005266506,2,3
-0.003920909,-0.003916628,2,3
-0.0070168567,-0.0070169354,2,3
-0.003092176,-0.0030900266,2,3
0.00081988104,0.0008219588,2,3
0.0039427676,0.003945979,2,3
0.004241343,0.004239556,2,3
0.003020726,0.0030243553,2,3
-0.00089912536,-0.00089743896,2,3
-0.0035586096,-0.0035563353,2,3
-0.005276737,-0.0052722585,2,3
-0.00179685,-0.0017881838,2,3
-0.003557135,-0.0035528196,2,3
-5.827883e-5,-5.6519464e-5,2,3
-0.00049376354,-0.0004942869,2,3
0.002845223,0.0028490361,2,3
0.012612577,0.012611672,2,3
0.00085200876,0.0008548123,2,3
0.0028773868,0.0028782247,2,3
0.0004639157,0.00046901437,2,3
0.0007186708,0.000722133,2,3
0.0014104801,0.0014097345,2,3
0.00043147596,0.0004312879,2,3
0.003357646,0.0033586354,2,3
-0.0016804185,-0.0016804751,2,3
0.0035957447,0.003599347,2,3
0.0026873786,0.0026886605,2,3
-0.00085520284,-0.0008518909,2,3
0.0010657215,0.0010694306,2,3
-0.0036112599,-0.0036090491,2,3
-0.00011196,-0.000111368856,2,3
0.0006600524,0.00066367723,2,3
0.00749606,0.0075020287,2,3
0.00075250363,0.0007510646,2,3
0.0075152526,0.007517672,2,3
-0.0029162774,-0.0029134615,2,3
-0.0011621929,-0.0011615761,2,3
-0.0009556459,-0.0009536249,2,3
0.00016719458,0.00016833599,2,3
0.007881951,0.007887136,2,3
-0.010513648,-0.010515798,2,3
0.007202272,0.007207405,2,3
-0.0077804374,-0.0077784597,2,3
0.0035524054,0.0035574292,2,3
0.004396021,0.004400636,2,3
0.0028898502,0.0028937152,2,3
-0.00022191704,-0.00022215043,2,3
-0.0007340637,-0.00072984345,2,3
-0.0060419296,-0.006038909,2,3
0.000121858066,0.00012258298,2,3
0.00035269637,0.00034985255,2,3
0.0025471516,0.002549586,2,3
-0.00070039864,-0.0006951662,2,3
0.0009028894,0.0009050637,2,3
-0.006397546,-0.0063927323,2,3
0.00012597871,0.00013000453,2,3
-1.7710687e-5,-1.319713e-5,2,3
-0.010635642,-0.010634046,2,3
0.00066797127,0.0006705912,2,3
0.0030645672,0.0030673128,2,3
0.000120639415,0.00012213174,2,3
0.009064556,0.009068329,2,3
-0.0002517649,-0.00025354643,2,3
0.0031167348,0.0031227213,2,3
-0.0017775878,-0.001774755,2,3
0.0005639462,0.0005679912,2,3
-0.0004523447,-0.00044702133,2,3
0.0014821176,0.00148489,2,3
0.0008608352,0.0008651996,2,3
0.0031172992,0.0031194058,2,3
-0.0012687368,-0.0012667588,2,3
-0.0022328866,-0.0022300016,2,3
-0.0042724623,-0.0042715617,2,3
0.0013299185,0.00133505,2,3
0.0017548612,0.001759196,2,3
-0.008024159,-0.008022906,2,3
0.00010696971,0.000110214816,2,3
-0.0005256437,-0.000520579,2,3
-0.004651061,-0.004649685,2,3
0.0032212634,0.0032249533,2,3
0.0013848913,0.0013865215,2,3
-0.0027274184,-0.0027221951,2,3
-0.00044972153,-0.00044640756,2,3
-0.00114094,-0.001139847,2,3
0.01709619,0.017102364,2,3
0.007348866,0.0073506166,2,3
-0.00038280597,-0.00038292486,2,3
-0.0011131369,-0.0011117532,2,3
-0.003912236,-0.0039117727,2,3
-0.0028431425,-0.0028414987,2,3
-1.4899738e-5,-1.3312917e-5,2,3
0.009387522,0.009387423,2,3
9.909829e-5,0.00010371828,2,3
0.005648849,0.005649565,2,3
9.191586e-5,9.65474e-5,2,3
-0.0042777136,-0.0042783325,2,3
6.439293e-5,6.2497566e-5,2,3
0.00014066696,0.00014145525,2,3
-0.00272851,-0.0027256883,2,3
-0.0047655785,-0.004764668,2,3
0.001479428,0.001482028,2,3
-0.0005407995,-0.00053913274,2,3
-0.001047183,-0.0010426084,2,3
-0.00032726978,-0.00032311364,2,3
-0.005163651,-0.0051621827,2,3
-0.0031328266,-0.00313104,2,3
6.573961e-5,6.400764e-5,2,3
-0.00030884784,-0.00030643062,2,3
0.0022082694,0.00221143,2,3
-0.0009532257,-0.00095244136,2,3
0.00066955027,0.00067335577,2,3
-0.0007661563,-0.000759863,2,3
0.0018442776,0.001844774,2,3
0.0009008362,0.00090652506,2,3
0.033265553,0.033264227,2,3
0.0004211483,0.00042279527,2,3
-0.0011067867,-0.00110628,2,3
0.004180285,0.0041852714,2,3
-0.0060051675,-0.005998637,2,3
-0.0016356936,-0.0016327645,2,3
-0.010253254,-0.010252931,2,3
0.00044744735,0.0004492847,2,3
-0.0011697902,-0.0011685218,2,3
0.025776444,0.02577755,2,3
-0.0035214196,-0.0035158875,2,3
-0.0008323463,-0.0008303994,2,3
-0.0060130367,-0.0060078683,2,3
0.0035503267,0.003551187,2,3
0.0005216682,0.0005211778,2,3
-0.000962551,-0.00096594536,2,3
-0.0023338408,-0.0023324466,2,3
0.00902048,0.009020059,2,3
0.0037551082,0.0037583215,2,3
-0.0039025783,-0.0038992648,2,3
0.00010835622,0.00011157229,2,3
0.0069919117,0.006990235,2,3
-0.002040365,-0.0020382062,2,3
0.0072888713,0.0072901654,2,3
0.0034949337,0.0035000658,2,3
0.019249607,0.019253146,2,3
0.009037791,0.009037842,2,3
0.0006695294,0.0006718255,2,3
-0.018889876,-0.018888028,2,3
0.018420156,0.018416017,3,3
0.003013029,0.0030115764,3,3
-0.0045090225,-0.004511225,3,3
0.012533624,0.012534233,3,3
0.0012747681,0.0012784516,3,3
0.002175092,0.0021766955,3,3
-0.014288818,-0.014291047,3,3
-0.00510321,-0.0051047914,3,3
0.0029688224,0.0029690624,3,3
-0.0019150478,-0.001916402,3,3
-0.0036115395,-0.0036159446,3,3
0.0031275167,0.0031283475,3,3
0.0010248924,0.001024837,3,3
-0.0035690782,-0.0035679939,3,3
0.006287763,0.0062868525,3,3
-0.0006973992,-0.0007003485,3,3
0.008113786,0.008117428,3,3
-0.008460682,-0.008458223,3,3
-0.006372455,-0.006374879,3,3
0.002672939,0.0026691824,3,3
-0.0023860242,-0.0023853094,3,3
0.0023143683,0.0023130772,3,3
-0.0060349107,-0.0060401172,3,3
-0.0003999353,-0.00039825606,3,3
0.0034393717,0.0034408907,3,3
0.0011686957,0.0011697868,3,3
0.0052669104,0.005268046,3,3
-0.0036091295,-0.0036072389,3,3
0.0001815394,0.00018138465,3,3
-0.0057479776,-0.005742994,3,3
0.0034400867,0.0034414348,3,3
-0.0043313424,-0.0043309894,3,3
-0.0066925543,-0.006692359,3,3
-0.0091601405,-0.009167576,3,3
0.0076178936,0.0076107075,3,3
-0.0078657735,-0.007867534,3,3
-0.0030282189,-0.0030258105,3,3
-0.004992883,-0.004988931,3,3
0.0059703123,0.0059748553,3,3
0.01050765,0.010508266,3,3
-0.0037641395,-0.0037672594,3,3
-0.00090589386,-0.000910843,3,3
0.0031640576,0.00316296,3,3
0.010875831,0.010879252,3,3
0.004814695,0.004814393,3,3
-0.002911417,-0.002909266,3,3
0.02543536,0.025438318,3,3
0.006099442,0.006099392,3,3
-0.0072004395,-0.0071978825,3,3
0.0031045275,0.0030985107,3,3
0.0021200827,0.0021171554,3,3
0.010903557,0.010902504,3,3
-0.0055834,-0.005588065,3,3
0.00038361247,0.0003792268,3,3
0.0055094664,0.0055097206,3,3
-0.0063274777,-0.006327764,3,3
0.0059026345,0.0059031984,3,3
-0.005176539,-0.0051766657,3,3
0.0017505087,0.0017453257,3,3
0.0028793414,0.0028866348,3,3
-0.009915051,-0.0099193975,3,3
-0.009728555,-0.009726613,3,3
-0.0004806978,-0.00048366093,3,3
0.0052638794,0.0052626785,3,3
0.0058460766,0.0058473432,3,3
-0.0075899614,-0.007589097,3,3
0.0071089645,0.007106919,3,3
0.013125331,0.013121983,3,3
-0.0024333778,-0.0024321175,3,3
0.00035412886,0.00034851403,3,3
-0.0008299574,-0.00082695397,3,3
0.0055042654,0.0055089346,3,3
-0.0002214974,-0.00022321528,3,3
-0.0059503214,-0.0059533357,3,3
-0.0027244228,-0.002726933,3,3
-0.011019873,-0.011022466,3,3
0.0041486267,0.00414484,3,3
0.006901736,0.006906493,3,3
0.00782089,0.007826173,3,3
-0.0036400806,-0.0036428364,3,3
0.0058167637,0.0058172606,3,3
0.0035283696,0.0035289575,3,3
0.0035777178,0.00357255,3,3
0.0025225314,0.0025181863,3,3
0.004778203,0.004781694,3,3
0.012708123,0.012707879,3,3
0.008069915,0.008078347,3,3
-0.00043801748,-0.00043978228,3,3
-0.010565381,-0.010567127,3,3
-0.005172697,-0.0051709907,3,3
0.005224688,0.0052245413,3,3
-0.01261843,-0.012619849,3,3
0.010140154,0.0101384,3,3
0.0019677859,0.0019667377,3,3
0.0028373173,0.0028345506,3,3
-0.011798083,-0.011793906,3,3
-0.0048953695,-0.0048957537,3,3
0.0003463466,0.00034408396,3,3
0.0026987295,0.0026975502,3,3
-0.001167411,-0.0011644737,3,3
0.01471979,0.014720144,3,3
0.021684729,0.021685336,3,3
-0.008646006,-0.008646191,3,3
0.0045719054,0.004565625,3,3
0.009453091,0.009443378,3,3
0.0043252204,0.0043204953,3,3
-0.0015567482,-0.0015554393,3,3
0.0045187916,0.0045144106,3,3
0.004324002,0.004324222,3,3
0.0035825924,0.0035830154,3,3
-0.007812271,-0.007811418,3,3
-0.00047593904,-0.00047295736,3,3
0.006097604,0.006092693,3,3
-0.007975462,-0.007975243,3,3
-0.0012952487,-0.0012950022,3,3
0.0073786546,0.0073780585,3,3
-0.0010806734,-0.0010809277,3,3
0.00019806025,0.00020123899,3,3
0.0036338987,0.0036365252,3,3
0.009880506,0.009880345,3,3
0.0040253038,0.004026712,3,3
0.019267872,0.019265892,3,3
-0.007787692,-0.007784479,3,3
0.019929806,0.019922465,3,3
-0.00011325546,-0.000108376975,3,3
-0.004611795,-0.004612059,3,3
0.0029015085,0.0028996386,3,3
0.0040020333,0.004004118,3,3
0.011512099,0.011509556,3,3
-0.00060867675,-0.00061018177,3,3
0.008854208,0.008859193,3,3
0.00833871,0.008342316,3,3
-0.0024475208,-0.0024511628,3,3
0.0035116365,0.0035132256,3,3
-0.0065356256,-0.0065347366,3,3
-0.006180753,-0.006182225,3,3
-0.003090715,-0.0030927146,3,3
-0.001764087,-0.0017631698,3,3
-0.0089007905,-0.008902292,3,3
0.008369512,0.008370143,3,3
-0.0071401773,-0.007139239,3,3
0.019574681,0.019574989,3,3
-0.00019162062,-0.00019702392,3,3
0.0012254036,0.0012257019,3,3
-0.0050229407,-0.0050230282,3,3
-0.0070274947,-0.007024705,3,3
0.0069512078,0.006948836,3,3
-0.0065498506,-0.0065480275,3,3
6.4073334e-5,6.0352675e-5,3,3
0.00021552437,0.00021998542,3,3
-0.010886469,-0.010882037,3,3
0.000775721,0.00077199866,3,3
-0.00080982986,-0.00080779666,3,3
-0.0050730812,-0.005077847,3,3
-1.1690477e-5,-1.2951818e-5,3,3
0.010570152,0.010567858,3,3
0.0042658253,0.004261395,3,3
-0.0012031109,-0.0012027479,3,3
0.014465276,0.014466366,3,3
-0.005328292,-0.0053276024,3,3
0.008120427,0.008118907,3,3
-0.00029301774,-0.00029530376,3,3
-0.00022864426,-0.00022483089,3,3
0.0020142721,0.0020112814,3,3
0.012129807,0.012128296,3,3
0.013757432,0.013757779,3,3
-0.006646833,-0.006651321,3,3
0.006976241,0.0069770776,3,3
-0.0016760811,-0.0016751472,3,3
0.0072019296,0.007196376,3,3
0.0050841793,0.0050834385,3,3
0.017001644,0.017002894,3,3
0.0052419575,0.005244992,3,3
-0.001630126,-0.0016355816,3,3
-0.0033057423,-0.0033038203,3,3
0.0075748893,0.007576185,3,3
0.0017499565,0.0017521592,3,3
0.009983755,0.0099870255,3,3
0.003470984,0.0034681577,3,3
0.0026047195,0.0026008256,3,3
0.010267513,0.010272827,3,3
-0.0029477535,-0.0029509487,3,3
0.0060100155,0.006009998,3,3
-0.0020176,-0.0020193139,3,3
0.005720666,0.005721991,3,3
-0.008899334,-0.008905226,3,3
0.00049893983,0.0004974964,3,3
0.0030500768,0.0030486556,3,3
-0.0074341763,-0.007433721,3,3
0.0056686434,0.005662843,3,3
-0.0005329295,-0.0005372884,3,3
-0.0009619708,-0.0009611427,3,3
0.008726854,0.008723674,3,3
0.0013122126,0.0013175949,3,3
0.005260295,0.005263085,3,3
0.0068863737,0.0068902876,3,3
5.7596008e-5,5.693277e-5,3,3
-0.0062882546,-0.006292045,3,3
0.0107490355,0.010748609,3,3
0.007357383,0.007348972,3,3
0.002706755,0.0027109142,3,3
-0.0060024085,-0.0060035004,3,3
-0.0009017474,-0.0009044842,3,3
-0.0028596343,-0.002861082,3,3
0.0041164253,0.0041133165,3,3
-0.00787406,-0.007868353,3,3
-0.0013153396,-0.0013148444,3,3
0.0030518528,0.003050584,3,3
-0.0035811656,-0.0035776475,3,3
-0.0025729793,-0.0025704948,3,3
-0.009855053,-0.009852376,3,3
-0.005802721,-0.0058037215,3,3
0.008368297,0.008362554,3,3
-0.00044093875,-0.00044249164,3,3
-0.00939469,-0.009397476,3,3
0.01302636,0.013026935,3,3
0.0029557217,0.0029515873,3,3
-0.0030552477,-0.0030556147,3,3
0.006601642,0.006602757,3,3
0.0015507601,0.0015525019,3,3
-0.0046295472,-0.004632658,3,3
-0.005878035,-0.005878708,3,3
-0.0060271253,-0.0060280357,3,3
0.0026873804,0.002685412,3,3
-5.5686714e-6,1.2888037e-6,3,3
0.0015606979,0.0015637346,3,3
0.0026330904,0.002630382,3,3
-0.011329128,-0.011327477,3,3
-0.00045165644,-0.00045141808,3,3
-0.004077131,-0.0040761875,3,3
-0.0056252885,-0.0056215064,3,3
0.00029635316,0.00029189137,3,3
0.009911614,0.009914094,3,3
0.006527188,0.0065288967,3,3
-0.0049302997,-0.004932137,3,3
-0.003016658,-0.0030185878,3,3
-0.0145131545,-0.014510105,3,3
0.0010154434,0.0010102629,3,3
-0.00088205386,-0.00088051276,3,3
-0.0042965044,-0.0042993147,3,3
0.006324292,0.0063267965,3,3
-0.00065054913,-0.00064836664,3,3
-0.0076453188,-0.007649385,3,3
0.0078074164,0.0078105875,3,3
-0.0038175692,-0.0038120265,3,3
0.0041715303,0.0041707554,3,3
-0.005254429,-0.0052492507,3,3
0.002911405,0.0029138252,3,3
0.0011516951,0.001152387,3,3
-7.403376e-5,-7.3764386e-5,3,3
-0.00044110944,-0.00044273608,4,3
-0.0049832594,-0.0049775844,4,3
-0.0011831612,-0.0011651996,4,3
-0.010412058,-0.01040812,4,3
0.004713284,0.004717582,4,3
0.010017147,0.010015934,4,3
-0.009419939,-0.009426103,4,3
-0.036850203,-0.036848016,4,3
0.0010600172,0.0010584997,4,3
0.0042547057,0.0042515327,4,3
-0.030011028,-0.030006487,4,3
0.0028164156,0.0028218594,4,3
-0.015570828,-0.015564888,4,3
-0.0043253633,-0.0043208874,4,3
-0.023967143,-0.023960728,4,3
0.009595393,0.009597503,4,3
0.0062843994,0.00628422,4,3
0.0037827354,0.0037929849,4,3
-0.0415064,-0.041503694,4,3
-0.011356696,-0.01135381,4,3
-0.0019656548,-0.001963612,4,3
-0.0037786707,-0.0037765654,4,3
0.0053349757,0.0053383023,4,3
-0.012042931,-0.012043648,4,3
-0.004079905,-0.004077458,4,3
0.0023930226,0.0023965184,4,3
-0.0065455367,-0.006557567,4,3
-0.00867219,-0.008660477,4,3
0.0044145514,0.0044162045,4,3
-0.010751588,-0.010756913,4,3
0.001021653,0.001025331,4,3
-0.009226164,-0.009228383,4,3
0.0017465611,0.0017473112,4,3
-0.022751164,-0.022748506,4,3
7.951648e-5,8.307585e-5,4,3
-0.003807812,-0.0038014888,4,3
-0.015703559,-0.015704013,4,3
0.015653158,0.015652068,4,3
0.0066837114,0.006684604,4,3
-0.0029558819,-0.0029504024,4,3
-0.021118456,-0.021117255,4,3
-0.001994269,-0.0019904203,4,3
-0.0042044744,-0.004204943,4,3
-0.009654198,-0.009659518,4,3
0.0017279979,0.0017345838,4,3
0.016603215,0.016604612,4,3
0.00011060668,0.000113388225,4,3
-0.01216601,-0.01217368,4,3
0.0046747965,0.0046773846,4,3
0.009600494,0.00960754,4,3
-0.0004143305,-0.00041175162,4,3
0.001064795,0.001064243,4,3
0.002702692,0.002703835,4,3
0.0002693855,0.00027142698,4,3
-0.0051322426,-0.005127914,4,3
0.0004506547,0.00045809106,4,3
0.009933311,0.009928939,4,3
-0.0012183512,-0.0012175833,4,3
0.0040463675,0.0040464224,4,3
-0.0020513576,-0.0020475143,4,3
-0.011965168,-0.011960738,4,3
0.0021450948,0.002140487,4,3
0.00077886716,0.0007836565,4,3
-0.0026238742,-0.0026193424,4,3
-0.018476829,-0.018471098,4,3
-0.0288627,-0.028850561,4,3
0.0080150515,0.008014011,4,3
0.011257901,0.011258596,4,3
-0.0007462957,-0.00074497965,4,3
-0.010319486,-0.010314755,4,3
0.009627728,0.009634366,4,3
-0.04290239,-0.042901285,4,3
0.019294834,0.019297842,4,3
0.00079418323,0.00079726096,4,3
0.0007313371,0.00073215476,4,3
-0.0010324937,-0.0010232658,4,3
-0.0024544077,-0.0024524531,4,3
-0.0018639363,-0.0018651034,4,3
-0.004105612,-0.0040988894,4,3
-0.0011811686,-0.0011801493,4,3
-0.0029325967,-0.002926561,4,3
-0.10424681,-0.10424473,4,3
-0.009289928,-0.009298774,4,3
-0.022430498,-0.022432378,4,3
0.007948834,0.007953666,4,3
0.0022495552,0.002250874,4,3
-0.013389772,-0.013387815,4,3
0.008758239,0.008754691,4,3
0.013283931,0.013282841,4,3
0.019227684,0.019232271,4,3
0.014668721,0.014669022,4,3
-0.007955877,-0.007961826,4,3
0.002950258,0.002940283,4,3
0.0022102671,0.0022148443,4,3
-0.048428558,-0.048424885,4,3
-0.00090008986,-0.00089836057,4,3
0.00713886,0.007138481,4,3
0.0045094914,0.0045198724,4,3
-0.0076331054,-0.0076324847,4,3
-0.0043517365,-0.004350015,4,3
0.0009809473,0.0009832327,4,3
-0.0117908465,-0.011784073,4,3
-0.009251277,-0.009248305,4,3
0.017445708,0.01743151,4,3
-0.03835741,-0.03836047,4,3
0.007092394,0.007092278,4,3
0.0051441574,0.005145444,4,3
0.0044292035,0.0044319504,4,3
-0.006442181,-0.0064453618,4,3
-0.0007707549,-0.00076589384,4,3
0.028249001,0.028244952,4,3
0.0019218215,0.0019221994,4,3
0.02326055,0.023256,4,3
0.0043402785,0.0043415045,4,3
0.004089971,0.0040945015,4,3
-0.0007331997,-0.00073250063,4,3
-0.008188967,-0.008188004,4,3
0.013112612,0.013112865,4,3
-0.008496607,-0.008491274,4,3
-0.032636125,-0.032635845,4,3
-0.008341423,-0.008333282,4,3
0.0032610507,0.0032686244,4,3
0.0037555685,0.0037587904,4,3
0.0074261557,0.007433152,4,3
-0.0025765784,-0.0025755237,4,3
-0.004341597,-0.0043358635,4,3
0.003559612,0.0035546953,4,3
0.0048535108,0.0048564924,4,3
-0.0070082834,-0.0070101977,4,3
-0.0058529377,-0.005849769,4,3
-0.012590196,-0.012586449,4,3
0.03493255,0.034931615,4,3
-0.014471893,-0.014467123,4,3
-0.0016794492,-0.0016788137,4,3
-0.022693269,-0.022688167,4,3
0.00097351597,0.0009732877,4,3
0.014258621,0.014256849,4,3
-0.0017707244,-0.0017717333,4,3
-0.034481604,-0.0344748,4,3
-0.0035469828,-0.0035440035,4,3
0.013281987,0.013284242,4,3
-0.020848515,-0.020850709,4,3
-0.002570211,-0.0025677225,4,3
0.0052548693,0.005255511,4,3
0.0013414278,0.0013410848,4,3
-0.008414221,-0.008407545,4,3
-0.0011618732,-0.0011583464,4,3
-0.006978126,-0.006976745,4,3
0.00017885755,0.00017815841,4,3
-0.0010023395,-0.0010017577,4,3
-0.00053117267,-0.0005290393,4,3
-0.0014454045,-0.0014418565,4,3
-0.008768521,-0.008765643,4,3
0.011529599,0.011534307,4,3
-0.000579856,-0.0005774131,4,3
-0.002457994,-0.002456381,4,3
-0.00049126556,-0.00048300697,4,3
-0.0023959728,-0.0023862605,4,3
-0.00048815113,-0.00048692257,4,3
0.0031201746,0.003122009,4,3
-0.002218441,-0.0022089842,4,3
-0.0067042913,-0.0067086034,4,3
-0.0028631338,-0.0028630882,4,3
-0.0018373461,-0.001836457,4,3
0.0007224481,0.00072718185,4,3
0.0010757315,0.0010810776,4,3
-0.014770176,-0.014765833,4,3
-0.009757753,-0.009757431,4,3
-0.0028297638,-0.0028257305,4,3
0.002167004,0.0021623187,4,3
0.003944847,0.003946194,4,3
-0.0059049414,-0.00590172,4,3
0.0009107001,0.0009161756,4,3
-0.0047209067,-0.004721419,4,3
-0.006357639,-0.006348219,4,3
-0.0027448256,-0.0027372118,4,3
-0.0005568468,-0.00055289955,4,3
0.004202847,0.0042039403,4,3
0.0118176425,0.01181766,4,3
-0.004063542,-0.004060203,4,3
-0.00024350843,-0.00024278661,4,3
6.137856e-5,5.7915735e-5,4,3
-0.028781995,-0.028779604,4,3
-0.031533122,-0.031533044,4,3
-0.00092192495,-0.00091703294,4,3
0.0026613937,0.0026672725,4,3
-0.014306604,-0.014303167,4,3
-0.00062309374,-0.0006248175,4,3
-0.00090881763,-0.00090800284,4,3
-0.0031969342,-0.0031998584,4,3
-0.034399897,-0.034397267,4,3
0.0009475346,0.00094950036,4,3
0.0005676496,0.00056503527,4,3
0.0009753899,0.0009771935,4,3
0.011402584,0.011405203,4,3
-0.0010849098,-0.0010741681,4,3
-0.003940968,-0.0039373706,4,3
-0.005576199,-0.0055774236,4,3
-0.00064967165,-0.0006514837,4,3
-0.0022030738,-0.0021996622,4,3
0.022556247,0.022564407,4,3
-0.006631917,-0.0066253655,4,3
0.01222502,0.01223247,4,3
-0.019281792,-0.019282352,4,3
0.004612397,0.00461672,4,3
0.0015589369,0.0015571071,4,3
0.007881225,0.007882399,4,3
-0.002458969,-0.0024590578,4,3
0.0011525053,0.0011587719,4,3
0.011590623,0.011591971,4,3
-0.0013578014,-0.0013653643,4,3
0.0032240734,0.0032264662,4,3
-0.005235317,-0.005226561,4,3
-0.010451911,-0.010448076,4,3
-0.001981812,-0.0019799098,4,3
0.019368762,0.019371493,4,3
0.07231849,0.072314955,4,3
-0.0007493778,-0.0007522665,4,3
-0.005958644,-0.00594475,4,3
0.0010354384,0.0010412979,4,3
0.00016971248,0.00017769654,4,3
-0.0010196681,-0.001016145,4,3
0.03237927,0.032380864,4,3
0.0019954876,0.0019954632,4,3
0.0012307605,0.0012323481,4,3
-0.0029515224,-0.0029494625,4,3
0.007886858,0.007890342,4,3
-0.024068799,-0.024073606,4,3
0.00117523,0.0011842507,4,3
-0.0011616941,-0.0011570724,4,3
-0.011576449,-0.0115713775,4,3
0.0014649834,0.0014734776,4,3
0.0014384445,0.0014407277,4,3
0.0023578734,0.0023636187,4,3
0.0029397777,0.002941185,4,3
-0.01634783,-0.016343324,4,3
-0.00022122,-0.00021622994,4,3
-0.015202209,-0.015198599,4,3
-4.1717558e-5,-3.9724215e-5,4,3
-0.14546527,-0.1454602,4,3
0.00044270745,0.0004466482,4,3
0.0028943,0.002895404,4,3
-0.005482225,-0.0054832487,4,3
-0.0031846121,-0.00318171,4,3
0.011124289,0.011125025,4,3
0.004763967,0.004764489,4,3
-0.0038104474,-0.0038091755,4,3
0.0007747665,0.0007806794,4,3
-0.002811048,-0.0028076277,4,3
0.0020155208,0.0020175606,4,3
-0.0027588613,-0.0027534964,5,3
-0.00015877216,-0.00015357378,5,3
-0.0014883445,-0.0014878903,5,3
0.00050133525,0.0005046762,5,3
0.00027449147,0.00027509377,5,3
0.002184908,0.0021837207,5,3
-0.008221757,-0.008225015,5,3
0.0009098257,0.0009116249,5,3
0.00046818427,0.00047206995,5,3
-0.00034488755,-0.0003411122,5,3
0.0020588534,0.0020609004,5,3
0.011426741,0.011431101,5,3
-0.00076406513,-0.00076142827,5,3
0.0017520351,0.001752854,5,3
-0.00024143816,-0.00024365286,5,3
-0.0010301275,-0.0010276014,5,3
-0.0013554399,-0.0013467416,5,3
0.00023338656,0.00023428904,5,3
-0.0011784525,-0.0011776197,5,3
-0.0037358436,-0.0037345658,5,3
0.0005745195,0.0005808491,5,3
-0.008152253,-0.008147921,5,3
-0.003628981,-0.0036229764,5,3
0.0048253764,0.0048274966,5,3
0.0006140691,0.00061728095,5,3
-0.0037699675,-0.0037656934,5,3
-0.00414819,-0.0041464176,5,3
0.0016557638,0.0016583665,5,3
3.2401786e-5,3.7147853e-5,5,3
-0.0064481855,-0.0064452793,5,3
0.0001824291,0.00018243334,5,3
-0.011873677,-0.011870193,5,3
0.0008735907,0.00087378355,5,3
0.0025376887,0.0025397835,5,3
-0.0027660225,-0.0027624988,5,3
0.0019134864,0.0019196494,5,3
0.0021846092,0.002186234,5,3
7.2483417e-6,9.890855e-6,5,3
-0.0053492724,-0.0053454316,5,3
0.003028648,0.003029669,5,3
0.000118223936,0.00011903321,5,3
-0.003504899,-0.003501345,5,3
0.019943276,0.019948352,5,3
-0.030162543,-0.030165574,5,3
-0.0004937531,-0.0004928804,5,3
-0.0067507885,-0.006746279,5,3
-0.012001935,-0.011998897,5,3
0.0014577645,0.0014629067,5,3
0.0025159656,0.0025178809,5,3
-0.03493386,-0.03493664,5,3
-0.0011366544,-0.0011383952,5,3
-0.0088246595,-0.008822345,5,3
-0.012437411,-0.012432058,5,3
0.002158387,0.0021633604,5,3
0.009844352,0.00984846,5,3
-0.011147355,-0.011141377,5,3
-0.019585079,-0.019585479,5,3
-0.006046107,-0.0060426043,5,3
0.018438462,0.018437164,5,3
-0.0024629454,-0.0024583263,5,3
-0.004041595,-0.0040395213,5,3
-0.005927312,-0.0059278966,5,3
-0.116784446,-0.11678415,5,3
0.0010610546,0.0010596494,5,3
0.01331522,0.013310441,6,3
-0.019556439,-0.01956391,6,3
-0.0103671225,-0.010369581,6,3
-0.0024129713,-0.002410543,6,3
-0.004860274,-0.004866208,6,3
-0.01789361,-0.01789252,6,3
0.012705544,0.012706005,6,3
0.013258371,0.013257983,6,3
-0.03933139,-0.03933403,6,3
-0.017378708,-0.017380409,6,3
0.0036902567,0.0036892653,6,3
0.01671545,0.016717844,6,3
0.008012501,0.008016703,6,3
-0.006047169,-0.0060436903,6,3
-0.016723033,-0.016729342,6,3
-0.013619018,-0.013625492,6,3
0.00797913,0.007978065,6,3
0.01201788,0.012016434,6,3
-0.0014592762,-0.0014607534,6,3
0.032182578,0.032178614,6,3
-0.017357647,-0.01735169,6,3
0.01953353,0.01953361,6,3
0.004518251,0.00451562,6,3
-0.020774405,-0.020771882,6,3
0.009765219,0.009762249,6,3
0.016132686,0.016128644,6,3
-0.008605328,-0.008604548,6,3
0.003988163,0.0039900173,6,3
0.008979332,0.008976667,6,3
0.007666369,0.007668867,6,3
-0.011416382,-0.01141282,6,3
0.007815855,0.007816503,6,3
0.01868499,0.018686518,6,3
-0.009836153,-0.0098314285,6,3
0.007890406,0.007883994,6,3
-0.020825407,-0.020820543,6,3
-0.01355621,-0.013554829,6,3
-0.034775063,-0.034772757,6,3
-0.12155855,-0.12156485,6,3
-0.0027579807,-0.0027566936,6,3
-0.0052176113,-0.0052202414,6,3
-0.024976144,-0.024980221,6,3
-0.02558808,-0.025582613,6,3
-0.028056135,-0.028052943,6,3
0.06978651,0.069790654,6,3
-0.0042229253,-0.004220441,6,3
-0.0030103202,-0.003010469,6,3
-0.0068137986,-0.0068193586,6,3
-0.0047549806,-0.004748607,6,3
0.013140832,0.013144929,6,3
-0.015152113,-0.015150235,6,3
0.0044603585,0.0044536344,6,3
-0.017184824,-0.017185016,6,3
-0.012536573,-0.012535818,6,3
0.013451394,0.01345259,6,3
0.0062929885,0.006295517,6,3
-0.021649009,-0.021651905,6,3
-0.055281457,-0.055285476,6,3
0.0020366057,0.002039269,6,3
0.01603927,0.01604426,6,3
-0.009487424,-0.009490879,6,3
0.016608568,0.016603114,6,3
-0.010944086,-0.010942686,6,3
-0.0052763917,-0.0052759447,6,3
0.004558124,0.004558248,1,4
0.0051278337,0.0051246113,1,4
-0.004763415,-0.004753632,1,4
0.008495587,0.008491839,1,4
0.010903775,0.0109101245,1,4
0.0007500161,0.00074936857,1,4
-0.009436334,-0.0094226515,1,4
-0.003698421,-0.0036947015,1,4
0.0033239077,0.0033228414,1,4
0.0008951631,0.0008937531,1,4
0.0033318975,0.0033306568,1,4
0.007455231,0.007457634,1,4
-0.00023259918,-0.00023204266,1,4
0.0087978635,0.0087927785,1,4
-0.0046146484,-0.0046094,1,4
-0.0077501666,-0.0077419844,1,4
-0.00044813825,-0.00044545825,1,4
-0.013371524,-0.013370423,1,4
0.005552286,0.005554292,1,4
0.0009844657,0.0009934645,1,4
0.012106802,0.012107632,1,4
0.0034062075,0.0034047393,1,4
-0.0022066536,-0.0022112094,1,4
0.017524779,0.017518483,1,4
0.001305739,0.0013055776,1,4
0.0028325364,0.0028217987,1,4
-0.008999154,-0.009000671,1,4
0.0031368549,0.0031384476,1,4
-0.0038498198,-0.0038457888,1,4
0.015222287,0.015238894,1,4
0.00445226,0.0044528167,1,4
0.00062330783,0.0006180611,1,4
-0.0034103643,-0.0034102942,1,4
0.008261431,0.008255608,1,4
-0.008087821,-0.008084427,1,4
-0.004226342,-0.0042270413,1,4
0.0053543444,0.005350509,1,4
-0.002677371,-0.0026763845,1,4
0.0021056836,0.0020992076,1,4
-0.00011457131,-0.00012110885,1,4
-0.015481185,-0.015478806,1,4
-0.005256418,-0.005256871,1,4
0.0024777157,0.0024785814,1,4
-0.003850648,-0.0038502521,1,4
-0.0048143566,-0.0048162546,1,4
0.005342659,0.005337933,1,4
0.002565567,0.0025652498,1,4
0.00250995,0.0025129549,1,4
-0.008857601,-0.00886449,1,4
-0.0033022116,-0.0033155764,1,4
-0.001341718,-0.0013447463,1,4
-0.0027643743,-0.002764181,1,4
0.0039375406,0.0039336253,1,4
0.010548497,0.010554468,1,4
-0.006684528,-0.0066875075,1,4
-0.005436361,-0.005440165,1,4
0.008476913,0.008482271,1,4
-0.0014686963,-0.0014684979,1,4
0.04327302,0.043269627,1,4
0.00060916896,0.00061917433,1,4
-0.011465578,-0.011469775,1,4
0.00893701,0.008927911,1,4
-0.0013155675,-0.001315552,1,4
0.0020037391,0.0020123613,1,4
-0.0033457095,-0.0033464897,1,4
-0.010859564,-0.010865134,1,4
0.0014153284,0.0014082845,1,4
-0.005407559,-0.005403537,1,4
0.0062080324,0.0062134974,1,4
0.00027969704,0.00027087095,1,4
-0.0032463633,-0.003254709,1,4
0.025154578,0.02516168,1,4
0.0147514185,0.014753187,1,4
-0.0052624894,-0.005263203,1,4
-0.008828996,-0.008827739,1,4
-0.0014782227,-0.0014752526,1,4
0.0013025152,0.001309999,1,4
-0.00022862625,-0.00022493958,1,4
0.011869578,0.011864115,1,4
-0.0019927064,-0.0019919213,1,4
-0.0053542485,-0.0053535444,1,4
0.004805001,0.0048064706,1,4
0.013383966,0.013379241,1,4
0.007181145,0.007183036,1,4
0.0027630075,0.002765148,1,4
0.01197953,0.011979162,1,4
-0.004128009,-0.0041370643,1,4
-0.0007151988,-0.0007149503,1,4
-0.005092248,-0.0050818403,1,4
-0.0013468034,-0.0013368235,1,4
0.0005612396,0.00055797165,1,4
-0.0013207137,-0.0013227968,1,4
-0.0032304996,-0.0032351573,1,4
0.0056596277,0.0056601376,1,4
0.006226085,0.006217981,1,4
0.0012246592,0.0012180217,1,4
0.025912082,0.02590763,1,4
-0.00809208,-0.008089218,1,4
0.00072032853,0.0007224877,1,4
0.0008582528,0.000858069,1,4
0.003779795,0.0037788167,1,4
0.0119307665,0.011929474,1,4
0.012109661,0.012114225,1,4
-0.0020339072,-0.0020430034,1,4
0.00040070916,0.00040275985,1,4
-0.0039843125,-0.0039754277,1,4
-0.011632458,-0.011632454,1,4
0.0018674331,0.0018792582,1,4
-0.006679628,-0.006676665,1,4
-0.0013366747,-0.0013413327,1,4
-0.0007582801,-0.00075707864,1,4
-0.011529554,-0.011517104,1,4
-0.011258468,-0.011254055,1,4
-0.0028046644,-0.0028035922,1,4
-0.0038764419,-0.0038802216,1,4
-0.0022078978,-0.0022104585,1,4
-0.004994038,-0.004986075,1,4
0.009008423,0.0090070665,1,4
-0.00698115,-0.006976715,1,4
-0.0012152216,-0.0012196889,1,4
-0.003641129,-0.0036396615,1,4
-0.005362488,-0.0053677317,1,4
0.0050396197,0.0050437143,1,4
0.014740353,0.014737252,1,4
0.026560428,0.026553797,1,4
-0.0037353057,-0.003743401,1,4
0.0016523593,0.0016469861,1,4
-0.0065360223,-0.006539838,1,4
-0.00227378,-0.0022683826,1,4
-0.0030867883,-0.003090531,1,4
0.014338221,0.014346146,1,4
-0.0085549755,-0.008549521,1,4
-0.0104463985,-0.010447776,1,4
0.011599561,0.011600467,1,4
0.0022068617,0.0022123863,1,4
-0.002296122,-0.0022919364,1,4
0.008918776,0.00892295,1,4
-0.0013143768,-0.001315084,1,4
-0.00979645,-0.009801907,1,4
0.0033679383,0.0033712531,1,4
0.0029571229,0.002953977,1,4
0.015882066,0.015878668,1,4
-0.0010490787,-0.001052918,1,4
-0.0009874114,-0.0009911846,1,4
-0.0053353547,-0.0053352662,1,4
0.0056756698,0.0056809345,1,4
-0.0013050031,-0.0013069563,1,4
-0.004197631,-0.004190675,1,4
0.0050424323,0.0050445995,1,4
0.0061141467,0.006114313,1,4
3.0681455e-5,3.0467401e-5,1,4
0.008305213,0.008303931,1,4
0.011509928,0.0115114115,1,4
0.012085124,0.012079389,1,4
-0.006905809,-0.006901354,1,4
0.0004080419,0.00040852863,1,4
0.011797521,0.011795074,1,4
-0.0030509725,-0.0030433617,1,4
-0.003923221,-0.0039231214,1,4
-0.0060220473,-0.0060257507,1,4
-0.0004562113,-0.0004523553,1,4
-0.015549208,-0.015545295,1,4
-0.006066958,-0.006068258,1,4
0.0013492148,0.0013511928,1,4
0.014998919,0.014990641,1,4
0.011638984,0.011644629,1,4
-0.015388853,-0.015381845,1,4
-0.00082090247,-0.0008226302,1,4
0.0028110347,0.0028054973,1,4
8.881708e-5,9.123318e-5,1,4
-0.01452342,-0.01452603,1,4
0.000720521,0.0007115863,1,4
0.010379177,0.010377455,1,4
0.00071520684,0.00072273135,1,4
-0.019581994,-0.019577421,1,4
-0.0021550402,-0.002154056,1,4
0.0066421432,0.006652562,1,4
-0.002595859,-0.0026010703,1,4
0.0005649221,0.00057093834,1,4
-0.010860748,-0.010867386,1,4
-0.011544951,-0.01154766,1,4
-0.03810619,-0.038103994,1,4
-0.0015930694,-0.0015878109,1,4
-0.0067411903,-0.006741049,1,4
0.004560349,0.0045612864,1,4
-0.0032376235,-0.003247784,1,4
0.0055998624,0.0056053223,1,4
-0.0009591243,-0.0009541243,1,4
-0.008788686,-0.008781027,1,4
0.0042852294,0.0042799725,1,4
0.0042869803,0.004300002,1,4
0.012132419,0.012127138,1,4
-0.006522604,-0.006526468,1,4
-0.005768513,-0.0057706004,1,4
-0.004706074,-0.0047023264,1,4
-0.0047717127,-0.0047630966,1,4
-0.0033545848,-0.003362339,1,4
0.00024369052,0.00025115028,1,4
-0.004789063,-0.004788237,1,4
-0.0021423511,-0.0021353643,1,4
0.0067040725,0.0067045945,1,4
-0.010000537,-0.01000689,1,4
0.0044036945,0.004403022,1,4
-0.0014242731,-0.0014235302,1,4
0.009542388,0.009553224,1,4
0.010538529,0.010543353,1,4
0.006628223,0.006634716,1,4
0.000924266,0.0009243973,1,4
0.00067360833,0.00066663173,1,4
0.011358131,0.0113487905,1,4
0.0017675884,0.0017629782,1,4
-0.001425102,-0.0014333157,1,4
0.009339618,0.009338558,1,4
0.011818837,0.011824708,1,4
0.007995083,0.0079956595,1,4
0.0070789964,0.0070750318,1,4
0.00017392724,0.00017694614,1,4
-0.008683685,-0.008683628,1,4
0.0016308622,0.0016186216,1,4
0.013159432,0.013157622,1,4
0.0049217264,0.0049189846,1,4
-0.0017841628,-0.0017811172,1,4
-0.002491532,-0.0024920008,1,4
0.0110413665,0.0110499235,1,4
0.0023411964,0.0023309751,1,4
-0.0055098375,-0.005509724,1,4
0.003792147,0.003795145,1,4
-0.001092012,-0.0010864959,1,4
-0.010357782,-0.010357155,1,4
0.007880764,0.007881792,1,4
-0.0014314475,-0.0014376551,1,4
0.0056709354,0.005677464,1,4
-0.0054110694,-0.0054123043,1,4
0.009879813,0.009881017,1,4
0.003854483,0.0038615146,1,4
-0.0094740875,-0.009482483,1,4
-0.0077186613,-0.007715997,1,4
0.0053209504,0.0053065037,1,4
0.002158139,0.0021642423,1,4
-0.0010614188,-0.0010622201,1,4
-0.0019311752,-0.001928661,1,4
0.006814734,0.006810631,1,4
-0.0021893245,-0.0021895727,1,4
-3.4495773e-5,-4.061023e-5,1,4
-0.0012812522,-0.0012850849,1,4
0.013266052,0.0132639995,1,4
0.00039364243,0.00039243902,1,4
-0.00466386,-0.00467613,1,4
0.0045807245,0.004575689,1,4
-0.004466852,-0.004465278,1,4
-0.008733285,-0.008734114,2,4
0.022754304,0.022755792,2,4
5.6960605e-5,5.73109e-5,2,4
0.0030185052,0.0030179347,2,4
0.0028710954,0.0028731911,2,4
0.0002902656,0.00028944545,2,4
0.00354221,0.0035455232,2,4
-0.0013830591,-0.0013846534,2,4
-0.0035871165,-0.0035866909,2,4
-0.0010916024,-0.0010905467,2,4
-0.008248335,-0.008246649,2,4
0.0029983008,0.0030052122,2,4
-0.001983302,-0.001981061,2,4
0.009668395,0.00967238,2,4
0.0019895756,0.0019888503,2,4
-0.011189548,-0.011190265,2,4
-0.006547173,-0.00654029,2,4
0.0031793618,0.0031839858,2,4
-0.00075555453,-0.00075311685,2,4
-0.0036297198,-0.0036230497,2,4
0.018078787,0.01808264,2,4
0.004842697,0.004844352,2,4
-0.016497714,-0.016492466,2,4
0.0047404654,0.004744146,2,4
-0.015983857,-0.015980091,2,4
-0.0018019683,-0.001800282,2,4
0.0058898143,0.005892353,2,4
0.00094715145,0.0009515906,2,4
-0.0063155415,-0.006310233,2,4
-0.006497814,-0.0064961147,2,4
-0.018572915,-0.018572,2,4
-0.008775483,-0.008772744,2,4
0.0005425388,0.00054913654,2,4
0.004195068,0.0041957754,2,4
0.008440769,0.008443295,2,4
0.017324498,0.017327389,2,4
-0.001263554,-0.0012625275,2,4
0.00784701,0.007849018,2,4
0.0020542464,0.0020547523,2,4
0.0013999722,0.0014039158,2,4
0.010769913,0.010772871,2,4
0.011854392,0.011854509,2,4
-0.0046990775,-0.004697665,2,4
0.0018400906,0.0018436832,2,4
-0.0022103337,-0.0022102268,2,4
0.0026164474,0.0026126455,2,4
-0.007007224,-0.0070055397,2,4
-0.005440708,-0.0054377494,2,4
-0.00073629705,-0.0007381798,2,4
-0.005744672,-0.00573939,2,4
0.0074849855,0.007486702,2,4
-0.016239498,-0.016236769,2,4
0.0078440225,0.007841871,2,4
-0.007250957,-0.007249965,2,4
0.0028820913,0.0028868464,2,4
0.006932307,0.0069372854,2,4
-0.0044249445,-0.004421843,2,4
-0.0009397618,-0.00093437504,2,4
-0.0016231306,-0.0016236367,2,4
0.0044746352,0.0044763205,2,4
-0.0017449707,-0.0017428807,2,4
0.0073196227,0.0073186266,2,4
-0.0025182662,-0.0025143614,2,4
-0.015947305,-0.015944237,2,4
0.005957186,0.0059611546,2,4
0.0015131081,0.0015158651,2,4
0.0008142966,0.00081339665,2,4
-0.015903926,-0.015901083,2,4
0.00934952,0.009349742,2,4
-0.0153345885,-0.015332809,2,4
-0.006077628,-0.00607547,2,4
0.00404051,0.0040420094,2,4
0.0041382173,0.004139378,2,4
0.0046116714,0.0046136575,2,4
0.007660752,0.007664529,2,4
-0.004999185,-0.0049973386,2,4
-0.0073744743,-0.0073726675,2,4
-0.008782329,-0.008776722,2,4
-0.009723316,-0.009725791,2,4
-0.012111438,-0.012105414,2,4
-0.0019681775,-0.001965678,2,4
0.0046588946,0.0046540764,2,4
-0.0053023817,-0.0053002974,2,4
-0.0021915399,-0.002187097,2,4
-0.0034238982,-0.0034213471,2,4
-0.0065227402,-0.0065153744,2,4
-0.00090716843,-0.00090296974,2,4
-0.0055314912,-0.0055277664,2,4
-0.007980675,-0.007979021,2,4
-0.006684531,-0.0066818055,2,4
0.004197061,0.0041977805,2,4
-0.016575808,-0.016575802,2,4
0.008508369,0.008509727,2,4
0.0012347711,0.0012390906,2,4
-0.012338036,-0.012337037,2,4
0.0014819488,0.0014824684,2,4
-7.326487e-5,-7.200125e-5,2,4
0.0011421918,0.0011457333,2,4
0.009506953,0.009506657,2,4
-0.0011803797,-0.0011820171,2,4
0.009883907,0.009885763,2,4
-0.010291284,-0.010295979,2,4
0.002975909,0.0029770937,2,4
-0.001632896,-0.001629156,2,4
0.0022181757,0.0022193624,2,4
-0.024214253,-0.024210382,2,4
-0.0010022334,-0.001000302,2,4
0.008775879,0.008778224,2,4
0.0036171724,0.0036175745,2,4
-0.013361587,-0.01335695,2,4
0.00012776826,0.00012849786,2,4
-0.039128527,-0.03912737,2,4
-0.013873038,-0.013872654,2,4
0.0022844737,0.0022856614,2,4
-0.0012036079,-0.0011988078,2,4
0.0009376128,0.0009400473,2,4
-6.0733197e-5,-5.938606e-5,2,4
0.013152029,0.013158821,2,4
-0.0005320148,-0.0005277649,2,4
-0.0022630256,-0.0022660177,2,4
0.0039671985,0.0039698193,2,4
-0.00018378336,-0.00018884802,2,4
-0.00282043,-0.0028140035,2,4
-0.00042932035,-0.00042699126,2,4
-0.0008059278,-0.00080646976,2,4
-0.008097863,-0.0080929035,2,4
0.0010650159,0.0010638618,2,4
-0.0028064114,-0.0028048242,2,4
-0.003310459,-0.003307937,2,4
0.00089185283,0.00089639507,2,4
0.00031827457,0.00032223898,2,4
0.006750244,0.006750361,2,4
0.0025623604,0.0025639308,2,4
-0.0005327555,-0.0005372287,2,4
0.0023011717,0.0023052655,2,4
-0.00056867005,-0.00056408066,2,4
-0.00608477,-0.0060822153,2,4
0.007080849,0.0070818407,2,4
-0.0030921514,-0.0030916461,2,4
0.0038336213,0.0038331794,2,4
0.010530133,0.01053162,2,4
-0.004394907,-0.0043941834,2,4
0.00022882967,0.00023716556,2,4
-0.0018469454,-0.0018428557,2,4
0.0005534687,0.0005562227,2,4
-0.004653585,-0.00465415,2,4
0.0014483616,0.0014486274,2,4
-0.0044290507,-0.004424643,2,4
-0.0136129,-0.013611233,2,4
-0.009762763,-0.009764393,2,4
-0.026288165,-0.026287412,2,4
-0.003386698,-0.0033852188,2,4
0.0015195438,0.0015253032,2,4
-0.017231649,-0.01722709,2,4
-0.0069813672,-0.0069812657,2,4
0.007822649,0.007826201,2,4
-0.0009481567,-0.0009455175,2,4
0.00028745466,0.0002899113,2,4
-0.0026647893,-0.002664014,2,4
0.0008942024,0.00089683506,2,4
0.0035971017,0.0036003913,2,4
0.0013988579,0.0013992911,2,4
0.0018483158,0.0018532354,2,4
-0.0030348257,-0.0030302983,2,4
0.00096786465,0.0009719155,2,4
0.0009541527,0.0009572924,2,4
0.029720325,0.029727744,2,4
-0.00092010887,-0.0009193011,2,4
0.0018384756,0.0018373341,2,4
0.006945709,0.0069441632,2,4
0.012382296,0.012386467,2,4
0.004932824,0.004935272,2,4
-0.0018290336,-0.0018272165,2,4
0.003807447,0.003809726,2,4
0.0029948142,0.0029971076,2,4
0.00970906,0.009709892,2,4
-0.001090691,-0.0010862432,2,4
0.01027335,0.010275035,2,4
-0.0030932827,-0.00309133,2,4
0.0034931703,0.0034991258,2,4
0.014011665,0.014014708,2,4
-0.0019124688,-0.001907743,2,4
0.0035732216,0.0035700768,2,4
0.0026753799,0.0026780125,2,4
0.0051530125,0.005154456,2,4
-0.0018716427,-0.0018732104,2,4
-0.0005922511,-0.0005906887,2,4
0.0011158587,0.0011189318,2,4
-0.0009613873,-0.00096007466,2,4
-0.0029912929,-0.0029894353,2,4
0.0009872714,0.0009858804,2,4
-0.0059315944,-0.0059304712,2,4
-0.0024612288,-0.0024582534,2,4
-0.0046827495,-0.004678053,2,4
-0.0021670142,-0.0021685737,2,4
0.0027799984,0.0027827777,2,4
0.0056794095,0.005683575,2,4
-0.0038303442,-0.003828102,2,4
-0.020330163,-0.020326912,2,4
-0.005654589,-0.0056494027,2,4
-0.008535699,-0.008533311,2,4
0.0046039075,0.0046040965,2,4
-0.013183233,-0.013180691,2,4
-0.0023790428,-0.0023777909,2,4
0.0013906736,0.0013953574,2,4
-0.0075451927,-0.007542669,2,4
0.003695506,0.003697376,2,4
-0.0011242593,-0.0011242633,2,4
-0.002093259,-0.002093721,2,4
0.0009728094,0.0009772192,2,4
-0.0045928652,-0.004591062,2,4
-0.000678903,-0.0006771455,2,4
-2.3765988e-5,-2.4624153e-5,2,4
0.00073377584,0.00073976745,2,4
-0.011741211,-0.0117398035,2,4
8.502742e-5,8.353168e-5,2,4
-0.018344998,-0.018342271,2,4
0.0044736336,0.004480079,2,4
-0.017170997,-0.017167352,2,4
0.004382308,0.0043817963,2,4
0.0033158683,0.0033192954,2,4
-0.005337971,-0.0053359177,2,4
-0.0014441693,-0.00144083,2,4
0.0015222437,0.0015269582,2,4
-0.025711298,-0.02570861,2,4
0.005137351,0.005139401,2,4
-0.0024110775,-0.0024101532,2,4
0.003982757,0.003987593,2,4
-0.0049832477,-0.0049780156,2,4
0.0097457785,0.009750025,2,4
-0.0045692637,-0.004566541,2,4
-0.0032731977,-0.0032724915,2,4
-0.0037124911,-0.0037108883,2,4
0.005680034,0.005676564,2,4
-0.0019349118,-0.001929069,2,4
-0.004956525,-0.0049528675,2,4
-0.016068118,-0.01606506,2,4
-0.0005312571,-0.0005289927,2,4
0.008639807,0.008641439,2,4
0.012235221,0.012239953,2,4
0.0080538895,0.008059798,2,4
-0.0008008901,-0.0007991434,2,4
-0.002143917,-0.0021437656,2,4
0.009573429,0.009577215,2,4
-0.003780263,-0.0037785699,2,4
0.019614724,0.019620424,2,4
0.0013698669,0.0013802485,2,4
0.009455876,0.009457952,2,4
0.016966011,0.016969485,2,4
0.004966607,0.004971185,2,4
-0.008280224,-0.008281502,3,4
-0.005513272,-0.00551485,3,4
-0.001993,-0.001992646,3,4
-0.003106848,-0.0031116516,3,4
-0.01122175,-0.01121589,3,4
0.000463515,0.00046396346,3,4
0.009670673,0.009667424,3,4
0.0056441203,0.0056445925,3,4
0.0017347422,0.0017317377,3,4
-0.0009397042,-0.00093721587,3,4
-0.005726336,-0.0057277093,3,4
0.0045346594,0.0045334133,3,4
-0.020484582,-0.020483023,3,4
-0.0023037062,-0.002304393,3,4
-0.0043960437,-0.0043971804,3,4
-0.0027407939,-0.002741734,3,4
0.0028224238,0.0028215928,3,4
0.0022985034,0.002297218,3,4
-0.007467369,-0.007464881,3,4
-0.00868997,-0.008694524,3,4
0.0061893775,0.0061867605,3,4
0.0006082547,0.0006062264,3,4
0.00019768873,0.00019477136,3,4
-0.005590697,-0.00559447,3,4
-0.00065203995,-0.0006522022,3,4
0.0019266696,0.0019332307,3,4
0.00031686388,0.00031483246,3,4
0.011860476,0.011855355,3,4
0.0058396775,0.005831421,3,4
-0.012028051,-0.0120332595,3,4
-0.01145813,-0.011457476,3,4
-0.0043004286,-0.0043025804,3,4
0.015978878,0.015971236,3,4
0.0059110234,0.005913135,3,4
0.012472413,0.012472002,3,4
0.0118298,0.011832453,3,4
0.0041096723,0.004111375,3,4
-0.007077707,-0.007076914,3,4
-0.00351671,-0.0035150636,3,4
-0.013682292,-0.013673809,3,4
0.0052790414,0.0052823825,3,4
0.0037300654,0.0037315143,3,4
-8.800623e-5,-8.880662e-5,3,4
-0.0041329022,-0.004129778,3,4
-0.0032162133,-0.0032150056,3,4
3.6229616e-5,3.543571e-5,3,4
-0.003854718,-0.0038507835,3,4
-0.001688147,-0.0016896361,3,4
0.005943412,0.00593977,3,4
-0.0035862306,-0.003579606,3,4
-0.0037984122,-0.003797005,3,4
-0.0008710225,-0.00086934865,3,4
0.007983147,0.007985389,3,4
-0.0032615145,-0.0032540166,3,4
0.01254549,0.012546345,3,4
0.0024827379,0.0024826445,3,4
-0.0055145323,-0.0055131656,3,4
-0.00023488059,-0.00023058648,3,4
0.00016659473,0.00016731842,3,4
0.010598762,0.0106003415,3,4
0.0030958345,0.003097473,3,4
-4.076155e-5,-3.882345e-5,3,4
0.0024546334,0.002455397,3,4
-0.001716989,-0.0017133357,3,4
0.0028994295,0.0028977068,3,4
0.00096719485,0.00096657727,3,4
0.0048295576,0.004831505,3,4
-0.0057032034,-0.005705233,3,4
0.0070216297,0.007013921,3,4
-0.010127235,-0.01012188,3,4
-0.0014345088,-0.0014387672,3,4
-0.008144159,-0.008143896,3,4
0.0012697248,0.0012708608,3,4
0.0012972242,0.0012990376,3,4
0.003097868,0.003090577,3,4
-0.00036360943,-0.00036036316,3,4
-0.00063619396,-0.00063340325,3,4
0.0029890444,0.0029929366,3,4
-0.015667314,-0.015665956,3,4
-0.0020533244,-0.002056512,3,4
-0.0035694793,-0.0035650881,3,4
0.0013279668,0.0013234956,3,4
0.0016167145,0.0016201596,3,4
-0.0010058541,-0.0010055443,3,4
-0.003945346,-0.003947892,3,4
0.0004871174,0.00048539037,3,4
0.0066363174,0.0066316314,3,4
-0.0010178022,-0.001019509,3,4
0.005767014,0.0057649864,3,4
-0.0019624436,-0.00195602,3,4
-0.005516207,-0.0055231736,3,4
-0.0014435621,-0.0014509332,3,4
0.00010794652,0.00011342231,3,4
0.0028816543,0.002878805,3,4
-0.011873104,-0.0118717635,3,4
-0.0029260598,-0.0029242176,3,4
-0.0014857115,-0.0014838065,3,4
0.0030913393,0.003089123,3,4
0.0008332397,0.0008349677,3,4
-0.0073852707,-0.0073855245,3,4
-0.0008658276,-0.0008643373,3,4
-0.005561118,-0.0055598645,3,4
0.003402482,0.0034044366,3,4
0.0026140828,0.0026127836,3,4
-0.0050782016,-0.005079741,3,4
0.014151709,0.014155476,3,4
-0.0044509107,-0.004450651,3,4
-0.0017683791,-0.001771925,3,4
-0.0021573382,-0.0021571382,3,4
-0.011199111,-0.011189711,3,4
0.009199766,0.009202755,3,4
0.0031934564,0.003192042,3,4
0.0060021942,0.006003654,3,4
3.787882e-5,4.112288e-5,3,4
0.001256876,0.001253526,3,4
0.0021488285,0.0021418047,3,4
-0.0013050875,-0.0013050903,3,4
-0.00040914866,-0.00040896412,3,4
-0.00066153327,-0.0006639796,3,4
-0.0018238494,-0.0018248517,3,4
-0.011797914,-0.011796824,3,4
-0.0025791877,-0.0025768348,3,4
-0.0029994692,-0.0029965055,3,4
0.012541017,0.012542473,3,4
0.0028685324,0.0028653617,3,4
-0.0027434134,-0.0027408034,3,4
-0.0067891176,-0.0067874803,3,4
-0.008475091,-0.008476954,3,4
-0.0036089683,-0.003611576,3,4
-0.015866129,-0.015869021,3,4
0.0019576834,0.0019665519,3,4
0.00971887,0.0097130155,3,4
0.0076859016,0.007685791,3,4
-0.0030244007,-0.0030211105,3,4
0.0016740288,0.0016711911,3,4
-0.0042949603,-0.004298233,3,4
0.0078984285,0.007906188,3,4
7.564384e-6,7.0015653e-6,3,4
-5.506388e-5,-5.0736897e-5,3,4
-0.0032320796,-0.0032309513,3,4
-0.009704967,-0.009699649,3,4
0.00042016615,0.0004161233,3,4
0.002960542,0.0029584575,3,4
0.0020941957,0.0020901966,3,4
0.008590271,0.0085858535,3,4
-0.011747682,-0.011748317,3,4
-0.0048340615,-0.0048308293,3,4
-0.0031061925,-0.0031105627,3,4
0.007478288,0.007479126,3,4
-0.0032565536,-0.003255671,3,4
0.0019151237,0.0019150758,3,4
-0.0024356064,-0.0024344423,3,4
0.01521567,0.01521741,3,4
-0.010736635,-0.010737429,3,4
0.044360563,0.044355404,3,4
-0.0016072697,-0.0016068626,3,4
0.018915417,0.018914418,3,4
-0.0012864505,-0.00128536,3,4
0.0023989864,0.0023977563,3,4
-0.0036170182,-0.0036156212,3,4
-0.0014093845,-0.0014135703,3,4
-0.006158202,-0.006151785,3,4
-0.0049619107,-0.0049574017,3,4
-0.00817351,-0.008178498,3,4
0.0040095756,0.0040106946,3,4
0.0073277378,0.007323378,3,4
0.008271469,0.0082751755,3,4
-0.0035288557,-0.0035328544,3,4
-0.0056709973,-0.0056714723,3,4
0.004343525,0.004337074,3,4
0.005147731,0.0051427763,3,4
0.029543487,0.029543506,3,4
-0.010738091,-0.010741144,3,4
0.0008247974,0.00082152453,3,4
0.000705057,0.0007036379,3,4
0.0029276875,0.0029290197,3,4
0.0010712593,0.0010802498,3,4
0.014209585,0.0142079,3,4
-0.004443419,-0.0044422946,3,4
-0.0005093058,-0.00051144423,3,4
-0.0015836895,-0.0015875893,3,4
-9.1141934e-5,-9.0473965e-5,3,4
0.003273365,0.0032764827,3,4
-3.4837183e-5,-3.5552002e-5,3,4
0.00061597297,0.0006159168,3,4
-0.00073466444,-0.0007384004,3,4
-0.011219959,-0.011220826,3,4
-0.0018349196,-0.0018296519,3,4
-0.004608283,-0.00461143,3,4
0.003489396,0.0034887388,3,4
8.002125e-5,7.920749e-5,3,4
-0.004995378,-0.0049969223,3,4
-0.011344453,-0.011344626,3,4
-0.0042618825,-0.004266135,3,4
0.0042555104,0.004256432,3,4
-0.003639801,-0.003639841,3,4
0.0042575784,0.004263192,3,4
0.0012536749,0.0012515865,3,4
0.009423948,0.009425743,3,4
-0.0058610924,-0.0058631613,3,4
-0.0069647036,-0.006962047,3,4
7.754412e-5,7.617317e-5,3,4
-0.0024330223,-0.0024346975,3,4
0.004147382,0.004149362,3,4
0.012139491,0.012139783,3,4
-0.0025199084,-0.0025211682,3,4
0.011789766,0.011791603,3,4
-0.0036426922,-0.0036372743,3,4
-0.0031235372,-0.0031208165,3,4
0.005217764,0.005213773,3,4
-0.0040497608,-0.0040488853,3,4
-0.007827921,-0.007826428,3,4
-0.0010673779,-0.0010715112,3,4
-0.0013682874,-0.0013666983,3,4
0.00026847623,0.00026562455,3,4
0.004198727,0.0041956706,3,4
0.0046980823,0.004697882,3,4
0.0032509125,0.003246893,3,4
0.0014651826,0.001466799,3,4
-0.0005649361,-0.0005727503,3,4
0.00033305387,0.00032827232,3,4
0.0027285342,0.0027278038,3,4
-0.002574598,-0.002576697,3,4
-0.004338571,-0.004350563,3,4
-0.0151506085,-0.015152383,3,4
-0.0021887915,-0.0021902795,3,4
0.006031156,0.0060342294,3,4
-0.0067711226,-0.006768496,3,4
-7.894379e-5,-7.803303e-5,3,4
0.002689536,0.0026864328,3,4
-0.00832184,-0.008316124,3,4
-0.015464706,-0.015462853,3,4
-0.0028044789,-0.0028051927,3,4
-0.0055163708,-0.0055173207,3,4
-0.0004376759,-0.00043517703,3,4
0.0015441481,0.0015450525,3,4
-0.0040629334,-0.0040620733,3,4
-0.004665687,-0.004666045,3,4
0.009141891,0.009142389,3,4
0.0033334817,0.0033287476,3,4
0.006074023,0.006070379,3,4
0.0101553155,0.010154986,3,4
0.0013764296,0.0013696759,3,4
-0.006090774,-0.0060816687,3,4
-0.00434508,-0.004341895,3,4
-0.0056338087,-0.0056284904,3,4
-0.004794792,-0.004796555,3,4
-0.020067153,-0.020072313,3,4
-0.0038242699,-0.0038216682,3,4
0.0064150393,0.0064185383,3,4
-0.008026654,-0.008025775,4,4
0.0025603613,0.0025577133,4,4
-0.0070387837,-0.0070390217,4,4
-0.0068136565,-0.0068143276,4,4
-0.013708398,-0.013708777,4,4
0.016292922,0.01629547,4,4
-0.0044027586,-0.004404082,4,4
0.0062081013,0.006208424,4,4
0.011734017,0.01173783,4,4
0.02461329,0.024612816,4,4
-0.01838484,-0.018385163,4,4
0.0027642997,0.002762755,4,4
-0.0056619174,-0.005663991,4,4
-0.0007475475,-0.0007429701,4,4
0.007201301,0.0072036395,4,4
0.010458867,0.010462093,4,4
-0.016920274,-0.016912868,4,4
0.206804,0.20680712,4,4
0.068813056,0.068811074,4,4
-0.008614959,-0.00860557,4,4
-0.012367448,-0.012366965,4,4
0.0048743193,0.004877681,4,4
-0.00836436,-0.008368282,4,4
0.004779511,0.0047796182,4,4
0.0016939748,0.001699993,4,4
-0.000731008,-0.00072747073,4,4
-0.00022635159,-0.00021857831,4,4
-0.012055666,-0.012051867,4,4
-0.01305182,-0.013052762,4,4
-0.0014702877,-0.001465394,4,4
0.0005758823,0.0005749438,4,4
-0.007127986,-0.007122973,4,4
0.00039624237,0.00040661675,4,4
-0.0014030733,-0.0014032921,4,4
-0.004980619,-0.0049778246,4,4
0.0067722215,0.006781892,4,4
-0.0021772992,-0.0021727707,4,4
0.0028418042,0.0028463884,4,4
0.008159141,0.008160381,4,4
0.0016152498,0.0016180427,4,4
0.000819478,0.0008271193,4,4
0.0061338604,0.006129729,4,4
-0.007384335,-0.0073791654,4,4
-0.01016887,-0.010165557,4,4
-0.0127165895,-0.01271254,4,4
-0.010218687,-0.010212116,4,4
-0.0041916897,-0.0041922946,4,4
-0.008318869,-0.008316769,4,4
-0.0048777056,-0.0048659863,4,4
0.0110793635,0.011083383,4,4
0.016008459,0.01601348,4,4
0.020045152,0.020045893,4,4
0.0017724144,0.0017751041,4,4
0.0065016206,0.00649966,4,4
-0.018100299,-0.018099638,4,4
-0.0037687204,-0.003766975,4,4
0.0023869725,0.0023854983,4,4
-0.011553369,-0.011555528,4,4
0.01135245,0.011355118,4,4
0.0122030005,0.012204762,4,4
0.012191591,0.012196346,4,4
-0.011910332,-0.011905991,4,4
0.0059429603,0.0059452304,4,4
-0.01484463,-0.014841526,4,4
-0.03053068,-0.03053262,4,4
-0.008040276,-0.008038319,4,4
-0.006719415,-0.00671898,4,4
-0.005470639,-0.005471297,4,4
-0.012970563,-0.012972023,4,4
0.0039005582,0.0038959412,4,4
0.0058549126,0.0058600716,4,4
0.0038136754,0.0038202242,4,4
0.016278803,0.01627829,4,4
-0.010953799,-0.010954494,4,4
-0.0026657234,-0.0026634189,4,4
-0.033920433,-0.033921454,4,4
0.0018963229,0.0019001854,4,4
0.0020799525,0.0020770943,4,4
-0.0065712207,-0.006577639,4,4
0.028898718,0.02890815,4,4
0.013501431,0.0135034975,4,4
-0.0057778824,-0.005773097,4,4
-0.0060829464,-0.0060801893,4,4
-0.014255413,-0.01425514,4,4
0.00056489033,0.00057031034,4,4
-0.0006595071,-0.0006591184,4,4
0.009313944,0.009316032,4,4
0.005126995,0.005133019,4,4
0.0024387774,0.0024399054,4,4
0.0065672984,0.0065729613,4,4
-0.0040170094,-0.004015744,4,4
0.011077387,0.011079989,4,4
-0.0050039846,-0.005005494,4,4
0.0050238464,0.005022132,4,4
-0.006520067,-0.006511645,4,4
-0.04096518,-0.04095847,4,4
-0.0038997189,-0.0039006474,4,4
0.018279986,0.018288907,4,4
-0.016114488,-0.016110461,4,4
0.0015758623,0.0015780443,4,4
-0.007975776,-0.0079819225,4,4
-0.026704054,-0.026708892,4,4
0.0002955224,0.0003007386,4,4
-0.00018683613,-0.00018335109,4,4
0.0070911283,0.007089395,4,4
-0.003920981,-0.00391849,4,4
-0.022647234,-0.022646362,4,4
0.014532166,0.014545347,4,4
0.0007610313,0.0007611145,4,4
0.20700158,0.2070022,4,4
0.001872022,0.0018763292,4,4
0.017050197,0.017052859,4,4
-0.02577836,-0.025771772,4,4
0.18862537,0.1886285,4,4
0.02200309,0.022010546,4,4
0.008889658,0.008889557,4,4
0.010459578,0.010460545,4,4
0.010718259,0.010722412,4,4
-0.011678548,-0.011673531,4,4
-0.0030063284,-0.0030098925,4,4
-0.008119082,-0.0081200255,4,4
0.016258549,0.016255163,4,4
-0.012210378,-0.012208553,4,4
0.0044944594,0.0044930917,4,4
-0.0074943253,-0.007492285,4,4
-0.037176274,-0.03717793,4,4
-0.0018711182,-0.0018675228,4,4
0.0073459116,0.0073471447,4,4
-0.01333531,-0.013338447,4,4
0.03370644,0.033707738,4,4
-0.015521999,-0.015515248,4,4
0.0068009733,0.0068036127,4,4
0.01187707,0.011877659,4,4
0.006485884,0.0064860187,4,4
-0.0016880139,-0.0016851535,4,4
0.020905642,0.02090724,4,4
0.0044102543,0.0044076564,4,4
-0.03883182,-0.03883251,4,4
0.002668044,0.002678523,4,4
-0.00068204495,-0.000676952,4,4
0.015349915,0.015353601,4,4
0.017624553,0.017631792,4,4
-7.9911e-5,-7.906385e-5,4,4
-0.033267953,-0.03326358,4,4
0.011394082,0.011398065,4,4
0.014288089,0.014295237,4,4
0.0040781246,0.004078005,4,4
-0.016169498,-0.01616099,4,4
-0.009514832,-0.009510807,4,4
0.0036505815,0.0036543293,4,4
0.027205976,0.02719932,4,4
0.021188537,0.02119475,4,4
-0.0077703856,-0.007764498,4,4
0.006672073,0.006673248,4,4
-0.0032713925,-0.0032605836,4,4
0.003792043,0.0037939695,4,4
0.007380995,0.0073805884,4,4
-0.0027312143,-0.002732612,4,4
-0.016420245,-0.016416466,4,4
0.007456844,0.007456477,4,4
-0.001629903,-0.00163189,4,4
-0.008701765,-0.008703753,4,4
-0.0060024,-0.0059971255,4,4
-0.019876525,-0.01987215,4,4
-0.0015952839,-0.0015861919,4,4
0.0011604517,0.0011617334,4,4
0.0061358013,0.006136237,4,4
0.014161091,0.014162892,4,4
-0.0017998165,-0.0017981863,4,4
0.007367818,0.007369698,4,4
-0.0074060033,-0.0074007567,4,4
-0.0074328543,-0.0074335933,4,4
0.0007484778,0.0007525564,4,4
0.0030571132,0.0030588259,4,4
-0.0046529747,-0.0046484745,4,4
-0.00397236,-0.003972459,4,4
-0.003281109,-0.003281792,4,4
-0.00918986,-0.009187639,4,4
-0.013798488,-0.013796681,4,4
-0.0070486222,-0.007043649,4,4
0.20931171,0.20930819,4,4
-0.004538085,-0.004534717,4,4
0.006863708,0.006863041,4,4
0.012052768,0.012054667,4,4
-0.019324267,-0.019317422,4,4
0.01168792,0.011686316,4,4
0.005564598,0.0055670394,4,4
-0.008521394,-0.008516885,4,4
-0.011653673,-0.011655538,4,4
0.016951947,0.016949333,4,4
-0.0015303381,-0.001529731,4,4
0.0014289533,0.0014243419,4,4
-0.0065962225,-0.0066016447,4,4
0.016190354,0.01619554,4,4
0.005954713,0.005956833,4,4
0.0034092965,0.0034111065,4,4
-0.0022003104,-0.0021946174,4,4
-0.010944401,-0.010941653,4,4
5.5704022e-5,5.4856137e-5,4,4
-0.0070396485,-0.0070397896,4,4
-0.008444118,-0.008440471,4,4
0.019939864,0.019941824,4,4
0.019387629,0.019394508,4,4
-0.024153378,-0.024161346,4,4
-0.0128614055,-0.012859683,4,4
-0.008472542,-0.008472197,4,4
0.0005158822,0.00051758625,4,4
-0.003349777,-0.0033553713,4,4
0.018039607,0.018036619,4,4
-0.010198242,-0.0101979915,4,4
-0.014001648,-0.014014672,4,4
-0.015155932,-0.015163349,4,4
0.009402128,0.009401007,4,4
-0.0083190985,-0.0083163185,4,4
0.0006075586,0.00060754723,4,4
-0.0032598285,-0.0032582432,4,4
0.12742315,0.12742399,4,4
-0.006716398,-0.006714197,4,4
0.014562896,0.014564097,4,4
-0.006742495,-0.0067341146,4,4
0.00478357,0.004793153,4,4
0.005331739,0.0053369873,4,4
0.0071986048,0.0071992064,4,4
-0.0067343498,-0.006731641,4,4
-0.004632654,-0.004629434,4,4
-0.0050828448,-0.005079494,4,4
-0.011612196,-0.011609678,4,4
-0.010654975,-0.010645907,4,4
-0.0037660045,-0.0037658592,4,4
0.007228538,0.0072313324,4,4
0.0016169506,0.0016159483,4,4
-0.0018325634,-0.0018350482,4,4
-0.007662903,-0.0076642204,4,4
0.010532069,0.010530398,4,4
0.010327256,0.010333139,4,4
-0.014114618,-0.014109424,4,4
0.0010092322,0.0010120461,4,4
0.01819239,0.018206267,4,4
-0.011326197,-0.011327318,4,4
0.005484214,0.0054881913,4,4
-0.0067333784,-0.0067328587,4,4
0.006249145,0.006246032,4,4
0.0009835837,0.0009899284,4,4
0.00075936125,0.00075855345,4,4
0.0065854276,0.006591596,4,4
-0.003327097,-0.0033214292,4,4
0.02474861,0.024749989,4,4
0.011837403,0.011842921,4,4
0.011335503,0.011341019,4,4
-0.035138413,-0.035139192,4,4
-0.0041918573,-0.004191177,5,4
0.0071213297,0.007125341,5,4
-0.0045223404,-0.004519612,5,4
-0.03597674,-0.03597923,5,4
-0.00052148517,-0.0005163987,5,4
-0.008249154,-0.008248903,5,4
-0.008074306,-0.008074419,5,4
-0.0014276644,-0.0014254529,5,4
-0.00074897,-0.0007486497,5,4
-0.00030693877,-0.00030304134,5,4
-0.0034797466,-0.003475542,5,4
-0.006110573,-0.0061078435,5,4
0.005173892,0.0051766103,5,4
0.0058070878,0.0058101118,5,4
-0.0020629617,-0.0020589314,5,4
-0.0007356199,-0.00073163316,5,4
-0.003999369,-0.003995371,5,4
-0.0023170179,-0.0023156668,5,4
0.012345812,0.012346536,5,4
0.0017252021,0.0017254582,5,4
-0.0018909618,-0.001891126,5,4
-0.00038929275,-0.00038578713,5,4
0.010139625,0.010138941,5,4
-0.006860977,-0.006858369,5,4
0.011594263,0.011599756,5,4
0.0015712144,0.0015709236,5,4
0.0040546195,0.004055963,5,4
0.090990245,0.090990014,5,4
0.005288844,0.00529074,5,4
-0.005741404,-0.0057407375,5,4
-0.0068401643,-0.00683578,5,4
0.009213988,0.009218907,5,4
0.0035856874,0.003588253,5,4
0.0027387703,0.0027383352,5,4
0.008872731,0.008874561,5,4
0.1968151,0.19682004,5,4
0.0037698357,0.0037711519,5,4
-0.0019672927,-0.0019633898,5,4
-0.015169681,-0.015169166,5,4
-0.0027326164,-0.002725183,5,4
-0.004623337,-0.004616644,5,4
0.0019061252,0.0019072939,5,4
0.008752917,0.008751046,5,4
-0.0081102485,-0.008108438,5,4
-0.0009874786,-0.000986592,5,4
-0.0025821356,-0.002578348,5,4
-0.00068511674,-0.0006808714,5,4
0.0014951519,0.0014964745,5,4
-0.028529055,-0.028528953,5,4
0.005449105,0.005449552,5,4
0.0038417866,0.0038411103,5,4
0.0033768879,0.0033756858,5,4
0.020294504,0.02029484,5,4
0.0035848864,0.003588333,5,4
-0.006189502,-0.0061868764,5,4
-0.00057049183,-0.0005676307,5,4
-0.008710335,-0.008709142,5,4
-0.006349443,-0.006344566,5,4
-0.00534316,-0.0053411536,5,4
-0.0055665784,-0.0055665555,5,4
-0.017475393,-0.017471915,5,4
-0.0068311095,-0.006829077,5,4
0.003464125,0.0034655214,5,4
-0.00044005486,-0.00043781046,5,4
-0.013406768,-0.013407952,6,4
-0.015471713,-0.015476238,6,4
0.013303445,0.013300677,6,4
-0.014765673,-0.014764087,6,4
0.014867953,0.014870577,6,4
0.01590793,0.015912527,6,4
0.019156685,0.01915568,6,4
0.012416196,0.012415349,6,4
0.006285911,0.0062841815,6,4
0.028260196,0.028260274,6,4
-0.02209713,-0.022098491,6,4
-0.026633171,-0.026632372,6,4
0.012219854,0.012214186,6,4
-0.00995691,-0.009956748,6,4
0.013607951,0.013605962,6,4
0.0007571445,0.0007585659,6,4
0.0029882237,0.0029923213,6,4
0.011315025,0.011315937,6,4
0.012876143,0.012874344,6,4
-0.0024638837,-0.0024701296,6,4
-0.01937697,-0.019375559,6,4
0.011550304,0.011549277,6,4
-0.014497505,-0.014495166,6,4
0.006402494,0.006409071,6,4
0.024195332,0.024196358,6,4
0.0014590548,0.0014600497,6,4
-0.020478476,-0.020477043,6,4
-0.0031777725,-0.003169173,6,4
0.011965629,0.011969682,6,4
0.039312184,0.039305612,6,4
0.0100933695,0.010095946,6,4
-0.015310169,-0.01530454,6,4
-0.01061181,-0.010608434,6,4
-0.007512845,-0.007511324,6,4
0.020268707,0.020274406,6,4
-0.0017243163,-0.0017266566,6,4
-0.053793397,-0.05378976,6,4
0.0034845227,0.003483403,6,4
0.007541824,0.007537391,6,4
-0.008059693,-0.008056511,6,4
0.006779599,0.0067813033,6,4
0.013821808,0.0138245495,6,4
0.012857363,0.012855088,6,4
-0.012305684,-0.012303254,6,4
-0.0027052648,-0.002712892,6,4
0.011436102,0.011433719,6,4
0.003079896,0.0030832617,6,4
0.010343811,0.010344835,6,4
0.02197093,0.021974372,6,4
-0.006976227,-0.0069723274,6,4
-0.008663518,-0.0086639365,6,4
0.0045655263,0.0045672064,6,4
0.002379686,0.0023815455,6,4
0.027410602,0.027412279,6,4
0.020651601,0.02064782,6,4
0.0077658375,0.007760092,6,4
0.00221761,0.0022233294,6,4
-0.00045520687,-0.000459611,6,4
0.1041786,0.104175135,6,4
0.015611094,0.015613271,6,4
-0.009781428,-0.009784086,6,4
0.0017938919,0.0017908951,6,4
0.004749598,0.0047529996,6,4
-0.005979582,-0.0059782746,6,4
-0.0010718873,-0.0010702475,1,5
0.0001856374,0.0001832559,1,5
0.0042081126,0.0041987957,1,5
0.006326536,0.0063254656,1,5
0.0032724277,0.0032661706,1,5
-0.0061286073,-0.006124379,1,5
-0.0024910723,-0.0024865277,1,5
-0.00043944316,-0.00043863268,1,5
-0.0009846867,-0.0009845246,1,5
-0.000100043806,-9.5116186e-5,1,5
0.0050546685,0.005060434,1,5
-0.0016039482,-0.001607381,1,5
-0.0011439022,-0.0011431768,1,5
0.002208155,0.0022039115,1,5
0.00015736527,0.0001679441,1,5
-0.0011803511,-0.0011840244,1,5
0.005613202,0.0056209974,1,5
-0.0018623231,-0.0018652683,1,5
-0.0010954541,-0.0010907669,1,5
0.00019784628,0.00019029912,1,5
-0.00034988733,-0.00035123888,1,5
-3.9273626e-5,-4.152181e-5,1,5
0.001173411,0.0011800986,1,5
-0.0008180915,-0.00081623904,1,5
0.00026672817,0.00026905915,1,5
0.00041966126,0.00041302355,1,5
-0.0039905473,-0.0039874194,1,5
-0.00065531157,-0.00064970314,1,5
-0.001506961,-0.0015067398,1,5
0.00029270764,0.00029048222,1,5
-0.0016891737,-0.0016828631,1,5
0.00021625817,0.00022873664,1,5
-0.013227493,-0.013236113,1,5
-0.0031782356,-0.003179441,1,5
0.0008871134,0.0008832739,1,5
0.001536207,0.0015370494,1,5
-0.015147445,-0.015145008,1,5
0.0049744705,0.0049763517,1,5
-0.00027552329,-0.0002749242,1,5
-0.00024487503,-0.00024246698,1,5
-0.000100279,-0.00010037302,1,5
0.0009261381,0.0009203789,1,5
-0.0027116858,-0.0027116581,1,5
-0.0042264382,-0.0042247134,1,5
-0.008352318,-0.008349904,1,5
-0.00216522,-0.002167942,1,5
-0.0031013675,-0.0031031878,1,5
-0.00028068048,-0.00027956977,1,5
0.008759828,0.008755998,1,5
-0.014355363,-0.014346189,1,5
0.024723213,0.024727827,1,5
0.0061682034,0.00616456,1,5
-0.011275739,-0.011267691,1,5
-0.00015000181,-0.00015116592,1,5
-0.0059503675,-0.005954369,1,5
-0.0074560684,-0.00744786,1,5
-0.0019693687,-0.001971876,1,5
-0.003050854,-0.0030513145,1,5
0.0042393706,0.0042395317,1,5
-0.0040233075,-0.004027271,1,5
-0.0018775201,-0.0018787266,1,5
0.0021240201,0.0021224949,1,5
-0.00054597284,-0.00054461777,1,5
0.00024533973,0.00024291138,1,5
0.0012027326,0.0011954028,1,5
-0.005038988,-0.005038561,1,5
-0.0013747704,-0.0013741056,1,5
-0.0018893671,-0.0018887828,1,5
-0.0050592865,-0.0050524655,1,5
3.8370785e-5,4.0348827e-5,1,5
0.0012726772,0.0012687761,1,5
0.0029581005,0.0029539703,1,5
-0.002122828,-0.0021261154,1,5
0.00929556,0.009294732,1,5
0.0039320695,0.003941755,1,5
0.000677111,0.00067648303,1,5
0.0021080317,0.0021090938,1,5
-0.0005419309,-0.00054177135,1,5
-0.00020420447,-0.00019044463,1,5
-0.0049135466,-0.004914663,1,5
-0.0006717883,-0.0006700364,1,5
0.0038700274,0.0038726693,1,5
-0.014317688,-0.014320109,1,5
-0.000105414394,-0.00010801694,1,5
-0.011534512,-0.011537075,1,5
0.0058653015,0.0058684153,1,5
0.00047371702,0.00047360282,1,5
0.0067871185,0.0067867218,1,5
0.0010296634,0.0010354277,1,5
0.007105775,0.0071014226,1,5
0.0002266968,0.00022774302,1,5
0.0044819657,0.0044838213,1,5
0.0032327245,0.0032373099,1,5
-0.010586642,-0.010593277,1,5
0.0007037473,0.00070368854,1,5
-0.00010802334,-0.000104545274,1,5
-0.0041252174,-0.004128184,1,5
-0.006330843,-0.0063269148,1,5
-0.008474354,-0.008477691,1,5
-0.003026739,-0.003025997,1,5
0.003942308,0.0039427076,1,5
3.9911876e-5,4.3034397e-5,1,5
-0.004155047,-0.004167046,1,5
-0.0029246595,-0.0029199424,1,5
0.00034305247,0.00034758067,1,5
0.00043107575,0.0004364485,1,5
8.125862e-5,8.5358195e-5,1,5
0.0031423972,0.0031512447,1,5
-0.0015374019,-0.0015387145,1,5
0.0057078735,0.0057123904,1,5
0.00054499484,0.00053799205,1,5
-0.0074198036,-0.0074055116,1,5
0.00033059999,0.0003356752,1,5
-3.6753827e-5,-4.0865034e-5,1,5
0.0046392223,0.0046429657,1,5
-0.004431528,-0.0044266824,1,5
0.0021738159,0.0021734408,1,5
-0.00030680126,-0.00030731098,1,5
0.00041347128,0.00041517924,1,5
-0.002486318,-0.00249221,1,5
-7.212494e-5,-7.2926334e-5,1,5
-0.0073763337,-0.0073783607,1,5
-0.0044632205,-0.004458733,1,5
-0.005453255,-0.00544754,1,5
5.4088014e-5,5.1710256e-5,1,5
0.0031733778,0.0031719757,1,5
-0.001277731,-0.0012902854,1,5
0.005285791,0.005282865,1,5
-0.0035880136,-0.0035845356,1,5
-0.0009922594,-0.0009963523,1,5
-0.0013867307,-0.0013933416,1,5
-0.0006714404,-0.0006692332,1,5
0.0011017463,0.0010994837,1,5
-0.00017185105,-0.00017385859,1,5
-0.0019496152,-0.0019499094,1,5
0.0006746857,0.0006744196,1,5
0.00030091478,0.0003012768,1,5
0.0037872144,0.003779455,1,5
0.00097444345,0.0009718827,1,5
0.0060530957,0.0060601938,1,5
-2.9038888e-6,-4.980864e-6,1,5
-0.00078756176,-0.000782376,1,5
0.00050622976,0.0005066354,1,5
-0.0057453383,-0.0057370276,1,5
-0.00618902,-0.0061847386,1,5
0.00012403361,0.00013129476,1,5
0.0010492902,0.0010580578,1,5
0.0011850427,0.001190476,1,5
-0.0031729913,-0.003172316,1,5
0.0005056911,0.0005016542,1,5
-7.207278e-5,-7.6079545e-5,1,5
0.00043419778,0.00043408346,1,5
-0.005572431,-0.0055737616,1,5
0.005758226,0.0057554636,1,5
-0.0015586453,-0.0015634276,1,5
0.0011487668,0.0011436241,1,5
0.0017879164,0.0017875987,1,5
-0.0018041903,-0.001810427,1,5
-0.00036224542,-0.00035816518,1,5
-0.00019769299,-0.00019639231,1,5
0.004212468,0.0042204163,1,5
0.0031934679,0.0032037685,1,5
-0.0018770882,-0.0018785908,1,5
-0.0005793704,-0.0005754692,1,5
-0.00038471216,-0.00038374195,1,5
-0.00089171104,-0.0008953629,1,5
-0.014197642,-0.014201311,1,5
-0.002298436,-0.0023027183,1,5
-0.006156832,-0.0061571677,1,5
-0.0041268244,-0.004116511,1,5
0.0016142431,0.0016229858,1,5
0.0055697532,0.0055864835,1,5
-0.0018049367,-0.001801356,1,5
0.0038769506,0.0038758307,1,5
-0.0008163664,-0.00082570617,1,5
9.495299e-5,9.475681e-5,1,5
0.00046772053,0.00047385495,1,5
-0.0016151938,-0.0016141054,1,5
-0.0010934194,-0.0010867101,1,5
0.0033157119,0.0033178732,1,5
-0.0018255513,-0.0018246451,1,5
-0.0010827266,-0.0010866097,1,5
0.0038776647,0.0038827525,1,5
0.00034916465,0.00034979658,1,5
0.0007929551,0.0007903483,1,5
-0.0014065359,-0.0014088318,1,5
0.00053989,0.00054037716,1,5
-0.00015448367,-0.00015657487,1,5
0.0003959626,0.00039642118,1,5
-0.0010877283,-0.0010834626,1,5
-0.0011134761,-0.0011173551,1,5
-0.0122592645,-0.012269354,1,5
-0.0014974204,-0.0014960916,1,5
-0.0003908661,-0.00039021522,1,5
-0.034902003,-0.034905754,1,5
0.0036518194,0.003652252,1,5
-0.011347329,-0.011358149,1,5
0.0018964191,0.001894205,1,5
0.0004376811,0.0004364692,1,5
0.0002591479,0.0002620619,1,5
-0.0002154881,-0.00021334326,1,5
0.0013132017,0.0013128434,1,5
0.008019254,0.0080206925,1,5
0.0041587045,0.004160435,1,5
0.0017477585,0.0017488414,1,5
-0.004589552,-0.004584461,1,5
0.0043929005,0.004391423,1,5
-0.00035492977,-0.00037100937,1,5
-0.0014322535,-0.0014359981,1,5
-0.004668184,-0.0046702414,1,5
0.0024908022,0.0024953822,1,5
0.00018382602,0.00018363868,1,5
-0.01409436,-0.014092427,1,5
-0.0035944453,-0.0035919205,1,5
-0.0020504808,-0.0020455017,1,5
0.00534748,0.005330578,1,5
0.00058857334,0.0005879316,1,5
0.000901115,0.0008974429,1,5
0.004743172,0.004749068,1,5
0.009708705,0.009701591,1,5
-0.0045073456,-0.0045067132,1,5
-0.00022543927,-0.00023048537,1,5
0.0014203301,0.0014193702,1,5
-6.0535935e-5,-6.95763e-5,1,5
0.003957388,0.0039567836,1,5
-0.0013139728,-0.0013151201,1,5
0.00462856,0.0046363645,1,5
-0.0030978122,-0.0030953223,1,5
0.00041400807,0.00041206615,1,5
0.005813405,0.005827117,1,5
0.010471074,0.010460393,1,5
-0.004023712,-0.0040203906,1,5
0.005837214,0.005826926,1,5
0.0014599714,0.0014640591,1,5
-0.0070211403,-0.007015802,1,5
0.00022622831,0.00023508268,1,5
-0.0037378324,-0.0037418655,1,5
0.010534201,0.010533047,1,5
0.012961934,0.012976173,1,5
0.004064752,0.0040629855,1,5
0.014561783,0.014559364,1,5
-0.0006836264,-0.00068433525,1,5
0.001966775,0.0019648527,1,5
0.0016239908,0.0016307206,1,5
0.0017781397,0.0017848823,1,5
0.0061484096,0.0061478224,1,5
0.0010507137,0.0010525559,1,5
0.005763003,0.005762025,1,5
0.00013390512,0.0001394857,1,5
0.0030414083,0.0030397724,1,5
-0.0016967569,-0.0016935703,2,5
-0.001242672,-0.0012403617,2,5
-0.00044387867,-0.00044263198,2,5
-2.8646265e-5,-2.4162739e-5,2,5
-0.0017676348,-0.0017640861,2,5
-0.005820243,-0.0058210436,2,5
-0.00080223486,-0.0008010457,2,5
-0.0007087983,-0.0007046229,2,5
0.0044251187,0.004429135,2,5
0.00042320625,0.0004283397,2,5
0.002989458,0.0029929532,2,5
-0.00022848447,-0.00022690487,2,5
-0.00031913188,-0.00031817667,2,5
-0.00030936894,-0.00030659992,2,5
-0.0019973605,-0.001990453,2,5
-0.00033971138,-0.00033758173,2,5
-0.00028394855,-0.00028004815,2,5
0.0010542113,0.0010561758,2,5
0.0023585912,0.002360372,2,5
-0.00048007202,-0.0004772588,2,5
0.0017609383,0.0017614607,2,5
-0.00031054634,-0.00030729597,2,5
0.0034434246,0.003441958,2,5
-5.8537735e-5,-5.5878805e-5,2,5
2.4041961e-5,2.8811286e-5,2,5
-0.0010172754,-0.0010161399,2,5
-0.0012921499,-0.0012865347,2,5
-0.0028919652,-0.0028916006,2,5
-0.00075002364,-0.00074952206,2,5
8.513079e-5,8.7613254e-5,2,5
0.0045174253,0.0045202808,2,5
-0.0009280343,-0.00092549616,2,5
0.012707048,0.012709556,2,5
-0.0006779148,-0.00067228085,2,5
0.00062533567,0.00063087617,2,5
6.562201e-5,6.6398636e-5,2,5
0.0007934464,0.00079639175,2,5
-0.0047306605,-0.0047259713,2,5
-0.00022954663,-0.00022909786,2,5
0.0023328052,0.0023367298,2,5
0.0002712765,0.00027599378,2,5
-0.00045085483,-0.00044752963,2,5
-0.003292036,-0.003291866,2,5
0.00027723698,0.0002786107,2,5
-0.0029533783,-0.0029510653,2,5
0.00017699023,0.00017860357,2,5
0.0005293926,0.00053323776,2,5
-0.0050172512,-0.0050220178,2,5
0.00013256793,0.0001362352,2,5
0.00059134443,0.00059264834,2,5
-0.003006184,-0.003002298,2,5
-0.0029191785,-0.0029170793,2,5
0.0023669917,0.0023707966,2,5
0.0005488265,0.0005530567,2,5
0.007803857,0.007804726,2,5
0.011451811,0.01145003,2,5
0.00020924596,0.00021154115,2,5
0.00032989867,0.00033462493,2,5
3.4110737e-5,3.6443227e-5,2,5
-0.00010556613,-0.00010468607,2,5
0.0018734342,0.0018765144,2,5
0.001552524,0.0015548505,2,5
-0.0019586938,-0.001955247,2,5
0.0005935086,0.0005915372,2,5
-0.0008356305,-0.0008396723,2,5
-0.0014283682,-0.001425995,2,5
-0.0014782227,-0.001474316,2,5
0.0033971777,0.0034006322,2,5
0.00047773335,0.0004819363,2,5
0.005616749,0.005618176,2,5
0.0011881315,0.0011926374,2,5
-0.00021480337,-0.00021174944,2,5
0.0007585466,0.0007616238,2,5
0.00090828846,0.00091186754,2,5
-0.0022307339,-0.0022300913,2,5
-0.00087231986,-0.00086372945,2,5
0.0106580295,0.010659738,2,5
0.00026885915,0.000271492,2,5
-0.00082036096,-0.0008184277,2,5
-0.0007477533,-0.0007416562,2,5
0.0010655831,0.0010690948,2,5
0.00031059852,0.00031195072,2,5
-0.008332502,-0.008327649,2,5
0.027497074,0.027497884,2,5
6.9455295e-5,6.978542e-5,2,5
7.217046e-6,8.288472e-6,2,5
-0.005040932,-0.005038279,2,5
0.003099689,0.0031037447,2,5
-0.0051540053,-0.00515174,2,5
-0.0058602043,-0.005862962,2,5
-0.0006892089,-0.0006837016,2,5
0.0025989688,0.0026039486,2,5
0.0012727227,0.0012762344,2,5
-0.00051363173,-0.00051343604,2,5
0.0015952024,0.0016011363,2,5
-0.00023211954,-0.0002296718,2,5
0.00041178794,0.00041302384,2,5
0.00051221397,0.0005143946,2,5
-0.00042804194,-0.00042822832,2,5
0.0005948856,0.0005982031,2,5
0.004367873,0.004370622,2,5
-0.00020950819,-0.00020661899,2,5
-0.0016302785,-0.0016268147,2,5
-0.0042917156,-0.004288571,2,5
7.375233e-5,7.874809e-5,2,5
-0.0034701386,-0.0034631754,2,5
-0.0021684093,-0.0021672952,2,5
-0.024590673,-0.024587717,2,5
-0.00016236171,-0.00015536211,2,5
0.00013801249,0.00014311374,2,5
0.0004835525,0.0004872374,2,5
-0.001529713,-0.0015287597,2,5
0.00018364869,0.00018650039,2,5
0.0020602988,0.0020589826,2,5
0.0020244808,0.0020257225,2,5
0.00033150613,0.00033458398,2,5
0.003362945,0.003363361,2,5
0.002227727,0.0022276563,2,5
1.7990455e-5,2.0808942e-5,2,5
-0.0066168196,-0.0066124042,2,5
0.0045009013,0.0045014694,2,5
0.014742505,0.014746713,2,5
0.0003667606,0.00037043344,2,5
0.00028949647,0.00029628986,2,5
0.0006977897,0.0007038877,2,5
0.0013353488,0.0013324462,2,5
-0.0023493932,-0.0023428458,2,5
0.00075604767,0.00076078885,2,5
-0.00031536215,-0.00031410006,2,5
-0.00048130204,-0.00047962414,2,5
-0.0019088223,-0.0019065454,2,5
-0.00047656213,-0.00047016251,2,5
-0.0026423994,-0.0026397274,2,5
-0.00022178049,-0.00021730628,2,5
-0.0027869244,-0.0027836843,2,5
7.8095836e-5,8.16117e-5,2,5
0.00042593753,0.0004266511,2,5
0.0017452884,0.0017462602,2,5
-0.0014909279,-0.0014931622,2,5
-0.00061403593,-0.00061017455,2,5
-0.00023332301,-0.00023132323,2,5
0.006309315,0.00631332,2,5
-0.00023159604,-0.0002271048,2,5
0.00032702702,0.0003307001,2,5
-0.000527254,-0.00052491797,2,5
-0.0041498914,-0.004147469,2,5
-0.0013724649,-0.0013714966,2,5
-0.004118134,-0.0041143238,2,5
0.0025493063,0.002549602,2,5
0.0047933147,0.004797619,2,5
0.0001730697,0.00017686008,2,5
0.007379989,0.0073836744,2,5
0.0004908492,0.00049005955,2,5
-0.0009771747,-0.00097532675,2,5
0.000115047864,0.000116838775,2,5
-0.00036198844,-0.0003601445,2,5
0.00011115009,0.0001140964,2,5
-0.0032398703,-0.0032404729,2,5
-0.0021418873,-0.0021416303,2,5
-0.00086481735,-0.0008618569,2,5
0.0003440397,0.00034469442,2,5
-4.8959264e-5,-5.1148265e-5,2,5
0.0040318505,0.004037245,2,5
-0.0032241868,-0.0032187535,2,5
-4.5630506e-5,-4.5752076e-5,2,5
-0.0012757016,-0.0012696243,2,5
0.0007217956,0.0007251741,2,5
-0.00034753347,-0.0003477161,2,5
-6.9222944e-5,-6.432286e-5,2,5
-0.0007818318,-0.00077761424,2,5
-0.0017279054,-0.0017242894,2,5
-0.0068929703,-0.0068881745,2,5
-0.014039305,-0.014033481,2,5
-0.00040685266,-0.00040458405,2,5
-0.0027114707,-0.002704568,2,5
-0.0005074209,-0.0005035623,2,5
0.0029568165,0.0029566633,2,5
-0.0001729739,-0.00017575907,2,5
-0.0002757898,-0.0002709164,2,5
-0.0004392535,-0.00043940978,2,5
-0.0016622611,-0.0016615246,2,5
-0.008610508,-0.0086088125,2,5
-0.0038896862,-0.0038886545,2,5
0.0004463738,0.00044715503,2,5
-0.0003671665,-0.000363556,2,5
-0.00040535518,-0.00040407345,2,5
0.0046545113,0.004657215,2,5
0.00062851363,0.00063339423,2,5
-0.0012706638,-0.0012665216,2,5
-0.00055623794,-0.0005534483,2,5
-0.0034588494,-0.003457328,2,5
6.220695e-5,6.159121e-5,2,5
-0.001243516,-0.0012414391,2,5
-0.009433343,-0.0094282115,2,5
0.011069816,0.011072241,2,5
-0.0027745236,-0.002773075,2,5
3.4957626e-5,3.793673e-5,2,5
-0.0031636267,-0.003165348,2,5
-0.002010285,-0.002011026,2,5
0.005869487,0.0058664405,2,5
0.0034912175,0.003488751,2,5
-0.0005906929,-0.0005867301,2,5
0.0030625027,0.003068984,2,5
-1.1589001e-6,2.7031083e-6,2,5
0.0001836117,0.00018862565,2,5
-0.00037017185,-0.0003616692,2,5
-0.0009610573,-0.00095606135,2,5
0.0010351624,0.0010386267,2,5
-0.00022581198,-0.00022434689,2,5
-0.0010255896,-0.0010247343,2,5
-0.0006669233,-0.0006641977,2,5
-0.0019776414,-0.0019752274,2,5
-0.0043046423,-0.0042985454,2,5
-0.00036861084,-0.00036660154,2,5
-0.00030734562,-0.00030917898,2,5
3.0176925e-5,3.605163e-5,2,5
0.0014880558,0.0014899696,2,5
0.00081413874,0.00081674533,2,5
-0.0018456727,-0.0018480732,2,5
0.0012366157,0.0012376785,2,5
0.0002448333,0.00024702345,2,5
0.00054219074,0.00054279336,2,5
-0.001477647,-0.0014767189,2,5
-0.0031032814,-0.003096969,2,5
0.000827412,0.0008278129,2,5
-0.0004889212,-0.00048998324,2,5
-0.0032059199,-0.0032069627,2,5
-0.002381116,-0.0023788088,2,5
-0.0003198811,-0.00031701737,2,5
0.0019996443,0.0020010625,2,5
-0.0011355381,-0.0011305738,2,5
-0.00086273666,-0.0008612278,2,5
-0.0039136675,-0.0039103543,2,5
-0.0011509993,-0.0011488441,2,5
0.00015979924,0.00016239363,2,5
0.00048219634,0.00048126685,2,5
-0.000116881056,-0.000114308146,2,5
-0.00196635,-0.0019636394,2,5
0.00030132447,0.00030307914,2,5
0.00015478145,0.00015850096,2,5
-0.0002704837,-0.00026768335,2,5
0.0058260974,0.0058262567,2,5
0.00013802861,0.00013965183,2,5
0.0001354519,0.00013644873,2,5
-0.004113187,-0.0041112164,2,5
-0.0035372989,-0.0035363913,2,5
1.9994346e-5,2.2570868e-5,2,5
-0.0009863871,-0.0009854281,2,5
0.0034695733,0.0034686339,2,5
0.0014748939,0.0014761568,2,5
0.0009586737,0.00095812825,3,5
-0.0050699073,-0.005065822,3,5
-0.0018412123,-0.001842141,3,5
0.0027626548,0.0027577963,3,5
-0.0075917733,-0.0075903996,3,5
0.0011380624,0.0011409984,3,5
0.003617433,0.0036175672,3,5
0.0059973947,0.005997187,3,5
0.0004900896,0.00049173395,3,5
-0.0051552295,-0.0051556583,3,5
0.0013054237,0.001303112,3,5
0.0026585509,0.0026653898,3,5
-0.0057914397,-0.0057933806,3,5
0.0037783857,0.0037848514,3,5
-0.0064780978,-0.006479153,3,5
0.0072128996,0.00721823,3,5
-0.0055194236,-0.005520014,3,5
0.008767158,0.008764512,3,5
-0.012155374,-0.012157734,3,5
0.0020640087,0.0020620066,3,5
9.454638e-5,9.236406e-5,3,5
0.0022100988,0.0022094669,3,5
0.017329244,0.01732761,3,5
0.0009922998,0.0009934681,3,5
-0.0005120987,-0.00051701674,3,5
-0.0017501694,-0.001753133,3,5
-0.00454336,-0.004547171,3,5
0.00021022277,0.0002096894,3,5
0.0011582212,0.0011573618,3,5
5.8624348e-5,5.4101605e-5,3,5
-0.0035411206,-0.003542416,3,5
-0.004862937,-0.0048648585,3,5
-0.008774066,-0.008775846,3,5
-0.0018489577,-0.0018495355,3,5
-0.0068031223,-0.0068049678,3,5
0.0010154571,0.0010169718,3,5
0.0014899817,0.0014845693,3,5
-0.003136641,-0.0031348055,3,5
-0.0021819926,-0.0021770822,3,5
0.003458918,0.00346036,3,5
-0.005644036,-0.0056487164,3,5
0.00040547564,0.00040011315,3,5
-0.0028078815,-0.0028104868,3,5
-0.0006282419,-0.0006304273,3,5
0.0012449257,0.0012429535,3,5
-0.0018482541,-0.0018457349,3,5
0.0015228803,0.001523534,3,5
-0.0015356541,-0.0015400447,3,5
0.002064323,0.0020645524,3,5
0.0005314913,0.0005292495,3,5
0.005683693,0.005685886,3,5
-0.00013681162,-0.00013257362,3,5
0.013287464,0.013289584,3,5
0.0062119085,0.006208105,3,5
0.002664493,0.0026624773,3,5
0.006161398,0.0061588893,3,5
0.0040303324,0.0040286323,3,5
-0.0039915964,-0.003990472,3,5
0.0033552088,0.003355342,3,5
-0.009424756,-0.009431175,3,5
-0.0007234029,-0.00072879763,3,5
0.016554566,0.016556581,3,5
-0.0064839544,-0.0064883498,3,5
-0.016143719,-0.016143559,3,5
0.0014285867,0.001422663,3,5
-0.00095688924,-0.00095466163,3,5
-0.0013404285,-0.0013402051,3,5
0.007437915,0.0074364184,3,5
-0.0021691984,-0.0021690556,3,5
-0.002354652,-0.0023522112,3,5
-0.0011321781,-0.0011349462,3,5
-0.010292829,-0.010296823,3,5
0.00047816988,0.00047543398,3,5
-0.0020698626,-0.0020672686,3,5
-0.005365211,-0.005364595,3,5
-0.0018924284,-0.0018856562,3,5
-0.0040254407,-0.004026333,3,5
0.0012216372,0.0012214631,3,5
-0.0063207517,-0.0063203867,3,5
0.0054152966,0.005413203,3,5
0.0007718524,0.00077476306,3,5
-0.008169457,-0.008174053,3,5
-0.0015407795,-0.0015446009,3,5
0.0004532855,0.00045046065,3,5
-0.0028531535,-0.002858018,3,5
0.007868192,0.007866755,3,5
-0.00096166,-0.0009673457,3,5
-0.00077143416,-0.0007720593,3,5
-0.00085565046,-0.0008524419,3,5
0.0026898878,0.00269204,3,5
-2.1940388e-5,-2.4766805e-5,3,5
-0.0045898217,-0.004589441,3,5
-0.005140383,-0.0051410473,3,5
0.0007401168,0.0007453202,3,5
0.002795157,0.0027942758,3,5
0.000990211,0.0009944761,3,5
-0.00619261,-0.006187621,3,5
0.0073489253,0.0073522613,3,5
0.0030540575,0.0030484174,3,5
0.004549173,0.0045511043,3,5
0.003993821,0.003992012,3,5
0.0016695308,0.0016665749,3,5
-0.0021429486,-0.0021424068,3,5
0.0010058165,0.0010119161,3,5
0.00031783772,0.00032090174,3,5
-0.007726901,-0.0077258702,3,5
0.007781608,0.007782761,3,5
-0.0016001096,-0.001593967,3,5
-0.0048100348,-0.0048031243,3,5
-0.0025643122,-0.0025679953,3,5
-0.0025982826,-0.0025979977,3,5
0.00033471303,0.00033417004,3,5
-0.0035782207,-0.003580578,3,5
0.033375245,0.033376683,3,5
-0.0004387849,-0.00043659605,3,5
0.0021801952,0.0021774317,3,5
-0.0012088623,-0.001212399,3,5
0.00078912993,0.00079445663,3,5
0.010321607,0.010323934,3,5
0.0048229685,0.0048193745,3,5
-0.00022798088,-0.00022754105,3,5
-0.0047854003,-0.0047831563,3,5
0.0051677465,0.005168178,3,5
-0.0038646017,-0.0038687272,3,5
-0.00550844,-0.005508658,3,5
-0.0010548469,-0.0010588334,3,5
0.00072088296,0.0007167847,3,5
-0.0012683657,-0.0012639654,3,5
0.003909959,0.0039074854,3,5
-0.014261723,-0.014262322,3,5
-0.0016756433,-0.0016761043,3,5
-0.00023882068,-0.0002364792,3,5
-0.0039015755,-0.0039010108,3,5
0.006183217,0.0061819246,3,5
-0.00071439554,-0.000712184,3,5
-0.008463792,-0.008460804,3,5
-0.0047845375,-0.004784671,3,5
0.0026834493,0.0026892466,3,5
0.004461025,0.004458542,3,5
-0.001100309,-0.0010959107,3,5
0.0019625851,0.0019586382,3,5
-0.0059109167,-0.005911896,3,5
-0.0012114472,-0.0012092404,3,5
0.00908469,0.009084018,3,5
0.006479832,0.006476655,3,5
-0.002371987,-0.00237246,3,5
-0.010390773,-0.01038538,3,5
-0.0069699623,-0.006966335,3,5
-0.011100304,-0.011099909,3,5
0.0018141888,0.0018148747,3,5
-0.017083086,-0.01708608,3,5
-0.002937605,-0.0029416203,3,5
-0.001515305,-0.001514006,3,5
0.0004098675,0.00040869287,3,5
4.526747e-5,4.831376e-5,3,5
-0.0014865213,-0.0014831367,3,5
0.0024121334,0.002413675,3,5
0.004432026,0.004433091,3,5
-0.007609576,-0.0076062987,3,5
-0.007558876,-0.007559423,3,5
-0.0017091907,-0.0017059686,3,5
-0.0052157054,-0.005210276,3,5
-0.0011988203,-0.0012007075,3,5
0.005534399,0.005536184,3,5
0.01089378,0.010892266,3,5
-0.0005879859,-0.0005928014,3,5
0.0044246432,0.00442801,3,5
-0.0015580354,-0.0015601917,3,5
0.013193135,0.013194425,3,5
-0.006504522,-0.0065088305,3,5
-0.00017500116,-0.00017544205,3,5
5.119254e-5,5.0446615e-5,3,5
-0.0022408576,-0.0022438949,3,5
-0.0031153408,-0.0031163294,3,5
0.0019113611,0.0019102426,3,5
0.0007662364,0.00076557026,3,5
0.00014913347,0.0001464786,3,5
-0.0047197095,-0.004720637,3,5
-0.0055918596,-0.0055950824,3,5
-0.008724801,-0.008730342,3,5
0.015398623,0.0153962765,3,5
0.010106074,0.010103644,3,5
-0.006952095,-0.0069502317,3,5
0.0033683411,0.0033685267,3,5
-0.0048995195,-0.004907386,3,5
-0.0015601631,-0.0015639238,3,5
0.004754184,0.004755146,3,5
-0.005733192,-0.005736287,3,5
-0.00031643166,-0.00031600558,3,5
-0.0023062269,-0.0023049428,3,5
-0.002773102,-0.002779566,3,5
0.0011989145,0.001203876,3,5
0.0032019562,0.0032006935,3,5
-0.0022130858,-0.0022089507,3,5
0.0044458206,0.0044530835,3,5
-0.00034626172,-0.00035079863,3,5
-0.03009104,-0.030097041,3,5
-0.015102187,-0.015102508,3,5
-0.009966525,-0.009971248,3,5
0.0005762835,0.0005717542,3,5
-0.000100930054,-0.00010723497,3,5
0.0054453225,0.005446355,3,5
0.0041233636,0.0041264724,3,5
-0.003488782,-0.003491002,3,5
0.010089097,0.010090508,3,5
-0.003983344,-0.003988963,3,5
0.0049597216,0.0049615437,3,5
-0.0058569107,-0.0058575184,3,5
-0.0035312301,-0.0035300567,3,5
0.0010301714,0.0010272884,3,5
0.0056437952,0.005639903,3,5
-0.0040062955,-0.0040090536,3,5
-0.0020450451,-0.002040112,3,5
0.005384879,0.0053847623,3,5
0.0014570272,0.0014621571,3,5
-0.005194785,-0.005188362,3,5
0.007904906,0.0079039475,3,5
-0.001775748,-0.0017738958,3,5
0.001875236,0.0018707959,3,5
-0.001360203,-0.0013609829,3,5
-0.011335351,-0.011334371,3,5
-0.0070800604,-0.0070834993,3,5
-0.0038705799,-0.003867099,3,5
-0.003559768,-0.0035606273,3,5
0.009828063,0.009831039,3,5
-0.0058290362,-0.005828028,3,5
-0.0023426786,-0.0023423086,3,5
-0.0040745996,-0.0040769847,3,5
-0.0013211955,-0.001321866,3,5
-0.004069585,-0.0040648556,3,5
-0.002313819,-0.002312148,3,5
-0.0038799483,-0.0038752265,3,5
-0.0042887735,-0.004289828,3,5
-0.008838785,-0.008838218,3,5
-0.0038552862,-0.0038578669,3,5
-0.0009786178,-0.0009759926,3,5
-0.0111792,-0.011177849,3,5
-0.004017247,-0.004019772,3,5
0.00020780445,0.00020403173,3,5
0.008425749,0.008422465,3,5
0.0048392536,0.0048345705,3,5
0.004698771,0.004695977,3,5
-0.0023465846,-0.0023451543,3,5
0.003856558,0.0038549593,3,5
-0.0001419681,-0.00013784833,3,5
-0.0023103715,-0.0023096288,3,5
-0.007831948,-0.00783049,3,5
-0.011863326,-0.011862888,3,5
-0.00073842047,-0.00074107916,3,5
-0.0022684834,-0.002269169,3,5
0.00086841354,0.00087644503,4,5
0.007641365,0.0076397858,4,5
0.0011489575,0.0011507669,4,5
0.027272135,0.027282234,4,5
-0.003362284,-0.0033576367,4,5
-0.00016193686,-0.00016065966,4,5
-0.0059834933,-0.005974644,4,5
-0.0005674931,-0.0005647371,4,5
0.028503785,0.028507972,4,5
-6.360294e-5,-6.2713814e-5,4,5
0.028302755,0.02830209,4,5
-0.0024685797,-0.0024688025,4,5
0.00948816,0.009488891,4,5
-0.001266711,-0.0012638461,4,5
0.0022887215,0.0022914838,4,5
-0.029072527,-0.029077351,4,5
0.01095618,0.010964008,4,5
0.001154018,0.0011584916,4,5
-0.03771227,-0.037714243,4,5
-0.00067477766,-0.00066784315,4,5
0.034033403,0.034032773,4,5
-7.04947e-5,-6.706284e-5,4,5
0.00059822766,0.0006007943,4,5
-0.015872203,-0.01586944,4,5
0.00865857,0.008659534,4,5
-0.025877189,-0.025881495,4,5
0.01458956,0.014589453,4,5
-0.015777811,-0.015783625,4,5
-0.0032694319,-0.0032654565,4,5
-0.001286438,-0.0012753375,4,5
-0.001901942,-0.0018979242,4,5
0.001275802,0.001278509,4,5
-0.005513729,-0.0055113127,4,5
0.012011515,0.012014923,4,5
-0.049023166,-0.0490281,4,5
-0.0042952416,-0.004292543,4,5
-0.0096193105,-0.009615226,4,5
0.00498626,0.004986791,4,5
-0.002276408,-0.0022734962,4,5
-0.00060154503,-0.00060087716,4,5
0.006951157,0.006954274,4,5
-0.0011542086,-0.0011497216,4,5
0.005717069,0.0057272944,4,5
-0.0007847537,-0.00077790284,4,5
0.00055963686,0.0005610884,4,5
-0.0005122035,-0.00051495107,4,5
-0.002540184,-0.0025409467,4,5
0.0063030776,0.0063059493,4,5
-0.008711105,-0.00870808,4,5
-0.005555379,-0.005551287,4,5
-0.002292807,-0.0022889506,4,5
0.0013293239,0.0013303454,4,5
0.0012476622,0.0012469483,4,5
-0.0029418475,-0.002934248,4,5
-0.0020055857,-0.0020007996,4,5
0.015975371,0.015990684,4,5
0.0007511124,0.0007519006,4,5
-0.02036794,-0.020370118,4,5
-0.0044498844,-0.004451289,4,5
0.002459956,0.002462714,4,5
-0.001525839,-0.001522058,4,5
-0.00819652,-0.008199736,4,5
-0.009055376,-0.009053453,4,5
-0.00080978766,-0.0008119082,4,5
0.0058473945,0.0058569247,4,5
0.000100034325,0.000104437866,4,5
0.0033564973,0.00335976,4,5
0.0037949015,0.0037971828,4,5
-0.00014055126,-0.00013393989,4,5
-0.0018421666,-0.001841725,4,5
-0.0028521349,-0.0028505775,4,5
0.009660729,0.009666336,4,5
0.049031377,0.04903769,4,5
-0.012125709,-0.012121234,4,5
0.00789744,0.007906114,4,5
0.0013507645,0.0013583769,4,5
0.0003256756,0.00032819452,4,5
0.0063196393,0.006321123,4,5
0.006555868,0.0065617184,4,5
0.01950478,0.019509744,4,5
4.878382e-6,1.0552191e-5,4,5
0.0046196254,0.0046199025,4,5
-0.00086694927,-0.0008670461,4,5
0.00025759163,0.00025886233,4,5
0.015790118,0.015785528,4,5
0.0013393111,0.0013354536,4,5
-0.017638577,-0.017630382,4,5
0.00466341,0.004667239,4,5
0.009619126,0.009630336,4,5
0.01662232,0.016628172,4,5
0.0058182594,0.005824178,4,5
-0.0008311533,-0.0008218257,4,5
-0.005884467,-0.0058817687,4,5
0.035293218,0.035290383,4,5
0.00075109815,0.0007539646,4,5
0.00774025,0.0077468758,4,5
-0.001022608,-0.0010197149,4,5
-0.0034971954,-0.003497553,4,5
0.013384477,0.013390056,4,5
0.0029746415,0.0029750196,4,5
0.0016977034,0.0016972013,4,5
0.0010052852,0.0010088205,4,5
0.01132501,0.01131744,4,5
0.0009862268,0.0009893852,4,5
0.00033157156,0.0003341135,4,5
-0.0018448951,-0.0018455096,4,5
-0.0034104753,-0.0034078725,4,5
0.024002863,0.024011457,4,5
-2.1650189e-5,-1.526156e-5,4,5
0.0013800461,0.0013798508,4,5
0.0024421941,0.0024520485,4,5
0.002775434,0.0027776936,4,5
-0.0039588804,-0.0039660847,4,5
-0.021263871,-0.02124738,4,5
-0.0030824135,-0.0030792025,4,5
-0.0049078236,-0.0049023093,4,5
-0.011567139,-0.011556522,4,5
0.02763836,0.02764048,4,5
-0.0011263523,-0.0011204244,4,5
0.01855576,0.018557303,4,5
-0.017990362,-0.017998153,4,5
-0.0022557774,-0.0022501042,4,5
-0.001185278,-0.0011850678,4,5
-0.0037039777,-0.0036999218,4,5
-0.006215172,-0.0062153162,4,5
0.008260929,0.0082603805,4,5
-0.010368998,-0.010364039,4,5
0.007605045,0.0076089646,4,5
0.0049166232,0.0049149888,4,5
0.00041420248,0.0004168946,4,5
0.013303167,0.013305881,4,5
0.002660938,0.0026665486,4,5
-0.0026661076,-0.002658513,4,5
0.0006743082,0.00067318627,4,5
-0.0037024745,-0.0036941138,4,5
0.0017645307,0.001766204,4,5
0.0026529878,0.0026556232,4,5
0.0011060413,0.0011083486,4,5
-0.022555891,-0.022552865,4,5
0.15061678,0.15062048,4,5
0.003179155,0.0031801353,4,5
0.0040042116,0.004008058,4,5
-0.00018480285,-0.00018477744,4,5
0.0018412637,0.0018422161,4,5
-0.000403063,-0.00039883892,4,5
-0.006995088,-0.0069911806,4,5
-6.593307e-5,-6.477184e-5,4,5
-0.00025112854,-0.000249965,4,5
0.0013194438,0.0013223435,4,5
0.031058326,0.031061552,4,5
0.0041639004,0.0041709635,4,5
0.0014422019,0.0014474654,4,5
-0.00040709923,-0.0003959053,4,5
-0.002670397,-0.0026695093,4,5
-0.002958195,-0.0029585373,4,5
-0.016199913,-0.016194094,4,5
0.0013863993,0.0013859994,4,5
-0.003986678,-0.003984718,4,5
-0.0060387813,-0.0060390756,4,5
0.013060047,0.01306153,4,5
0.03734775,0.03735045,4,5
0.0052656755,0.0052680452,4,5
0.002137542,0.0021386987,4,5
-0.0040383535,-0.004040266,4,5
0.0052730087,0.0052735195,4,5
-0.008806066,-0.008806471,4,5
-0.00071792916,-0.0007178895,4,5
-0.0039549563,-0.003944852,4,5
-0.018070817,-0.018059412,4,5
0.0017090155,0.0017089164,4,5
0.029864386,0.029861704,4,5
-0.004562255,-0.0045597143,4,5
-0.004293508,-0.004297081,4,5
0.03228552,0.032286745,4,5
-0.0036093907,-0.0036013345,4,5
-0.0013395065,-0.0013420335,4,5
0.0244864,0.024494288,4,5
0.00056028174,0.00055706303,4,5
-0.00417725,-0.0041751135,4,5
-0.008906117,-0.00890599,4,5
-0.019591175,-0.019592425,4,5
0.0016170176,0.0016215835,4,5
0.0009898127,0.0009913974,4,5
0.00025237043,0.00025050237,4,5
0.0010430822,0.0010404682,4,5
0.0007691275,0.0007714274,4,5
0.016007602,0.016005157,4,5
5.9957434e-5,6.6419496e-5,4,5
-0.005753765,-0.0057515414,4,5
-0.008616376,-0.00861169,4,5
-9.588713e-5,-9.441072e-5,4,5
0.011012474,0.011011727,4,5
-0.0059283623,-0.0059208204,4,5
-0.0005640705,-0.0005619977,4,5
-0.0059622764,-0.0059576724,4,5
0.0021528343,0.0021593627,4,5
-0.0067161904,-0.006717753,4,5
-0.0027747294,-0.0027761816,4,5
0.003907684,0.003910437,4,5
-0.0063424706,-0.0063443603,4,5
0.0079967305,0.007999036,4,5
-0.012408424,-0.012405925,4,5
0.00047562798,0.00048214727,4,5
0.0058944966,0.0058956146,4,5
-0.012987113,-0.012981022,4,5
0.0018393215,0.0018425744,4,5
0.015967064,0.015965834,4,5
-0.00019368522,-0.00019138759,4,5
0.0033849315,0.0033906943,4,5
0.015715756,0.015720535,4,5
-0.013246142,-0.013241534,4,5
0.008225459,0.008228508,4,5
0.013766955,0.0137744285,4,5
0.01913019,0.019140428,4,5
-0.0022024366,-0.0022025183,4,5
0.00067741034,0.00067581254,4,5
0.0020879654,0.002094197,4,5
-0.00044240776,-0.00043391166,4,5
0.003876548,0.0038778968,4,5
-0.012043575,-0.012050778,4,5
0.008873603,0.008881693,4,5
0.0068323067,0.0068279537,4,5
-0.0069084987,-0.0069048908,4,5
0.0028799095,0.002887951,4,5
-0.0067861653,-0.00677585,4,5
0.009483187,0.009484295,4,5
-0.03583513,-0.035835996,4,5
0.0014652755,0.0014637031,4,5
0.008545184,0.008544753,4,5
-0.008656571,-0.008653202,4,5
-0.0022888724,-0.0022866302,4,5
-0.019928738,-0.019925952,4,5
0.003161198,0.0031663743,4,5
-0.028094536,-0.028091328,4,5
-0.00031421843,-0.00031183616,4,5
0.0035670178,0.0035729099,4,5
-0.00966176,-0.009667066,4,5
-0.0015308729,-0.0015288043,4,5
-0.0022142779,-0.0022142986,4,5
-0.005136656,-0.005135821,4,5
0.00014379655,0.00014856351,4,5
0.012485879,0.012481245,4,5
0.010309877,0.01031352,4,5
0.16426465,0.16426003,4,5
-0.0036383632,-0.0036350773,4,5
0.00025964295,0.00026033065,4,5
0.023967035,0.023971893,4,5
-0.0013656386,-0.0013560969,4,5
-0.0020006115,-0.0019973663,4,5
0.0023008825,0.0023081603,4,5
-0.0027188214,-0.0027195571,5,5
0.027495489,0.027500413,5,5
-0.01987345,-0.01987555,5,5
0.0011118765,0.0011159752,5,5
0.002242449,0.002243574,5,5
-0.00025962776,-0.00025577724,5,5
0.0021321885,0.0021340977,5,5
-0.00016333284,-0.00015988798,5,5
0.00077930535,0.0007797845,5,5
-0.007564695,-0.0075620837,5,5
0.008949696,0.008954363,5,5
-0.00012149959,-0.00011765921,5,5
-0.003010594,-0.0030039286,5,5
0.00070412573,0.0007083645,5,5
-0.002307467,-0.0023057095,5,5
0.010094063,0.010097555,5,5
0.021881081,0.021882787,5,5
-0.0045757485,-0.0045717307,5,5
-0.001534249,-0.0015317427,5,5
0.00020367149,0.00020292205,5,5
-0.0006574634,-0.0006558828,5,5
0.0033401807,0.0033433111,5,5
-0.0012410332,-0.0012350774,5,5
0.017408878,0.017411806,5,5
-0.0009842457,-0.0009837124,5,5
-0.016150827,-0.01614675,5,5
0.002390168,0.0023938478,5,5
-0.037485324,-0.0374872,5,5
0.015824573,0.015825333,5,5
0.0023977747,0.0024015813,5,5
-0.022036739,-0.022037763,5,5
0.0018858786,0.0018884009,5,5
0.04395328,0.043953694,5,5
-0.006575444,-0.006573622,5,5
-0.00062882,-0.0006254099,5,5
-0.0010499473,-0.0010467629,5,5
-0.00044371365,-0.0004395579,5,5
-0.00023333344,-0.00023331222,5,5
0.0022389418,0.002241785,5,5
-5.1142397e-5,-4.609256e-5,5,5
0.0015945688,0.0015974597,5,5
-0.0018658605,-0.001863507,5,5
-0.0008059297,-0.0008037446,5,5
-0.0010972555,-0.0010941762,5,5
-0.00047311196,-0.0004718886,5,5
6.200969e-5,6.558291e-5,5,5
0.0015234424,0.0015281853,5,5
0.001115852,0.0011207009,5,5
-0.0027402553,-0.0027376267,5,5
0.003896095,0.003899071,5,5
-0.00022670723,-0.00022336817,5,5
-0.0019560773,-0.0019524703,5,5
-0.004299386,-0.0042958683,5,5
0.0052595935,0.005263184,5,5
-0.0091751665,-0.009170165,5,5
-0.0025014794,-0.002499126,5,5
0.00020591247,0.00021237548,5,5
0.0009635363,0.00096592086,5,5
0.14136207,0.14135975,5,5
0.0046631657,0.0046665366,5,5
-0.00027450948,-0.0002700873,5,5
-0.004096528,-0.004096812,5,5
0.0045614103,0.0045655733,5,5
-0.00028577226,-0.00027975423,5,5
-0.0017190152,-0.0017224028,6,5
0.00522097,0.0052135144,6,5
-0.021033982,-0.021030234,6,5
0.014951796,0.014947558,6,5
-0.00263142,-0.002629079,6,5
0.04240307,0.042403627,6,5
0.020428998,0.02043069,6,5
0.0005252371,0.000532633,6,5
0.0092561785,0.009253617,6,5
-0.023818156,-0.023825238,6,5
0.011774242,0.011774466,6,5
-0.013776041,-0.013778237,6,5
0.0070617218,0.007056518,6,5
0.0013575531,0.0013595574,6,5
0.0071050995,0.007107787,6,5
0.024212658,0.024216115,6,5
0.010327463,0.010327726,6,5
0.049398087,0.049398474,6,5
-0.024453308,-0.024448283,6,5
0.0055404617,0.0055380207,6,5
0.029284332,0.029282933,6,5
-0.0054348265,-0.005439116,6,5
0.012231682,0.0122302305,6,5
0.025125045,0.025122942,6,5
-0.0027902252,-0.0027935344,6,5
-0.009096235,-0.00909387,6,5
-0.014630356,-0.014631819,6,5
0.015540684,0.015543827,6,5
0.018260475,0.018266084,6,5
-0.0060994765,-0.006100493,6,5
-0.0071475403,-0.0071463906,6,5
-0.026012931,-0.026012823,6,5
-0.0049048476,-0.004903012,6,5
-0.012040803,-0.012042388,6,5
-0.015974553,-0.015974768,6,5
0.010981982,0.010980822,6,5
0.028972268,0.028971875,6,5
-0.008820643,-0.008817041,6,5
-0.021789884,-0.021787534,6,5
-0.01484554,-0.014845116,6,5
0.008261741,0.008258565,6,5
0.0082355505,0.008231469,6,5
0.012663363,0.012666434,6,5
-0.031367887,-0.03136291,6,5
0.004903202,0.0049040844,6,5
0.01137246,0.011373684,6,5
-0.0015247724,-0.0015242127,6,5
0.012840987,0.01284143,6,5
-0.0049975594,-0.0049969153,6,5
-0.025084876,-0.025080701,6,5
0.008300607,0.008301666,6,5
0.027947627,0.027951865,6,5
-0.0061624297,-0.006165389,6,5
0.01077731,0.010781784,6,5
0.0019730157,0.001973156,6,5
-0.013378333,-0.01338057,6,5
0.006139411,0.0061358293,6,5
-0.00019598073,-0.00020332402,6,5
-0.00952031,-0.009527122,6,5
-0.013016506,-0.013012224,6,5
0.0246145,0.02461497,6,5
-0.0021353634,-0.0021374277,6,5
-0.010360659,-0.010359906,6,5
0.08502775,0.08502892,6,5
-2.4011613e-5,-2.5849926e-5,1,6
-0.0078100692,-0.00781261,1,6
0.0017784309,0.0017748888,1,6
0.0005168135,0.000520798,1,6
-0.0031361221,-0.003144558,1,6
0.0027160333,0.002711118,1,6
0.011470396,0.011469396,1,6
-0.00035045634,-0.00034746548,1,6
-0.0074651535,-0.0074648918,1,6
-0.0054195556,-0.0054187044,1,6
0.0008581978,0.00085846405,1,6
4.7008478e-5,4.7448008e-5,1,6
0.0023446057,0.0023425876,1,6
0.0015936148,0.0015964034,1,6
-0.018392416,-0.018391395,1,6
-0.0038254107,-0.003827712,1,6
-0.001779725,-0.0017813666,1,6
-0.0012418345,-0.0012451177,1,6
0.00090131134,0.0009137938,1,6
-0.0006894223,-0.0006856573,1,6
0.0030983,0.0030950608,1,6
0.014109378,0.014113819,1,6
-0.0020796906,-0.0020790165,1,6
-0.0021765216,-0.0021637748,1,6
-0.0046844683,-0.0046872175,1,6
0.00050564983,0.0005022396,1,6
0.002088598,0.0020931836,1,6
0.0009460971,0.00094891386,1,6
0.001758115,0.001765636,1,6
-0.008247457,-0.008246246,1,6
-0.012387821,-0.01239092,1,6
-0.0008740952,-0.0008690797,1,6
0.0077818064,0.007783471,1,6
-0.00897238,-0.008969776,1,6
-0.0117187565,-0.011710061,1,6
8.795028e-5,8.224704e-5,1,6
0.006966047,0.0069772894,1,6
-0.001540128,-0.0015330877,1,6
-0.030796353,-0.030797418,1,6
0.0077508693,0.0077492134,1,6
0.001419041,0.0014204198,1,6
-0.0022519203,-0.0022500234,1,6
0.002233924,0.002233484,1,6
-0.006485396,-0.006487678,1,6
0.00013501199,0.00012903595,1,6
0.0001925984,0.0001896467,1,6
0.009589755,0.009588578,1,6
0.00016786507,0.00016666626,1,6
0.008537962,0.008539571,1,6
0.0023683233,0.0023642185,1,6
-0.0016441104,-0.0016426813,1,6
3.3306524e-6,8.598867e-6,1,6
-0.0024545116,-0.0024553335,1,6
-0.0057782903,-0.0057803867,1,6
-0.01642931,-0.016428163,1,6
-0.005565727,-0.0055639,1,6
0.0005028204,0.00049629866,1,6
0.0057282182,0.0057273363,1,6
0.0037054843,0.0037071481,1,6
0.0011275567,0.0011218577,1,6
-0.0022983132,-0.0022964596,1,6
-0.0020932448,-0.0020988844,1,6
0.002755307,0.002756482,1,6
-0.007124847,-0.0071240305,1,6
-0.0077541354,-0.0077523654,1,6
-0.0020867414,-0.002080525,1,6
-0.0035380658,-0.003541608,1,6
0.0012143111,0.0012185446,1,6
0.0011388385,0.0011348834,1,6
-0.0065777632,-0.006575744,1,6
-0.0008756789,-0.00086957915,1,6
-0.00071672664,-0.0007167287,1,6
0.0006629734,0.00065871165,1,6
0.0013849464,0.0013810302,1,6
0.0036905555,0.0036888013,1,6
-0.0073873675,-0.0073886104,1,6
0.0007449964,0.00074797054,1,6
-0.011020591,-0.011016455,1,6
0.00073355436,0.0007276976,1,6
0.0034577255,0.0034526647,1,6
0.023756376,0.023761494,1,6
-0.008416871,-0.008425978,1,6
0.0011068777,0.0011051603,1,6
6.455225e-5,6.130643e-5,1,6
-0.0012337478,-0.0012315508,1,6
-0.0011851556,-0.0011801097,1,6
0.0017545641,0.0017515381,1,6
-0.015193271,-0.015195548,1,6
-0.0012072136,-0.0012084236,1,6
0.00021281275,0.00021055968,1,6
-0.013611313,-0.013609447,1,6
0.005707534,0.00570531,1,6
-0.0002216828,-0.00021778345,1,6
-0.0087481635,-0.008758407,1,6
-0.0067925127,-0.006782243,1,6
-0.0027475718,-0.0027488524,1,6
-0.0035460135,-0.0035404707,1,6
-0.00097171025,-0.0009775228,1,6
-0.0035114058,-0.0035145911,1,6
0.007821471,0.007819515,1,6
-0.001206334,-0.0012046696,1,6
-0.013451043,-0.013454902,1,6
0.00064297713,0.00064529455,1,6
-0.00043948632,-0.0004508612,1,6
-0.002224285,-0.002223623,1,6
0.003308777,0.0033125167,1,6
0.005757961,0.0057596485,1,6
-0.00016480376,-0.0001599691,1,6
0.008343161,0.008347865,1,6
0.018638017,0.01863865,1,6
-0.0041808556,-0.004180855,1,6
0.0005125914,0.0005134226,1,6
-0.006620834,-0.00662503,1,6
0.0009631565,0.00096237136,1,6
0.0039542224,0.003957546,1,6
0.0001467251,0.00015409118,1,6
-0.0015633032,-0.0015669074,1,6
0.0030928354,0.003093013,1,6
0.0023322077,0.0023273581,1,6
0.005270529,0.0052652718,1,6
-0.0077955024,-0.0077956915,1,6
0.0011135541,0.0011123993,1,6
-0.012544785,-0.012540754,1,6
0.0111447135,0.011153757,1,6
-0.00018466913,-0.00018706253,1,6
-0.0013330054,-0.0013337485,1,6
0.0007768225,0.0007802372,1,6
-0.0016067297,-0.0016092494,1,6
0.0018311437,0.0018287433,1,6
0.0022878754,0.0022853226,1,6
-0.0014448697,-0.001449836,1,6
-0.00037876025,-0.00037407604,1,6
-0.0024353599,-0.0024264846,1,6
0.00026119113,0.00027113003,1,6
0.012435932,0.012444098,1,6
-0.0017813864,-0.0017785997,1,6
0.0038765776,0.0038683768,1,6
0.0011933397,0.0011883943,1,6
-0.0080883205,-0.008077798,1,6
0.0013747743,0.0013805794,1,6
0.0134945,0.013485887,1,6
0.0070165065,0.007023418,1,6
-0.00020054188,-0.00020334804,1,6
-0.0015187751,-0.0015233493,1,6
0.0016699058,0.0016747172,1,6
0.0011017896,0.0011084838,1,6
-0.008991371,-0.008991788,1,6
0.015061044,0.015069604,1,6
0.001995423,0.0019912554,1,6
0.0032165293,0.0032130582,1,6
-0.0011357942,-0.0011364223,1,6
0.0007045923,0.0007101917,1,6
0.004948827,0.0049535544,1,6
0.0010253298,0.001023542,1,6
-0.0003308916,-0.0003336882,1,6
0.0015923255,0.0015910743,1,6
0.0049887286,0.0049890233,1,6
0.013895223,0.013894583,1,6
-0.0023220119,-0.0023230368,1,6
-0.0006127367,-0.0006147627,1,6
-0.0022492027,-0.0022316305,1,6
-0.0041553355,-0.004158256,1,6
-0.01466414,-0.014661601,1,6
-0.0023347647,-0.0023394153,1,6
-0.013857695,-0.013858888,1,6
-0.004795721,-0.004800873,1,6
-0.0026988343,-0.0026865208,1,6
0.0043834033,0.004384191,1,6
-0.00034125056,-0.0003493484,1,6
-0.004433867,-0.0044375453,1,6
-0.0026806816,-0.0026818286,1,6
-0.0003214677,-0.0003164092,1,6
-0.0065269154,-0.0065303985,1,6
0.013785292,0.013791079,1,6
-0.005853338,-0.0058552288,1,6
-0.0013385477,-0.0013359505,1,6
0.0018329931,0.0018373637,1,6
0.0062608253,0.0062691215,1,6
0.0042067817,0.0042067226,1,6
-0.0051884586,-0.005182355,1,6
0.00056066585,0.0005634306,1,6
0.0020576906,0.0020542734,1,6
-0.0008437096,-0.00083633827,1,6
-0.0039165304,-0.003908667,1,6
-0.020753982,-0.020757163,1,6
0.0035438268,0.003542801,1,6
0.00035011396,0.00035834714,1,6
-0.0029851655,-0.0029891185,1,6
-0.0022890181,-0.0022865052,1,6
-0.0015875433,-0.001585405,1,6
0.009866785,0.00986605,1,6
1.0556234e-5,1.6697139e-5,1,6
-0.0017606426,-0.0017696212,1,6
0.006411207,0.0064099007,1,6
0.0036714564,0.003674091,1,6
-0.0003254423,-0.00032590644,1,6
0.0010979375,0.0010990766,1,6
-0.00069291703,-0.0006850258,1,6
0.006315841,0.006307926,1,6
-0.0002760776,-0.00027875815,1,6
-0.003679412,-0.003691652,1,6
0.0008899841,0.0008831742,1,6
0.012119086,0.012123054,1,6
0.00064614706,0.00063574687,1,6
-0.0061583165,-0.0061651864,1,6
0.019764343,0.019761844,1,6
-0.00128058,-0.0012809779,1,6
0.0019163077,0.0019186751,1,6
0.00492244,0.004914831,1,6
4.435164e-5,3.660705e-5,1,6
-9.287987e-5,-8.517175e-5,1,6
0.000626064,0.00062150357,1,6
-0.0025745982,-0.0025733816,1,6
-0.00029782596,-0.00029094165,1,6
-0.0052563953,-0.0052599334,1,6
0.0011602321,0.0011644306,1,6
0.00010473631,0.0001100243,1,6
-0.002691316,-0.0026928987,1,6
0.00841921,0.008413272,1,6
-0.009135972,-0.009131702,1,6
-0.0017415243,-0.0017449164,1,6
0.0009835638,0.0009833117,1,6
-0.0018521234,-0.0018493524,1,6
-0.00047583,-0.0004745248,1,6
0.001622226,0.001628617,1,6
0.014210659,0.014202434,1,6
0.00035798727,0.00035791134,1,6
0.00081590266,0.00081392104,1,6
0.004006609,0.0040163794,1,6
-0.0039019745,-0.0039083594,1,6
-0.0033179373,-0.0033143659,1,6
0.0026049532,0.0026048215,1,6
-0.0004468442,-0.00044129163,1,6
0.0037769286,0.0037726245,1,6
-0.007355926,-0.007355911,1,6
0.00083207135,0.00083139597,1,6
-0.0047715628,-0.004767027,1,6
-0.0046799886,-0.0046845437,1,6
0.00023023515,0.00022660845,1,6
-0.00021892875,-0.00021333135,1,6
-0.0048866877,-0.0048846314,1,6
0.0007452885,0.00074794487,1,6
3.0009065e-5,3.5766298e-5,1,6
-0.001437662,-0.0014386565,1,6
0.00022142485,0.00022109994,1,6
-0.0040190113,-0.0040250006,1,6
0.0028462491,0.0028516,1,6
0.0027693987,0.0027590303,1,6
0.003243798,0.00325243,1,6
-0.021520624,-0.021521192,1,6
-0.00016879257,-0.00016755382,2,6
0.0029493354,0.0029524902,2,6
0.0004097831,0.00041594147,2,6
0.00418894,0.0041894754,2,6
-0.010089559,-0.010083972,2,6
0.000840948,0.00084315805,2,6
-0.0016374984,-0.0016348914,2,6
-0.00042008044,-0.00041674054,2,6
0.00038781617,0.00038911376,2,6
0.0004583981,0.0004608956,2,6
0.0008141022,0.00081434386,2,6
0.0014875175,0.0014895067,2,6
0.0011871045,0.0011883187,2,6
0.001856349,0.0018607138,2,6
-0.0021138932,-0.002113497,2,6
-0.007279988,-0.0072839004,2,6
0.0007120218,0.000713483,2,6
0.0016660792,0.0016719985,2,6
-0.012364271,-0.012363619,2,6
0.0016298498,0.001634075,2,6
0.0039939224,0.0039958693,2,6
-0.002477886,-0.0024744123,2,6
0.0015283844,0.0015324303,2,6
-0.0014166558,-0.0014117312,2,6
0.005319175,0.005315877,2,6
-0.0044771605,-0.004472542,2,6
0.0009279613,0.0009290681,2,6
-0.00023056992,-0.00022969893,2,6
0.0005841777,0.00058656087,2,6
0.011411478,0.0114182485,2,6
0.002127026,0.0021264278,2,6
0.00049830903,0.0005039803,2,6
0.005371773,0.005374041,2,6
0.002237701,0.002239963,2,6
0.0006018969,0.00060749875,2,6
-0.000521764,-0.0005180511,2,6
-0.0062386715,-0.006235592,2,6
-0.0010631543,-0.0010611067,2,6
0.00058990007,0.0005947119,2,6
-0.00048434723,-0.00048034234,2,6
-0.0010823264,-0.0010800146,2,6
-0.0012808787,-0.001280683,2,6
0.0003729961,0.0003750953,2,6
0.0033120606,0.0033144532,2,6
0.0022258773,0.0022271075,2,6
0.00023259656,0.00023592195,2,6
0.002602376,0.0026044445,2,6
-0.0027162875,-0.0027117562,2,6
-0.0030564852,-0.0030530149,2,6
0.0015140739,0.0015138917,2,6
-0.0029109619,-0.002909719,2,6
-0.0008038063,-0.00080148573,2,6
0.0057172654,0.0057195644,2,6
-0.0005533492,-0.00055494066,2,6
8.776724e-5,8.881691e-5,2,6
0.00045701634,0.00045980825,2,6
-0.0033733638,-0.00337129,2,6
-0.005841643,-0.005841153,2,6
-0.0009872634,-0.0009849415,2,6
5.566135e-5,5.758195e-5,2,6
0.002040677,0.0020418882,2,6
-0.0012903395,-0.0012862163,2,6
0.0033523813,0.0033564044,2,6
0.0005718167,0.0005715116,2,6
-0.00089498673,-0.0008937124,2,6
0.005950642,0.005951501,2,6
-0.0034446619,-0.0034417657,2,6
-0.002427287,-0.0024243586,2,6
0.0010658543,0.0010674975,2,6
-0.0034653638,-0.0034639195,2,6
-0.00036479463,-0.00036127653,2,6
-0.0025179116,-0.0025168834,2,6
-3.5373956e-5,-3.068342e-5,2,6
-0.0018087548,-0.0018047006,2,6
-0.012407794,-0.012402228,2,6
-0.00059744524,-0.0005917379,2,6
0.0006488285,0.0006507556,2,6
0.0024368018,0.0024387455,2,6
-0.001076953,-0.0010750776,2,6
-0.0016447998,-0.0016392128,2,6
0.0010201584,0.0010252966,2,6
0.001073737,0.0010759418,2,6
-0.0004028335,-0.00040002057,2,6
-0.0023270345,-0.0023272731,2,6
-0.00034819354,-0.0003457342,2,6
-0.0019517395,-0.0019495281,2,6
-0.008492881,-0.008489834,2,6
-0.0024854217,-0.002484784,2,6
0.0016237699,0.0016247776,2,6
0.0057702363,0.0057737627,2,6
0.001990024,0.0019915735,2,6
-0.0025733719,-0.0025694596,2,6
-0.001526832,-0.0015266613,2,6
-0.0018077533,-0.00180371,2,6
0.00030413637,0.00030617282,2,6
-0.0051855906,-0.005182438,2,6
0.001070708,0.0010778091,2,6
-0.004998086,-0.004996894,2,6
-0.0027683298,-0.0027648204,2,6
5.790802e-5,5.9700298e-5,2,6
-2.3513723e-5,-1.7961707e-5,2,6
-0.0020663512,-0.0020626632,2,6
0.010889742,0.010891577,2,6
0.0005527451,0.00055616314,2,6
-0.0009327989,-0.0009301952,2,6
0.0027234512,0.0027253416,2,6
-0.0012885747,-0.00128951,2,6
-0.0006408016,-0.000633835,2,6
-0.00024112804,-0.00024136103,2,6
0.00038922922,0.0003920181,2,6
0.0001675891,0.00016933384,2,6
-0.00062515074,-0.00062294875,2,6
0.0013468354,0.0013474862,2,6
-0.007744296,-0.007744672,2,6
-0.0004836113,-0.0004846116,2,6
-0.013450638,-0.013451942,2,6
-0.0013762461,-0.0013719338,2,6
0.0001979481,0.00019963579,2,6
-0.0015114183,-0.0015081444,2,6
-0.00064237777,-0.0006385182,2,6
-8.536789e-5,-8.2314255e-5,2,6
-0.002022661,-0.002021432,2,6
0.0025094019,0.0025103858,2,6
-0.004262175,-0.0042622546,2,6
-0.0059282286,-0.0059280186,2,6
0.00074914645,0.0007523108,2,6
-0.00031576236,-0.0003117521,2,6
-0.0025044552,-0.0025028095,2,6
0.003350938,0.0033561029,2,6
-0.0008359122,-0.0008385666,2,6
-0.0010605871,-0.0010576799,2,6
-0.008696385,-0.008693688,2,6
-0.00026256486,-0.00026173316,2,6
0.00042721213,0.00042754645,2,6
-0.0019423384,-0.001938077,2,6
-0.00021363309,-0.00021547165,2,6
-0.0003916172,-0.0003951733,2,6
-0.0022213792,-0.0022149142,2,6
0.008785288,0.008788637,2,6
-0.0010807873,-0.0010799253,2,6
-0.0011588299,-0.0011565791,2,6
-0.0032944696,-0.0032910032,2,6
-0.0014587698,-0.0014556813,2,6
0.001821203,0.0018237653,2,6
0.00041106623,0.00041356418,2,6
0.0009760509,0.0009738312,2,6
0.0010768572,0.0010791773,2,6
0.00040508775,0.0004090303,2,6
0.0002104466,0.00021098205,2,6
-0.002124939,-0.002122228,2,6
-0.009645732,-0.009645277,2,6
-0.0066653043,-0.006659759,2,6
0.00038383304,0.0003866325,2,6
-0.0019365307,-0.0019319543,2,6
0.0051237373,0.0051266244,2,6
1.10986975e-5,1.1529323e-5,2,6
0.0047871894,0.0047919657,2,6
-0.00018906764,-0.00018373164,2,6
-0.0023738572,-0.0023713878,2,6
-0.008309805,-0.008305447,2,6
0.0004923372,0.0004958109,2,6
-0.00036906512,-0.00036805938,2,6
0.00015545763,0.00015685844,2,6
-0.0006046253,-0.00060436275,2,6
0.0015190507,0.0015248024,2,6
0.0018269174,0.0018275662,2,6
-0.00039171963,-0.00038737652,2,6
0.0036222155,0.0036226022,2,6
-0.0008463978,-0.0008457655,2,6
0.0016040221,0.0016030942,2,6
-0.0014790136,-0.0014784689,2,6
-0.0008012637,-0.00080145046,2,6
0.0029934125,0.0029985886,2,6
-0.0015314003,-0.0015337565,2,6
9.6494085e-5,9.9840334e-5,2,6
0.00065159396,0.00065137865,2,6
0.008380241,0.008388028,2,6
-0.00047503904,-0.00047595616,2,6
-0.0009959779,-0.0009938476,2,6
-0.0038951838,-0.003890774,2,6
-9.396196e-5,-9.3258546e-5,2,6
-0.001056806,-0.0010528638,2,6
-0.00037008178,-0.00036892484,2,6
-0.0035024865,-0.0034989698,2,6
-0.0005326502,-0.0005273019,2,6
0.0030666983,0.0030714972,2,6
0.0001530725,0.00015503196,2,6
-0.013307614,-0.013301552,2,6
0.001472045,0.0014737642,2,6
0.000810937,0.00081380253,2,6
-0.0026367737,-0.0026364115,2,6
-0.0012555118,-0.0012536674,2,6
-0.0012767409,-0.0012713728,2,6
-2.5806867e-5,-2.0599606e-5,2,6
-0.001031643,-0.0010280797,2,6
-0.0034666848,-0.0034669705,2,6
0.003542073,0.0035425434,2,6
0.0007097419,0.0007113636,2,6
0.0012726478,0.001273811,2,6
0.006985816,0.006982559,2,6
-0.00010881143,-0.00010840957,2,6
0.0006067696,0.00060504925,2,6
0.004427204,0.0044333986,2,6
0.00266355,0.0026601257,2,6
-0.0002953185,-0.00029225828,2,6
0.00025797382,0.00026001898,2,6
0.009416113,0.009418542,2,6
-0.00014973237,-0.00014813151,2,6
-0.009234239,-0.009232141,2,6
-0.0018802206,-0.0018774369,2,6
0.0001597689,0.00016334312,2,6
0.0015400602,0.0015421101,2,6
-0.0007257361,-0.0007241974,2,6
-0.003342265,-0.0033379677,2,6
-0.0036220362,-0.0036164327,2,6
-0.0003350568,-0.0003310575,2,6
0.00028295087,0.00028562482,2,6
-0.0011594833,-0.0011557911,2,6
6.857711e-5,6.985942e-5,2,6
0.00044107626,0.0004448371,2,6
-0.00054385513,-0.0005414622,2,6
-0.0009941666,-0.0009927447,2,6
0.0019842437,0.001985461,2,6
0.0016010025,0.0016035286,2,6
0.0009474075,0.00095191575,2,6
-0.002553163,-0.00254944,2,6
0.00613279,0.00613626,2,6
-0.005319032,-0.005319337,2,6
0.00083262613,0.0008367616,2,6
3.8296814e-5,3.9756356e-5,2,6
0.000889343,0.00089270057,2,6
0.002317344,0.0023204382,2,6
-0.008065298,-0.008064306,2,6
-0.0027489385,-0.0027479525,2,6
0.0020183611,0.0020227456,2,6
0.0002707274,0.00027313433,2,6
0.0010551752,0.0010551251,2,6
-0.004071348,-0.004069905,2,6
7.391355e-5,7.801425e-5,2,6
0.0067978655,0.006798176,2,6
0.000860379,0.00086432754,2,6
-0.00030758177,-0.00030470366,2,6
-0.0019096142,-0.0019051085,2,6
-0.0054018022,-0.0054012346,2,6
0.00052254635,0.0005250946,2,6
-0.0004962435,-0.00049403246,2,6
0.00015418777,0.00016044937,2,6
-0.00025489164,-0.00025237096,2,6
0.00026552565,0.00026756767,2,6
0.0043246425,0.00432482,2,6
-0.045390762,-0.045392904,3,6
0.0023171615,0.002319237,3,6
-0.005506472,-0.0055003567,3,6
-0.00047548264,-0.00047773842,3,6
0.0072148116,0.0072182748,3,6
-0.007314109,-0.0073168217,3,6
0.0054314206,0.0054319226,3,6
-0.0032574513,-0.0032586434,3,6
-0.015262136,-0.015266267,3,6
0.0032660947,0.0032634092,3,6
-0.0030377475,-0.003034018,3,6
-0.0006673989,-0.0006667285,3,6
-0.00013753357,-0.00013057828,3,6
-0.00064786087,-0.00064606086,3,6
-0.00057114376,-0.0005666446,3,6
-0.0003474339,-0.0003442103,3,6
0.009221721,0.009225855,3,6
-0.011088264,-0.011087734,3,6
-0.0021722794,-0.0021732042,3,6
-0.0043480056,-0.004344405,3,6
-0.0015548632,-0.0015564795,3,6
-0.0063533843,-0.006352668,3,6
0.009466848,0.009465547,3,6
-0.0037273832,-0.0037307134,3,6
-0.0018462128,-0.0018495433,3,6
-0.00026984533,-0.0002726085,3,6
0.002194687,0.002190717,3,6
-0.000119541866,-0.000117315896,3,6
-0.0063446565,-0.006345724,3,6
-0.0029601916,-0.0029586067,3,6
0.0014865317,0.0014803669,3,6
-0.0048505813,-0.004855847,3,6
-0.0012188301,-0.0012216006,3,6
0.0058686268,0.005875576,3,6
0.004554967,0.0045565353,3,6
0.0021688805,0.0021725716,3,6
-0.0009720467,-0.000967852,3,6
-0.0011558178,-0.0011499504,3,6
-0.0050390493,-0.0050431318,3,6
0.011676905,0.011674558,3,6
0.0091188885,0.009121268,3,6
0.0031964898,0.003199909,3,6
0.002841295,0.0028370428,3,6
-0.0003375088,-0.00033280722,3,6
-0.0097574135,-0.009755593,3,6
-0.035678077,-0.03567834,3,6
-0.0031822259,-0.0031807935,3,6
0.0039837896,0.0039844355,3,6
0.0112897325,0.011286287,3,6
0.008262849,0.008264424,3,6
0.0016337724,0.0016320496,3,6
-0.012737846,-0.01273771,3,6
0.0014526927,0.0014552275,3,6
-0.003529134,-0.0035279093,3,6
0.0038691284,0.003869995,3,6
0.0013175491,0.0013194993,3,6
0.0032091613,0.0032095932,3,6
0.0022156003,0.0022262342,3,6
-0.0027894988,-0.0027904054,3,6
-0.0009740779,-0.00097398605,3,6
-0.00563574,-0.0056349393,3,6
-0.0021718177,-0.0021696396,3,6
-0.01388733,-0.013881597,3,6
-0.0065420954,-0.0065435865,3,6
0.018339643,0.01833701,3,6
-0.009093246,-0.009096447,3,6
-0.004229245,-0.0042282757,3,6
-0.001497947,-0.0015004206,3,6
-0.00066715473,-0.00066722254,3,6
0.00030955617,0.00030955582,3,6
0.0013957698,0.0013956598,3,6
0.00030564627,0.00031085085,3,6
4.0330106e-5,4.1809028e-5,3,6
0.0032604516,0.0032660903,3,6
-0.0067558745,-0.0067575816,3,6
-0.008491992,-0.008492016,3,6
-0.008693773,-0.008692591,3,6
0.00972548,0.009725723,3,6
0.0013489954,0.001352825,3,6
0.006761907,0.0067655016,3,6
-0.0046272054,-0.004627968,3,6
0.0015013966,0.0015001245,3,6
0.00560474,0.0056040245,3,6
0.0032448648,0.0032434044,3,6
0.0011410293,0.0011399828,3,6
-0.0071289353,-0.0071234684,3,6
0.0055173826,0.0055123656,3,6
0.00033168157,0.00033271327,3,6
0.0059101516,0.005907427,3,6
-0.000704576,-0.0007108782,3,6
0.00090011786,0.0009061367,3,6
0.006728965,0.0067259953,3,6
-0.00097356644,-0.0009720244,3,6
-0.0007622578,-0.00076013454,3,6
-0.030539243,-0.030541759,3,6
-0.00040107168,-0.0004062891,3,6
0.000368242,0.00036778804,3,6
0.00095267943,0.00095222675,3,6
0.008220758,0.00822511,3,6
-0.0009111724,-0.00091092545,3,6
-0.0023404092,-0.0023377875,3,6
-0.0050259754,-0.0050224387,3,6
0.0059025846,0.0059010047,3,6
0.008121223,0.008121619,3,6
-0.010596877,-0.010601498,3,6
-0.021308566,-0.021309115,3,6
-0.0027302275,-0.0027341694,3,6
0.0001570893,0.00015708893,3,6
-0.0019748718,-0.0019747484,3,6
-0.014980796,-0.014979521,3,6
-0.00729306,-0.0072927265,3,6
0.0028869344,0.0028855775,3,6
0.0040283543,0.0040401192,3,6
0.0129392,0.012941886,3,6
0.004745111,0.0047458233,3,6
-0.0063685346,-0.006368239,3,6
0.006052639,0.006050636,3,6
0.021098431,0.021100624,3,6
-0.004989337,-0.0049945,3,6
-0.004626433,-0.004631305,3,6
-0.00597843,-0.00597289,3,6
0.0030376632,0.0030371407,3,6
0.010782581,0.010782357,3,6
-0.004528475,-0.00452848,3,6
0.0031940867,0.0031995077,3,6
-0.002428193,-0.0024257607,3,6
0.0066101225,0.0066118785,3,6
-0.0061954805,-0.0061906986,3,6
-0.004842725,-0.004840546,3,6
-0.0069471016,-0.0069542895,3,6
0.0020363121,0.0020384144,3,6
0.021200357,0.021198556,3,6
0.0045350776,0.0045394963,3,6
-0.00094345055,-0.00094083376,3,6
0.009091496,0.009094223,3,6
-0.0046659075,-0.004668009,3,6
0.0010828383,0.0010886033,3,6
0.0018482029,0.0018499518,3,6
0.0015199184,0.0015123853,3,6
0.002047987,0.0020453685,3,6
-0.0008627186,-0.000861856,3,6
-0.00660554,-0.0066092657,3,6
-0.0008093425,-0.0008108363,3,6
0.0056917323,0.005687215,3,6
-0.00960284,-0.009605132,3,6
-0.0020860173,-0.002090199,3,6
0.0014317158,0.0014364887,3,6
0.0016770355,0.0016730449,3,6
0.013021353,0.0130213285,3,6
0.00702187,0.0070303287,3,6
-0.00079414865,-0.0007912221,3,6
-0.003042095,-0.0030385673,3,6
-0.001729786,-0.0017293461,3,6
-0.0026824574,-0.002683209,3,6
0.004201057,0.0042008893,3,6
-0.004759796,-0.0047577415,3,6
-0.012698412,-0.012696117,3,6
0.0070973015,0.007096956,3,6
0.0021266064,0.002129732,3,6
0.0016036845,0.0015991905,3,6
-0.010067234,-0.010066149,3,6
-0.0047170673,-0.0047234707,3,6
0.008590147,0.008585948,3,6
-0.0028118454,-0.0028092975,3,6
0.000991182,0.0009966689,3,6
-0.0011428462,-0.0011404877,3,6
-0.0021223952,-0.002122966,3,6
-0.016758518,-0.01675861,3,6
-0.0018237103,-0.0018330388,3,6
-0.002067159,-0.0020673627,3,6
0.0036639126,0.0036650188,3,6
0.00343436,0.003438411,3,6
0.00292149,0.0029253566,3,6
0.005762102,0.005754877,3,6
-0.0010957762,-0.0010969355,3,6
0.0026867336,0.0026946857,3,6
0.0003659335,0.0003679999,3,6
0.0035771837,0.003578395,3,6
0.0015526182,0.0015529733,3,6
-0.005779346,-0.005787778,3,6
-0.0046559107,-0.0046545905,3,6
-0.00020536123,-0.00020804358,3,6
0.002978189,0.0029822376,3,6
-0.0008688387,-0.00086821296,3,6
0.018905308,0.018905502,3,6
-0.010516534,-0.0105198575,3,6
-0.008129454,-0.008126859,3,6
0.0017921461,0.0017914757,3,6
-0.007990941,-0.007993435,3,6
-0.0076468526,-0.0076476294,3,6
-0.018956104,-0.018954838,3,6
-0.0018197045,-0.0018217074,3,6
0.0018467979,0.0018405705,3,6
-3.7879057e-5,-3.800726e-5,3,6
-0.00507251,-0.005072562,3,6
-0.0064660986,-0.00646241,3,6
-0.005873741,-0.005868597,3,6
-0.0015931034,-0.0015920675,3,6
-0.040037706,-0.0400372,3,6
0.0037592363,0.003752095,3,6
-0.0053952765,-0.0053985473,3,6
0.0023970304,0.0023901877,3,6
-0.00022684356,-0.00022024839,3,6
-0.0033262097,-0.0033273858,3,6
0.0034059142,0.0033997581,3,6
-0.0017545859,-0.0017553505,3,6
-0.0019117987,-0.0019106788,3,6
-0.013267606,-0.013260755,3,6
0.00019063149,0.00019446338,3,6
0.021560704,0.021560753,3,6
0.0010609213,0.0010584792,3,6
-0.0017176451,-0.0017249548,3,6
0.007306027,0.007304734,3,6
0.010957499,0.010956187,3,6
0.006857733,0.0068564774,3,6
0.0070241187,0.007027599,3,6
-0.00080216554,-0.0008012863,3,6
-0.005870978,-0.005874805,3,6
0.0038578338,0.0038592415,3,6
0.012743678,0.012746261,3,6
-0.0058444235,-0.0058424273,3,6
-0.0020944693,-0.0020926222,3,6
0.0016528396,0.0016516907,3,6
0.005424459,0.0054265573,3,6
-0.001463174,-0.0014595531,3,6
-0.0016156232,-0.0016163022,3,6
0.0070641832,0.00706161,3,6
0.010599896,0.010597066,3,6
-0.0020359561,-0.0020330893,3,6
-0.0020809432,-0.002077715,3,6
-0.0061312076,-0.0061304937,3,6
-0.003612354,-0.003609813,3,6
-0.006082769,-0.006085573,3,6
-0.014322455,-0.014320453,3,6
-0.0050058826,-0.0050086593,3,6
0.0062929844,0.0062934738,3,6
0.013576666,0.0135750715,3,6
-0.001965064,-0.001969677,3,6
-0.005552834,-0.005552653,3,6
0.003436733,0.0034356148,3,6
0.004734028,0.0047365413,3,6
-0.011808553,-0.011810004,3,6
-0.0013167575,-0.0013157981,3,6
4.5689485e-5,4.2137515e-5,3,6
-0.0031749466,-0.003173944,3,6
0.0068444284,0.006842529,3,6
-0.0005892865,-0.00058498466,3,6
0.0019370357,0.0019359351,3,6
-0.0057008862,-0.0057057515,3,6
-0.0016610095,-0.0016599313,3,6
-1.3402747e-5,-1.8957211e-5,4,6
-0.0044218726,-0.0044148383,4,6
-0.001774681,-0.0017821942,4,6
-0.015023114,-0.015014782,4,6
0.0011198266,0.0011245437,4,6
0.003592046,0.0035950067,4,6
-0.00058943254,-0.00058560824,4,6
-0.0007899156,-0.0007898894,4,6
-0.03510514,-0.03510638,4,6
-0.004664665,-0.0046646395,4,6
-0.009243781,-0.009242596,4,6
-0.009392216,-0.009392867,4,6
0.0047191824,0.0047230446,4,6
0.0015521684,0.0015526565,4,6
0.0050048865,0.0049983417,4,6
-0.00370116,-0.0037006522,4,6
0.004781615,0.0047757714,4,6
-0.0054488904,-0.0054539554,4,6
-0.0010454815,-0.0010442442,4,6
-0.00357107,-0.003570756,4,6
0.007725237,0.0077325995,4,6
-0.08053264,-0.08052962,4,6
0.007170148,0.007167311,4,6
0.0014999164,0.0014972006,4,6
-0.00544539,-0.005445087,4,6
-0.003095758,-0.0030893204,4,6
0.016285067,0.016290179,4,6
-0.0025185992,-0.0025134317,4,6
-0.011887966,-0.011886415,4,6
-0.0009570666,-0.00095851807,4,6
-0.00906963,-0.009066619,4,6
0.0024786151,0.0024781597,4,6
0.0025096552,0.002513621,4,6
-0.016800826,-0.01680259,4,6
-0.028667204,-0.02866045,4,6
0.002763524,0.0027559116,4,6
0.004144185,0.0041515217,4,6
0.024223302,0.02422771,4,6
-0.027161542,-0.027163075,4,6
0.00046444393,0.00046821908,4,6
0.0003292168,0.0003292764,4,6
0.00017267991,0.00017405498,4,6
-0.002468369,-0.0024610425,4,6
-0.0015125107,-0.0015093216,4,6
-0.002065967,-0.0020649259,4,6
-0.012231696,-0.012228575,4,6
0.0034588906,0.0034647987,4,6
-0.00951145,-0.00951057,4,6
-0.017313221,-0.017312368,4,6
-0.0029723772,-0.002972183,4,6
-0.019081391,-0.019082846,4,6
0.011600765,0.011602042,4,6
0.03171304,0.031701274,4,6
-0.0012295077,-0.0012259203,4,6
0.012237993,0.012239715,4,6
0.0035923556,0.0035986514,4,6
-0.003507712,-0.0035079622,4,6
0.008387315,0.008384833,4,6
0.017139915,0.017143194,4,6
-0.022383966,-0.022380805,4,6
3.704782e-5,4.1360152e-5,4,6
0.015179184,0.015173085,4,6
-0.0025988116,-0.0025959609,4,6
-0.007104972,-0.007102448,4,6
0.0054871873,0.005485942,4,6
0.007988617,0.007983085,4,6
-0.00031766001,-0.00031655448,4,6
-0.015143177,-0.015142397,4,6
0.0070158537,0.007015614,4,6
0.008389165,0.008390921,4,6
0.01574678,0.015752528,4,6
-0.0012069129,-0.0012064828,4,6
0.0037444916,0.0037516486,4,6
-0.013788002,-0.013781769,4,6
0.0067043104,0.006704057,4,6
0.0006961253,0.0006998089,4,6
0.0032397206,0.0032407339,4,6
0.0006998752,0.0007,4,6
0.0076783476,0.007682405,4,6
0.0019803422,0.0019826281,4,6
0.0039673145,0.003967726,4,6
-0.002327392,-0.0023240119,4,6
0.0011096298,0.0011137491,4,6
-0.0010607872,-0.0010558399,4,6
-0.041496657,-0.041484233,4,6
0.0037239657,0.0037226912,4,6
-0.0018376135,-0.001835985,4,6
-0.005718414,-0.005714367,4,6
-0.012326614,-0.012327377,4,6
-0.0096602505,-0.009664946,4,6
-0.008628171,-0.008623781,4,6
-0.02088369,-0.020878786,4,6
-0.031493332,-0.031486526,4,6
0.009564674,0.009566781,4,6
-0.00076919765,-0.0007687402,4,6
-0.0032999425,-0.003296718,4,6
-0.008879884,-0.0088745225,4,6
-0.008306022,-0.008300572,4,6
-0.0027286084,-0.0027276934,4,6
-0.0018895393,-0.0018874456,4,6
-0.0064278967,-0.00642736,4,6
0.0027495106,0.0027531458,4,6
0.002269023,0.0022775389,4,6
0.0006457881,0.00065403344,4,6
0.0016750365,0.0016796887,4,6
-0.003114619,-0.003110303,4,6
0.0004981393,0.0004984949,4,6
-0.0389914,-0.038988348,4,6
0.0034467424,0.0034488477,4,6
-0.00093984907,-0.00093373784,4,6
0.0014545306,0.0014590019,4,6
0.0048481,0.0048487866,4,6
-0.00019854083,-0.00019843792,4,6
-0.030013805,-0.030005693,4,6
-0.00094076514,-0.00093764125,4,6
-0.015146155,-0.015139396,4,6
-0.008721916,-0.008725563,4,6
0.00021326418,0.00021406556,4,6
-0.03912841,-0.039133392,4,6
0.002936872,0.0029396128,4,6
-0.0032554937,-0.0032513498,4,6
-0.03549438,-0.035495814,4,6
-0.0448323,-0.044829898,4,6
0.003784828,0.0037848295,4,6
0.08102117,0.081018165,4,6
0.003497796,0.0035036085,4,6
-0.0060473275,-0.0060487026,4,6
0.0003576914,0.0003653329,4,6
-0.006461282,-0.006461127,4,6
0.002246124,0.0022501207,4,6
0.0041445307,0.0041472097,4,6
0.0014271068,0.0014330042,4,6
-0.01735578,-0.017354738,4,6
0.011268745,0.011267157,4,6
0.12531234,0.12530968,4,6
-0.007841033,-0.007835496,4,6
0.0046070344,0.004602838,4,6
0.0034042255,0.0034066448,4,6
0.00050480437,0.00050376425,4,6
0.0011311842,0.0011298603,4,6
-0.004968188,-0.0049634133,4,6
-0.014487339,-0.014482237,4,6
0.0019563106,0.0019584007,4,6
-0.03345868,-0.0334541,4,6
-0.0008457695,-0.00084281445,4,6
0.002842965,0.002848276,4,6
0.0040244134,0.004025827,4,6
0.008741228,0.008739226,4,6
0.0032392468,0.0032424917,4,6
-0.019832525,-0.019829743,4,6
-0.0072760074,-0.007272451,4,6
-0.009972331,-0.009974044,4,6
-0.0038168263,-0.0038113676,4,6
-0.00045118202,-0.00044720757,4,6
0.0019790248,0.0019790847,4,6
0.07447697,0.074471325,4,6
0.0029249217,0.002925325,4,6
0.015511669,0.015514881,4,6
0.0145296175,0.014533551,4,6
0.0005219214,0.00052168494,4,6
0.009723409,0.009723659,4,6
-0.006490737,-0.006491535,4,6
0.00272343,0.0027224557,4,6
0.010130101,0.010125065,4,6
-0.008107938,-0.00810511,4,6
-0.0032994484,-0.0032975597,4,6
-0.009149073,-0.00915096,4,6
0.0153153185,0.015319082,4,6
0.004861132,0.0048655597,4,6
0.007423147,0.0074182185,4,6
-0.010025252,-0.01002631,4,6
-0.002658624,-0.0026563522,4,6
0.0009958585,0.0010012358,4,6
0.0026730045,0.002675477,4,6
0.0062683886,0.00627048,4,6
-0.019871796,-0.01986572,4,6
0.012435023,0.012436774,4,6
-0.012658113,-0.01265908,4,6
-0.007059775,-0.007056328,4,6
-0.020612143,-0.020619763,4,6
0.0036195614,0.0036226634,4,6
-0.03305214,-0.033055075,4,6
-0.02976768,-0.029772522,4,6
-0.0041808547,-0.0041794265,4,6
-0.0015171833,-0.0015111828,4,6
-0.00062228384,-0.00061917107,4,6
-0.004996757,-0.004995802,4,6
-0.001980162,-0.001980341,4,6
0.0015900527,0.001592038,4,6
0.004979987,0.0049792365,4,6
-0.008248452,-0.008249538,4,6
0.011790614,0.011791956,4,6
0.012932472,0.012938357,4,6
-0.0043555754,-0.004351023,4,6
-0.00045787272,-0.00045653438,4,6
-0.0049595805,-0.004957593,4,6
-0.010323837,-0.010323079,4,6
-0.0018595824,-0.0018572418,4,6
0.00705973,0.007068561,4,6
-0.011315755,-0.011312248,4,6
0.001278339,0.0012848551,4,6
-0.0022795557,-0.0022715186,4,6
0.0036996037,0.0036952402,4,6
0.0045786705,0.0045845117,4,6
-0.005865769,-0.005867888,4,6
-0.009159575,-0.009156599,4,6
-0.005315801,-0.0053103967,4,6
0.0054579712,0.005452432,4,6
0.0053382753,0.005345536,4,6
-0.009052964,-0.009048935,4,6
0.001440051,0.0014394379,4,6
0.005869751,0.0058705616,4,6
-0.005476945,-0.0054745814,4,6
-0.04155273,-0.04156336,4,6
0.00097552646,0.0009749337,4,6
0.0016933437,0.0016962695,4,6
-0.0072837137,-0.0072761434,4,6
-0.0068146875,-0.0068124062,4,6
-0.0033949183,-0.0033996832,4,6
-0.031638384,-0.03163865,4,6
0.0045827767,0.004592797,4,6
-0.0036348107,-0.0036343532,4,6
0.014961454,0.014955945,4,6
-0.0005469724,-0.0005464054,4,6
-0.0016623066,-0.0016620518,4,6
0.0055424445,0.0055468543,4,6
-0.014664358,-0.01465603,4,6
0.0056585907,0.005662203,4,6
-0.0010660023,-0.0010648724,4,6
-0.008637486,-0.0086375885,4,6
0.0037769869,0.0037769356,4,6
-0.002815417,-0.0028094375,4,6
-0.003838503,-0.0038363033,4,6
-0.012982947,-0.012981824,4,6
-0.0029619685,-0.0029565436,4,6
-0.010989547,-0.010990811,4,6
-0.0003822085,-0.00038002396,4,6
0.001620463,0.0016241036,4,6
-2.6161553e-5,-2.1150372e-5,4,6
0.0020437546,0.0020439478,4,6
-0.0058578313,-0.0058562816,4,6
-0.031461343,-0.031454027,4,6
-0.0034339775,-0.0034297719,4,6
0.002718007,0.0027165762,4,6
-0.0041980096,-0.0041917134,4,6
-0.0036047702,-0.0035988307,4,6
0.007760304,0.0077582058,4,6
-0.0025434853,-0.0025252064,4,6
0.001844802,0.0018447844,4,6
-0.00020224704,-0.0002036019,4,6
0.002413104,0.0024169968,5,6
0.00062775495,0.00063023536,5,6
-0.001747941,-0.0017459028,5,6
0.0014884896,0.0014891826,5,6
-0.0029483975,-0.0029431258,5,6
-0.006031401,-0.0060302615,5,6
-0.0019127713,-0.0019077292,5,6
0.0024056348,0.002407012,5,6
0.0036717588,0.0036750713,5,6
-0.0031726789,-0.0031702877,5,6
-0.00524678,-0.005242913,5,6
-0.0030066925,-0.0030045363,5,6
-0.0031931275,-0.003189687,5,6
0.0018127749,0.0018120584,5,6
-0.00082779233,-0.00082249095,5,6
0.0008975122,0.0008995013,5,6
-0.027617598,-0.027620861,5,6
0.00243759,0.002439057,5,6
0.010476841,0.010481996,5,6
-0.032909796,-0.032911375,5,6
-0.0147787,-0.014774415,5,6
-0.0033976638,-0.003390374,5,6
-0.0107497135,-0.010748466,5,6
-0.0010032832,-0.0010003492,5,6
-0.026104879,-0.02610789,5,6
-0.0011127812,-0.0011084629,5,6
0.011440471,0.011442545,5,6
0.00036399518,0.0003636946,5,6
0.002207721,0.0022112029,5,6
-0.013817747,-0.013818041,5,6
0.005283271,0.005289546,5,6
-0.04952115,-0.049520146,5,6
-0.0071424004,-0.0071372213,5,6
-0.008737252,-0.008735934,5,6
-0.003718717,-0.003719563,5,6
-0.00019392515,-0.00018940069,5,6
0.00033095514,0.0003284538,5,6
-0.0030090036,-0.0030057442,5,6
-0.01726795,-0.017269032,5,6
-0.0038893665,-0.0038918017,5,6
0.005888867,0.005890177,5,6
-0.0038710213,-0.003870739,5,6
-0.0014478447,-0.0014421624,5,6
-0.0005472968,-0.000545527,5,6
0.0014321805,0.0014350949,5,6
-0.00398311,-0.003980442,5,6
-0.00041515747,-0.00041496553,5,6
-0.0011486028,-0.0011477609,5,6
0.001062848,0.001068859,5,6
0.00023697136,0.00024037031,5,6
0.0021641701,0.0021700233,5,6
-0.001996324,-0.0019933754,5,6
0.005928788,0.0059322855,5,6
-0.00032581217,-0.00032408434,5,6
0.002873234,0.0028760287,5,6
-0.0042204657,-0.004219223,5,6
-0.0025497994,-0.0025487535,5,6
0.01313244,0.013126258,5,6
-0.0014191216,-0.0014183277,5,6
-0.0011751049,-0.0011679231,5,6
0.0007111948,0.00071199,5,6
-0.005197602,-0.005196775,5,6
-0.015676284,-0.015673226,5,6
-0.0014344224,-0.0014307592,5,6
-0.0014053786,-0.0014057037,6,6
0.03594749,0.03595254,6,6
0.011543949,0.011540128,6,6
0.0542436,0.054246623,6,6
-0.0026089635,-0.0026137885,6,6
-0.005143098,-0.0051481114,6,6
-0.012782907,-0.012778296,6,6
0.0027674122,0.0027626962,6,6
0.011002415,0.011002087,6,6
-0.0047006747,-0.0047020623,6,6
-0.009459512,-0.009457406,6,6
-0.01298081,-0.012973481,6,6
-0.0067103417,-0.00670775,6,6
0.0049277847,0.0049287914,6,6
0.009023844,0.009025566,6,6
-0.007648487,-0.0076449304,6,6
-0.029196657,-0.029194858,6,6
-0.0091704605,-0.009172161,6,6
0.0089621395,0.008958552,6,6
-0.0039062393,-0.003903117,6,6
-0.031642277,-0.03164026,6,6
-0.024797367,-0.024794294,6,6
-0.0047248686,-0.004730646,6,6
0.019830566,0.019832233,6,6
-0.0040803542,-0.004076572,6,6
0.015509738,0.01550607,6,6
0.024000302,0.024001947,6,6
-0.0009126092,-0.00090975413,6,6
-0.01524259,-0.015248897,6,6
-0.011082205,-0.011082404,6,6
0.13570753,0.13571557,6,6
0.014414595,0.014414627,6,6
0.012768704,0.012770948,6,6
-0.008342675,-0.008343518,6,6
0.021599075,0.021602236,6,6
-0.0097526265,-0.00975401,6,6
0.012293966,0.012294114,6,6
-0.016143188,-0.016147101,6,6
-0.0018509158,-0.0018512141,6,6
0.0091333585,0.009132803,6,6
-0.00493773,-0.004937778,6,6
0.020135272,0.020140585,6,6
-0.02455306,-0.024554728,6,6
-0.028887453,-0.028886393,6,6
-0.023321807,-0.023316849,6,6
0.0054953215,0.0054977406,6,6
0.010843317,0.010843282,6,6
-0.00048652018,-0.000490928,6,6
0.013363146,0.0133586535,6,6
0.03411081,0.03411318,6,6
0.0165344,0.01652904,6,6
-0.010662882,-0.010664271,6,6
-0.014239199,-0.014241146,6,6
-0.022228336,-0.022231376,6,6
-0.019609442,-0.01961398,6,6
0.0032277692,0.0032267454,6,6
0.029357575,0.029354673,6,6
-0.005484917,-0.0054870774,6,6
-0.016619835,-0.016627949,6,6
0.007854505,0.007848245,6,6
0.0036872816,0.0036931275,6,6
-0.006075414,-0.006075197,6,6
0.019584646,0.01958516,6,6
0.057974353,0.057978272,6,6
-0.0023929903,-0.0023928462,1,7
0.0013937647,0.0014001332,1,7
0.0011012176,0.0010957433,1,7
-0.0010839737,-0.001085271,1,7
-0.0049007838,-0.0049029603,1,7
-0.0043240916,-0.0043272246,1,7
0.007161288,0.0071576056,1,7
0.00013306297,0.00013569664,1,7
0.00029215758,0.00029960333,1,7
-0.0035826762,-0.003576514,1,7
-0.0028572597,-0.002862485,1,7
0.0006385786,0.0006383741,1,7
0.00457705,0.004575663,1,7
0.013016811,0.013018684,1,7
0.018878017,0.018872801,1,7
0.00096173916,0.0009672733,1,7
0.015093948,0.015091216,1,7
0.0010299782,0.0010334725,1,7
4.1035688e-5,4.6671907e-5,1,7
-0.003258906,-0.0032644612,1,7
0.0016632901,0.0016583736,1,7
-0.0044021127,-0.0044045285,1,7
0.0013773813,0.0013686451,1,7
0.007793257,0.0077903164,1,7
0.004352593,0.0043563335,1,7
0.001199519,0.0012049628,1,7
0.0018712775,0.0018827711,1,7
7.642672e-5,7.495809e-5,1,7
-0.00046362882,-0.00045728454,1,7
0.0092454525,0.009240188,1,7
-0.0029301832,-0.002934276,1,7
-0.0009235875,-0.00092086924,1,7
0.0017654089,0.0017706251,1,7
0.008950432,0.008955866,1,7
0.0015883403,0.0015908019,1,7
-0.00088323175,-0.00087907136,1,7
0.0012994893,0.0012923597,1,7
0.0009498808,0.00095367373,1,7
0.0012726118,0.0012731547,1,7
-0.0059086,-0.005914605,1,7
0.002019807,0.002022027,1,7
-0.00097650994,-0.0009809055,1,7
0.0045434036,0.0045517487,1,7
-0.00018902496,-0.00019440259,1,7
-0.00078092894,-0.00077486486,1,7
0.0026076483,0.002613672,1,7
-0.005102474,-0.005101374,1,7
-0.0089538405,-0.008950518,1,7
-0.0046917605,-0.004691805,1,7
-0.00067026226,-0.0006732008,1,7
0.0037111212,0.0037140988,1,7
-0.003017652,-0.003008696,1,7
-0.00016360787,-0.00016017871,1,7
-0.0060435846,-0.0060583767,1,7
-0.0034917747,-0.0034883309,1,7
-6.815414e-5,-6.546866e-5,1,7
0.00020956651,0.00020732221,1,7
-0.0063949847,-0.006394344,1,7
0.0035404966,0.0035416875,1,7
0.00092304876,0.00092502823,1,7
-0.002308757,-0.0023046504,1,7
-0.0010266925,-0.0010267388,1,7
0.0053993803,0.0054055788,1,7
0.010461049,0.010469804,1,7
-0.0021853258,-0.0021979047,1,7
-0.001692624,-0.0016957455,1,7
0.0006538558,0.0006434385,1,7
-0.0047440603,-0.0047428515,1,7
0.00073298026,0.00073641445,1,7
0.00016368089,0.00016415914,1,7
0.0012007599,0.0012040426,1,7
0.001064289,0.0010698371,1,7
0.0013694762,0.0013761262,1,7
0.0074392906,0.0074369065,1,7
0.008524036,0.008515782,1,7
0.0025437933,0.0025469684,1,7
0.0016235674,0.0016199069,1,7
0.0034731156,0.0034730698,1,7
-0.00020889317,-0.00020184058,1,7
0.001423142,0.0014259397,1,7
-0.00585124,-0.0058508487,1,7
-0.0010547433,-0.00105261,1,7
0.0033557964,0.0033611332,1,7
0.00023035938,0.00022663207,1,7
-0.0011228491,-0.0011215053,1,7
0.0057210927,0.005720715,1,7
-0.0055488064,-0.0055443933,1,7
0.00074475835,0.00074676,1,7
0.008090862,0.008093527,1,7
-0.002946392,-0.0029584707,1,7
0.0005288795,0.0005277515,1,7
0.003258133,0.0032610162,1,7
-0.0040495093,-0.0040500127,1,7
-0.0043864246,-0.0043857256,1,7
-0.0013042323,-0.0012940863,1,7
-0.0018514555,-0.0018588215,1,7
0.0012483232,0.001254767,1,7
-0.0018821432,-0.0018774803,1,7
0.0014675678,0.0014726561,1,7
0.00039718836,0.0003950784,1,7
-0.000613319,-0.00061625853,1,7
0.0010473859,0.001048421,1,7
-0.0017624035,-0.0017629465,1,7
0.010000122,0.009998369,1,7
0.00043566964,0.00044279775,1,7
0.00066606124,0.00066697266,1,7
-0.0039041387,-0.0039152093,1,7
0.0025392463,0.0025441812,1,7
-0.00043410578,-0.0004370183,1,7
-0.00012851984,-0.00012959438,1,7
-0.001988954,-0.0019949537,1,7
0.0043894756,0.00439525,1,7
0.0011568905,0.0011618363,1,7
-0.0026293553,-0.002622336,1,7
0.0003190342,0.0003172551,1,7
-0.003412447,-0.0034067861,1,7
-0.0064625405,-0.0064608,1,7
-0.0074021807,-0.007397255,1,7
0.004413744,0.004405194,1,7
-0.022054432,-0.022052962,1,7
0.00057008496,0.0005676058,1,7
0.0061004846,0.006091083,1,7
0.002092856,0.002095821,1,7
0.003996711,0.004000845,1,7
0.00422791,0.0042195986,1,7
0.00030624363,0.00030604642,1,7
-0.0067288894,-0.006727753,1,7
-0.003333729,-0.003335238,1,7
-0.00050043623,-0.00050212344,1,7
0.0011027285,0.001102075,1,7
0.0077341255,0.007733492,1,7
-0.0007315505,-0.0007281847,1,7
-0.007510319,-0.007509818,1,7
0.0068577365,0.00685987,1,7
-0.00083799433,-0.00084036356,1,7
-0.011586993,-0.011591795,1,7
0.0028693865,0.002871993,1,7
0.0026286547,0.0026249827,1,7
0.005585425,0.005585186,1,7
-0.0007220128,-0.0007201363,1,7
0.0027109927,0.0027089012,1,7
-0.0022576132,-0.002247647,1,7
0.00067202933,0.00066502445,1,7
0.0008643095,0.0008647154,1,7
-0.0013318566,-0.0013345553,1,7
0.002749206,0.0027495415,1,7
-0.0042438637,-0.0042312145,1,7
-0.004390625,-0.0043844474,1,7
0.03841709,0.03840819,1,7
0.0013425545,0.0013402721,1,7
-0.0015665333,-0.0015679684,1,7
-0.0011585256,-0.0011628236,1,7
0.0010288046,0.0010264762,1,7
0.009521097,0.009528013,1,7
-1.7513428e-5,-1.9566549e-5,1,7
-0.0020233316,-0.0020198536,1,7
0.0016518785,0.0016555246,1,7
0.014925342,0.0149209825,1,7
-0.0005513358,-0.00055990927,1,7
0.009643161,0.00965337,1,7
-0.0005580199,-0.0005451588,1,7
0.0007595016,0.0007611524,1,7
0.00095188094,0.0009590873,1,7
-0.001555905,-0.001557867,1,7
-0.0005480537,-0.0005413763,1,7
0.0020622143,0.002062073,1,7
-0.00058593927,-0.0005804262,1,7
-0.007797653,-0.007787124,1,7
0.009388125,0.00939248,1,7
0.0051472117,0.005147711,1,7
-3.2282292e-6,-1.3985467e-6,1,7
-0.0023001058,-0.0022898957,1,7
-0.0029501056,-0.002947542,1,7
0.0013776212,0.0013765298,1,7
-0.0066489447,-0.006647003,1,7
-5.407663e-5,-5.0565137e-5,1,7
-0.00027681686,-0.0002804953,1,7
0.0024561717,0.002465555,1,7
0.0005926764,0.00058592285,1,7
0.0029773007,0.00298564,1,7
-0.00026964772,-0.0002572933,1,7
-0.0065980665,-0.006609426,1,7
0.0022961947,0.0022950745,1,7
-0.001163733,-0.0011613644,1,7
0.0019297205,0.0019389825,1,7
-0.0029989926,-0.0029920163,1,7
0.0033029825,0.0033025963,1,7
-0.0015841956,-0.0015894765,1,7
0.004125614,0.004123923,1,7
-0.008861893,-0.00886658,1,7
0.008630995,0.008633777,1,7
-0.00079712796,-0.0007923456,1,7
-0.0052864663,-0.005290508,1,7
-0.0021132831,-0.0021137607,1,7
-0.0035116328,-0.0035202734,1,7
0.02415352,0.02416202,1,7
-0.004118865,-0.004125063,1,7
0.0011740018,0.0011839167,1,7
0.001299433,0.0012991324,1,7
-0.0003265557,-0.0003291588,1,7
-0.0011883468,-0.0011852697,1,7
-0.0023148367,-0.0023112132,1,7
0.0049145557,0.0049165953,1,7
-0.005026097,-0.0050190743,1,7
0.0026915523,0.0026911881,1,7
0.0001752597,0.00017843713,1,7
0.0010117568,0.0010175392,1,7
0.0014182652,0.0014196587,1,7
-0.0027836168,-0.0027960176,1,7
-0.000429088,-0.00043252853,1,7
0.0041588065,0.0041563157,1,7
0.00066390727,0.00065636967,1,7
0.004453735,0.0044505703,1,7
-0.00080220925,-0.0008100961,1,7
-0.0018543076,-0.0018605887,1,7
-0.005602287,-0.005603635,1,7
-0.00017903489,-0.00017920155,1,7
-0.0041844766,-0.004171699,1,7
0.0014446496,0.0014443164,1,7
-0.0021189635,-0.0021177095,1,7
0.000907222,0.00090596377,1,7
-0.00035005613,-0.0003482016,1,7
0.007897446,0.007889269,1,7
0.0002984718,0.00030108515,1,7
-0.0010362577,-0.001032502,1,7
0.00039662552,0.000390538,1,7
0.0012872445,0.0012861216,1,7
-0.0009236843,-0.000920013,1,7
-0.01018637,-0.010182713,1,7
-0.0008553681,-0.0008573692,1,7
-0.008063631,-0.008053649,1,7
0.0026400797,0.0026360734,1,7
0.0059364517,0.005939988,1,7
-0.0007700939,-0.00077708927,1,7
0.0021493093,0.0021560963,1,7
0.0059628855,0.0059604887,1,7
-0.0018418474,-0.0018420825,1,7
0.0020118975,0.002011812,1,7
-0.0019828137,-0.0019827613,1,7
-0.0015071942,-0.0015014685,1,7
-0.0034146195,-0.003410729,1,7
-0.0051298467,-0.0051331427,1,7
-0.0014811741,-0.0014667916,1,7
-0.002277141,-0.002270579,1,7
-0.01842118,-0.018427012,1,7
-0.0077332053,-0.0077304007,1,7
0.00017449792,0.00017973813,1,7
0.0009974991,0.0010009984,1,7
0.0021465432,0.002138284,1,7
0.0009770382,0.00097640336,1,7
0.0016187625,0.001623913,2,7
-0.0018364679,-0.0018301527,2,7
0.0010929671,0.0010966836,2,7
-8.069055e-5,-7.6438744e-5,2,7
-0.00029075495,-0.00029062855,2,7
-5.7416768e-5,-5.6038603e-5,2,7
0.00074771343,0.0007490788,2,7
-0.0009414944,-0.000939141,2,7
0.0014358697,0.0014379306,2,7
-0.0015369074,-0.0015347296,2,7
-0.0014000614,-0.0013974033,2,7
-0.00041473546,-0.00041224217,2,7
-0.00049928395,-0.00049097056,2,7
-0.0010731586,-0.0010695357,2,7
-0.00028032012,-0.00028041576,2,7
-0.004323378,-0.0043211845,2,7
0.0011777356,0.0011821331,2,7
0.010312143,0.010313032,2,7
-0.0049100937,-0.0049091284,2,7
4.9139453e-5,4.841894e-5,2,7
0.00020630888,0.00021248758,2,7
0.000536199,0.0005372308,2,7
0.0010904558,0.001094635,2,7
-0.0010320281,-0.0010304928,2,7
-7.635464e-5,-7.528955e-5,2,7
-0.0025942654,-0.0025894796,2,7
0.0007835341,0.00078815024,2,7
-0.00245878,-0.0024587794,2,7
0.0017126865,0.0017174458,2,7
-0.0018675884,-0.001866513,2,7
-0.0007054809,-0.0007007181,2,7
-0.0009367697,-0.0009332829,2,7
0.0034506165,0.0034529823,2,7
-0.017075364,-0.017071264,2,7
0.008498482,0.008500529,2,7
0.0008307901,0.0008394153,2,7
0.0013106819,0.0013134576,2,7
0.0022289196,0.0022297387,2,7
-0.0021771342,-0.0021724582,2,7
-0.007860191,-0.0078606885,2,7
0.0018671375,0.0018682608,2,7
-0.0024711145,-0.002472774,2,7
0.00060231605,0.00060543313,2,7
-0.0017096765,-0.001707174,2,7
0.00019857782,0.00019965264,2,7
0.0024569356,0.002460432,2,7
0.004402171,0.00440687,2,7
-0.0008107569,-0.0008101503,2,7
-0.011951476,-0.0119471885,2,7
-3.6684596e-5,-3.7627233e-5,2,7
0.00011291594,0.00011516705,2,7
-0.007723065,-0.007723588,2,7
-0.0005131424,-0.0005128891,2,7
0.0017151161,0.0017176856,2,7
-0.0049617505,-0.0049613994,2,7
-0.000996876,-0.0009953973,2,7
0.0014733775,0.001475885,2,7
-6.572823e-5,-6.491468e-5,2,7
0.0013847529,0.0013853678,2,7
-0.0014623357,-0.0014609987,2,7
0.011034208,0.011033365,2,7
-0.00093157555,-0.0009260087,2,7
-0.0014325737,-0.0014349128,2,7
0.00044210808,0.0004457631,2,7
0.0017263136,0.0017297299,2,7
0.0007715496,0.0007726357,2,7
-0.011309378,-0.011307964,2,7
-0.00055163173,-0.0005447274,2,7
-0.00019025973,-0.0001840939,2,7
-0.0014370333,-0.0014330357,2,7
0.00045436187,0.00045119866,2,7
-0.0012396922,-0.0012390399,2,7
-0.003882811,-0.003881777,2,7
0.0047301794,0.0047285073,2,7
-0.006296224,-0.0062975055,2,7
-0.0017717724,-0.0017718935,2,7
-0.0008360118,-0.00083431986,2,7
0.000104917446,0.000108488275,2,7
-0.0035445786,-0.0035388444,2,7
-0.001293398,-0.0012920075,2,7
-0.0010663465,-0.001063901,2,7
0.00200777,0.0020105122,2,7
-0.007080063,-0.0070828237,2,7
0.004289661,0.0042935046,2,7
-0.000534325,-0.0005281713,2,7
-0.0013141567,-0.0013095412,2,7
-6.537449e-5,-6.45266e-5,2,7
0.0010934934,0.0010976761,2,7
0.00011277369,0.0001162238,2,7
-0.008357084,-0.008357101,2,7
0.006754179,0.0067516547,2,7
-0.00024235144,-0.0002413394,2,7
-0.00087342854,-0.000870899,2,7
-0.00037413128,-0.0003729731,2,7
-0.005277768,-0.0052726367,2,7
0.000856597,0.0008569812,2,7
-0.0020197902,-0.002020656,2,7
0.0032997439,0.003303414,2,7
1.3030514e-6,3.849961e-6,2,7
0.0004520526,0.00045642816,2,7
5.9896738e-5,6.3162515e-5,2,7
-0.0020512342,-0.0020476654,2,7
0.0011136812,0.0011192936,2,7
-0.0058018146,-0.0058009494,2,7
0.0006617822,0.0006647061,2,7
0.00012429536,0.00012929595,2,7
0.0050808666,0.0050833356,2,7
0.0002806748,0.00028461887,2,7
0.00048217073,0.00048335778,2,7
-0.010874708,-0.0108730355,2,7
0.0018750426,0.0018768812,2,7
-0.00062698394,-0.0006247377,2,7
0.0028265878,0.002826764,2,7
0.00036139856,0.00036297087,2,7
-0.002169314,-0.002163058,2,7
-0.0022134036,-0.002216035,2,7
0.0051393225,0.0051458036,2,7
0.00035171007,0.00035275158,2,7
0.0008316996,0.0008381941,2,7
8.417105e-5,8.7042725e-5,2,7
0.00047128636,0.00047611265,2,7
0.0015424202,0.0015393547,2,7
-0.010863664,-0.010855865,2,7
-0.00061774306,-0.0006173685,2,7
0.0012855332,0.0012859377,2,7
0.0013788408,0.0013785507,2,7
-6.1615174e-5,-5.7657562e-5,2,7
8.805839e-5,8.8103836e-5,2,7
-0.00061500043,-0.0006110646,2,7
-0.0006777508,-0.0006780881,2,7
0.0012598922,0.0012629839,2,7
0.0026927495,0.0026962366,2,7
-0.0010509802,-0.0010452219,2,7
0.00055111013,0.0005529736,2,7
-0.0011909757,-0.0011886164,2,7
-0.0020828187,-0.002080851,2,7
8.022491e-5,8.123969e-5,2,7
0.0060215387,0.006026027,2,7
-0.001721677,-0.0017165674,2,7
0.00249097,0.0024902218,2,7
-0.0027297295,-0.0027259775,2,7
0.0154472515,0.015448191,2,7
-0.00028232968,-0.00028073732,2,7
0.0036689213,0.003672751,2,7
0.00023381047,0.00023713625,2,7
0.00322957,0.003230473,2,7
-0.0023365095,-0.0023341926,2,7
-0.0014643405,-0.0014615547,2,7
-0.0044504115,-0.004448273,2,7
0.00222359,0.0022251718,2,7
-0.0013698047,-0.001367354,2,7
0.0006348421,0.00063651043,2,7
-0.000795107,-0.0007917541,2,7
0.00029012808,0.0002940251,2,7
-0.0037112858,-0.0037075563,2,7
-0.000677196,-0.0006765976,2,7
-0.008488265,-0.008485893,2,7
-0.011976971,-0.0119752325,2,7
0.0017215139,0.0017224788,2,7
-0.0012088447,-0.0012067828,2,7
0.0009930608,0.0009942189,2,7
-0.0013614829,-0.0013616866,2,7
-0.000708804,-0.00070696627,2,7
-0.00922534,-0.009223931,2,7
-0.0008404283,-0.00083564926,2,7
0.000477721,0.00047632886,2,7
0.00025985917,0.0002619475,2,7
9.0772606e-5,9.302719e-5,2,7
-0.0026848994,-0.0026764295,2,7
-0.0010617982,-0.0010535597,2,7
0.0006140772,0.0006171278,2,7
-0.0019868005,-0.001985193,2,7
0.0024474747,0.002449393,2,7
-0.0005501191,-0.00054609514,2,7
-0.0017340399,-0.0017310226,2,7
-0.0011906021,-0.0011906896,2,7
-0.0012617853,-0.0012605748,2,7
-0.0015992158,-0.0015976727,2,7
6.585815e-5,7.2637406e-5,2,7
0.00218408,0.002184991,2,7
-0.0056140698,-0.005608036,2,7
-0.0007645156,-0.00076013734,2,7
0.0023469257,0.0023495583,2,7
0.004304088,0.00430034,2,7
-0.00019712019,-0.00019605062,2,7
0.0003320486,0.000329369,2,7
0.008569136,0.0085782055,2,7
0.004973631,0.0049720104,2,7
-0.014599318,-0.014597797,2,7
0.0030005656,0.0029989881,2,7
0.0028685662,0.0028703085,2,7
-9.223688e-5,-8.566664e-5,2,7
0.00081951404,0.00082308333,2,7
0.0006489376,0.0006497147,2,7
0.00015838523,0.00016001872,2,7
0.0022844747,0.002287092,2,7
-0.0010297359,-0.001025888,2,7
0.0005228081,0.0005271707,2,7
0.0039973957,0.004003416,2,7
0.0003135043,0.00031281964,2,7
0.008368871,0.008370508,2,7
0.00053949835,0.00054137985,2,7
-3.985118e-5,-3.4940287e-5,2,7
0.00032398276,0.00032674157,2,7
0.0006991553,0.0007039365,2,7
0.00090739224,0.0009069258,2,7
0.0039554373,0.003961632,2,7
-0.017908797,-0.017906327,2,7
0.0010924578,0.0010913864,2,7
0.0034625167,0.0034636825,2,7
0.0028245028,0.0028250534,2,7
-0.009237165,-0.009232642,2,7
-0.0009468366,-0.0009466498,2,7
0.00020030858,0.00020377521,2,7
-0.0012987562,-0.0012975746,2,7
0.00031665288,0.00031804483,2,7
-0.00082569924,-0.00082255213,2,7
0.00570075,0.005700523,2,7
0.0035375948,0.00354099,2,7
-0.0028018004,-0.002798374,2,7
0.0002390113,0.00023941796,2,7
-0.0008056793,-0.0008016892,2,7
0.0029419686,0.0029442005,2,7
-0.0016452314,-0.0016396048,2,7
0.0016058923,0.0016058463,2,7
0.00021222002,0.00021510605,2,7
-0.006435541,-0.0064322418,2,7
0.0009034186,0.00090527185,2,7
0.00087547983,0.00087875925,2,7
0.00030878998,0.00031108182,2,7
-0.0012134026,-0.0012124694,2,7
-0.00017907094,-0.00017631198,2,7
0.0019019191,0.0019060532,2,7
0.00024851674,0.000250409,2,7
0.0010698554,0.0010708947,2,7
0.009792873,0.009793213,2,7
0.0030371426,0.0030367018,2,7
9.54708e-5,9.672948e-5,2,7
0.0040531033,0.0040505165,2,7
0.0014296882,0.0014318577,2,7
-0.0012586187,-0.0012552942,2,7
-0.00025832662,-0.00025530107,2,7
0.007723594,0.0077231387,2,7
0.007902584,0.007903419,2,7
5.645797e-5,5.748276e-5,2,7
-0.00015455004,-0.00015395605,2,7
0.0016105194,0.0016093517,2,7
0.005271757,0.005274133,2,7
0.003665712,0.0036703711,2,7
-0.00046018104,-0.00045658604,2,7
-0.0032063595,-0.0032073262,3,7
0.0008842499,0.00087941723,3,7
0.006631066,0.0066319513,3,7
-0.0073674405,-0.0073634973,3,7
0.004911624,0.0049137566,3,7
0.0027069869,0.0027023572,3,7
0.0034862675,0.0034864454,3,7
0.0022696191,0.0022758213,3,7
-0.0023896866,-0.0023909705,3,7
-0.00091432227,-0.0009096394,3,7
0.00074897544,0.0007485311,3,7
-0.0010206747,-0.0010165835,3,7
-0.0038155094,-0.0038132544,3,7
0.0014128367,0.0014053325,3,7
0.00052943715,0.00052706565,3,7
0.0020097704,0.0020112111,3,7
0.00362563,0.0036202532,3,7
-6.1838036e-6,-6.067481e-6,3,7
0.00035274378,0.000356593,3,7
0.00020775324,0.00021126936,3,7
-0.002476638,-0.0024706703,3,7
-0.0010250765,-0.00102496,3,7
-0.0076791886,-0.007680233,3,7
0.00049903477,0.00050077203,3,7
-0.0152146425,-0.015216475,3,7
0.003898048,0.0038944934,3,7
-0.0035568448,-0.003555738,3,7
-0.0019676266,-0.0019673726,3,7
-0.0026592868,-0.0026630738,3,7
-0.0029227445,-0.0029249748,3,7
-0.0052622533,-0.00526413,3,7
0.009888025,0.0098834485,3,7
0.0016047009,0.0015952705,3,7
0.0033560006,0.0033550959,3,7
-0.009318434,-0.009317895,3,7
0.00925084,0.009248681,3,7
-0.016799659,-0.016796831,3,7
0.012005879,0.012005501,3,7
-0.0010090433,-0.0010082038,3,7
-0.0010433686,-0.0010442489,3,7
-0.020306408,-0.020304073,3,7
-0.00018672708,-0.00019053849,3,7
0.000486335,0.00048314605,3,7
0.0006564178,0.0006567104,3,7
-0.0059066503,-0.0059052585,3,7
-0.005349153,-0.0053438055,3,7
-0.0002181518,-0.00021250846,3,7
0.00200684,0.002006253,3,7
0.003947646,0.003949957,3,7
-0.021420274,-0.021423671,3,7
0.009869527,0.009868949,3,7
0.0004230661,0.00042229934,3,7
-0.0010973152,-0.0010967783,3,7
0.0013346565,0.001336446,3,7
-0.00022942477,-0.00023428873,3,7
-0.006694912,-0.006696399,3,7
0.0014353704,0.0014349272,3,7
-0.0007447873,-0.00074384955,3,7
-0.0033845897,-0.0033871487,3,7
0.0011288889,0.0011289392,3,7
-0.0017449271,-0.0017439276,3,7
0.00077555445,0.000782146,3,7
-0.00018345083,-0.00018094447,3,7
0.006143382,0.0061453665,3,7
-0.00647147,-0.006473844,3,7
0.0004933038,0.00049968425,3,7
-0.010492,-0.010490246,3,7
-0.0054347315,-0.0054312283,3,7
0.001329357,0.0013285022,3,7
-0.0034984094,-0.0034969882,3,7
0.0015323657,0.0015301929,3,7
-0.006940539,-0.006943162,3,7
0.0025934863,0.0025866271,3,7
-0.0022143095,-0.002211333,3,7
0.0010793823,0.0010840397,3,7
0.00701544,0.007014677,3,7
-0.016020382,-0.016018143,3,7
0.0005530666,0.00056189735,3,7
-0.0020374977,-0.0020401885,3,7
0.0020758945,0.0020739818,3,7
-0.0038691834,-0.0038673375,3,7
-0.0060278233,-0.0060293097,3,7
-0.0074177277,-0.0074127475,3,7
-0.039931204,-0.039930537,3,7
0.001865259,0.0018626979,3,7
-0.0014091625,-0.0014096572,3,7
0.007453535,0.007445401,3,7
0.026043175,0.026043292,3,7
0.00504174,0.005044579,3,7
-0.0067956373,-0.0067988466,3,7
-0.00049496273,-0.00049667904,3,7
-0.0018872634,-0.0018907149,3,7
-0.0024476014,-0.002452372,3,7
-0.016369656,-0.016367123,3,7
-0.0028383583,-0.0028358675,3,7
-0.0052409996,-0.0052417438,3,7
-0.00030669646,-0.0003067609,3,7
0.0007561975,0.0007543075,3,7
0.0066799833,0.0066797,3,7
-0.00011942765,-0.00011786603,3,7
0.004793629,0.0047928207,3,7
-0.0023667652,-0.0023667347,3,7
-0.035420947,-0.035421748,3,7
0.0043948754,0.004393946,3,7
-0.0010853105,-0.0010893131,3,7
-0.005527394,-0.0055272095,3,7
0.004318849,0.0043158936,3,7
0.002441566,0.002438589,3,7
0.0010961057,0.001095373,3,7
0.0017925916,0.0017980174,3,7
0.00426523,0.004270039,3,7
0.0008831811,0.00088187767,3,7
0.0048173754,0.0048148753,3,7
-0.0031756824,-0.0031730144,3,7
-0.0070538116,-0.007052499,3,7
0.00078253675,0.0007875776,3,7
-0.0103312,-0.01032686,3,7
-0.0016942992,-0.0016944567,3,7
0.00042657115,0.00042344735,3,7
-0.0041627986,-0.0041639856,3,7
0.009711931,0.009712837,3,7
-0.009251464,-0.009255541,3,7
-0.0041203154,-0.004122332,3,7
0.002678989,0.002676789,3,7
-0.009008307,-0.009006584,3,7
-0.00048419123,-0.0004826539,3,7
-0.002518348,-0.0025176432,3,7
-0.0021396382,-0.002138552,3,7
-0.002948651,-0.0029468604,3,7
0.0021742901,0.0021729507,3,7
-0.0019614948,-0.0019640273,3,7
0.0026863248,0.0026908417,3,7
-0.010164295,-0.010167239,3,7
0.00014968542,0.00015207865,3,7
-0.006439715,-0.0064390656,3,7
0.00066342845,0.0006630357,3,7
-0.002236344,-0.0022338284,3,7
-0.0040637976,-0.00406657,3,7
0.0064827395,0.0064837392,3,7
0.009219926,0.00921905,3,7
0.005195887,0.0052000196,3,7
0.012194564,0.012189223,3,7
0.003902905,0.00390265,3,7
-0.010646973,-0.010643166,3,7
-0.007359636,-0.0073586246,3,7
0.005301624,0.005296759,3,7
-0.005074764,-0.00507086,3,7
0.0010070017,0.0010036444,3,7
0.0005053931,0.0005082098,3,7
0.0010259643,0.001028805,3,7
-0.002419826,-0.002423308,3,7
0.010415371,0.010409949,3,7
-0.0034050439,-0.0034102655,3,7
-0.00045366387,-0.00044870068,3,7
-0.0028746086,-0.0028754368,3,7
0.00055597856,0.00056191604,3,7
-0.0029213817,-0.002926598,3,7
0.0034279358,0.0034256156,3,7
-0.013539997,-0.013535987,3,7
-0.008464852,-0.008461611,3,7
-0.0050899843,-0.0050919293,3,7
0.0054965583,0.005497125,3,7
-0.0022185997,-0.0022189245,3,7
-0.010507176,-0.010504618,3,7
0.002907947,0.0029094885,3,7
-0.0042856447,-0.0042922073,3,7
0.0015537242,0.0015532195,3,7
0.006970122,0.0069692684,3,7
0.004997723,0.004998738,3,7
0.0015281293,0.0015275015,3,7
0.00067650987,0.0006752963,3,7
-0.0051913876,-0.005188649,3,7
-0.005085689,-0.0050819903,3,7
0.0073846965,0.0073829712,3,7
0.007922417,0.007922645,3,7
-0.0012643813,-0.001263433,3,7
0.0008291717,0.00082857563,3,7
-0.0010955936,-0.0011006518,3,7
-0.0016506952,-0.0016486987,3,7
-0.0047099954,-0.004710891,3,7
0.0059988373,0.0060040154,3,7
0.0041650976,0.0041674916,3,7
-0.0027114996,-0.0027115233,3,7
0.003892744,0.003891322,3,7
0.006890528,0.0068884958,3,7
0.0010361497,0.0010349842,3,7
-0.010526575,-0.010528641,3,7
0.003438631,0.0034326613,3,7
-0.005815948,-0.005819201,3,7
-0.0009296468,-0.00093515083,3,7
0.0038147292,0.00381747,3,7
-0.001347291,-0.0013470284,3,7
-0.014886351,-0.014885451,3,7
0.005158193,0.00515597,3,7
0.0061359494,0.0061336565,3,7
-0.008535601,-0.008534588,3,7
0.0012266578,0.001225084,3,7
0.0066907704,0.0066856793,3,7
-0.0011409182,-0.0011352409,3,7
0.0022111698,0.0022125274,3,7
-0.0029745265,-0.0029705672,3,7
0.01609539,0.016095063,3,7
0.00059770513,0.00059671496,3,7
-0.0047885072,-0.004791429,3,7
-0.0018130258,-0.0018212337,3,7
-0.0028383865,-0.0028407373,3,7
0.0003553584,0.00035974325,3,7
-0.005922365,-0.0059197266,3,7
-0.0047729313,-0.0047739665,3,7
0.0007733145,0.00076640554,3,7
-0.0027923405,-0.002789952,3,7
0.0005904514,0.0005890831,3,7
-0.0023195923,-0.0023187322,3,7
-0.0027278517,-0.0027338902,3,7
0.009548988,0.009550623,3,7
0.0035351536,0.0035371438,3,7
0.0015681126,0.0015720341,3,7
-0.0010585239,-0.0010634414,3,7
0.003079294,0.0030837245,3,7
-0.0020882639,-0.002087569,3,7
-0.006501488,-0.0065007065,3,7
-0.0007133092,-0.0007047007,3,7
0.0014769387,0.0014808776,3,7
-0.003607529,-0.0036100806,3,7
0.0010537992,0.0010581148,3,7
-0.00036000018,-0.00036275774,3,7
-0.008121096,-0.008121225,3,7
0.00046745213,0.00046593588,3,7
3.253503e-5,3.2075073e-5,3,7
0.00044893936,0.0004454834,3,7
-0.0060369177,-0.006038508,3,7
-0.00093275955,-0.00093288306,3,7
-0.0069280188,-0.0069244,3,7
-0.0008162185,-0.0008118125,3,7
-0.0072837016,-0.0072831586,3,7
-0.00044820888,-0.00044879474,3,7
0.006620784,0.006621118,3,7
0.0030225553,0.00301833,3,7
-0.0010937275,-0.0010951585,3,7
0.002941594,0.0029403935,3,7
-0.0077176304,-0.0077183917,3,7
-0.00089398277,-0.00089519215,3,7
0.0018023121,0.0018032801,3,7
-0.0018354201,-0.0018353473,3,7
8.36624e-5,9.2489754e-5,3,7
-0.002574341,-0.0025787023,3,7
-0.002234911,-0.0022373179,3,7
0.0034378197,0.003435781,3,7
0.013249146,0.013242254,3,7
0.010445632,0.010455145,3,7
-0.001677305,-0.001673405,4,7
-0.013858817,-0.013860535,4,7
0.029613765,0.029616384,4,7
0.004108686,0.0041095987,4,7
-0.021902492,-0.021906985,4,7
-0.002204231,-0.0022011774,4,7
0.0035104915,0.0035161288,4,7
0.007533745,0.007532242,4,7
0.048891775,0.048894305,4,7
-0.02056374,-0.020558417,4,7
0.00064388284,0.0006437995,4,7
0.002366108,0.0023631908,4,7
-0.004019882,-0.004015735,4,7
-0.013615555,-0.013623018,4,7
-0.027743964,-0.027751451,4,7
0.0061952844,0.0061957175,4,7
0.003685788,0.0036902644,4,7
0.0019679347,0.0019711882,4,7
-0.0018065062,-0.0018069829,4,7
0.000865044,0.0008653815,4,7
-0.0019374762,-0.0019348268,4,7
0.001899939,0.0019003972,4,7
-0.0004148954,-0.00042134325,4,7
0.0024852406,0.0024846268,4,7
0.003200979,0.0032090237,4,7
-0.0031301598,-0.0031305053,4,7
-0.053680126,-0.05367699,4,7
-5.4679793e-5,-5.454702e-5,4,7
0.010011573,0.010003817,4,7
0.000334704,0.00033414183,4,7
0.019282026,0.019278578,4,7
0.0052709957,0.0052746544,4,7
0.006219616,0.0062254467,4,7
0.007955172,0.007963868,4,7
-0.0055553433,-0.0055559,4,7
0.0002533823,0.0002574268,4,7
-0.000812278,-0.0008074637,4,7
0.009391106,0.009389762,4,7
-0.028828777,-0.028827645,4,7
-0.008464602,-0.008463857,4,7
-0.0052092904,-0.0052066613,4,7
-0.052247845,-0.052256316,4,7
-0.0006387228,-0.00063276495,4,7
0.018468175,0.018469097,4,7
0.0010276665,0.0010279764,4,7
0.0026067952,0.0026061258,4,7
0.001151261,0.0011577759,4,7
-0.010584746,-0.010579429,4,7
0.005686333,0.0056927423,4,7
0.00018463498,0.0001893756,4,7
0.006420387,0.006417029,4,7
-0.00054215285,-0.00053893414,4,7
-0.0027034788,-0.0027060527,4,7
0.014789358,0.0147917075,4,7
0.0068361848,0.00683852,4,7
0.020526854,0.020527607,4,7
0.07635609,0.07634728,4,7
0.0049112868,0.0049119187,4,7
0.0036326773,0.003634289,4,7
0.014755838,0.014760652,4,7
0.001534249,0.0015322373,4,7
0.0037314096,0.0037340377,4,7
-0.00352679,-0.003529212,4,7
-0.0024728966,-0.0024653035,4,7
0.02962957,0.029621907,4,7
-0.0029372578,-0.0029340112,4,7
-0.00263605,-0.0026332808,4,7
-0.0020107382,-0.0020085594,4,7
0.0017586879,0.0017645311,4,7
0.0021392205,0.0021403162,4,7
-1.8256944e-5,-2.1518388e-5,4,7
0.0011397015,0.0011453275,4,7
-0.0010797743,-0.0010736651,4,7
0.01135527,0.011351679,4,7
0.0026439743,0.0026434858,4,7
-0.0127716465,-0.012761893,4,7
-0.0051454683,-0.0051432913,4,7
-0.002942566,-0.0029433048,4,7
0.00087463006,0.00087915966,4,7
-0.0055391556,-0.005542877,4,7
-0.001539484,-0.0015374145,4,7
-0.0037246414,-0.0037194588,4,7
-0.0021719646,-0.0021695818,4,7
-0.0008211025,-0.00081824214,4,7
-0.00554203,-0.005536237,4,7
0.0070333644,0.007039777,4,7
-0.051661946,-0.05167345,4,7
0.0018004505,0.0018000128,4,7
0.009861088,0.009852715,4,7
-0.009545926,-0.009545941,4,7
0.0009683151,0.0009676571,4,7
-0.0084931,-0.0084942,4,7
0.0048409402,0.004844022,4,7
0.014500754,0.014505652,4,7
0.0079348795,0.007933299,4,7
0.0011999321,0.0012046844,4,7
0.0030178584,0.0030241746,4,7
-0.02119433,-0.02119315,4,7
-0.0041879076,-0.0041833953,4,7
-0.004016796,-0.004013263,4,7
0.006531257,0.006532638,4,7
-0.0027210217,-0.0027188347,4,7
0.0053513623,0.00535843,4,7
-0.02910709,-0.029109426,4,7
0.0013848696,0.0013875724,4,7
-0.042820852,-0.04281393,4,7
0.00026558348,0.00026843927,4,7
0.011688958,0.011692694,4,7
-0.003705378,-0.00369487,4,7
0.0007144145,0.0007049504,4,7
-0.006609153,-0.006604649,4,7
0.0014753065,0.0014758242,4,7
0.0016125516,0.0016169198,4,7
0.000121713914,0.00011797119,4,7
0.0131797725,0.013180382,4,7
0.0013857506,0.0013860856,4,7
0.0016298062,0.0016313735,4,7
-0.0022111805,-0.0022088753,4,7
0.037743658,0.037744064,4,7
0.011661232,0.01166376,4,7
0.026605522,0.026607241,4,7
-0.0038327083,-0.0038285553,4,7
-0.001532451,-0.0015316833,4,7
3.0197789e-5,3.1822565e-5,4,7
-0.0074785333,-0.007475139,4,7
-0.0034689892,-0.0034676176,4,7
0.014372661,0.014385562,4,7
0.005855999,0.005864881,4,7
-0.008194351,-0.0081887,4,7
0.007444148,0.007448251,4,7
0.0038086812,0.0038092404,4,7
0.010119589,0.010119131,4,7
-0.040993106,-0.04099849,4,7
0.006591761,0.0065951752,4,7
0.0016123407,0.001616375,4,7
0.0013518778,0.0013521555,4,7
0.0038660832,0.0038698898,4,7
0.0015404825,0.0015382299,4,7
-0.0006077236,-0.0006037322,4,7
0.009489995,0.009497097,4,7
0.007542569,0.0075481166,4,7
-0.009396207,-0.009394265,4,7
0.003968481,0.003971507,4,7
0.0022028482,0.00220073,4,7
-0.0021742238,-0.002174135,4,7
0.03225791,0.032265153,4,7
-0.012733207,-0.012730498,4,7
0.0034310585,0.00343476,4,7
-0.00077914505,-0.0007757693,4,7
0.029956684,0.029955968,4,7
0.0015117321,0.0015140044,4,7
-0.010944618,-0.0109329065,4,7
0.002168891,0.0021687306,4,7
0.0012577946,0.0012580182,4,7
-7.0595226e-5,-6.6417306e-5,4,7
-0.0005672636,-0.000566308,4,7
0.00081753294,0.0008213227,4,7
0.003644721,0.003643541,4,7
0.0053769522,0.0053848242,4,7
0.014555645,0.014552673,4,7
0.00041458657,0.0004167773,4,7
-0.002702759,-0.002695039,4,7
-0.0054954616,-0.0054946463,4,7
-0.005583303,-0.0055798,4,7
-0.0010606952,-0.0010559118,4,7
0.014163847,0.014165726,4,7
-0.0038786605,-0.00387215,4,7
-0.0038066236,-0.0038032914,4,7
-0.0012601541,-0.0012542611,4,7
-0.0036107686,-0.0035997857,4,7
0.0021304102,0.0021332381,4,7
0.020722747,0.020724846,4,7
0.0033735868,0.0033809254,4,7
0.005566659,0.0055684205,4,7
-0.0016900842,-0.0016897822,4,7
0.0044298624,0.0044331863,4,7
0.012972586,0.012971991,4,7
-0.00067629694,-0.0006688245,4,7
0.0004288727,0.00043327903,4,7
0.018520923,0.018525928,4,7
0.035314992,0.035316598,4,7
0.0061279237,0.0061285715,4,7
0.009454362,0.0094588585,4,7
0.018834407,0.018825402,4,7
0.003936429,0.003941192,4,7
-0.017136307,-0.017133804,4,7
-0.0056849313,-0.0056817923,4,7
0.00918417,0.009185525,4,7
-0.0027641456,-0.002763172,4,7
0.0049808077,0.0049839504,4,7
0.123167805,0.123166434,4,7
-0.010852736,-0.010845164,4,7
0.0050199796,0.005023466,4,7
-0.00404389,-0.0040412615,4,7
0.0072494615,0.007254496,4,7
-0.004806227,-0.004805455,4,7
0.0010903751,0.0010931846,4,7
-0.0010876837,-0.0010852002,4,7
0.009749302,0.009753996,4,7
-0.0076850196,-0.007680524,4,7
-0.005707546,-0.005690302,4,7
-0.00080133864,-0.00080170383,4,7
-0.008655301,-0.008654368,4,7
0.0058724647,0.0058758976,4,7
0.00074440555,0.00075419893,4,7
0.0018618527,0.0018629377,4,7
-0.0067356327,-0.0067343563,4,7
-0.00069768063,-0.0006978195,4,7
0.004410424,0.0044107935,4,7
0.006154676,0.0061556483,4,7
-0.015016051,-0.015015607,4,7
0.0013226882,0.001327673,4,7
-0.0057344344,-0.0057320814,4,7
-0.003223256,-0.003223094,4,7
-0.020230293,-0.0202347,4,7
0.0042474307,0.0042505846,4,7
-0.008565412,-0.008567135,4,7
-0.0015130152,-0.0015057002,4,7
0.021894937,0.021894857,4,7
0.0026494723,0.0026534987,4,7
0.010850842,0.01084552,4,7
0.0050739227,0.0050770747,4,7
0.0003497166,0.0003566795,4,7
0.0022016626,0.002209602,4,7
-0.0025187007,-0.0025133167,4,7
-0.007237285,-0.0072351866,4,7
0.014390732,0.014386089,4,7
-0.0018098293,-0.0018086584,4,7
0.0021979366,0.002206925,4,7
0.013306125,0.013309917,4,7
0.014008976,0.01400693,4,7
0.0013681499,0.001375013,4,7
-0.008899679,-0.008894818,4,7
0.0119029945,0.011907641,4,7
-0.034584388,-0.03458593,4,7
0.00798669,0.007985275,4,7
-0.003926509,-0.003917451,4,7
-0.04231645,-0.04232341,4,7
0.011179535,0.011180858,4,7
-0.022593739,-0.02258509,4,7
-0.0038609393,-0.0038579428,4,7
0.06759225,0.06759035,4,7
-0.0057638106,-0.0057618134,4,7
0.012767288,0.012764685,4,7
0.00023905872,0.0002445602,4,7
-0.0007945465,-0.0007874094,4,7
0.0075069484,0.007507584,4,7
0.023364926,0.023370964,4,7
-0.0030038327,-0.0030027416,4,7
-0.0012460889,-0.0012424092,4,7
-0.0053594788,-0.0053576366,5,7
0.0012201824,0.0012222977,5,7
0.00059744524,0.0005973542,5,7
0.0025677292,0.0025722315,5,7
-0.0040552816,-0.004052961,5,7
-0.00016683895,-0.00016508307,5,7
-0.00026883354,-0.0002650569,5,7
0.00028709997,0.0002876666,5,7
-0.0010450234,-0.0010426231,5,7
-0.00023906061,-0.00023402761,5,7
-0.0008288924,-0.00082710723,5,7
-0.003749716,-0.0037471044,5,7
0.0037658047,0.0037657002,5,7
-0.000717712,-0.0007140356,5,7
0.026190704,0.026194463,5,7
-0.0014627472,-0.0014600347,5,7
0.013272371,0.013271911,5,7
0.015597126,0.015596786,5,7
-0.0028758354,-0.0028715937,5,7
-0.0005262108,-0.0005253623,5,7
-0.00033626027,-0.00033701054,5,7
0.0028081716,0.0028090095,5,7
0.00093913113,0.000939787,5,7
-0.034426857,-0.034424294,5,7
0.00070177665,0.0007046881,5,7
0.013909063,0.01391181,5,7
0.0791971,0.079198316,5,7
0.0022791422,0.0022816004,5,7
-0.00011480319,-0.00011606139,5,7
0.026227148,0.026224336,5,7
0.00023638623,0.00024066567,5,7
-0.00506214,-0.005058204,5,7
0.006027198,0.006027001,5,7
-0.0013950825,-0.0013909808,5,7
0.0013837164,0.00138731,5,7
0.009425321,0.00943016,5,7
-0.0098981885,-0.009898073,5,7
-0.011585091,-0.011578831,5,7
0.0035539242,0.0035572357,5,7
-0.0057399147,-0.0057392507,5,7
-0.00051277253,-0.00050682505,5,7
-0.0057499316,-0.005746292,5,7
0.0029445803,0.0029483216,5,7
0.00073906814,0.00073783234,5,7
-0.0009138146,-0.00090858364,5,7
-0.0374909,-0.037495896,5,7
0.002327503,0.0023305346,5,7
-0.0055377083,-0.0055313907,5,7
0.009161622,0.009167386,5,7
0.0027372183,0.002736174,5,7
0.02380537,0.023811083,5,7
0.0072733634,0.007276103,5,7
0.00088266464,0.00088113575,5,7
0.0010815355,0.001082872,5,7
-0.010377886,-0.010376579,5,7
0.020640064,0.020640012,5,7
0.004108636,0.00411064,5,7
0.0058720172,0.005876859,5,7
0.006078454,0.0060809096,5,7
-0.00053196074,-0.00052948116,5,7
-0.00065354665,-0.0006481375,5,7
0.00019726719,0.00020159771,5,7
0.00078463607,0.0007872081,5,7
-0.0023565495,-0.0023569253,5,7
5.9711096e-5,6.406296e-5,6,7
-0.0039663543,-0.003968955,6,7
0.0053099,0.0053105545,6,7
0.010234129,0.010237818,6,7
0.080043584,0.08004087,6,7
0.01718969,0.017184852,6,7
0.012061882,0.012060439,6,7
-0.005086808,-0.005090471,6,7
0.011545333,0.011540999,6,7
0.0077925436,0.0077964007,6,7
0.014131708,0.01412956,6,7
-0.005570385,-0.0055694333,6,7
-0.0030010652,-0.0029987881,6,7
-0.012252429,-0.012249468,6,7
-0.024149736,-0.024147233,6,7
-0.0021070302,-0.0021058172,6,7
-0.010839145,-0.010841081,6,7
-0.003574884,-0.0035732596,6,7
-0.012075362,-0.012074253,6,7
-0.0016864615,-0.0016830773,6,7
0.007960727,0.007957814,6,7
0.0029782976,0.002976661,6,7
0.007906969,0.007907832,6,7
-0.014161727,-0.014164133,6,7
0.010894332,0.01089019,6,7
0.059610948,0.059613217,6,7
-0.034590684,-0.034591567,6,7
0.002469881,0.0024758072,6,7
0.009881505,0.009881913,6,7
-0.017918846,-0.017922603,6,7
-0.008850084,-0.008852427,6,7
-0.007437289,-0.007438272,6,7
0.0119201895,0.0119199995,6,7
0.0068321945,0.0068302094,6,7
-0.018807279,-0.018806715,6,7
0.015396187,0.015396959,6,7
0.015333239,0.015332295,6,7
0.011735021,0.011738151,6,7
-0.006091008,-0.0060903504,6,7
0.019933978,0.019931912,6,7
0.060800947,0.060806856,6,7
-0.019921072,-0.019916682,6,7
-0.007843186,-0.007839959,6,7
-0.004470093,-0.004470795,6,7
-0.0060882587,-0.00608485,6,7
0.0101826,0.010180594,6,7
0.013935929,0.013935028,6,7
0.0056340224,0.005629759,6,7
-0.028985707,-0.028986365,6,7
0.008576648,0.008576895,6,7
0.035769917,0.0357711,6,7
0.012340308,0.012337246,6,7
0.021184266,0.021174785,6,7
0.039393406,0.03939289,6,7
-0.034887787,-0.034884486,6,7
-0.012832107,-0.012831724,6,7
0.008244286,0.008247506,6,7
0.0065912083,0.0065930546,6,7
0.022635303,0.022637239,6,7
0.0022279555,0.0022264295,6,7
0.0020536787,0.0020537695,6,7
0.0046139173,0.0046189358,6,7
-0.021455392,-0.021453703,6,7
-0.027564235,-0.02756104,6,7
-0.003343783,-0.0033413302,1,8
-0.0026886545,-0.0026891483,1,8
-0.00032202914,-0.00031326307,1,8
-4.6418598e-5,-5.3368138e-5,1,8
0.0002448485,0.00024471042,1,8
0.0027935468,0.0027818794,1,8
-0.0008716385,-0.0008729778,1,8
-0.0032655613,-0.0032583384,1,8
-0.0031306155,-0.0031301156,1,8
0.00029601363,0.00029792654,1,8
-3.61886e-5,-4.8300662e-5,1,8
-0.001431283,-0.0014293226,1,8
0.0003349283,0.00033736773,1,8
0.0022086597,0.0022125195,1,8
-0.0027633624,-0.0027633007,1,8
0.0028383525,0.0028409518,1,8
0.000560056,0.000563615,1,8
0.0055418024,0.0055484343,1,8
-0.0015674416,-0.0015705054,1,8
-0.0010137142,-0.0010096822,1,8
0.00042103353,0.00041686275,1,8
-3.2796306e-5,-2.8598666e-5,1,8
-0.0008938411,-0.0008901403,1,8
-0.00036660078,-0.00036885543,1,8
-0.0017555649,-0.0017513215,1,8
0.0018862996,0.0018823654,1,8
0.0014314456,0.0014387708,1,8
-0.0066000824,-0.006601969,1,8
0.0031820752,0.0031857765,1,8
0.0054599093,0.0054577086,1,8
-0.00044517507,-0.00044441756,1,8
0.0007513884,0.00075387687,1,8
-0.0027977324,-0.0028019391,1,8
-0.0042864736,-0.004293955,1,8
0.0007588529,0.00076236494,1,8
0.0012983602,0.0012975252,1,8
0.0021338821,0.0021349678,1,8
0.0014818022,0.0014869196,1,8
-0.0015821088,-0.001580036,1,8
-0.0117535535,-0.01175683,1,8
0.004787788,0.004791874,1,8
0.006367476,0.0063718087,1,8
0.003519114,0.003517039,1,8
0.0015109957,0.001506321,1,8
0.0024891119,0.0024795602,1,8
-0.0028016747,-0.0028012095,1,8
0.0047449125,0.0047427067,1,8
0.0011929616,0.0011915709,1,8
-0.0025086678,-0.0025186513,1,8
0.0023467466,0.0023615586,1,8
0.0012824946,0.0012774657,1,8
-0.0024844052,-0.0024891628,1,8
0.0007682128,0.00077911105,1,8
-0.0006844092,-0.0006870887,1,8
0.0019611479,0.0019643672,1,8
-0.00039718315,-0.0004066409,1,8
-0.0066937087,-0.006691488,1,8
-0.001242064,-0.0012428423,1,8
0.009126428,0.009127968,1,8
-0.00044491846,-0.00044100432,1,8
-0.00049483567,-0.0004910902,1,8
0.0036228888,0.0036207375,1,8
-0.0015595391,-0.0015590704,1,8
-0.0027254978,-0.002728117,1,8
-0.00088430813,-0.0008882159,1,8
-0.0076514627,-0.0076549514,1,8
-0.0005738291,-0.0005723172,1,8
0.0002666229,0.00027174104,1,8
-0.00023696189,-0.00023252769,1,8
0.0018103983,0.0018063609,1,8
-0.0018494405,-0.0018508221,1,8
-0.00436378,-0.004354937,1,8
-0.0043529063,-0.004354912,1,8
0.0047159246,0.0047186846,1,8
-0.000507126,-0.00051186373,1,8
-0.0011826755,-0.0011881416,1,8
-0.0003916561,-0.00038854187,1,8
-0.0012086119,-0.0012050708,1,8
0.0007362065,0.000738059,1,8
2.2760723e-8,1.0577957e-7,1,8
-0.004758695,-0.004765525,1,8
-0.010651394,-0.010643118,1,8
0.0018702975,0.0018844116,1,8
-0.00062547426,-0.00062954193,1,8
-0.0055337287,-0.0055311495,1,8
-0.002038758,-0.0020385904,1,8
0.00022599453,0.00023168372,1,8
-0.0024758773,-0.0024823255,1,8
0.00077466026,0.00077433285,1,8
-0.0021875363,-0.0021838604,1,8
0.002258345,0.0022679684,1,8
0.007133228,0.007134659,1,8
0.0010368339,0.001033083,1,8
0.005320923,0.005327719,1,8
-0.00026892836,-0.00027080014,1,8
0.005042338,0.005047013,1,8
0.00071008573,0.0007112789,1,8
-7.068081e-5,-6.2276704e-5,1,8
0.0014432138,0.0014387964,1,8
-0.00040557806,-0.00040845122,1,8
-0.0011439209,-0.0011359022,1,8
-0.0002834905,-0.0002748673,1,8
0.00068788783,0.0006915955,1,8
-0.0061593605,-0.0061644,1,8
0.0010665419,0.0010623955,1,8
0.002654432,0.0026501827,1,8
-0.00047292892,-0.00047502952,1,8
-0.0010793315,-0.0010785615,1,8
0.0055459184,0.005548734,1,8
-0.00067358464,-0.00067940104,1,8
0.0033871469,0.003381353,1,8
7.0852234e-6,7.9972415e-6,1,8
0.00029923144,0.00029462262,1,8
0.00381256,0.0038150821,1,8
-0.0030071486,-0.0030088774,1,8
-0.0031124987,-0.0031128528,1,8
-0.0015026407,-0.0015043566,1,8
0.0014281918,0.0014221047,1,8
-0.002335648,-0.0023301833,1,8
0.00040808838,0.00040455276,1,8
0.0028606814,0.0028633857,1,8
0.0034840717,0.0034933414,1,8
0.0032537316,0.0032651382,1,8
-0.0018064124,-0.0018024204,1,8
-0.008892355,-0.008894768,1,8
0.0006038941,0.0006071724,1,8
-0.0022568244,-0.0022618794,1,8
-0.00045488536,-0.00044708446,1,8
-0.0010751165,-0.0010800919,1,8
3.530093e-5,3.384803e-5,1,8
-7.0015776e-5,-7.3737974e-5,1,8
-0.0003958668,-0.00040069676,1,8
-0.0014190078,-0.0014320416,1,8
-0.001077816,-0.0010787202,1,8
9.096323e-5,8.646175e-5,1,8
0.0035004185,0.003496862,1,8
-0.00085370446,-0.00085088605,1,8
-0.0029533089,-0.0029526753,1,8
0.007813603,0.00780432,1,8
-0.0037584156,-0.0037548987,1,8
-0.0021619366,-0.0021587412,1,8
-0.012970199,-0.01297531,1,8
-0.0004364416,-0.00043270073,1,8
-0.0029427733,-0.0029310856,1,8
-0.0015215742,-0.0015265535,1,8
0.0001446349,0.00014637483,1,8
0.0010339224,0.0010190699,1,8
-0.000570736,-0.00057125924,1,8
0.00079922035,0.00079424796,1,8
-6.357165e-5,-6.766914e-5,1,8
0.00034006796,0.00034318565,1,8
0.00039704185,0.0004031159,1,8
-0.00023521879,-0.00023375849,1,8
0.00021587787,0.00020956705,1,8
-0.0011244442,-0.0011219229,1,8
-0.0030480628,-0.003037698,1,8
-0.001067421,-0.0010670245,1,8
0.001039173,0.0010404547,1,8
-5.3615728e-5,-4.9277904e-5,1,8
0.00016242218,0.00015570295,1,8
0.0022057549,0.0022070215,1,8
-0.0013461678,-0.0013470112,1,8
0.0058487444,0.0058526774,1,8
-0.0014117424,-0.0014118578,1,8
0.00019938251,0.00019981472,1,8
9.110928e-5,8.588083e-5,1,8
-0.0005371654,-0.0005289749,1,8
-0.0010074901,-0.0010112076,1,8
-7.04928e-5,-6.354375e-5,1,8
0.022100993,0.022100182,1,8
-0.0002737432,-0.00027683552,1,8
-0.002784195,-0.0027856308,1,8
-0.00020279898,-0.00020330398,1,8
-0.0010832569,-0.0010808371,1,8
-0.00030910957,-0.00030514871,1,8
-0.0026981323,-0.0027078066,1,8
0.0015335553,0.0015311991,1,8
-0.00046362358,-0.0004629836,1,8
0.0029398727,0.002938258,1,8
0.00019516562,0.0001963773,1,8
0.00059620384,0.000592527,1,8
0.0044827075,0.0044778874,1,8
0.004127435,0.004119619,1,8
0.0031847202,0.0031886005,1,8
-0.00013863081,-0.00014131828,1,8
0.0049891863,0.0049790735,1,8
0.0059580444,0.0059679467,1,8
-0.0009511877,-0.0009460596,1,8
0.006952091,0.006957379,1,8
-0.00072020333,-0.00072041934,1,8
1.90934e-5,2.2419375e-5,1,8
0.0009378627,0.00094062556,1,8
0.0019951186,0.00199526,1,8
0.0029719765,0.002963168,1,8
-0.002028103,-0.0020283614,1,8
0.00039396915,0.00039586087,1,8
-0.005102586,-0.005105825,1,8
0.00053196173,0.0005373453,1,8
0.0029050761,0.0028989564,1,8
0.0023731957,0.002374112,1,8
-0.00012610898,-0.00013512166,1,8
-0.0006359483,-0.0006345251,1,8
0.00031167964,0.00031324517,1,8
0.008350293,0.008345545,1,8
0.0075381086,0.007542945,1,8
-0.00985777,-0.00985581,1,8
0.00024507704,0.0002455425,1,8
-0.002431824,-0.0024346935,1,8
-0.003982389,-0.0039828396,1,8
0.0006740119,0.0006674798,1,8
-0.0026956743,-0.0026937248,1,8
0.002261255,0.0022587057,1,8
0.00014293734,0.00014341026,1,8
0.0008982235,0.00089670444,1,8
0.0026530563,0.0026558407,1,8
0.00040964654,0.00041027885,1,8
-0.0004211132,-0.00041780763,1,8
0.00013728984,0.00013666815,1,8
0.00039281024,0.00038900872,1,8
0.0022560826,0.0022539967,1,8
0.004879891,0.0048842984,1,8
-0.00035607917,-0.00036037946,1,8
0.004326195,0.0043347967,1,8
3.479735e-5,3.1852447e-5,1,8
0.001717996,0.0017209152,1,8
4.6212328e-5,4.5834746e-5,1,8
0.007017986,0.0070231995,1,8
-0.004023372,-0.0040178527,1,8
-0.00039499765,-0.00039000847,1,8
-0.000105699844,-0.00010697521,1,8
-6.901335e-5,-7.446296e-5,1,8
-0.0041968063,-0.0041965344,1,8
-0.012869994,-0.012871438,1,8
0.00074790453,0.0007494294,1,8
0.011897475,0.011890747,1,8
0.0051032444,0.0051116166,1,8
-0.0035394821,-0.003527637,1,8
-0.005030561,-0.0050383294,1,8
-1.9674748e-5,-1.8079305e-5,1,8
-0.000508374,-0.0005046463,1,8
-0.003172139,-0.0031624977,1,8
-0.0014396764,-0.0014412518,1,8
0.00043104257,0.0004374701,1,8
0.0014552372,0.0014433932,1,8
-0.001033292,-0.0010250564,1,8
-0.0015399128,-0.0015289757,1,8
0.0030457384,0.0030491783,1,8
-0.00039434375,-0.00038897476,1,8
-0.00015779061,-0.00015490077,1,8
-0.0001756151,-0.00016614684,1,8
-0.004458398,-0.004460126,2,8
3.1055108e-5,3.186575e-5,2,8
0.00025848878,0.000264482,2,8
0.0006573382,0.00065929076,2,8
-0.0005220902,-0.00052410434,2,8
-0.0037337411,-0.003731695,2,8
0.0015395466,0.001542248,2,8
-0.00336868,-0.0033658566,2,8
-0.0008070421,-0.0008045539,2,8
0.00048140067,0.00048377176,2,8
0.0016454144,0.0016442797,2,8
0.0010610888,0.0010638809,2,8
-0.0010967823,-0.0010941962,2,8
-0.00018707702,-0.00018516135,2,8
0.0032037785,0.0032060076,2,8
0.00084132166,0.0008473113,2,8
-0.00018242719,-0.0001813367,2,8
0.0005003897,0.0005039099,2,8
6.16313e-5,6.725585e-5,2,8
-0.00042186052,-0.00042169372,2,8
0.0032172746,0.0032213307,2,8
-0.0011210728,-0.0011173817,2,8
-0.00042366335,-0.0004228899,2,8
-0.0020536527,-0.0020548478,2,8
0.0020003773,0.0019977451,2,8
0.00040414507,0.00040507704,2,8
-0.00016365908,-0.0001608102,2,8
-0.001013937,-0.0010125159,2,8
-0.0017011118,-0.0017039304,2,8
0.00013830648,0.00014308293,2,8
-0.00036711243,-0.000360402,2,8
-0.0030221546,-0.003021606,2,8
-0.00067324797,-0.00067030283,2,8
-0.00023756125,-0.00023245109,2,8
-0.00047015212,-0.000469389,2,8
0.003319732,0.0033239734,2,8
-0.0009262457,-0.000926087,2,8
0.00064374343,0.0006498861,2,8
-0.00014661225,-0.00014502894,2,8
0.00037015573,0.0003699923,2,8
-0.004417968,-0.0044169314,2,8
0.00060891476,0.0006123443,2,8
0.002142002,0.0021464068,2,8
0.0010445275,0.0010467242,2,8
-0.005190667,-0.0051897853,2,8
-0.0006812047,-0.0006806289,2,8
-0.0008011338,-0.0007987797,2,8
0.0015051742,0.0015085811,2,8
0.00055053824,0.00055333524,2,8
0.00056126615,0.00056413095,2,8
-0.0006800098,-0.00067820004,2,8
-0.0013181398,-0.0013150768,2,8
0.00012904855,0.00013121894,2,8
-0.0019057828,-0.0018993053,2,8
0.0020615829,0.0020592492,2,8
0.0004330142,0.00043615935,2,8
0.002045152,0.0020481222,2,8
-0.00048012796,-0.0004777011,2,8
0.00016501524,0.00016868573,2,8
-0.0003090214,-0.00030589677,2,8
-0.00091210136,-0.0009077684,2,8
0.0003602548,0.00036115322,2,8
0.0032464478,0.003253792,2,8
-0.0010490075,-0.0010474682,2,8
-0.0004072472,-0.00040323357,2,8
-0.00043403372,-0.00043239043,2,8
0.0010748884,0.0010806102,2,8
-0.00163567,-0.0016367971,2,8
-0.0003859735,-0.00038260568,2,8
-0.00085792656,-0.0008562807,2,8
3.5167213e-5,3.507704e-5,2,8
6.590083e-5,6.908061e-5,2,8
0.0009700383,0.0009719089,2,8
-0.0027685612,-0.002765925,2,8
0.0015556319,0.0015540598,2,8
4.44754e-5,4.6978614e-5,2,8
0.00017644586,0.0001794238,2,8
-0.0002239143,-0.00021687755,2,8
0.0027244699,0.0027306299,2,8
0.00024609652,0.00024634457,2,8
0.0019973435,0.0019988439,2,8
0.0012229469,0.0012247562,2,8
3.7062044e-5,3.773115e-5,2,8
-0.00020081975,-0.00019717318,2,8
0.002390287,0.0023931677,2,8
-0.02111842,-0.021115897,2,8
-0.00022695001,-0.0002217099,2,8
0.0022756995,0.0022803778,2,8
-0.0037329644,-0.0037346464,2,8
0.00079570257,0.000792245,2,8
4.5521447e-6,8.02454e-6,2,8
0.0005683836,0.0005698973,2,8
0.00015262298,0.00015639218,2,8
0.00040326786,0.00040240004,2,8
0.00017136928,0.00016973246,2,8
0.0011998789,0.0012021408,2,8
0.0032893915,0.0032888972,2,8
-0.0010900347,-0.0010888948,2,8
0.0013154,0.001317633,2,8
0.00032975356,0.00033145142,2,8
0.00029723323,0.00029959917,2,8
-0.00012490326,-0.00012197523,2,8
-0.00022121335,-0.0002162273,2,8
0.000253471,0.00025515325,2,8
-0.00025959458,-0.00025905596,2,8
0.0018931401,0.0018966348,2,8
9.165174e-5,9.284881e-5,2,8
8.545134e-5,8.884858e-5,2,8
0.00037776446,0.00038024463,2,8
0.001087513,0.0010881582,2,8
-0.020226719,-0.02023272,2,8
0.0002256811,0.00022782083,2,8
0.0009865431,0.0009893426,2,8
0.00043994296,0.00044142792,2,8
0.0013414724,0.0013440988,2,8
0.00014995238,0.00015482424,2,8
0.0010028417,0.001001343,2,8
0.0010893102,0.0010949082,2,8
-0.00356793,-0.003566443,2,8
-0.00071194686,-0.0007105477,2,8
0.0012519554,0.0012511571,2,8
-0.0001298651,-0.0001233,2,8
0.00026424442,0.0002686191,2,8
-0.00030442752,-0.0003025027,2,8
-0.00058824994,-0.00058717513,2,8
0.0004015883,0.0004010097,2,8
0.0002902836,0.00029354313,2,8
-0.00062027713,-0.0006156529,2,8
0.002292036,0.0022931884,2,8
-0.00049281894,-0.0004876654,2,8
0.0017471282,0.0017542935,2,8
-0.0017417643,-0.0017390539,2,8
0.0029355828,0.0029371472,2,8
0.0018583855,0.00186258,2,8
0.0006335011,0.00063195825,2,8
-0.00076898903,-0.0007613523,2,8
-0.00038454717,-0.0003852405,2,8
0.0002232827,0.00022751802,2,8
0.00025354687,0.00025743016,2,8
-0.0016993193,-0.0016996213,2,8
-0.0010588231,-0.0010580821,2,8
0.005532995,0.0055320314,2,8
-0.000100628,-9.76474e-5,2,8
0.0008644684,0.0008669637,2,8
-0.00034496814,-0.00033871434,2,8
-0.0006377042,-0.0006368189,2,8
-0.0017735136,-0.0017717676,2,8
0.00040562736,0.00040776609,2,8
0.0011843315,0.0011872511,2,8
0.0005344237,0.0005381226,2,8
0.000572509,0.0005778101,2,8
0.0059682527,0.005968994,2,8
0.001134384,0.0011367083,2,8
0.00077461096,0.00078045804,2,8
-0.0009297869,-0.00092664664,2,8
0.0014017068,0.0014023467,2,8
4.9103415e-5,4.954602e-5,2,8
0.0012319587,0.0012370178,2,8
0.00059606635,0.0005975932,2,8
-0.0019486744,-0.0019434061,2,8
-0.00039652403,-0.00039523462,2,8
-0.00023983826,-0.00023961147,2,8
1.6808794e-5,2.104489e-5,2,8
0.0009108561,0.0009172061,2,8
0.011669163,0.01166868,2,8
0.0020104186,0.0020114328,2,8
0.0005873945,0.00058998965,2,8
0.0002653265,0.0002690133,2,8
0.0017442632,0.001746721,2,8
-0.00019678351,-0.00019494527,2,8
0.00055474613,0.0005558717,2,8
-0.00020029057,-0.00019299575,2,8
-0.00012716037,-0.00012767324,2,8
4.823092e-5,5.267289e-5,2,8
-0.003821167,-0.0038176256,2,8
-7.726128e-5,-7.7590514e-5,2,8
0.0017611906,0.0017631483,2,8
-0.00031140746,-0.00030853009,2,8
0.0029956975,0.0029937653,2,8
0.00058159715,0.0005814969,2,8
0.0013613635,0.0013614708,2,8
-0.00022420734,-0.00022580575,2,8
-0.0008642555,-0.0008598824,2,8
-0.0015150874,-0.0015102745,2,8
-0.0006015327,-0.0005961474,2,8
0.0012191815,0.0012209238,2,8
0.0012651585,0.0012717448,2,8
2.7910337e-6,3.252844e-6,2,8
-0.0032651073,-0.003263092,2,8
-5.3222157e-5,-4.696353e-5,2,8
-0.0009865256,-0.000987156,2,8
-0.00028982176,-0.00028640474,2,8
0.004529717,0.004530367,2,8
0.0045064935,0.0045101577,2,8
-0.001865557,-0.0018652095,2,8
0.0009767422,0.0009776163,2,8
-0.0011258099,-0.0011233335,2,8
0.0033752117,0.0033777452,2,8
-0.0010515662,-0.0010525006,2,8
-7.6159275e-5,-7.3514755e-5,2,8
0.0010891157,0.0010921044,2,8
0.00048318642,0.00048428742,2,8
0.0013439354,0.0013481542,2,8
0.000803555,0.00080976164,2,8
-0.0009185488,-0.00091906707,2,8
0.00015407207,0.00015597553,2,8
2.9778612e-5,3.460542e-5,2,8
-7.329901e-5,-6.7829664e-5,2,8
-0.0006036257,-0.0005955982,2,8
-0.00048381425,-0.00048077488,2,8
-0.00062469835,-0.00062196876,2,8
-0.0023483709,-0.0023490556,2,8
0.00052451325,0.00052657054,2,8
0.0016792918,0.001679482,2,8
0.002377037,0.0023793792,2,8
-0.008082524,-0.00807887,2,8
0.0009573938,0.00096114946,2,8
0.0023465836,0.0023497804,2,8
-0.0008439429,-0.0008407234,2,8
0.0005443274,0.0005494834,2,8
0.003333219,0.0033367465,2,8
-0.00014498012,-0.00014153462,2,8
0.00034441715,0.00034733437,2,8
-0.0013349277,-0.0013358718,2,8
0.0007745986,0.00077653944,2,8
0.0030225576,0.0030269201,2,8
-0.0002692072,-0.0002662699,2,8
-0.00031822335,-0.00031753563,2,8
0.0009479784,0.000952003,2,8
0.0006122502,0.000614345,2,8
-0.00014707315,-0.0001446426,2,8
0.00071399816,0.00071486953,2,8
0.00026745177,0.00026700165,2,8
-0.0005424364,-0.00054086425,2,8
0.0010034406,0.001004984,2,8
-5.992709e-6,-8.319214e-6,2,8
-0.00016917002,-0.00016920274,2,8
-0.0004059669,-0.00041015417,2,8
0.0007170614,0.0007201258,2,8
0.00043741558,0.0004407354,2,8
7.2753704e-5,7.2783914e-5,2,8
0.0015341647,0.0015380043,2,8
0.0027045656,0.002708441,2,8
-0.0021920064,-0.0021899592,2,8
-0.0011750592,-0.0011742458,2,8
0.0017599084,0.0017624145,2,8
-0.0023446456,-0.002343729,2,8
-0.0002468334,-0.00024732098,2,8
-0.0015778217,-0.0015729025,2,8
-0.0017167456,-0.0017137212,2,8
-0.007166024,-0.007161119,3,8
-0.0028369355,-0.0028358004,3,8
0.00721828,0.0072191516,3,8
0.013781074,0.013781623,3,8
-0.00027395991,-0.00027908967,3,8
0.0014154885,0.001406907,3,8
-0.001222261,-0.0012188341,3,8
0.0019919309,0.001987595,3,8
-0.0007864664,-0.00078807404,3,8
-0.0030021516,-0.0030109573,3,8
0.0020154018,0.0020125776,3,8
0.0044702883,0.0044702734,3,8
0.010452705,0.010456943,3,8
-0.0011601119,-0.0011638423,3,8
-0.004815234,-0.004818272,3,8
0.0020835549,0.0020818769,3,8
-0.0070485566,-0.0070512225,3,8
0.0030701444,0.003069648,3,8
-0.004534813,-0.004529584,3,8
0.0040912367,0.0040966026,3,8
-0.002612417,-0.0026166213,3,8
0.007680364,0.0076793297,3,8
0.005656577,0.0056605344,3,8
0.0024812375,0.0024803635,3,8
0.00023899102,0.00024289794,3,8
0.00091357296,0.000916526,3,8
-0.0007940704,-0.0007935786,3,8
0.00063409953,0.00063959195,3,8
0.0050263107,0.005030875,3,8
0.0013503169,0.0013528911,3,8
0.00058832444,0.00058553804,3,8
-0.001212936,-0.0012099689,3,8
-0.0031787043,-0.0031762635,3,8
-0.009339618,-0.009349419,3,8
0.0020653156,0.0020705112,3,8
-0.0013897896,-0.0013897639,3,8
-0.0048701637,-0.0048671695,3,8
-0.0034954974,-0.0034952972,3,8
-0.0010325712,-0.0010302758,3,8
-0.004984203,-0.0049852203,3,8
0.002610933,0.0026111563,3,8
-0.006215412,-0.0062152855,3,8
0.0031487513,0.0031530191,3,8
0.0035517262,0.003554243,3,8
-0.0057677487,-0.0057739704,3,8
0.001173707,0.0011751398,3,8
-0.0023600038,-0.002361522,3,8
-0.0042723203,-0.0042731087,3,8
-0.012609558,-0.012614244,3,8
-0.0031242813,-0.003123982,3,8
-0.0030059926,-0.0030034608,3,8
0.00093269575,0.0009376164,3,8
-0.0031215502,-0.003124512,3,8
0.001444937,0.001439557,3,8
-0.000118778255,-0.000119712095,3,8
0.0035441206,0.0035396595,3,8
0.007565411,0.0075670774,3,8
0.0023539239,0.0023526552,3,8
0.0016412819,0.0016375891,3,8
-0.0015054009,-0.0015083269,3,8
0.0064664357,0.006468391,3,8
-0.0005203466,-0.00052305724,3,8
-0.002056252,-0.002056176,3,8
-0.00485427,-0.0048516,3,8
-0.0007734402,-0.0007684122,3,8
-0.0012497215,-0.0012480573,3,8
0.0016857681,0.0016833923,3,8
0.010839377,0.010841511,3,8
-0.003199891,-0.0032037725,3,8
-0.0008012675,-0.0007979265,3,8
0.0041701607,0.0041700867,3,8
0.0010274256,0.0010278084,3,8
0.0061713145,0.0061665303,3,8
0.0010142965,0.0010150014,3,8
2.6839634e-5,2.6269276e-5,3,8
0.002671959,0.002675188,3,8
-0.0026253539,-0.0026202186,3,8
0.0012139545,0.0012124758,3,8
0.00587209,0.005871532,3,8
-0.0035126377,-0.0035156976,3,8
0.00044973101,0.0004510716,3,8
0.00088024157,0.00087874965,3,8
-0.0064798985,-0.006481183,3,8
0.0017407548,0.0017399804,3,8
0.004929766,0.0049289768,3,8
0.0017111433,0.0017059608,3,8
-0.0062402445,-0.006237851,3,8
-0.008238961,-0.008239361,3,8
0.00056013255,0.00055846956,3,8
0.003420823,0.0034210894,3,8
-0.007926498,-0.007928489,3,8
-0.005866472,-0.0058664386,3,8
0.0026316696,0.002632221,3,8
0.00090358744,0.0009060318,3,8
0.00072997145,0.00072780467,3,8
-0.0008932677,-0.00089128537,3,8
0.0041019344,0.004102958,3,8
0.0039280895,0.003925244,3,8
-0.0015455735,-0.0015424653,3,8
0.00075220794,0.0007511984,3,8
-0.0009214199,-0.0009194837,3,8
0.0024461905,0.0024499164,3,8
0.0009713693,0.0009652567,3,8
-0.0013425339,-0.0013447531,3,8
-0.009153186,-0.009146781,3,8
0.004649516,0.004645779,3,8
-0.0067629474,-0.0067640557,3,8
0.0026869497,0.0026864533,3,8
0.001322451,0.0013197671,3,8
0.008184757,0.008184235,3,8
-0.025755558,-0.025762692,3,8
0.0017311516,0.0017345735,3,8
-0.007680669,-0.007676081,3,8
-0.0060693957,-0.0060683168,3,8
-0.0023159808,-0.0023146218,3,8
-0.00016853062,-0.0001714226,3,8
0.006936396,0.0069385334,3,8
2.076086e-6,3.5576818e-6,3,8
0.0002994588,0.00029860067,3,8
0.00048549523,0.0004902074,3,8
-0.006405291,-0.0064041284,3,8
-0.006110626,-0.006108527,3,8
0.0020320734,0.0020347694,3,8
-0.0025621925,-0.0025605334,3,8
-0.0003905797,-0.00039099556,3,8
-0.0070645,-0.0070643513,3,8
0.017543506,0.017543864,3,8
0.0026004433,0.0026002529,3,8
-0.0035449693,-0.00354283,3,8
-0.0018781959,-0.001873498,3,8
-0.0039195796,-0.0039148987,3,8
-0.0025079297,-0.0025062414,3,8
0.003486148,0.0034878128,3,8
0.00061577617,0.0006170985,3,8
0.0013827418,0.0013721102,3,8
0.003372253,0.0033735635,3,8
-0.0009774744,-0.00097368745,3,8
0.0037825077,0.0037836256,3,8
-0.0006739075,-0.00067478966,3,8
-0.008038869,-0.0080405455,3,8
0.0052744923,0.005273044,3,8
0.005871547,0.0058714272,3,8
-0.007752637,-0.0077516427,3,8
-0.0004627786,-0.00046447213,3,8
0.0013869873,0.0013865347,3,8
0.0014971237,0.0014963466,3,8
0.0073005445,0.007295997,3,8
0.0005476918,0.00055020605,3,8
-0.0046295626,-0.0046328744,3,8
-0.004459038,-0.004450517,3,8
-0.0037483363,-0.0037510954,3,8
0.0033835256,0.0033797408,3,8
0.005032256,0.0050310306,3,8
0.0014012835,0.001403033,3,8
0.0005182934,0.0005130716,3,8
0.0013089159,0.0013087124,3,8
0.0046390044,0.004641715,3,8
0.009807318,0.009804003,3,8
-0.0037931611,-0.0037922894,3,8
-0.0038726213,-0.0038674648,3,8
0.00605607,0.0060568536,3,8
0.0014112497,0.0014116669,3,8
-0.0004939041,-0.0004996238,3,8
0.003935179,0.00393193,3,8
-0.0019292723,-0.0019270456,3,8
0.011851944,0.0118548665,3,8
-0.0032638784,-0.0032684929,3,8
0.0023939183,0.0023934115,3,8
0.00066081586,0.00066732336,3,8
0.0024026884,0.0024037433,3,8
-0.0016157534,-0.001609788,3,8
0.00053736515,0.00053379004,3,8
-0.0016224533,-0.0016247124,3,8
0.00900924,0.009002513,3,8
-0.0007080489,-0.00070491515,3,8
0.0040976233,0.004098301,3,8
-0.00074451085,-0.00074133725,3,8
-0.0029122452,-0.0029159284,3,8
0.0038798105,0.003882294,3,8
0.011147619,0.011148948,3,8
0.003066654,0.0030705226,3,8
-0.00031500374,-0.000317744,3,8
-0.004923834,-0.004926478,3,8
0.0065490087,0.0065467097,3,8
0.0027372749,0.002737852,3,8
0.003454539,0.0034480048,3,8
0.004938855,0.0049326913,3,8
-0.0031182568,-0.0031141904,3,8
0.0025336132,0.0025321762,3,8
0.002880121,0.0028798103,3,8
0.0020079103,0.0020016863,3,8
-0.0011673382,-0.0011683545,3,8
-0.00014979098,-0.00015748024,3,8
-0.0049805925,-0.0049747853,3,8
-0.0032215703,-0.003225646,3,8
-0.00022773904,-0.00023146516,3,8
-0.0002293828,-0.00023124799,3,8
-0.00013684979,-0.00013860058,3,8
-0.0013418148,-0.0013379444,3,8
0.0007630224,0.0007632562,3,8
-0.0010744362,-0.0010723018,3,8
0.002345957,0.0023447766,3,8
0.003014311,0.0030162195,3,8
-0.0041664736,-0.0041641723,3,8
-0.0010893026,-0.0010933825,3,8
0.0017365272,0.0017344618,3,8
0.005028794,0.0050273393,3,8
0.003816937,0.003818856,3,8
-0.004335285,-0.004335884,3,8
-0.0004992636,-0.0005015618,3,8
0.002481079,0.002480286,3,8
0.0012501794,0.0012525044,3,8
-0.0023619074,-0.0023631426,3,8
-0.0006734789,-0.00066628517,3,8
0.0001451189,0.00015138177,3,8
0.001706975,0.0017046354,3,8
-0.00016150819,-0.00016060316,3,8
-0.0021190378,-0.002118596,3,8
-0.0011449703,-0.0011437866,3,8
-0.004198971,-0.0041971095,3,8
0.0023322068,0.0023294466,3,8
0.0055793007,0.0055827633,3,8
-0.0012281087,-0.0012242629,3,8
0.0021788385,0.002179481,3,8
0.0018540425,0.0018483656,3,8
0.0016225138,0.0016235127,3,8
-0.002103496,-0.0021023068,3,8
-0.0064741084,-0.006470106,3,8
0.00088476477,0.00088349124,3,8
0.0055818567,0.0055911345,3,8
-0.002866908,-0.0028669431,3,8
0.0029381642,0.0029402557,3,8
-0.002460954,-0.0024591147,3,8
0.008809864,0.008812148,3,8
0.006048881,0.006052471,3,8
-0.0023390069,-0.002340558,3,8
-0.0038509513,-0.0038534012,3,8
-0.0055800127,-0.0055856016,3,8
-0.0021719988,-0.0021751304,3,8
0.0063785673,0.00637836,3,8
-0.021920783,-0.021918569,3,8
-0.00063392404,-0.0006410549,3,8
-0.005084956,-0.0050829235,3,8
-0.00063738326,-0.00063727854,3,8
-0.0033798488,-0.0033841534,3,8
-7.791185e-5,-7.991733e-5,3,8
0.0027956706,0.002794779,3,8
-0.004329966,-0.004327339,3,8
0.009071828,0.009075617,3,8
0.0005054929,0.0005055668,3,8
0.00026725166,0.0002713888,4,8
0.0077340086,0.007735462,4,8
0.004873704,0.00487904,4,8
0.00639876,0.0063986704,4,8
0.0018244464,0.001829741,4,8
-0.00048501298,-0.00048227672,4,8
0.0065923333,0.00659708,4,8
0.013225839,0.013235493,4,8
-0.009129043,-0.009125115,4,8
-0.006142168,-0.0061346623,4,8
-0.0012020384,-0.0012001678,4,8
-0.0033713153,-0.003371071,4,8
-0.015195286,-0.015194034,4,8
0.009264587,0.009275141,4,8
-0.0028710593,-0.0028671992,4,8
0.004565448,0.004565246,4,8
0.00071021233,0.00071071036,4,8
0.0008881604,0.00089245976,4,8
-0.0005082839,-0.0005036994,4,8
0.0009193947,0.0009169441,4,8
-0.012899383,-0.012900414,4,8
0.0051575312,0.0051680063,4,8
-0.013495681,-0.013491339,4,8
0.0007815074,0.00077925046,4,8
0.009517962,0.009515303,4,8
-0.0003434024,-0.0003399416,4,8
0.0034360148,0.003438766,4,8
2.6677465e-6,3.2715334e-6,4,8
-0.002586757,-0.0025854707,4,8
-0.0026441899,-0.002643155,4,8
-0.01233291,-0.012329003,4,8
0.013482596,0.013485923,4,8
0.0018657373,0.0018689763,4,8
0.0015564987,0.0015585194,4,8
-0.067578755,-0.06757295,4,8
-0.0036259643,-0.003621501,4,8
-0.018270805,-0.018267293,4,8
-0.0024083205,-0.0024095834,4,8
-0.0023383324,-0.002332715,4,8
0.0016789808,0.0016817423,4,8
0.008128727,0.008130803,4,8
0.0008881153,0.00088839984,4,8
0.0011232948,0.0011238569,4,8
-0.013800606,-0.013801836,4,8
-0.0017389344,-0.0017383397,4,8
0.0029216725,0.00292167,4,8
0.00078458013,0.00078469265,4,8
-0.00032649023,-0.00032595042,4,8
0.0057280688,0.0057317265,4,8
0.02023131,0.020230547,4,8
-0.0018913383,-0.0018839418,4,8
-0.004860654,-0.004860124,4,8
-0.01017892,-0.010186171,4,8
0.0010846243,0.0010854793,4,8
0.002346136,0.0023475362,4,8
-0.0025580956,-0.0025528898,4,8
-0.006394724,-0.006396513,4,8
0.023348298,0.023348974,4,8
0.006665926,0.0066671106,4,8
0.000113119844,0.000113856026,4,8
0.00040788163,0.00041549737,4,8
0.00029244588,0.00029663072,4,8
-0.0075661708,-0.007559718,4,8
0.004446779,0.0044440078,4,8
0.010070561,0.010076857,4,8
0.0025249827,0.002529524,4,8
0.004623352,0.0046258206,4,8
0.0035238971,0.0035204045,4,8
-0.004574422,-0.004572812,4,8
0.00028897394,0.00029068065,4,8
-0.004138678,-0.004135638,4,8
0.0037136334,0.003714588,4,8
0.006318351,0.0063202656,4,8
-0.003741476,-0.0037394457,4,8
0.003901437,0.0039006379,4,8
0.0049840887,0.0049863397,4,8
0.010676927,0.010677246,4,8
0.00043060916,0.00043710117,4,8
-0.015727416,-0.015724735,4,8
0.018176353,0.01817262,4,8
-0.00013019418,-0.00012598418,4,8
-0.008932711,-0.00892811,4,8
-0.009309045,-0.009303204,4,8
0.0007127549,0.0007152233,4,8
-0.0009401487,-0.0009402684,4,8
0.025097452,0.025098078,4,8
0.008707102,0.0087063,4,8
-0.009131656,-0.009126046,4,8
0.003715217,0.003721849,4,8
-0.00055026705,-0.00054746226,4,8
0.0041456507,0.004146843,4,8
-0.00042890874,-0.00042975738,4,8
-0.00507599,-0.005076821,4,8
-0.0009975455,-0.0009935204,4,8
0.0036068703,0.0036030565,4,8
0.008556993,0.0085610645,4,8
0.0055971122,0.0056026704,4,8
-0.0039166776,-0.0039138873,4,8
0.0014585166,0.0014620529,4,8
-0.012916889,-0.012909098,4,8
-0.001078055,-0.0010758502,4,8
-0.00082937704,-0.0008344841,4,8
0.00025880933,0.0002617017,4,8
0.007839548,0.007844148,4,8
0.001976232,0.0019774882,4,8
0.0123931775,0.012394556,4,8
0.003731198,0.0037304529,4,8
0.013175542,0.013178561,4,8
0.006473374,0.006476076,4,8
-0.0050990554,-0.0051003937,4,8
-0.004723106,-0.0047195493,4,8
-0.0010629182,-0.0010591035,4,8
-0.010724551,-0.010726214,4,8
-0.0012986339,-0.0012936543,4,8
-0.06286925,-0.062878616,4,8
0.003953175,0.003958047,4,8
0.0017342448,0.0017433391,4,8
-0.008491445,-0.008487137,4,8
-0.0065603666,-0.0065609072,4,8
-0.004569542,-0.0045688227,4,8
0.009722387,0.009727337,4,8
0.00068760046,0.0006898566,4,8
0.030671746,0.030670406,4,8
-0.0009178707,-0.0009140653,4,8
0.0013290896,0.0013362378,4,8
0.0028773479,0.002882437,4,8
0.019818805,0.01981916,4,8
0.0007709009,0.00077394914,4,8
0.005272997,0.0052806116,4,8
-0.010712065,-0.010712067,4,8
0.02430972,0.024315096,4,8
8.7459026e-5,8.955623e-5,4,8
0.016736636,0.016740097,4,8
0.00031495528,0.00031274417,4,8
0.0020975524,0.0020998227,4,8
-0.00022044708,-0.00022149467,4,8
-0.0068553914,-0.0068550166,4,8
0.020796916,0.020806326,4,8
0.0055721905,0.0055683423,4,8
-0.015377674,-0.015379042,4,8
0.015320666,0.015320408,4,8
0.002990705,0.0029931918,4,8
0.004175376,0.0041835033,4,8
-0.0028641857,-0.002860785,4,8
0.014270814,0.014282156,4,8
-0.0011359422,-0.0011300764,4,8
0.0027391866,0.0027440249,4,8
0.003609382,0.0036136415,4,8
-0.0065709334,-0.0065713413,4,8
0.00032477465,0.00032723666,4,8
0.028395254,0.028404783,4,8
-0.0012458062,-0.001239874,4,8
-0.0023975843,-0.0023960227,4,8
0.0018188463,0.0018162436,4,8
-0.0058753686,-0.0058739907,4,8
-0.0048112553,-0.004803785,4,8
0.007596286,0.0075972276,4,8
-0.0019116636,-0.0019076233,4,8
0.008510259,0.008512511,4,8
-0.05956378,-0.059572116,4,8
-0.0051095565,-0.005098727,4,8
0.0013013842,0.0013036127,4,8
0.0003402292,0.0003400359,4,8
-0.00070100086,-0.00070192514,4,8
-0.00024120392,-0.0002367592,4,8
0.0036163696,0.0036182895,4,8
0.01376214,0.01376565,4,8
-0.008711015,-0.008715731,4,8
-0.033465054,-0.03346299,4,8
0.0010449182,0.0010502102,4,8
0.035453685,0.035462692,4,8
0.0029550663,0.0029581515,4,8
0.0015153226,0.0015134494,4,8
-0.068549894,-0.068555884,4,8
-0.0006781927,-0.00067487813,4,8
0.00027970556,0.00027926156,4,8
-0.0009448735,-0.0009439438,4,8
8.736798e-5,8.851577e-5,4,8
0.008042308,0.008044782,4,8
-0.019072678,-0.019073753,4,8
-0.006571993,-0.0065724505,4,8
0.0024110775,0.0024107492,4,8
-0.013378343,-0.0133734215,4,8
0.0020920224,0.0020898303,4,8
0.00085347495,0.00085777737,4,8
0.003914579,0.003915816,4,8
-0.017473735,-0.017476875,4,8
0.06401871,0.0640224,4,8
0.0047310516,0.0047434713,4,8
0.0048727044,0.0048751542,4,8
-0.0049044825,-0.004904865,4,8
0.0012010634,0.001205223,4,8
-0.010338942,-0.010340294,4,8
-0.002229706,-0.0022235035,4,8
0.03483665,0.03483952,4,8
0.004330029,0.004332241,4,8
0.012762178,0.012764132,4,8
0.0073589464,0.007358522,4,8
0.0069606993,0.0069603124,4,8
0.0019845644,0.0019933353,4,8
0.0003250307,0.00032957963,4,8
0.0026519448,0.0026574135,4,8
-0.0025647248,-0.002564077,4,8
-0.0066083805,-0.006600535,4,8
-0.0012204973,-0.0012184813,4,8
-0.0027086437,-0.0027070502,4,8
-0.055175338,-0.055189032,4,8
-0.0004353216,-0.00043393503,4,8
0.00032202536,0.0003289523,4,8
-0.022274155,-0.02226959,4,8
0.071820594,0.07182966,4,8
0.016921032,0.016923055,4,8
-0.0002532434,-0.0002460954,4,8
-0.054700516,-0.054706316,4,8
0.0018228375,0.0018329604,4,8
0.0006104293,0.00060839916,4,8
-0.002798885,-0.0027986807,4,8
-0.007171772,-0.007170521,4,8
-0.0067161648,-0.0067116884,4,8
0.002210217,0.0022184658,4,8
0.026180033,0.026171036,4,8
-0.006773723,-0.0067816344,4,8
-0.0023373915,-0.0023265823,4,8
-0.0014941172,-0.0014952586,4,8
-0.016588591,-0.016588511,4,8
-0.0037534547,-0.0037535825,4,8
0.00017365103,0.00017486134,4,8
0.01124357,0.011244673,4,8
0.004160796,0.0041618184,4,8
0.005614517,0.0056096083,4,8
-0.014024079,-0.014018242,4,8
0.0035036188,0.0035068404,4,8
0.0031670579,0.0031706232,4,8
0.00701811,0.0070243017,4,8
-0.0033811033,-0.0033820206,4,8
0.0011093045,0.0011099109,4,8
0.0069603818,0.0069614146,4,8
0.00075977854,0.00076248735,4,8
0.017786413,0.017788261,4,8
0.0016115417,0.0016119722,4,8
0.041650113,0.041656774,4,8
0.0009211682,0.0009240984,4,8
0.00060454186,0.00060415,4,8
0.010635978,0.010636454,4,8
-0.016338646,-0.016337266,4,8
0.00051641517,0.00051806046,4,8
-0.00042320625,-0.00042040792,4,8
0.00823829,0.0082453005,4,8
0.037200756,0.037207156,4,8
0.0023632664,0.0023670173,4,8
-0.00039264144,-0.00038940104,5,8
-0.0008598517,-0.0008570075,5,8
0.00404378,0.004044591,5,8
-0.0009246363,-0.0009214352,5,8
-0.00024871874,-0.00024845442,5,8
0.00027438527,0.00027654594,5,8
-0.003284141,-0.0032827142,5,8
0.00073520077,0.0007377209,5,8
0.0013973035,0.0013988388,5,8
0.0016380361,0.001640754,5,8
0.0021146343,0.0021167323,5,8
-0.001272884,-0.00127023,5,8
0.0031393154,0.003138985,5,8
0.00018842748,0.00019023327,5,8
0.0065887165,0.0065958346,5,8
-0.000996932,-0.0009929489,5,8
-0.0022465999,-0.0022448285,5,8
0.00029564946,0.000296593,5,8
-0.01647965,-0.016477115,5,8
0.00072788127,0.00073119224,5,8
0.00038689814,0.00038924042,5,8
-7.164791e-5,-7.065551e-5,5,8
0.0009289827,0.0009326402,5,8
-0.01347753,-0.013476149,5,8
0.0056956178,0.0056969477,5,8
0.00025929394,0.00025961234,5,8
-0.0036377183,-0.003631755,5,8
0.0029685483,0.0029739575,5,8
0.0039240606,0.003927794,5,8
0.013662521,0.01366111,5,8
0.0010727432,0.0010760534,5,8
0.00814624,0.008146381,5,8
0.004231774,0.004230592,5,8
-0.004557576,-0.0045529236,5,8
0.008503914,0.008505699,5,8
0.029974665,0.02997584,5,8
-0.004677078,-0.00467966,5,8
0.00043874708,0.00043981874,5,8
0.0057857893,0.0057901554,5,8
-0.0148188295,-0.014816376,5,8
0.0042392355,0.004243569,5,8
-0.0019005953,-0.0018981267,5,8
0.000497593,0.0005011912,5,8
0.0035338062,0.0035356411,5,8
0.0070334505,0.0070352945,5,8
0.059952516,0.059957035,5,8
-0.0024325484,-0.0024313247,5,8
-0.00016738236,-0.00016812784,5,8
-0.00478446,-0.0047824215,5,8
0.00083252083,0.000833857,5,8
0.009303371,0.009306825,5,8
0.0052934927,0.0052918307,5,8
0.00081914704,0.00081949006,5,8
-0.0021095558,-0.0021101288,5,8
8.141226e-5,8.237774e-5,5,8
0.005185112,0.005187948,5,8
-0.00023575556,-0.00023028064,5,8
0.01312414,0.0131256785,5,8
0.0044100196,0.0044090822,5,8
-0.007563243,-0.0075613405,5,8
0.00015281833,0.0001597481,5,8
-0.056746583,-0.056748636,5,8
0.0020951463,0.002101007,5,8
-0.00026455356,-0.0002636515,5,8
0.013116093,0.013117933,6,8
-0.027144779,-0.02714513,6,8
0.008226695,0.008229056,6,8
0.0089014955,0.008899566,6,8
-0.007563554,-0.007559057,6,8
0.017360695,0.017359797,6,8
0.005328426,0.005329939,6,8
-0.0013047961,-0.0013015976,6,8
-0.0015641402,-0.0015674804,6,8
-0.007860195,-0.007861707,6,8
-0.009478674,-0.009483042,6,8
0.015741238,0.01573904,6,8
0.012358987,0.012355976,6,8
0.015603519,0.015605162,6,8
0.016756076,0.016758388,6,8
-0.013420229,-0.013418623,6,8
-0.015253163,-0.015253183,6,8
0.009479741,0.009471114,6,8
0.0017523442,0.0017501329,6,8
-0.0054219086,-0.0054272283,6,8
-0.010740203,-0.010736159,6,8
0.023165865,0.0231632,6,8
0.0150285205,0.015028065,6,8
0.012333271,0.012335603,6,8
-0.0031083275,-0.003108949,6,8
0.008973492,0.008972137,6,8
-0.0058459933,-0.0058453446,6,8
0.0150335925,0.0150382705,6,8
0.024215834,0.024213688,6,8
-0.0013869995,-0.00138721,6,8
-0.03495605,-0.034960173,6,8
0.0008632962,0.00086688064,6,8
0.009507319,0.009501806,6,8
0.027548634,0.027550828,6,8
-0.050228126,-0.050222885,6,8
-0.012356904,-0.012357663,6,8
0.0103512695,0.010354241,6,8
-0.0036673648,-0.0036644812,6,8
-0.0023520612,-0.0023487308,6,8
-0.012764948,-0.012765278,6,8
0.013345116,0.013346739,6,8
-0.004941613,-0.0049463715,6,8
0.007817835,0.0078112264,6,8
-0.00038232846,-0.00037736903,6,8
-0.0070702825,-0.00707204,6,8
0.012785299,0.012783392,6,8
0.011788432,0.011793382,6,8
-0.0018984856,-0.0018953646,6,8
0.027591106,0.027594225,6,8
-0.008225039,-0.008228035,6,8
0.0023903984,0.0023905616,6,8
0.03235719,0.032351263,6,8
0.014282117,0.014278889,6,8
-0.0034034147,-0.0034044292,6,8
-0.009504425,-0.009501662,6,8
-0.031600177,-0.03159476,6,8
0.021679925,0.021682726,6,8
0.0045572715,0.004553023,6,8
-0.016025838,-0.016024057,6,8
0.009445324,0.009444875,6,8
0.006369149,0.006371353,6,8
0.014024071,0.014032588,6,8
0.02027722,0.020273462,6,8
-0.059758287,-0.05976111,6,8
